Hour,P_heliostat_MWt,P_rec_MWt,p_field_MWt,P_rec_MWt_calculated,p_tes_state_MWht,tank_losses_MWt,P_out_net_MWe
1,0.0,0.0,0.0,0.0,0.0,0.0,-0.275
2,0.0,0.0,0.0,0.0,0.0,0.0,-0.275
3,0.0,0.0,0.0,0.0,0.0,0.0,-0.275
4,0.0,0.0,0.0,0.0,0.0,0.0,-0.275
5,0.0,0.0,0.0,0.0,0.0,0.0,-0.275
6,0.0,0.0,0.0,0.0,0.0,0.0,-0.275
7,0.0,0.0,0.0,0.0,0.0,0.0,-0.275
8,0.0,0.0,0.0,0.0,0.0,0.0,-0.275
9,0.0,0.0,0.0,0.0,0.0,0.0,-0.275
10,0.0,0.0,0.0,0.0,0.0,0.0,-0.275
11,73.45167534722222,60.57930989583333,1116.6890277777777,172.90481298927708,0.0,0.0,-2.9134164089626737
12,147.4493986807929,121.24027715471055,1181.1250479465061,443.95577882100804,0.0,0.0,50.985624606013296
13,148.0716840277778,121.22733506944445,1202.5766666666666,481.8301263107808,0.0,0.0,51.05227864583333
14,149.07512152777778,121.2291579861111,1204.5452777777778,489.4594912428207,0.0,0.0,51.04415798611111
15,149.75401041666666,121.23877604166667,1090.7878472222221,438.7954265562994,0.0,0.0,51.02778645833333
16,149.8440798611111,121.32147569444444,904.7067361111111,351.0476689191724,0.0,0.0,50.993741319444446
17,148.46703125,121.24358506944445,474.3511458333333,166.61106831105317,0.0,0.0,50.76232204861111
18,0.0,0.0,0.0,0.0,0.0,0.0,-0.5084750027126737
19,0.0,0.0,0.0,0.0,0.0,0.0,-0.275
20,0.0,0.0,0.0,0.0,0.0,0.0,-0.275
21,0.0,0.0,0.0,0.0,0.0,0.0,-0.275
22,0.0,0.0,0.0,0.0,0.0,0.0,-0.275
23,0.0,0.0,0.0,0.0,0.0,0.0,-0.275
24,0.0,0.0,0.0,0.0,0.0,0.0,-0.275
25,0.0,0.0,0.0,0.0,0.0,0.0,-0.275
26,0.0,0.0,0.0,0.0,0.0,0.0,-0.275
27,0.0,0.0,0.0,0.0,0.0,0.0,-0.275
28,0.0,0.0,0.0,0.0,0.0,0.0,-0.275
29,0.0,0.0,0.0,0.0,0.0,0.0,-0.275
30,0.0,0.0,0.0,0.0,0.0,0.0,-0.275
31,0.0,0.0,0.0,0.0,0.0,0.0,-0.275
32,0.0,0.0,0.0,0.0,0.0,0.0,-0.275
33,0.0,0.0,0.0,0.0,0.0,0.0,-0.275
34,0.0,0.0,0.0,0.0,0.0,0.0,-0.275
35,36.793003472222225,29.364830729166666,342.27008680555554,29.515778001217335,0.0,0.0,-2.0597748141818575
36,146.85709635416666,121.16736762152777,841.5246180555556,317.54840186268814,0.0,0.0,37.364172837999135
37,146.91890625,121.21269097222222,989.0304861111111,399.5246472704402,0.0,0.0,50.99596354166667
38,147.00986111111112,121.22425347222222,996.2709027777778,410.7389011563422,0.0,0.0,50.99523871527778
39,146.97026041666666,121.22733506944445,1002.4461111111111,411.1916001579924,0.0,0.0,50.99196614583333
40,146.87527777777777,121.16303819444444,897.7763194444444,355.4307776075498,0.0,0.0,50.96658854166667
41,146.9567361111111,121.2515625,644.9536111111111,229.59784308502063,0.0,0.0,50.871280381944445
42,0.0,0.0,0.0,0.0,0.0,0.0,-0.5084750027126737
43,0.0,0.0,0.0,0.0,0.0,0.0,-0.275
44,0.0,0.0,0.0,0.0,0.0,0.0,-0.275
45,0.0,0.0,0.0,0.0,0.0,0.0,-0.275
46,0.0,0.0,0.0,0.0,0.0,0.0,-0.275
47,0.0,0.0,0.0,0.0,0.0,0.0,-0.275
48,0.0,0.0,0.0,0.0,0.0,0.0,-0.275
49,0.0,0.0,0.0,0.0,0.0,0.0,-0.275
50,0.0,0.0,0.0,0.0,0.0,0.0,-0.275
51,0.0,0.0,0.0,0.0,0.0,0.0,-0.275
52,0.0,0.0,0.0,0.0,0.0,0.0,-0.275
53,0.0,0.0,0.0,0.0,0.0,0.0,-0.275
54,0.0,0.0,0.0,0.0,0.0,0.0,-0.275
55,0.0,0.0,0.0,0.0,0.0,0.0,-0.275
56,0.0,0.0,0.0,0.0,0.0,0.0,-0.275
57,0.0,0.0,0.0,0.0,0.0,0.0,-0.275
58,0.0,0.0,0.0,0.0,0.0,0.0,-0.275
59,0.0,0.0,0.0,0.0,0.0,0.0,-0.275
60,0.0,0.0,0.0,0.0,0.0,0.0,-0.275
61,0.0,0.0,0.0,0.0,0.0,0.0,-0.275
62,0.0,0.0,0.0,0.0,0.0,0.0,-0.275
63,0.0,0.0,0.0,0.0,0.0,0.0,-0.275
64,0.0,0.0,138.12151909722223,0.0,0.0,0.0,-1.5156377495659723
65,0.0,0.0,126.76868923611111,0.0,0.0,0.0,-1.1313856336805554
66,0.0,0.0,0.0,0.0,0.0,0.0,-0.5084750027126737
67,0.0,0.0,0.0,0.0,0.0,0.0,-0.275
68,0.0,0.0,0.0,0.0,0.0,0.0,-0.275
69,0.0,0.0,0.0,0.0,0.0,0.0,-0.275
70,0.0,0.0,0.0,0.0,0.0,0.0,-0.275
71,0.0,0.0,0.0,0.0,0.0,0.0,-0.275
72,0.0,0.0,0.0,0.0,0.0,0.0,-0.275
73,0.0,0.0,0.0,0.0,0.0,0.0,-0.275
74,0.0,0.0,0.0,0.0,0.0,0.0,-0.275
75,0.0,0.0,0.0,0.0,0.0,0.0,-0.275
76,0.0,0.0,0.0,0.0,0.0,0.0,-0.275
77,0.0,0.0,0.0,0.0,0.0,0.0,-0.275
78,0.0,0.0,0.0,0.0,0.0,0.0,-0.275
79,0.0,0.0,0.0,0.0,0.0,0.0,-0.275
80,0.0,0.0,0.0,0.0,0.0,0.0,-0.275
81,0.0,0.0,0.0,0.0,0.0,0.0,-0.275
82,0.0,0.0,0.0,0.0,0.0,0.0,-0.275
83,0.0,0.0,0.0,0.0,0.0,0.0,-0.275
84,0.0,0.0,0.0,0.0,0.0,0.0,-0.275
85,0.0,0.0,0.0,0.0,0.0,0.0,-0.275
86,0.0,0.0,0.0,0.0,0.0,0.0,-0.275
87,0.0,0.0,0.0,0.0,0.0,0.0,-0.275
88,0.0,0.0,151.15973958333333,0.0,0.0,0.0,-1.5762181260850694
89,0.0,0.0,0.0,0.0,0.0,0.0,-0.5084750027126737
90,0.0,0.0,0.0,0.0,0.0,0.0,-0.275
91,0.0,0.0,0.0,0.0,0.0,0.0,-0.275
92,0.0,0.0,0.0,0.0,0.0,0.0,-0.275
93,0.0,0.0,0.0,0.0,0.0,0.0,-0.275
94,0.0,0.0,0.0,0.0,0.0,0.0,-0.275
95,0.0,0.0,0.0,0.0,0.0,0.0,-0.275
96,0.0,0.0,0.0,0.0,0.0,0.0,-0.275
97,0.0,0.0,0.0,0.0,0.0,0.0,-0.275
98,0.0,0.0,0.0,0.0,0.0,0.0,-0.275
99,0.0,0.0,0.0,0.0,0.0,0.0,-0.275
100,0.0,0.0,0.0,0.0,0.0,0.0,-0.275
101,0.0,0.0,0.0,0.0,0.0,0.0,-0.275
102,0.0,0.0,0.0,0.0,0.0,0.0,-0.275
103,0.0,0.0,0.0,0.0,0.0,0.0,-0.275
104,0.0,0.0,0.0,0.0,0.0,0.0,-0.275
105,0.0,0.0,0.0,0.0,0.0,0.0,-0.275
106,0.0,0.0,0.0,0.0,0.0,0.0,-0.275
107,0.0,0.0,0.0,0.0,0.0,0.0,-0.275
108,0.0,0.0,0.0,0.0,0.0,0.0,-0.275
109,34.327923177083335,26.334164496527777,264.6475217013889,26.47373177124582,0.0,0.0,-2.046940646701389
110,150.69483506944445,121.21472873263889,338.831875,136.5372652345597,0.0,0.0,35.808841959635416
111,0.0,0.0,0.0,0.0,0.0,0.0,-0.5084750027126737
112,0.0,0.0,98.35967013888889,0.0,0.0,0.0,-1.1892644585503471
113,0.0,0.0,0.0,0.0,0.0,0.0,-0.5084750027126737
114,0.0,0.0,0.0,0.0,0.0,0.0,-0.275
115,0.0,0.0,0.0,0.0,0.0,0.0,-0.275
116,0.0,0.0,0.0,0.0,0.0,0.0,-0.275
117,0.0,0.0,0.0,0.0,0.0,0.0,-0.275
118,0.0,0.0,0.0,0.0,0.0,0.0,-0.275
119,0.0,0.0,0.0,0.0,0.0,0.0,-0.275
120,0.0,0.0,0.0,0.0,0.0,0.0,-0.275
121,0.0,0.0,0.0,0.0,0.0,0.0,-0.275
122,0.0,0.0,0.0,0.0,0.0,0.0,-0.275
123,0.0,0.0,0.0,0.0,0.0,0.0,-0.275
124,0.0,0.0,0.0,0.0,0.0,0.0,-0.275
125,0.0,0.0,0.0,0.0,0.0,0.0,-0.275
126,0.0,0.0,0.0,0.0,0.0,0.0,-0.275
127,0.0,0.0,0.0,0.0,0.0,0.0,-0.275
128,0.0,0.0,0.0,0.0,0.0,0.0,-0.275
129,0.0,0.0,0.0,0.0,0.0,0.0,-0.275
130,0.0,0.0,0.0,0.0,0.0,0.0,-0.275
131,0.0,0.0,0.0,0.0,0.0,0.0,-0.275
132,0.0,0.0,0.0,0.0,0.0,0.0,-0.275
133,0.0,0.0,0.0,0.0,0.0,0.0,-0.275
134,0.0,0.0,0.0,0.0,0.0,0.0,-0.275
135,0.0,0.0,0.0,0.0,0.0,0.0,-0.275
136,0.0,0.0,0.0,0.0,0.0,0.0,-0.275
137,0.0,0.0,0.0,0.0,0.0,0.0,-0.275
138,0.0,0.0,0.0,0.0,0.0,0.0,-0.275
139,0.0,0.0,0.0,0.0,0.0,0.0,-0.275
140,0.0,0.0,0.0,0.0,0.0,0.0,-0.275
141,0.0,0.0,0.0,0.0,0.0,0.0,-0.275
142,0.0,0.0,0.0,0.0,0.0,0.0,-0.275
143,0.0,0.0,0.0,0.0,0.0,0.0,-0.275
144,0.0,0.0,0.0,0.0,0.0,0.0,-0.275
145,0.0,0.0,0.0,0.0,0.0,0.0,-0.275
146,0.0,0.0,0.0,0.0,0.0,0.0,-0.275
147,0.0,0.0,0.0,0.0,0.0,0.0,-0.275
148,0.0,0.0,0.0,0.0,0.0,0.0,-0.275
149,0.0,0.0,0.0,0.0,0.0,0.0,-0.275
150,0.0,0.0,0.0,0.0,0.0,0.0,-0.275
151,0.0,0.0,0.0,0.0,0.0,0.0,-0.275
152,0.0,0.0,0.0,0.0,0.0,0.0,-0.275
153,0.0,0.0,0.0,0.0,0.0,0.0,-0.275
154,0.0,0.0,0.0,0.0,0.0,0.0,-0.275
155,0.0,0.0,0.0,0.0,0.0,0.0,-0.275
156,0.0,0.0,0.0,0.0,0.0,0.0,-0.275
157,4.646047092013889,3.3627617730034722,215.19127604166667,3.3859444240784113,0.0,0.0,-1.953381576538086
158,149.58928819444444,121.23392361111111,457.32190972222224,185.96290404864072,0.0,0.0,25.97492438422309
159,0.0,0.0,0.0,0.0,0.0,0.0,-0.5084750027126737
160,0.0,0.0,0.0,0.0,0.0,0.0,-0.275
161,0.0,0.0,0.0,0.0,0.0,0.0,-0.275
162,0.0,0.0,0.0,0.0,0.0,0.0,-0.275
163,0.0,0.0,0.0,0.0,0.0,0.0,-0.275
164,0.0,0.0,0.0,0.0,0.0,0.0,-0.275
165,0.0,0.0,0.0,0.0,0.0,0.0,-0.275
166,0.0,0.0,0.0,0.0,0.0,0.0,-0.275
167,0.0,0.0,0.0,0.0,0.0,0.0,-0.275
168,0.0,0.0,0.0,0.0,0.0,0.0,-0.275
169,0.0,0.0,0.0,0.0,0.0,0.0,-0.275
170,0.0,0.0,0.0,0.0,0.0,0.0,-0.275
171,0.0,0.0,0.0,0.0,0.0,0.0,-0.275
172,0.0,0.0,0.0,0.0,0.0,0.0,-0.275
173,0.0,0.0,0.0,0.0,0.0,0.0,-0.275
174,0.0,0.0,0.0,0.0,0.0,0.0,-0.275
175,0.0,0.0,0.0,0.0,0.0,0.0,-0.275
176,0.0,0.0,0.0,0.0,0.0,0.0,-0.275
177,0.0,0.0,0.0,0.0,0.0,0.0,-0.275
178,0.0,0.0,0.0,0.0,0.0,0.0,-0.275
179,73.31133680555556,60.581484375,1164.001423611111,182.3402461697821,0.0,0.0,-2.911385565863715
180,146.62744809044733,121.23333860185411,1283.8936880832248,488.0928022800036,0.0,0.0,51.02255179736349
181,146.58227430555556,121.24188368055556,1255.3229166666667,510.4584236380239,0.0,0.0,51.040768229166666
182,146.47067708333333,121.1690625,890.0640277777778,369.74821802484274,0.0,0.0,50.99017795138889
183,146.48640625,121.22441840277777,998.5764583333333,413.283712882482,0.0,0.0,51.00515190972222
184,146.48505208333333,121.232109375,405.8296875,162.67268733672643,0.0,0.0,50.771723090277774
185,146.54355902777777,121.267890625,837.2774305555556,305.1140701580114,0.0,0.0,50.952213541666666
186,0.0,0.0,0.0,0.0,0.0,0.0,-0.5084750027126737
187,0.0,0.0,0.0,0.0,0.0,0.0,-0.275
188,0.0,0.0,0.0,0.0,0.0,0.0,-0.275
189,0.0,0.0,0.0,0.0,0.0,0.0,-0.275
190,0.0,0.0,0.0,0.0,0.0,0.0,-0.275
191,0.0,0.0,0.0,0.0,0.0,0.0,-0.275
192,0.0,0.0,0.0,0.0,0.0,0.0,-0.275
193,0.0,0.0,0.0,0.0,0.0,0.0,-0.275
194,0.0,0.0,0.0,0.0,0.0,0.0,-0.275
195,0.0,0.0,0.0,0.0,0.0,0.0,-0.275
196,0.0,0.0,0.0,0.0,0.0,0.0,-0.275
197,0.0,0.0,0.0,0.0,0.0,0.0,-0.275
198,0.0,0.0,0.0,0.0,0.0,0.0,-0.275
199,0.0,0.0,0.0,0.0,0.0,0.0,-0.275
200,0.0,0.0,0.0,0.0,0.0,0.0,-0.275
201,0.0,0.0,0.0,0.0,0.0,0.0,-0.275
202,0.0,0.0,0.0,0.0,0.0,0.0,-0.275
203,0.0,0.0,0.0,0.0,0.0,0.0,-0.275
204,0.0,0.0,113.04282986111112,0.0,0.0,0.0,-1.3032366265190973
205,0.0,0.0,0.0,0.0,0.0,0.0,-0.5084750027126737
206,0.0,0.0,0.0,0.0,0.0,0.0,-0.275
207,0.0,0.0,0.0,0.0,0.0,0.0,-0.275
208,0.0,0.0,126.485546875,0.0,0.0,0.0,-1.4222837999131945
209,0.0,0.0,148.49109375,0.0,0.0,0.0,-1.4731763712565105
210,0.0,0.0,0.0,0.0,0.0,0.0,-0.275
211,0.0,0.0,0.0,0.0,0.0,0.0,-0.275
212,0.0,0.0,0.0,0.0,0.0,0.0,-0.275
213,0.0,0.0,0.0,0.0,0.0,0.0,-0.275
214,0.0,0.0,0.0,0.0,0.0,0.0,-0.275
215,0.0,0.0,0.0,0.0,0.0,0.0,-0.275
216,0.0,0.0,0.0,0.0,0.0,0.0,-0.275
217,0.0,0.0,0.0,0.0,0.0,0.0,-0.275
218,0.0,0.0,0.0,0.0,0.0,0.0,-0.275
219,0.0,0.0,0.0,0.0,0.0,0.0,-0.275
220,0.0,0.0,0.0,0.0,0.0,0.0,-0.275
221,0.0,0.0,0.0,0.0,0.0,0.0,-0.275
222,0.0,0.0,0.0,0.0,0.0,0.0,-0.275
223,0.0,0.0,0.0,0.0,0.0,0.0,-0.275
224,0.0,0.0,0.0,0.0,0.0,0.0,-0.275
225,0.0,0.0,0.0,0.0,0.0,0.0,-0.275
226,0.0,0.0,0.0,0.0,0.0,0.0,-0.275
227,73.92988715277778,60.62422309027778,734.3604861111111,114.75414921623006,0.0,0.0,-2.3629000515407985
228,149.61419592115615,121.2190788989597,364.4364287143283,136.1216625424319,0.0,0.0,50.70752994928095
229,128.55291666666668,99.13315104166666,262.153125,99.6586157400853,0.0,0.0,39.536137152777776
230,151.633125,121.21667534722222,356.38697916666666,143.31643053274252,0.0,0.0,50.74564236111111
231,133.23914930555554,103.07563368055555,266.99359375,103.60104586311262,0.0,0.0,41.489735243055556
232,0.0,0.0,0.0,0.0,0.0,0.0,-0.5084750027126737
233,66.33608506944445,53.84024739583333,360.3375173611111,57.619083641984815,0.0,0.0,-2.155568372938368
234,0.0,0.0,0.0,0.0,0.0,0.0,-0.5084750027126737
235,0.0,0.0,0.0,0.0,0.0,0.0,-0.275
236,0.0,0.0,0.0,0.0,0.0,0.0,-0.275
237,0.0,0.0,0.0,0.0,0.0,0.0,-0.275
238,0.0,0.0,0.0,0.0,0.0,0.0,-0.275
239,0.0,0.0,0.0,0.0,0.0,0.0,-0.275
240,0.0,0.0,0.0,0.0,0.0,0.0,-0.275
241,0.0,0.0,0.0,0.0,0.0,0.0,-0.275
242,0.0,0.0,0.0,0.0,0.0,0.0,-0.275
243,0.0,0.0,0.0,0.0,0.0,0.0,-0.275
244,0.0,0.0,0.0,0.0,0.0,0.0,-0.275
245,0.0,0.0,0.0,0.0,0.0,0.0,-0.275
246,0.0,0.0,0.0,0.0,0.0,0.0,-0.275
247,0.0,0.0,0.0,0.0,0.0,0.0,-0.275
248,0.0,0.0,0.0,0.0,0.0,0.0,-0.275
249,0.0,0.0,0.0,0.0,0.0,0.0,-0.275
250,0.0,0.0,0.0,0.0,0.0,0.0,-0.275
251,74.714375,60.62716579861111,838.9358680555556,130.1151455433053,0.0,0.0,-2.519094712999132
252,0.0,0.0,0.0,0.0,0.0,0.0,-0.5084750027126737
253,0.0,0.0,0.0,0.0,0.0,0.0,-0.275
254,75.084609375,60.61337239583333,1219.3497916666668,247.80627542609932,0.0,0.0,-2.8862211100260415
255,150.14823887083264,121.22626819504632,1185.156448949178,480.1146610181755,0.0,0.0,51.05028511659967
256,150.14789930555557,121.2228125,1045.7271527777777,410.95431615296434,0.0,0.0,51.03491319444444
257,149.97059027777777,121.22967013888889,488.2792708333333,175.7140928352957,0.0,0.0,50.83239149305555
258,0.0,0.0,0.0,0.0,0.0,0.0,-0.5084750027126737
259,0.0,0.0,0.0,0.0,0.0,0.0,-0.275
260,0.0,0.0,0.0,0.0,0.0,0.0,-0.275
261,0.0,0.0,0.0,0.0,0.0,0.0,-0.275
262,0.0,0.0,0.0,0.0,0.0,0.0,-0.275
263,0.0,0.0,0.0,0.0,0.0,0.0,-0.275
264,0.0,0.0,0.0,0.0,0.0,0.0,-0.275
265,0.0,0.0,0.0,0.0,0.0,0.0,-0.275
266,0.0,0.0,0.0,0.0,0.0,0.0,-0.275
267,0.0,0.0,0.0,0.0,0.0,0.0,-0.275
268,0.0,0.0,0.0,0.0,0.0,0.0,-0.275
269,0.0,0.0,0.0,0.0,0.0,0.0,-0.275
270,0.0,0.0,0.0,0.0,0.0,0.0,-0.275
271,0.0,0.0,0.0,0.0,0.0,0.0,-0.275
272,0.0,0.0,0.0,0.0,0.0,0.0,-0.275
273,0.0,0.0,0.0,0.0,0.0,0.0,-0.275
274,0.0,0.0,0.0,0.0,0.0,0.0,-0.275
275,73.37065972222223,60.62974392361111,881.7044444444444,139.70830540818497,0.0,0.0,-2.6262997097439236
276,146.66227621290417,121.24669910430909,1180.9227727593316,451.42447775551267,0.0,0.0,51.00500790847672
277,146.5999826388889,121.23948784722222,1238.3340277777777,505.3616962881855,0.0,0.0,51.03174045138889
278,146.59600694444444,121.28324652777778,1080.0418055555556,450.3437405925142,0.0,0.0,51.012669270833335
279,146.50894097222223,121.23559895833333,1056.6080555555557,439.2066144659595,0.0,0.0,51.007022569444445
280,146.50069444444443,121.23982638888889,1101.2372916666666,444.3586951013414,0.0,0.0,51.007816840277776
281,0.0,0.0,0.0,0.0,0.0,0.0,-0.5084750027126737
282,0.0,0.0,0.0,0.0,0.0,0.0,-0.275
283,0.0,0.0,0.0,0.0,0.0,0.0,-0.275
284,0.0,0.0,0.0,0.0,0.0,0.0,-0.275
285,0.0,0.0,0.0,0.0,0.0,0.0,-0.275
286,0.0,0.0,0.0,0.0,0.0,0.0,-0.275
287,0.0,0.0,0.0,0.0,0.0,0.0,-0.275
288,0.0,0.0,0.0,0.0,0.0,0.0,-0.275
289,0.0,0.0,0.0,0.0,0.0,0.0,-0.275
290,0.0,0.0,0.0,0.0,0.0,0.0,-0.275
291,0.0,0.0,0.0,0.0,0.0,0.0,-0.275
292,0.0,0.0,0.0,0.0,0.0,0.0,-0.275
293,0.0,0.0,0.0,0.0,0.0,0.0,-0.275
294,0.0,0.0,0.0,0.0,0.0,0.0,-0.275
295,0.0,0.0,0.0,0.0,0.0,0.0,-0.275
296,0.0,0.0,0.0,0.0,0.0,0.0,-0.275
297,0.0,0.0,0.0,0.0,0.0,0.0,-0.275
298,0.0,0.0,0.0,0.0,0.0,0.0,-0.275
299,9.973377821180556,7.547938368055555,277.1464149305556,7.597254394678095,0.0,0.0,-1.9698591105143228
300,148.04990885416666,121.2357204861111,505.8747916666667,191.8559687097609,0.0,0.0,27.79763231065538
301,148.5796875,121.24691840277778,437.93309027777775,176.53168447125884,0.0,0.0,50.78763454861111
302,0.0,0.0,0.0,0.0,0.0,0.0,-0.5084750027126737
303,0.0,0.0,96.83607638888888,0.0,0.0,0.0,-1.2235929361979168
304,80.08919542100695,65.341669921875,308.38689887152776,66.22448065390157,0.0,0.0,0.09455491807725694
305,0.0,0.0,0.0,0.0,0.0,0.0,-0.5084750027126737
306,0.0,0.0,0.0,0.0,0.0,0.0,-0.275
307,0.0,0.0,0.0,0.0,0.0,0.0,-0.275
308,0.0,0.0,0.0,0.0,0.0,0.0,-0.275
309,0.0,0.0,0.0,0.0,0.0,0.0,-0.275
310,0.0,0.0,0.0,0.0,0.0,0.0,-0.275
311,0.0,0.0,0.0,0.0,0.0,0.0,-0.275
312,0.0,0.0,0.0,0.0,0.0,0.0,-0.275
313,0.0,0.0,0.0,0.0,0.0,0.0,-0.275
314,0.0,0.0,0.0,0.0,0.0,0.0,-0.275
315,0.0,0.0,0.0,0.0,0.0,0.0,-0.275
316,0.0,0.0,0.0,0.0,0.0,0.0,-0.275
317,0.0,0.0,0.0,0.0,0.0,0.0,-0.275
318,0.0,0.0,0.0,0.0,0.0,0.0,-0.275
319,0.0,0.0,0.0,0.0,0.0,0.0,-0.275
320,0.0,0.0,0.0,0.0,0.0,0.0,-0.275
321,0.0,0.0,0.0,0.0,0.0,0.0,-0.275
322,0.0,0.0,0.0,0.0,0.0,0.0,-0.275
323,1.128226793077257,0.8371769205729167,258.1216712782118,0.843146398670032,0.0,0.0,-1.943536179860433
324,0.0,0.0,0.0,0.0,0.0,0.0,-0.5084750027126737
325,73.36365451388889,60.631510416666664,722.5222222222222,147.6371489300911,0.0,0.0,-2.7547142876519097
326,0.0,0.0,0.0,0.0,0.0,0.0,-0.5084750027126737
327,0.0,0.0,0.0,0.0,0.0,0.0,-0.275
328,0.0,0.0,0.0,0.0,0.0,0.0,-0.275
329,0.0,0.0,0.0,0.0,0.0,0.0,-0.275
330,0.0,0.0,0.0,0.0,0.0,0.0,-0.275
331,0.0,0.0,0.0,0.0,0.0,0.0,-0.275
332,0.0,0.0,0.0,0.0,0.0,0.0,-0.275
333,0.0,0.0,0.0,0.0,0.0,0.0,-0.275
334,0.0,0.0,0.0,0.0,0.0,0.0,-0.275
335,0.0,0.0,0.0,0.0,0.0,0.0,-0.275
336,0.0,0.0,0.0,0.0,0.0,0.0,-0.275
337,0.0,0.0,0.0,0.0,0.0,0.0,-0.275
338,0.0,0.0,0.0,0.0,0.0,0.0,-0.275
339,0.0,0.0,0.0,0.0,0.0,0.0,-0.275
340,0.0,0.0,0.0,0.0,0.0,0.0,-0.275
341,0.0,0.0,0.0,0.0,0.0,0.0,-0.275
342,0.0,0.0,0.0,0.0,0.0,0.0,-0.275
343,0.0,0.0,0.0,0.0,0.0,0.0,-0.275
344,0.0,0.0,0.0,0.0,0.0,0.0,-0.275
345,0.0,0.0,0.0,0.0,0.0,0.0,-0.275
346,0.0,0.0,0.0,0.0,0.0,0.0,-0.275
347,73.63297743055556,60.61438802083333,1241.7857638888888,198.1542302615463,0.0,0.0,-2.905838623046875
348,147.3602376344469,121.24318056318495,1340.6307947455512,512.6350421443018,0.0,0.0,51.0197034384807
349,147.23333333333332,121.26793402777778,1367.3679166666666,557.5383794915058,0.0,0.0,51.04266493055555
350,147.03135416666666,121.2665625,1357.5252777777778,565.9973264896875,0.0,0.0,51.04008680555555
351,146.8278298611111,121.26971354166666,1304.1319444444443,542.9817862053857,0.0,0.0,51.03356336805555
352,146.51885416666667,121.16965277777778,1131.9384722222221,458.7786094358087,0.0,0.0,51.014049479166665
353,146.47901041666665,121.17622395833334,865.9022222222222,323.60818611334463,0.0,0.0,50.95850260416667
354,0.0,0.0,0.0,0.0,0.0,0.0,-0.5084750027126737
355,0.0,0.0,0.0,0.0,0.0,0.0,-0.275
356,0.0,0.0,0.0,0.0,0.0,0.0,-0.275
357,0.0,0.0,0.0,0.0,0.0,0.0,-0.275
358,0.0,0.0,0.0,0.0,0.0,0.0,-0.275
359,0.0,0.0,0.0,0.0,0.0,0.0,-0.275
360,0.0,0.0,0.0,0.0,0.0,0.0,-0.275
361,0.0,0.0,0.0,0.0,0.0,0.0,-0.275
362,0.0,0.0,0.0,0.0,0.0,0.0,-0.275
363,0.0,0.0,0.0,0.0,0.0,0.0,-0.275
364,0.0,0.0,0.0,0.0,0.0,0.0,-0.275
365,0.0,0.0,0.0,0.0,0.0,0.0,-0.275
366,0.0,0.0,0.0,0.0,0.0,0.0,-0.275
367,0.0,0.0,0.0,0.0,0.0,0.0,-0.275
368,0.0,0.0,0.0,0.0,0.0,0.0,-0.275
369,0.0,0.0,0.0,0.0,0.0,0.0,-0.275
370,0.0,0.0,0.0,0.0,0.0,0.0,-0.275
371,73.40279513888889,60.57997395833333,1140.6485763888888,183.20725610276656,0.0,0.0,-2.9110371907552084
372,146.9617470296224,121.16306730482313,1224.2036948649088,469.9336012554829,0.0,0.0,50.99979583250152
373,147.12086805555555,121.24158854166667,1247.44875,509.49857022052794,0.0,0.0,51.020859375
374,147.10213541666667,121.26746527777777,1288.558888888889,537.5510612632128,0.0,0.0,51.023020833333334
375,147.0360763888889,121.23768229166667,1202.7519444444445,500.5333454483239,0.0,0.0,51.01194010416667
376,146.9924826388889,121.22341145833333,1019.1113888888889,412.60939742365787,0.0,0.0,51.393077256944444
377,146.78600694444444,121.16631076388889,834.2302083333333,312.23044333458205,0.0,0.0,50.93807291666667
378,0.0,0.0,0.0,0.0,0.0,0.0,-0.5084750027126737
379,0.0,0.0,0.0,0.0,0.0,0.0,-0.275
380,0.0,0.0,0.0,0.0,0.0,0.0,-0.275
381,0.0,0.0,0.0,0.0,0.0,0.0,-0.275
382,0.0,0.0,0.0,0.0,0.0,0.0,-0.275
383,0.0,0.0,0.0,0.0,0.0,0.0,-0.275
384,0.0,0.0,0.0,0.0,0.0,0.0,-0.275
385,0.0,0.0,0.0,0.0,0.0,0.0,-0.275
386,0.0,0.0,0.0,0.0,0.0,0.0,-0.275
387,0.0,0.0,0.0,0.0,0.0,0.0,-0.275
388,0.0,0.0,0.0,0.0,0.0,0.0,-0.275
389,0.0,0.0,0.0,0.0,0.0,0.0,-0.275
390,0.0,0.0,0.0,0.0,0.0,0.0,-0.275
391,0.0,0.0,0.0,0.0,0.0,0.0,-0.275
392,0.0,0.0,0.0,0.0,0.0,0.0,-0.275
393,0.0,0.0,0.0,0.0,0.0,0.0,-0.275
394,0.0,0.0,0.0,0.0,0.0,0.0,-0.275
395,18.176741536458334,14.049947916666667,288.78236111111113,14.134965265754497,0.0,0.0,-1.9960791693793403
396,147.02631944444445,121.26301215277778,719.1110243055556,276.6712887254742,0.0,0.0,30.6829244656033
397,147.26378472222223,121.23456597222223,1200.5002777777777,490.39018251519406,0.0,0.0,51.01589409722222
398,147.8922048611111,121.2531857638889,1261.2690277777779,523.8525229629942,0.0,0.0,51.0145703125
399,147.96987847222223,121.22888888888889,1181.003611111111,488.9358618825506,0.0,0.0,51.050334201388885
400,147.94633680555555,121.22951388888889,1079.2732638888888,434.9161740585056,0.0,0.0,51.033107638888886
401,147.97723958333333,121.26516493055556,810.9717361111111,302.4192746530716,0.0,0.0,50.97141059027778
402,0.0,0.0,0.0,0.0,0.0,0.0,-0.5084750027126737
403,0.0,0.0,0.0,0.0,0.0,0.0,-0.275
404,0.0,0.0,0.0,0.0,0.0,0.0,-0.275
405,0.0,0.0,0.0,0.0,0.0,0.0,-0.275
406,0.0,0.0,0.0,0.0,0.0,0.0,-0.275
407,0.0,0.0,0.0,0.0,0.0,0.0,-0.275
408,0.0,0.0,0.0,0.0,0.0,0.0,-0.275
409,0.0,0.0,0.0,0.0,0.0,0.0,-0.275
410,0.0,0.0,0.0,0.0,0.0,0.0,-0.275
411,0.0,0.0,0.0,0.0,0.0,0.0,-0.275
412,0.0,0.0,0.0,0.0,0.0,0.0,-0.275
413,0.0,0.0,0.0,0.0,0.0,0.0,-0.275
414,0.0,0.0,0.0,0.0,0.0,0.0,-0.275
415,0.0,0.0,0.0,0.0,0.0,0.0,-0.275
416,0.0,0.0,0.0,0.0,0.0,0.0,-0.275
417,0.0,0.0,0.0,0.0,0.0,0.0,-0.275
418,0.0,0.0,0.0,0.0,0.0,0.0,-0.275
419,73.25309027777777,60.58264756944445,1068.8237847222222,173.4762306112745,0.0,0.0,-2.9131258138020835
420,146.47080567677816,121.2343545574612,1131.0755750528972,437.56474970377445,0.0,0.0,50.98506572034624
421,146.3503472222222,121.17352430555556,1153.8621527777777,474.60676151169355,0.0,0.0,51.404613715277776
422,146.43536458333332,121.25141493055555,1242.2577777777778,521.6425639523275,0.0,0.0,51.39066840277778
423,146.6547048611111,121.16957465277778,1143.8440972222222,478.153307160906,0.0,0.0,51.344874131944444
424,147.02680555555557,121.25115451388889,556.5984375,226.12538481148528,0.0,0.0,51.18922309027778
425,146.9479340277778,121.16989583333333,854.64375,321.8419964153927,0.0,0.0,51.28948784722222
426,0.0,0.0,0.0,0.0,0.0,0.0,-0.5084750027126737
427,0.0,0.0,0.0,0.0,0.0,0.0,-0.275
428,0.0,0.0,0.0,0.0,0.0,0.0,-0.275
429,0.0,0.0,0.0,0.0,0.0,0.0,-0.275
430,0.0,0.0,0.0,0.0,0.0,0.0,-0.275
431,0.0,0.0,0.0,0.0,0.0,0.0,-0.275
432,0.0,0.0,0.0,0.0,0.0,0.0,-0.275
433,0.0,0.0,0.0,0.0,0.0,0.0,-0.275
434,0.0,0.0,0.0,0.0,0.0,0.0,-0.275
435,0.0,0.0,0.0,0.0,0.0,0.0,-0.275
436,0.0,0.0,0.0,0.0,0.0,0.0,-0.275
437,0.0,0.0,0.0,0.0,0.0,0.0,-0.275
438,0.0,0.0,0.0,0.0,0.0,0.0,-0.275
439,0.0,0.0,0.0,0.0,0.0,0.0,-0.275
440,0.0,0.0,0.0,0.0,0.0,0.0,-0.275
441,0.0,0.0,0.0,0.0,0.0,0.0,-0.275
442,0.0,0.0,0.0,0.0,0.0,0.0,-0.275
443,73.28350694444444,60.6158203125,1158.6081597222221,188.90026180610496,0.0,0.0,-2.9090591769748264
444,146.4503017595079,121.17138930850558,1209.5744509887695,468.68770977456325,0.0,0.0,50.99716873327891
445,146.90272569444446,121.16448784722222,1131.237361111111,464.0817197812579,0.0,0.0,51.413823784722226
446,147.63666666666666,121.24230034722223,1223.2869444444445,510.0187255233308,0.0,0.0,51.398532986111114
447,147.7695486111111,121.15145833333334,1122.4868055555555,466.1910064483506,0.0,0.0,51.369765625
448,147.83296875,121.23138888888889,1064.6304861111112,430.8309181284539,0.0,0.0,51.35303385416667
449,147.29192708333332,121.1634548611111,845.8122916666666,318.8913657338347,0.0,0.0,51.31783854166667
450,0.0,0.0,0.0,0.0,0.0,0.0,-0.5084750027126737
451,0.0,0.0,0.0,0.0,0.0,0.0,-0.275
452,0.0,0.0,0.0,0.0,0.0,0.0,-0.275
453,0.0,0.0,0.0,0.0,0.0,0.0,-0.275
454,0.0,0.0,0.0,0.0,0.0,0.0,-0.275
455,0.0,0.0,0.0,0.0,0.0,0.0,-0.275
456,0.0,0.0,0.0,0.0,0.0,0.0,-0.275
457,0.0,0.0,0.0,0.0,0.0,0.0,-0.275
458,0.0,0.0,0.0,0.0,0.0,0.0,-0.275
459,0.0,0.0,0.0,0.0,0.0,0.0,-0.275
460,0.0,0.0,0.0,0.0,0.0,0.0,-0.275
461,0.0,0.0,0.0,0.0,0.0,0.0,-0.275
462,0.0,0.0,0.0,0.0,0.0,0.0,-0.275
463,0.0,0.0,0.0,0.0,0.0,0.0,-0.275
464,0.0,0.0,0.0,0.0,0.0,0.0,-0.275
465,0.0,0.0,0.0,0.0,0.0,0.0,-0.275
466,0.0,0.0,0.0,0.0,0.0,0.0,-0.275
467,73.2883767361111,60.62611111111111,751.6054166666667,123.10877543462745,0.0,0.0,-2.430164455837674
468,146.80138808780245,121.16436373816596,940.5449836561415,364.29128157345707,0.0,0.0,50.948716022306016
469,147.14774305555557,121.15912326388889,883.8077777777778,362.40539074236466,0.0,0.0,51.33935329861111
470,147.53197916666667,121.27089409722223,737.636875,308.17056799455014,0.0,0.0,51.27289496527778
471,147.5775,121.23142361111111,333.43861111111113,138.92663329259852,0.0,0.0,51.002842881944446
472,147.8515625,121.26959201388888,738.4458333333333,299.39931497369224,0.0,0.0,51.23707465277778
473,147.37755208333334,121.15604166666667,957.6820833333334,362.110677126068,0.0,0.0,51.29633246527778
474,0.0,0.0,0.0,0.0,0.0,0.0,-0.5084750027126737
475,0.0,0.0,0.0,0.0,0.0,0.0,-0.275
476,0.0,0.0,0.0,0.0,0.0,0.0,-0.275
477,0.0,0.0,0.0,0.0,0.0,0.0,-0.275
478,0.0,0.0,0.0,0.0,0.0,0.0,-0.275
479,0.0,0.0,0.0,0.0,0.0,0.0,-0.275
480,0.0,0.0,0.0,0.0,0.0,0.0,-0.275
481,0.0,0.0,0.0,0.0,0.0,0.0,-0.275
482,0.0,0.0,0.0,0.0,0.0,0.0,-0.275
483,0.0,0.0,0.0,0.0,0.0,0.0,-0.275
484,0.0,0.0,0.0,0.0,0.0,0.0,-0.275
485,0.0,0.0,0.0,0.0,0.0,0.0,-0.275
486,0.0,0.0,0.0,0.0,0.0,0.0,-0.275
487,0.0,0.0,0.0,0.0,0.0,0.0,-0.275
488,0.0,0.0,0.0,0.0,0.0,0.0,-0.275
489,0.0,0.0,0.0,0.0,0.0,0.0,-0.275
490,0.0,0.0,0.0,0.0,0.0,0.0,-0.275
491,73.23924479166666,60.58567708333333,974.1314930555556,160.29463107605613,0.0,0.0,-2.923617689344618
492,146.4514290661282,121.22324281480577,1049.5968339708115,408.54236982601253,0.0,0.0,50.97115126848221
493,146.3813715277778,121.17222222222222,1114.8148611111112,460.1522861806128,0.0,0.0,51.390234375
494,146.63100694444444,121.23852430555556,1193.516111111111,502.1187383150844,0.0,0.0,51.37207899305555
495,146.90682291666667,121.23323784722223,1162.1677083333334,487.036207734016,0.0,0.0,51.34069010416667
496,147.0584375,121.23319444444445,1065.7765972222223,435.05476442439164,0.0,0.0,51.31700086805556
497,146.82086805555556,121.16654513888889,821.4886805555556,312.9043871373199,0.0,0.0,51.27521267361111
498,0.0,0.0,0.0,0.0,0.0,0.0,-0.5084750027126737
499,0.0,0.0,0.0,0.0,0.0,0.0,-0.275
500,0.0,0.0,0.0,0.0,0.0,0.0,-0.275
501,0.0,0.0,0.0,0.0,0.0,0.0,-0.275
502,0.0,0.0,0.0,0.0,0.0,0.0,-0.275
503,0.0,0.0,0.0,0.0,0.0,0.0,-0.275
504,0.0,0.0,0.0,0.0,0.0,0.0,-0.275
505,0.0,0.0,0.0,0.0,0.0,0.0,-0.275
506,0.0,0.0,0.0,0.0,0.0,0.0,-0.275
507,0.0,0.0,0.0,0.0,0.0,0.0,-0.275
508,0.0,0.0,0.0,0.0,0.0,0.0,-0.275
509,0.0,0.0,0.0,0.0,0.0,0.0,-0.275
510,0.0,0.0,0.0,0.0,0.0,0.0,-0.275
511,0.0,0.0,0.0,0.0,0.0,0.0,-0.275
512,0.0,0.0,0.0,0.0,0.0,0.0,-0.275
513,0.0,0.0,0.0,0.0,0.0,0.0,-0.275
514,0.0,0.0,0.0,0.0,0.0,0.0,-0.275
515,73.24419270833333,60.58760850694444,1001.3135763888889,165.53388785336088,0.0,0.0,-2.917676798502604
516,146.45236222161188,121.22652968512641,1037.5158750067817,404.6970662150232,0.0,0.0,50.970733581152224
517,146.45418402777779,121.28985243055556,1102.5990972222223,455.9067485952751,0.0,0.0,51.38350694444444
518,146.35296875,121.2376388888889,1182.6216666666667,499.0376089079811,0.0,0.0,51.35092013888889
519,146.23263888888889,121.15701388888888,1155.6958333333334,486.85539665115334,0.0,0.0,51.316631944444445
520,146.2984201388889,121.23901041666667,1077.9114583333333,443.0647496939165,0.0,0.0,51.291545138888885
521,146.3317013888889,121.2684375,799.4301388888889,306.8225853237934,0.0,0.0,51.23921006944445
522,0.0,0.0,0.0,0.0,0.0,0.0,-0.5084750027126737
523,0.0,0.0,0.0,0.0,0.0,0.0,-0.275
524,0.0,0.0,0.0,0.0,0.0,0.0,-0.275
525,0.0,0.0,0.0,0.0,0.0,0.0,-0.275
526,0.0,0.0,0.0,0.0,0.0,0.0,-0.275
527,0.0,0.0,0.0,0.0,0.0,0.0,-0.275
528,0.0,0.0,0.0,0.0,0.0,0.0,-0.275
529,0.0,0.0,0.0,0.0,0.0,0.0,-0.275
530,0.0,0.0,0.0,0.0,0.0,0.0,-0.275
531,0.0,0.0,0.0,0.0,0.0,0.0,-0.275
532,0.0,0.0,0.0,0.0,0.0,0.0,-0.275
533,0.0,0.0,0.0,0.0,0.0,0.0,-0.275
534,0.0,0.0,0.0,0.0,0.0,0.0,-0.275
535,0.0,0.0,0.0,0.0,0.0,0.0,-0.275
536,0.0,0.0,0.0,0.0,0.0,0.0,-0.275
537,0.0,0.0,0.0,0.0,0.0,0.0,-0.275
538,0.0,0.0,0.0,0.0,0.0,0.0,-0.275
539,73.28951388888889,60.61556423611111,505.57814236111113,83.9643357982518,0.0,0.0,-2.1958055284288194
540,146.46927549997966,121.21210389455159,1006.0327412923177,393.15938694473357,0.0,0.0,51.37161577479707
541,146.5003125,121.1706076388889,1108.3294444444443,458.2777581565259,0.0,0.0,51.353441840277775
542,146.66121527777779,121.23559027777777,1166.4554166666667,491.72915783151035,0.0,0.0,51.30713541666667
543,146.68524305555556,121.23462673611111,1038.7159027777777,437.04570219910795,0.0,0.0,51.256124131944446
544,146.6629513888889,121.22836805555555,1038.8371527777779,426.62422190286645,0.0,0.0,51.2469140625
545,146.59177083333333,121.26934027777777,804.8234027777778,309.38521472902545,0.0,0.0,51.218372395833335
546,0.0,0.0,0.0,0.0,0.0,0.0,-0.5084750027126737
547,0.0,0.0,0.0,0.0,0.0,0.0,-0.275
548,0.0,0.0,0.0,0.0,0.0,0.0,-0.275
549,0.0,0.0,0.0,0.0,0.0,0.0,-0.275
550,0.0,0.0,0.0,0.0,0.0,0.0,-0.275
551,0.0,0.0,0.0,0.0,0.0,0.0,-0.275
552,0.0,0.0,0.0,0.0,0.0,0.0,-0.275
553,0.0,0.0,0.0,0.0,0.0,0.0,-0.275
554,0.0,0.0,0.0,0.0,0.0,0.0,-0.275
555,0.0,0.0,0.0,0.0,0.0,0.0,-0.275
556,0.0,0.0,0.0,0.0,0.0,0.0,-0.275
557,0.0,0.0,0.0,0.0,0.0,0.0,-0.275
558,0.0,0.0,0.0,0.0,0.0,0.0,-0.275
559,0.0,0.0,0.0,0.0,0.0,0.0,-0.275
560,0.0,0.0,0.0,0.0,0.0,0.0,-0.275
561,0.0,0.0,0.0,0.0,0.0,0.0,-0.275
562,0.0,0.0,0.0,0.0,0.0,0.0,-0.275
563,73.19610243055556,60.588771701388886,1000.6663541666667,167.12255137617026,0.0,0.0,-2.916719902886285
564,146.3483453877767,121.2267442703247,1079.111473727756,423.02370909652984,0.0,0.0,51.311300337480176
565,146.55328125,121.26881944444445,1335.5611111111111,553.2064426821842,0.0,0.0,51.29778211805556
566,146.65789930555556,121.23750868055555,1181.6644444444444,498.7259208524616,0.0,0.0,51.22841579861111
567,146.7148263888889,121.24777777777778,1231.3633333333332,518.6966079800886,0.0,0.0,51.294010416666666
568,146.62609375,121.16938368055555,1120.181111111111,460.6949322200831,0.0,0.0,51.31221788194444
569,146.45585069444445,121.23706597222223,987.6146527777778,381.1589687615348,0.0,0.0,51.19715277777778
570,0.0,0.0,0.0,0.0,0.0,0.0,-0.5084750027126737
571,0.0,0.0,0.0,0.0,0.0,0.0,-0.275
572,0.0,0.0,0.0,0.0,0.0,0.0,-0.275
573,0.0,0.0,0.0,0.0,0.0,0.0,-0.275
574,0.0,0.0,0.0,0.0,0.0,0.0,-0.275
575,0.0,0.0,0.0,0.0,0.0,0.0,-0.275
576,0.0,0.0,0.0,0.0,0.0,0.0,-0.275
577,0.0,0.0,0.0,0.0,0.0,0.0,-0.275
578,0.0,0.0,0.0,0.0,0.0,0.0,-0.275
579,0.0,0.0,0.0,0.0,0.0,0.0,-0.275
580,0.0,0.0,0.0,0.0,0.0,0.0,-0.275
581,0.0,0.0,0.0,0.0,0.0,0.0,-0.275
582,0.0,0.0,0.0,0.0,0.0,0.0,-0.275
583,0.0,0.0,0.0,0.0,0.0,0.0,-0.275
584,0.0,0.0,0.0,0.0,0.0,0.0,-0.275
585,0.0,0.0,0.0,0.0,0.0,0.0,-0.275
586,0.0,0.0,0.0,0.0,0.0,0.0,-0.275
587,0.0,0.0,0.0,0.0,0.0,0.0,-0.275
588,0.0,0.0,0.0,0.0,0.0,0.0,-0.275
589,75.63178819444444,60.607868923611115,359.51506944444446,72.20144113298807,0.0,0.0,-2.1695736355251736
590,150.542315319909,121.26792096773784,704.4278297678629,290.0365137430835,0.0,0.0,51.35013637729817
591,150.1592361111111,121.26453125,678.0413194444444,279.44712499480914,0.0,0.0,51.35138454861111
592,0.0,0.0,0.0,0.0,0.0,0.0,-0.5084750027126737
593,0.0,0.0,0.0,0.0,0.0,0.0,-0.275
594,0.0,0.0,0.0,0.0,0.0,0.0,-0.275
595,0.0,0.0,0.0,0.0,0.0,0.0,-0.275
596,0.0,0.0,0.0,0.0,0.0,0.0,-0.275
597,0.0,0.0,0.0,0.0,0.0,0.0,-0.275
598,0.0,0.0,0.0,0.0,0.0,0.0,-0.275
599,0.0,0.0,0.0,0.0,0.0,0.0,-0.275
600,0.0,0.0,0.0,0.0,0.0,0.0,-0.275
601,0.0,0.0,0.0,0.0,0.0,0.0,-0.275
602,0.0,0.0,0.0,0.0,0.0,0.0,-0.275
603,0.0,0.0,0.0,0.0,0.0,0.0,-0.275
604,0.0,0.0,0.0,0.0,0.0,0.0,-0.275
605,0.0,0.0,0.0,0.0,0.0,0.0,-0.275
606,0.0,0.0,0.0,0.0,0.0,0.0,-0.275
607,0.0,0.0,0.0,0.0,0.0,0.0,-0.275
608,0.0,0.0,0.0,0.0,0.0,0.0,-0.275
609,0.0,0.0,0.0,0.0,0.0,0.0,-0.275
610,0.0,0.0,0.0,0.0,0.0,0.0,-0.275
611,75.05322048611112,60.61506510416667,1280.8330555555556,210.75052946042973,0.0,0.0,-2.897529568142361
612,151.9963629351722,121.23685489230685,1338.3253228335911,507.38739366749496,0.0,0.0,51.064115307198634
613,151.44987847222222,121.32331597222222,1330.2758333333334,534.8674774143334,0.0,0.0,51.072291666666665
614,151.49423611111112,121.20936631944444,987.2640972222222,404.20340708293105,0.0,0.0,51.030720486111115
615,151.72454861111112,121.2708767361111,721.7941666666667,294.7889222275213,0.0,0.0,50.97065972222222
616,151.66583333333332,121.22073784722222,846.3920138888889,337.79147759596293,0.0,0.0,50.997730034722224
617,150.88762152777778,121.22188368055555,387.20944444444444,145.96429440290228,0.0,0.0,50.757100694444446
618,0.0,0.0,0.0,0.0,0.0,0.0,-0.5084750027126737
619,0.0,0.0,0.0,0.0,0.0,0.0,-0.275
620,0.0,0.0,0.0,0.0,0.0,0.0,-0.275
621,0.0,0.0,0.0,0.0,0.0,0.0,-0.275
622,0.0,0.0,0.0,0.0,0.0,0.0,-0.275
623,0.0,0.0,0.0,0.0,0.0,0.0,-0.275
624,0.0,0.0,0.0,0.0,0.0,0.0,-0.275
625,0.0,0.0,0.0,0.0,0.0,0.0,-0.275
626,0.0,0.0,0.0,0.0,0.0,0.0,-0.275
627,0.0,0.0,0.0,0.0,0.0,0.0,-0.275
628,0.0,0.0,0.0,0.0,0.0,0.0,-0.275
629,0.0,0.0,0.0,0.0,0.0,0.0,-0.275
630,0.0,0.0,0.0,0.0,0.0,0.0,-0.275
631,0.0,0.0,0.0,0.0,0.0,0.0,-0.275
632,0.0,0.0,0.0,0.0,0.0,0.0,-0.275
633,0.0,0.0,0.0,0.0,0.0,0.0,-0.275
634,0.0,0.0,0.0,0.0,0.0,0.0,-0.275
635,74.89256944444445,60.61070746527778,1076.0372569444444,178.28993443660406,0.0,0.0,-2.912999945746528
636,153.93354205555386,121.27026121987237,750.6480713568793,281.69797540961827,0.0,0.0,50.96089785612292
637,133.73250868055555,101.16096354166666,267.2362847222222,101.68654220987821,0.0,0.0,40.545894097222224
638,152.34914930555556,121.22971354166667,449.17809027777776,183.10912782424333,0.0,0.0,50.84159288194444
639,0.0,0.0,0.0,0.0,0.0,0.0,-0.5084750027126737
640,0.0,0.0,0.0,0.0,0.0,0.0,-0.275
641,75.34425347222222,60.60994791666667,829.1471180555556,156.9641791780534,0.0,0.0,-2.9250755479600694
642,0.0,0.0,0.0,0.0,0.0,0.0,-0.5084750027126737
643,0.0,0.0,0.0,0.0,0.0,0.0,-0.275
644,0.0,0.0,0.0,0.0,0.0,0.0,-0.275
645,0.0,0.0,0.0,0.0,0.0,0.0,-0.275
646,0.0,0.0,0.0,0.0,0.0,0.0,-0.275
647,0.0,0.0,0.0,0.0,0.0,0.0,-0.275
648,0.0,0.0,0.0,0.0,0.0,0.0,-0.275
649,0.0,0.0,0.0,0.0,0.0,0.0,-0.275
650,0.0,0.0,0.0,0.0,0.0,0.0,-0.275
651,0.0,0.0,0.0,0.0,0.0,0.0,-0.275
652,0.0,0.0,0.0,0.0,0.0,0.0,-0.275
653,0.0,0.0,0.0,0.0,0.0,0.0,-0.275
654,0.0,0.0,0.0,0.0,0.0,0.0,-0.275
655,0.0,0.0,0.0,0.0,0.0,0.0,-0.275
656,0.0,0.0,0.0,0.0,0.0,0.0,-0.275
657,0.0,0.0,0.0,0.0,0.0,0.0,-0.275
658,0.0,0.0,0.0,0.0,0.0,0.0,-0.275
659,0.0,0.0,0.0,0.0,0.0,0.0,-0.275
660,75.3711111111111,60.61654079861111,1111.403576388889,213.35029290271015,0.0,0.0,-2.896609361436632
661,131.73936762068007,103.01987722608779,262.89470235824587,103.54523132424958,0.0,0.0,41.45577841960721
662,150.5703298611111,121.24321180555556,1043.7181944444444,431.04141387042125,0.0,0.0,51.035794270833335
663,151.4853298611111,121.22168402777778,1130.185625,463.25280628561916,0.0,0.0,51.04210503472222
664,151.85993055555556,121.220234375,842.6976388888888,336.99145916034684,0.0,0.0,50.98927951388889
665,150.87310763888888,121.2226736111111,887.9201388888889,336.80335023511657,0.0,0.0,50.99137152777778
666,0.0,0.0,0.0,0.0,0.0,0.0,-0.5084750027126737
667,0.0,0.0,0.0,0.0,0.0,0.0,-0.275
668,0.0,0.0,0.0,0.0,0.0,0.0,-0.275
669,0.0,0.0,0.0,0.0,0.0,0.0,-0.275
670,0.0,0.0,0.0,0.0,0.0,0.0,-0.275
671,0.0,0.0,0.0,0.0,0.0,0.0,-0.275
672,0.0,0.0,0.0,0.0,0.0,0.0,-0.275
673,0.0,0.0,0.0,0.0,0.0,0.0,-0.275
674,0.0,0.0,0.0,0.0,0.0,0.0,-0.275
675,0.0,0.0,0.0,0.0,0.0,0.0,-0.275
676,0.0,0.0,0.0,0.0,0.0,0.0,-0.275
677,0.0,0.0,0.0,0.0,0.0,0.0,-0.275
678,0.0,0.0,0.0,0.0,0.0,0.0,-0.275
679,0.0,0.0,0.0,0.0,0.0,0.0,-0.275
680,0.0,0.0,0.0,0.0,0.0,0.0,-0.275
681,0.0,0.0,0.0,0.0,0.0,0.0,-0.275
682,0.0,0.0,0.0,0.0,0.0,0.0,-0.275
683,74.72166666666666,60.602374131944444,1120.059826388889,187.80973827723201,0.0,0.0,-2.9091690402560766
684,149.45419586287605,121.27905424753826,1135.336175749037,440.7888328920289,0.0,0.0,51.0247794178625
685,149.52557291666668,121.23295138888889,1223.9879166666667,500.1364056409389,0.0,0.0,51.44026041666667
686,149.65970486111112,121.23177083333333,1196.8733333333332,497.8195148155378,0.0,0.0,51.41740451388889
687,149.63116319444444,121.23058159722223,1191.4397222222221,495.0455110708148,0.0,0.0,51.40592013888889
688,149.86043402777779,121.29136284722222,1103.9609027777778,448.3482679262929,0.0,0.0,51.394869791666665
689,149.6215625,121.22453125,908.4145833333333,348.4903837194515,0.0,0.0,51.372417534722224
690,0.0,0.0,0.0,0.0,0.0,0.0,-0.5084750027126737
691,0.0,0.0,0.0,0.0,0.0,0.0,-0.275
692,0.0,0.0,0.0,0.0,0.0,0.0,-0.275
693,0.0,0.0,0.0,0.0,0.0,0.0,-0.275
694,0.0,0.0,0.0,0.0,0.0,0.0,-0.275
695,0.0,0.0,0.0,0.0,0.0,0.0,-0.275
696,0.0,0.0,0.0,0.0,0.0,0.0,-0.275
697,0.0,0.0,0.0,0.0,0.0,0.0,-0.275
698,0.0,0.0,0.0,0.0,0.0,0.0,-0.275
699,0.0,0.0,0.0,0.0,0.0,0.0,-0.275
700,0.0,0.0,0.0,0.0,0.0,0.0,-0.275
701,0.0,0.0,0.0,0.0,0.0,0.0,-0.275
702,0.0,0.0,0.0,0.0,0.0,0.0,-0.275
703,0.0,0.0,0.0,0.0,0.0,0.0,-0.275
704,0.0,0.0,0.0,0.0,0.0,0.0,-0.275
705,0.0,0.0,0.0,0.0,0.0,0.0,-0.275
706,0.0,0.0,0.0,0.0,0.0,0.0,-0.275
707,0.0,0.0,231.73510416666667,0.0,0.0,0.0,-1.9040596516927084
708,89.17072699652778,64.45843695746528,194.88561903211806,64.96191104726003,0.0,0.0,-0.255443115234375
709,146.7073611111111,121.26423611111112,677.3536111111111,282.55519275009385,0.0,0.0,50.91950086805556
710,146.4937673611111,121.258046875,1247.7858333333334,530.9322537880183,0.0,0.0,51.40796875
711,146.43713541666668,121.24831597222222,1223.4081944444445,520.1182084320372,0.0,0.0,51.37604600694444
712,146.33397569444443,121.17347222222222,1117.1744444444444,464.9497441243072,0.0,0.0,51.34911458333333
713,146.50458333333333,121.169765625,898.5045138888889,352.8795105468056,0.0,0.0,51.30936197916667
714,0.0,0.0,0.0,0.0,0.0,0.0,-0.5084750027126737
715,0.0,0.0,0.0,0.0,0.0,0.0,-0.275
716,0.0,0.0,0.0,0.0,0.0,0.0,-0.275
717,0.0,0.0,0.0,0.0,0.0,0.0,-0.275
718,0.0,0.0,0.0,0.0,0.0,0.0,-0.275
719,0.0,0.0,0.0,0.0,0.0,0.0,-0.275
720,0.0,0.0,0.0,0.0,0.0,0.0,-0.275
721,0.0,0.0,0.0,0.0,0.0,0.0,-0.275
722,0.0,0.0,0.0,0.0,0.0,0.0,-0.275
723,0.0,0.0,0.0,0.0,0.0,0.0,-0.275
724,0.0,0.0,0.0,0.0,0.0,0.0,-0.275
725,0.0,0.0,0.0,0.0,0.0,0.0,-0.275
726,0.0,0.0,0.0,0.0,0.0,0.0,-0.275
727,0.0,0.0,0.0,0.0,0.0,0.0,-0.275
728,0.0,0.0,0.0,0.0,0.0,0.0,-0.275
729,0.0,0.0,0.0,0.0,0.0,0.0,-0.275
730,0.0,0.0,0.0,0.0,0.0,0.0,-0.275
731,73.30714409722222,60.6320703125,875.2864583333334,151.14097371329265,0.0,0.0,-2.820145670572917
732,133.84433749304878,108.61942708757189,279.7351797824436,109.14455916254661,0.0,0.0,44.275037968754766
733,146.4230902777778,121.24046875,449.1376041666667,187.94251107409707,0.0,0.0,51.20263454861111
734,146.40479166666665,121.2656076388889,1260.6622222222222,537.3783355014648,0.0,0.0,51.37631076388889
735,146.48052083333334,121.17006076388888,814.1672916666666,346.2210469950696,0.0,0.0,51.28450086805555
736,146.99684027777778,121.22855034722222,1022.7113888888889,424.5856406099199,0.0,0.0,51.30665798611111
737,146.87864583333334,121.16935763888888,813.304375,319.50029452840255,0.0,0.0,51.35192274305555
738,0.0,0.0,0.0,0.0,0.0,0.0,-0.5084750027126737
739,0.0,0.0,0.0,0.0,0.0,0.0,-0.275
740,0.0,0.0,0.0,0.0,0.0,0.0,-0.275
741,0.0,0.0,0.0,0.0,0.0,0.0,-0.275
742,0.0,0.0,0.0,0.0,0.0,0.0,-0.275
743,0.0,0.0,0.0,0.0,0.0,0.0,-0.275
744,0.0,0.0,0.0,0.0,0.0,0.0,-0.275
745,0.0,0.0,0.0,0.0,0.0,0.0,-0.275
746,0.0,0.0,0.0,0.0,0.0,0.0,-0.275
747,0.0,0.0,0.0,0.0,0.0,0.0,-0.275
748,0.0,0.0,0.0,0.0,0.0,0.0,-0.275
749,0.0,0.0,0.0,0.0,0.0,0.0,-0.275
750,0.0,0.0,0.0,0.0,0.0,0.0,-0.275
751,0.0,0.0,0.0,0.0,0.0,0.0,-0.275
752,0.0,0.0,0.0,0.0,0.0,0.0,-0.275
753,0.0,0.0,0.0,0.0,0.0,0.0,-0.275
754,0.0,0.0,0.0,0.0,0.0,0.0,-0.275
755,73.21331597222222,60.583385416666665,1030.3968055555556,178.43276230913276,0.0,0.0,-2.9129749891493057
756,146.36233503129748,121.17270368787977,1162.54518029107,462.9994596187702,0.0,0.0,51.354648756252395
757,146.3720138888889,121.24010416666667,1207.5519444444444,505.81943316513866,0.0,0.0,51.319071180555554
758,146.28359375,121.17541666666666,1118.3744444444444,477.0307677857858,0.0,0.0,51.254305555555554
759,146.36680555555554,121.29282986111112,1072.5181944444444,457.16281003533294,0.0,0.0,51.19677517361111
760,146.27975694444444,121.22668402777778,1011.5743055555556,422.3415369493868,0.0,0.0,51.260616319444445
761,146.3177951388889,121.26901041666666,782.3065972222222,309.16990635491675,0.0,0.0,51.13663628472222
762,96.96060763888889,71.53565972222222,237.68118055555556,72.06089689343467,0.0,0.0,26.022376302083334
763,0.0,0.0,0.0,0.0,0.0,0.0,-0.5084750027126737
764,0.0,0.0,0.0,0.0,0.0,0.0,-0.275
765,0.0,0.0,0.0,0.0,0.0,0.0,-0.275
766,0.0,0.0,0.0,0.0,0.0,0.0,-0.275
767,0.0,0.0,0.0,0.0,0.0,0.0,-0.275
768,0.0,0.0,0.0,0.0,0.0,0.0,-0.275
769,0.0,0.0,0.0,0.0,0.0,0.0,-0.275
770,0.0,0.0,0.0,0.0,0.0,0.0,-0.275
771,0.0,0.0,0.0,0.0,0.0,0.0,-0.275
772,0.0,0.0,0.0,0.0,0.0,0.0,-0.275
773,0.0,0.0,0.0,0.0,0.0,0.0,-0.275
774,0.0,0.0,0.0,0.0,0.0,0.0,-0.275
775,0.0,0.0,0.0,0.0,0.0,0.0,-0.275
776,0.0,0.0,0.0,0.0,0.0,0.0,-0.275
777,0.0,0.0,0.0,0.0,0.0,0.0,-0.275
778,0.0,0.0,0.0,0.0,0.0,0.0,-0.275
779,73.20349826388889,60.61654513888889,1089.8440277777777,189.77107134439456,0.0,0.0,-2.908751491970486
780,146.29507421281602,121.17283198038737,860.2392560662164,343.5046640088702,0.0,0.0,51.2733102803429
781,146.3399826388889,121.22354166666666,1189.1879166666668,498.85757046037105,0.0,0.0,51.30568576388889
782,146.6053298611111,121.23917534722223,1180.5856944444445,503.29075121840964,0.0,0.0,51.229144965277776
783,146.63538194444445,121.23124131944445,912.5538888888889,388.52582109373395,0.0,0.0,51.24332465277778
784,146.51491319444443,121.24534722222222,489.789375,204.51631881780915,0.0,0.0,51.14205729166667
785,146.28116319444445,121.25348090277778,595.079375,235.84390960747945,0.0,0.0,51.075642361111115
786,0.0,0.0,0.0,0.0,0.0,0.0,-0.5084750027126737
787,0.0,0.0,0.0,0.0,0.0,0.0,-0.275
788,0.0,0.0,0.0,0.0,0.0,0.0,-0.275
789,0.0,0.0,0.0,0.0,0.0,0.0,-0.275
790,0.0,0.0,0.0,0.0,0.0,0.0,-0.275
791,0.0,0.0,0.0,0.0,0.0,0.0,-0.275
792,0.0,0.0,0.0,0.0,0.0,0.0,-0.275
793,0.0,0.0,0.0,0.0,0.0,0.0,-0.275
794,0.0,0.0,0.0,0.0,0.0,0.0,-0.275
795,0.0,0.0,0.0,0.0,0.0,0.0,-0.275
796,0.0,0.0,0.0,0.0,0.0,0.0,-0.275
797,0.0,0.0,0.0,0.0,0.0,0.0,-0.275
798,0.0,0.0,0.0,0.0,0.0,0.0,-0.275
799,0.0,0.0,0.0,0.0,0.0,0.0,-0.275
800,0.0,0.0,0.0,0.0,0.0,0.0,-0.275
801,0.0,0.0,0.0,0.0,0.0,0.0,-0.275
802,0.0,0.0,0.0,0.0,0.0,0.0,-0.275
803,0.0,0.0,0.0,0.0,0.0,0.0,-0.275
804,74.17026041666666,60.63088107638889,759.1694444444445,149.91162062029125,0.0,0.0,-2.8172066921657986
805,149.0261136510637,121.25444161044227,1275.4802076509263,526.2751878869979,0.0,0.0,51.44766906030476
806,149.62479166666665,121.22196180555555,970.6394444444444,405.83442724530397,0.0,0.0,51.38475694444445
807,149.9522048611111,121.22473958333333,744.3919444444444,310.26294475068346,0.0,0.0,51.317317708333334
808,150.14159722222223,121.24459201388889,529.4838194444444,216.08454223987218,0.0,0.0,51.225711805555555
809,149.76489583333333,121.22419270833333,314.6565625,122.09769086030377,0.0,0.0,51.01867621527778
810,0.0,0.0,0.0,0.0,0.0,0.0,-0.5084750027126737
811,0.0,0.0,0.0,0.0,0.0,0.0,-0.275
812,0.0,0.0,0.0,0.0,0.0,0.0,-0.275
813,0.0,0.0,0.0,0.0,0.0,0.0,-0.275
814,0.0,0.0,0.0,0.0,0.0,0.0,-0.275
815,0.0,0.0,0.0,0.0,0.0,0.0,-0.275
816,0.0,0.0,0.0,0.0,0.0,0.0,-0.275
817,0.0,0.0,0.0,0.0,0.0,0.0,-0.275
818,0.0,0.0,0.0,0.0,0.0,0.0,-0.275
819,0.0,0.0,0.0,0.0,0.0,0.0,-0.275
820,0.0,0.0,0.0,0.0,0.0,0.0,-0.275
821,0.0,0.0,0.0,0.0,0.0,0.0,-0.275
822,0.0,0.0,0.0,0.0,0.0,0.0,-0.275
823,0.0,0.0,0.0,0.0,0.0,0.0,-0.275
824,0.0,0.0,0.0,0.0,0.0,0.0,-0.275
825,0.0,0.0,0.0,0.0,0.0,0.0,-0.275
826,0.0,0.0,0.0,0.0,0.0,0.0,-0.275
827,73.57956597222223,60.5773046875,1025.5968055555556,179.27819163569526,0.0,0.0,-2.9126019287109375
828,146.9978764936659,121.23877330356174,1108.5182277764216,442.67538247061344,0.0,0.0,50.9836619134744
829,146.7526909722222,121.24159722222223,1214.212638888889,509.41143912995733,0.0,0.0,51.42747395833333
830,146.49317708333334,121.23782986111111,1169.7722222222221,500.17453215159424,0.0,0.0,51.39740885416666
831,146.37897569444445,121.17276041666666,1106.9541666666667,472.9882500367321,0.0,0.0,51.36790364583333
832,146.40715277777778,121.22868055555556,1020.1495138888889,427.5494993582622,0.0,0.0,51.34156684027778
833,146.44371527777778,121.26777777777778,760.0863194444445,302.515961241252,0.0,0.0,51.28355902777778
834,143.86212673611112,118.70868055555556,346.2476041666667,119.23453807744161,0.0,0.0,49.89366753472222
835,0.0,0.0,0.0,0.0,0.0,0.0,-0.5084750027126737
836,0.0,0.0,0.0,0.0,0.0,0.0,-0.275
837,0.0,0.0,0.0,0.0,0.0,0.0,-0.275
838,0.0,0.0,0.0,0.0,0.0,0.0,-0.275
839,0.0,0.0,0.0,0.0,0.0,0.0,-0.275
840,0.0,0.0,0.0,0.0,0.0,0.0,-0.275
841,0.0,0.0,0.0,0.0,0.0,0.0,-0.275
842,0.0,0.0,0.0,0.0,0.0,0.0,-0.275
843,0.0,0.0,0.0,0.0,0.0,0.0,-0.275
844,0.0,0.0,0.0,0.0,0.0,0.0,-0.275
845,0.0,0.0,0.0,0.0,0.0,0.0,-0.275
846,0.0,0.0,0.0,0.0,0.0,0.0,-0.275
847,0.0,0.0,0.0,0.0,0.0,0.0,-0.275
848,0.0,0.0,0.0,0.0,0.0,0.0,-0.275
849,0.0,0.0,0.0,0.0,0.0,0.0,-0.275
850,0.0,0.0,0.0,0.0,0.0,0.0,-0.275
851,73.30686631944444,60.6244921875,660.6749652777778,116.56098742937446,0.0,0.0,-2.373043687608507
852,146.55925694783528,121.26887231614855,767.7447484673394,308.24047737203443,0.0,0.0,50.92567870967918
853,146.45569444444445,121.23064236111111,1025.0169444444443,431.46423048742065,0.0,0.0,51.400355902777775
854,146.4399826388889,121.26205729166666,636.3918055555556,272.5647835561372,0.0,0.0,51.28730902777778
855,146.32796875,121.17154513888889,312.40486111111113,133.68463106404113,0.0,0.0,51.03719184027778
856,100.84827256944445,75.76716145833333,199.80699652777778,76.29231452880617,0.0,0.0,27.959249131944443
857,146.3473263888889,121.24161458333333,480.66125,191.86926367721898,0.0,0.0,51.181875
858,0.0,0.0,0.0,0.0,0.0,0.0,-0.5084750027126737
859,0.0,0.0,0.0,0.0,0.0,0.0,-0.275
860,0.0,0.0,0.0,0.0,0.0,0.0,-0.275
861,0.0,0.0,0.0,0.0,0.0,0.0,-0.275
862,0.0,0.0,0.0,0.0,0.0,0.0,-0.275
863,0.0,0.0,0.0,0.0,0.0,0.0,-0.275
864,0.0,0.0,0.0,0.0,0.0,0.0,-0.275
865,0.0,0.0,0.0,0.0,0.0,0.0,-0.275
866,0.0,0.0,0.0,0.0,0.0,0.0,-0.275
867,0.0,0.0,0.0,0.0,0.0,0.0,-0.275
868,0.0,0.0,0.0,0.0,0.0,0.0,-0.275
869,0.0,0.0,0.0,0.0,0.0,0.0,-0.275
870,0.0,0.0,0.0,0.0,0.0,0.0,-0.275
871,0.0,0.0,0.0,0.0,0.0,0.0,-0.275
872,0.0,0.0,0.0,0.0,0.0,0.0,-0.275
873,0.0,0.0,0.0,0.0,0.0,0.0,-0.275
874,0.0,0.0,0.0,0.0,0.0,0.0,-0.275
875,73.91675347222223,60.632152777777776,831.2908680555555,146.15923570531427,0.0,0.0,-2.7402103000217015
876,83.43846905178494,55.23356917063395,172.34178527832032,55.758774098963165,0.0,0.0,15.92719923125373
877,0.0,0.0,0.0,0.0,0.0,0.0,-0.5084750027126737
878,0.0,0.0,0.0,0.0,0.0,0.0,-0.275
879,0.0,0.0,0.0,0.0,0.0,0.0,-0.275
880,0.0,0.0,0.0,0.0,0.0,0.0,-0.275
881,0.0,0.0,0.0,0.0,0.0,0.0,-0.275
882,0.0,0.0,0.0,0.0,0.0,0.0,-0.275
883,0.0,0.0,0.0,0.0,0.0,0.0,-0.275
884,0.0,0.0,0.0,0.0,0.0,0.0,-0.275
885,0.0,0.0,0.0,0.0,0.0,0.0,-0.275
886,0.0,0.0,0.0,0.0,0.0,0.0,-0.275
887,0.0,0.0,0.0,0.0,0.0,0.0,-0.275
888,0.0,0.0,0.0,0.0,0.0,0.0,-0.275
889,0.0,0.0,0.0,0.0,0.0,0.0,-0.275
890,0.0,0.0,0.0,0.0,0.0,0.0,-0.275
891,0.0,0.0,0.0,0.0,0.0,0.0,-0.275
892,0.0,0.0,0.0,0.0,0.0,0.0,-0.275
893,0.0,0.0,0.0,0.0,0.0,0.0,-0.275
894,0.0,0.0,0.0,0.0,0.0,0.0,-0.275
895,0.0,0.0,0.0,0.0,0.0,0.0,-0.275
896,0.0,0.0,0.0,0.0,0.0,0.0,-0.275
897,0.0,0.0,0.0,0.0,0.0,0.0,-0.275
898,0.0,0.0,0.0,0.0,0.0,0.0,-0.275
899,0.0,0.0,0.0,0.0,0.0,0.0,-0.275
900,75.95006076388889,60.630047743055556,693.9110069444445,134.95451866454923,0.0,0.0,-2.5981219482421873
901,151.64289630677965,121.22371055920918,1030.531568552653,420.07234774847404,0.0,0.0,51.02379807980524
902,151.83993055555555,121.23894965277778,1044.3653472222222,432.2551428051435,0.0,0.0,51.03177517361111
903,151.79590277777777,121.22026041666666,826.693125,341.91979683555394,0.0,0.0,50.991597222222225
904,151.99267361111112,121.21996527777777,825.4257638888889,334.6969308262664,0.0,0.0,50.987834201388885
905,151.40975694444444,121.221328125,879.1022222222222,340.7675707072622,0.0,0.0,50.9942578125
906,149.9075347222222,121.21690104166667,393.30385416666667,134.9536355170588,0.0,0.0,50.719296875
907,0.0,0.0,0.0,0.0,0.0,0.0,-0.5084750027126737
908,0.0,0.0,0.0,0.0,0.0,0.0,-0.275
909,0.0,0.0,0.0,0.0,0.0,0.0,-0.275
910,0.0,0.0,0.0,0.0,0.0,0.0,-0.275
911,0.0,0.0,0.0,0.0,0.0,0.0,-0.275
912,0.0,0.0,0.0,0.0,0.0,0.0,-0.275
913,0.0,0.0,0.0,0.0,0.0,0.0,-0.275
914,0.0,0.0,0.0,0.0,0.0,0.0,-0.275
915,0.0,0.0,0.0,0.0,0.0,0.0,-0.275
916,0.0,0.0,0.0,0.0,0.0,0.0,-0.275
917,0.0,0.0,0.0,0.0,0.0,0.0,-0.275
918,0.0,0.0,0.0,0.0,0.0,0.0,-0.275
919,0.0,0.0,0.0,0.0,0.0,0.0,-0.275
920,0.0,0.0,0.0,0.0,0.0,0.0,-0.275
921,0.0,0.0,0.0,0.0,0.0,0.0,-0.275
922,0.0,0.0,0.0,0.0,0.0,0.0,-0.275
923,0.0,0.0,0.0,0.0,0.0,0.0,-0.275
924,0.0,0.0,0.0,0.0,0.0,0.0,-0.275
925,0.0,0.0,0.0,0.0,0.0,0.0,-0.275
926,0.0,0.0,0.0,0.0,0.0,0.0,-0.275
927,0.0,0.0,0.0,0.0,0.0,0.0,-0.275
928,0.0,0.0,0.0,0.0,0.0,0.0,-0.275
929,0.0,0.0,0.0,0.0,0.0,0.0,-0.275
930,0.0,0.0,135.38444444444445,0.0,0.0,0.0,-1.387183566623264
931,0.0,0.0,0.0,0.0,0.0,0.0,-0.5084750027126737
932,0.0,0.0,0.0,0.0,0.0,0.0,-0.275
933,0.0,0.0,0.0,0.0,0.0,0.0,-0.275
934,0.0,0.0,0.0,0.0,0.0,0.0,-0.275
935,0.0,0.0,0.0,0.0,0.0,0.0,-0.275
936,0.0,0.0,0.0,0.0,0.0,0.0,-0.275
937,0.0,0.0,0.0,0.0,0.0,0.0,-0.275
938,0.0,0.0,0.0,0.0,0.0,0.0,-0.275
939,0.0,0.0,0.0,0.0,0.0,0.0,-0.275
940,0.0,0.0,0.0,0.0,0.0,0.0,-0.275
941,0.0,0.0,0.0,0.0,0.0,0.0,-0.275
942,0.0,0.0,0.0,0.0,0.0,0.0,-0.275
943,0.0,0.0,0.0,0.0,0.0,0.0,-0.275
944,0.0,0.0,0.0,0.0,0.0,0.0,-0.275
945,0.0,0.0,0.0,0.0,0.0,0.0,-0.275
946,0.0,0.0,0.0,0.0,0.0,0.0,-0.275
947,75.72426215277778,60.612065972222226,503.56916666666666,87.61572934422671,0.0,0.0,-2.213169894748264
948,0.0,0.0,0.0,0.0,0.0,0.0,-0.5084750027126737
949,0.0,0.0,106.73271701388889,0.0,0.0,0.0,-1.2494508192274305
950,126.1346484375,99.26993923611111,644.7244010416666,215.78037898462856,0.0,0.0,14.821394822862413
951,0.0,0.0,0.0,0.0,0.0,0.0,-0.5084750027126737
952,76.38861979166667,60.62783854166667,626.4142708333334,126.74432596771665,0.0,0.0,-2.498577338324653
953,0.0,0.0,0.0,0.0,0.0,0.0,-0.5084750027126737
954,0.0,0.0,0.0,0.0,0.0,0.0,-0.275
955,0.0,0.0,0.0,0.0,0.0,0.0,-0.275
956,0.0,0.0,0.0,0.0,0.0,0.0,-0.275
957,0.0,0.0,0.0,0.0,0.0,0.0,-0.275
958,0.0,0.0,0.0,0.0,0.0,0.0,-0.275
959,0.0,0.0,0.0,0.0,0.0,0.0,-0.275
960,0.0,0.0,0.0,0.0,0.0,0.0,-0.275
961,0.0,0.0,0.0,0.0,0.0,0.0,-0.275
962,0.0,0.0,0.0,0.0,0.0,0.0,-0.275
963,0.0,0.0,0.0,0.0,0.0,0.0,-0.275
964,0.0,0.0,0.0,0.0,0.0,0.0,-0.275
965,0.0,0.0,0.0,0.0,0.0,0.0,-0.275
966,0.0,0.0,0.0,0.0,0.0,0.0,-0.275
967,0.0,0.0,0.0,0.0,0.0,0.0,-0.275
968,0.0,0.0,0.0,0.0,0.0,0.0,-0.275
969,0.0,0.0,0.0,0.0,0.0,0.0,-0.275
970,0.0,0.0,0.0,0.0,0.0,0.0,-0.275
971,0.0,0.0,0.0,0.0,0.0,0.0,-0.275
972,0.0,0.0,0.0,0.0,0.0,0.0,-0.275
973,0.0,0.0,0.0,0.0,0.0,0.0,-0.275
974,0.0,0.0,0.0,0.0,0.0,0.0,-0.275
975,0.0,0.0,0.0,0.0,0.0,0.0,-0.275
976,0.0,0.0,0.0,0.0,0.0,0.0,-0.275
977,0.0,0.0,0.0,0.0,0.0,0.0,-0.275
978,0.0,0.0,0.0,0.0,0.0,0.0,-0.275
979,0.0,0.0,0.0,0.0,0.0,0.0,-0.275
980,0.0,0.0,0.0,0.0,0.0,0.0,-0.275
981,0.0,0.0,0.0,0.0,0.0,0.0,-0.275
982,0.0,0.0,0.0,0.0,0.0,0.0,-0.275
983,0.0,0.0,0.0,0.0,0.0,0.0,-0.275
984,0.0,0.0,0.0,0.0,0.0,0.0,-0.275
985,0.0,0.0,0.0,0.0,0.0,0.0,-0.275
986,0.0,0.0,0.0,0.0,0.0,0.0,-0.275
987,0.0,0.0,0.0,0.0,0.0,0.0,-0.275
988,0.0,0.0,0.0,0.0,0.0,0.0,-0.275
989,0.0,0.0,0.0,0.0,0.0,0.0,-0.275
990,0.0,0.0,0.0,0.0,0.0,0.0,-0.275
991,0.0,0.0,0.0,0.0,0.0,0.0,-0.275
992,0.0,0.0,0.0,0.0,0.0,0.0,-0.275
993,0.0,0.0,0.0,0.0,0.0,0.0,-0.275
994,0.0,0.0,0.0,0.0,0.0,0.0,-0.275
995,0.0,0.0,0.0,0.0,0.0,0.0,-0.275
996,0.0,0.0,0.0,0.0,0.0,0.0,-0.275
997,0.0,0.0,0.0,0.0,0.0,0.0,-0.275
998,0.0,0.0,0.0,0.0,0.0,0.0,-0.275
999,76.55303819444444,60.60684895833333,867.3449305555556,178.59178646548534,0.0,0.0,-2.9127568901909724
1000,152.9074155722724,121.21787209828695,797.8796120961507,323.3999371452022,0.0,0.0,51.31216919221812
1001,151.89026041666668,121.22035590277778,850.5313888888888,331.5923331998217,0.0,0.0,51.330625
1002,150.3591840277778,121.233046875,531.6410763888889,185.61583397208815,0.0,0.0,51.20109375
1003,0.0,0.0,0.0,0.0,0.0,0.0,-0.5084750027126737
1004,0.0,0.0,0.0,0.0,0.0,0.0,-0.275
1005,0.0,0.0,0.0,0.0,0.0,0.0,-0.275
1006,0.0,0.0,0.0,0.0,0.0,0.0,-0.275
1007,0.0,0.0,0.0,0.0,0.0,0.0,-0.275
1008,0.0,0.0,0.0,0.0,0.0,0.0,-0.275
1009,0.0,0.0,0.0,0.0,0.0,0.0,-0.275
1010,0.0,0.0,0.0,0.0,0.0,0.0,-0.275
1011,0.0,0.0,0.0,0.0,0.0,0.0,-0.275
1012,0.0,0.0,0.0,0.0,0.0,0.0,-0.275
1013,0.0,0.0,0.0,0.0,0.0,0.0,-0.275
1014,0.0,0.0,0.0,0.0,0.0,0.0,-0.275
1015,0.0,0.0,0.0,0.0,0.0,0.0,-0.275
1016,0.0,0.0,0.0,0.0,0.0,0.0,-0.275
1017,0.0,0.0,0.0,0.0,0.0,0.0,-0.275
1018,0.0,0.0,0.0,0.0,0.0,0.0,-0.275
1019,0.0,0.0,0.0,0.0,0.0,0.0,-0.275
1020,0.0,0.0,0.0,0.0,0.0,0.0,-0.275
1021,0.0,0.0,0.0,0.0,0.0,0.0,-0.275
1022,0.0,0.0,0.0,0.0,0.0,0.0,-0.275
1023,0.0,0.0,0.0,0.0,0.0,0.0,-0.275
1024,0.0,0.0,0.0,0.0,0.0,0.0,-0.275
1025,0.0,0.0,0.0,0.0,0.0,0.0,-0.275
1026,0.0,0.0,0.0,0.0,0.0,0.0,-0.275
1027,0.0,0.0,0.0,0.0,0.0,0.0,-0.275
1028,0.0,0.0,0.0,0.0,0.0,0.0,-0.275
1029,0.0,0.0,0.0,0.0,0.0,0.0,-0.275
1030,0.0,0.0,0.0,0.0,0.0,0.0,-0.275
1031,0.0,0.0,0.0,0.0,0.0,0.0,-0.275
1032,0.0,0.0,0.0,0.0,0.0,0.0,-0.275
1033,0.0,0.0,0.0,0.0,0.0,0.0,-0.275
1034,0.0,0.0,0.0,0.0,0.0,0.0,-0.275
1035,0.0,0.0,0.0,0.0,0.0,0.0,-0.275
1036,0.0,0.0,0.0,0.0,0.0,0.0,-0.275
1037,0.0,0.0,0.0,0.0,0.0,0.0,-0.275
1038,0.0,0.0,0.0,0.0,0.0,0.0,-0.275
1039,0.0,0.0,0.0,0.0,0.0,0.0,-0.275
1040,0.0,0.0,0.0,0.0,0.0,0.0,-0.275
1041,0.0,0.0,0.0,0.0,0.0,0.0,-0.275
1042,0.0,0.0,0.0,0.0,0.0,0.0,-0.275
1043,0.0,0.0,0.0,0.0,0.0,0.0,-0.275
1044,0.0,0.0,0.0,0.0,0.0,0.0,-0.275
1045,0.0,0.0,0.0,0.0,0.0,0.0,-0.275
1046,0.0,0.0,0.0,0.0,0.0,0.0,-0.275
1047,0.0,0.0,0.0,0.0,0.0,0.0,-0.275
1048,0.0,0.0,0.0,0.0,0.0,0.0,-0.275
1049,0.0,0.0,0.0,0.0,0.0,0.0,-0.275
1050,0.0,0.0,0.0,0.0,0.0,0.0,-0.275
1051,0.0,0.0,0.0,0.0,0.0,0.0,-0.275
1052,0.0,0.0,0.0,0.0,0.0,0.0,-0.275
1053,0.0,0.0,0.0,0.0,0.0,0.0,-0.275
1054,0.0,0.0,0.0,0.0,0.0,0.0,-0.275
1055,0.0,0.0,0.0,0.0,0.0,0.0,-0.275
1056,0.0,0.0,0.0,0.0,0.0,0.0,-0.275
1057,0.0,0.0,0.0,0.0,0.0,0.0,-0.275
1058,0.0,0.0,0.0,0.0,0.0,0.0,-0.275
1059,0.0,0.0,0.0,0.0,0.0,0.0,-0.275
1060,0.0,0.0,0.0,0.0,0.0,0.0,-0.275
1061,0.0,0.0,0.0,0.0,0.0,0.0,-0.275
1062,0.0,0.0,0.0,0.0,0.0,0.0,-0.275
1063,0.0,0.0,0.0,0.0,0.0,0.0,-0.275
1064,0.0,0.0,0.0,0.0,0.0,0.0,-0.275
1065,0.0,0.0,0.0,0.0,0.0,0.0,-0.275
1066,0.0,0.0,0.0,0.0,0.0,0.0,-0.275
1067,0.0,0.0,0.0,0.0,0.0,0.0,-0.275
1068,0.0,0.0,0.0,0.0,0.0,0.0,-0.275
1069,55.76581597222222,43.54250434027778,290.8183333333333,43.73906379213728,0.0,0.0,-2.1219882541232638
1070,0.0,0.0,0.0,0.0,0.0,0.0,-0.5084750027126737
1071,0.0,0.0,155.78446180555557,0.0,0.0,0.0,-1.5823552788628472
1072,66.19719618055555,45.016879340277775,209.6497048611111,45.34146241107959,0.0,0.0,-1.766798095703125
1073,155.24430338541666,121.25823350694445,641.6367447916666,246.33156291367996,0.0,0.0,44.1283044772678
1074,154.98081597222222,121.20197916666666,416.5757638888889,143.0300387051861,0.0,0.0,50.74986111111111
1075,0.0,0.0,0.0,0.0,0.0,0.0,-0.5084750027126737
1076,0.0,0.0,0.0,0.0,0.0,0.0,-0.275
1077,0.0,0.0,0.0,0.0,0.0,0.0,-0.275
1078,0.0,0.0,0.0,0.0,0.0,0.0,-0.275
1079,0.0,0.0,0.0,0.0,0.0,0.0,-0.275
1080,0.0,0.0,0.0,0.0,0.0,0.0,-0.275
1081,0.0,0.0,0.0,0.0,0.0,0.0,-0.275
1082,0.0,0.0,0.0,0.0,0.0,0.0,-0.275
1083,0.0,0.0,0.0,0.0,0.0,0.0,-0.275
1084,0.0,0.0,0.0,0.0,0.0,0.0,-0.275
1085,0.0,0.0,0.0,0.0,0.0,0.0,-0.275
1086,0.0,0.0,0.0,0.0,0.0,0.0,-0.275
1087,0.0,0.0,0.0,0.0,0.0,0.0,-0.275
1088,0.0,0.0,0.0,0.0,0.0,0.0,-0.275
1089,0.0,0.0,0.0,0.0,0.0,0.0,-0.275
1090,74.35602430555555,60.627278645833336,1043.9608680555555,131.4673401487396,0.0,0.0,-2.530978190104167
1091,150.6726673634847,121.2136548476749,440.69718426174586,158.3247355057443,0.0,0.0,50.79606576146351
1092,151.99817708333333,121.22650173611112,441.8028125,174.48462088651897,0.0,0.0,50.82918402777778
1093,0.0,0.0,0.0,0.0,0.0,0.0,-0.5084750027126737
1094,0.0,0.0,0.0,0.0,0.0,0.0,-0.275
1095,57.84211805555555,46.09269097222222,286.9217013888889,46.296251850060465,0.0,0.0,-2.133491414388021
1096,0.0,0.0,0.0,0.0,0.0,0.0,-0.5084750027126737
1097,76.19873263888888,60.63344618055555,737.9065625,144.5795748490231,0.0,0.0,-2.760076700846354
1098,150.68668166266548,121.25121845245361,667.1199085913764,236.7036945794855,0.0,0.0,50.92140169004599
1099,0.0,0.0,0.0,0.0,0.0,0.0,-0.5084750027126737
1100,0.0,0.0,0.0,0.0,0.0,0.0,-0.275
1101,0.0,0.0,0.0,0.0,0.0,0.0,-0.275
1102,0.0,0.0,0.0,0.0,0.0,0.0,-0.275
1103,0.0,0.0,0.0,0.0,0.0,0.0,-0.275
1104,0.0,0.0,0.0,0.0,0.0,0.0,-0.275
1105,0.0,0.0,0.0,0.0,0.0,0.0,-0.275
1106,0.0,0.0,0.0,0.0,0.0,0.0,-0.275
1107,0.0,0.0,0.0,0.0,0.0,0.0,-0.275
1108,0.0,0.0,0.0,0.0,0.0,0.0,-0.275
1109,0.0,0.0,0.0,0.0,0.0,0.0,-0.275
1110,0.0,0.0,0.0,0.0,0.0,0.0,-0.275
1111,0.0,0.0,0.0,0.0,0.0,0.0,-0.275
1112,0.0,0.0,0.0,0.0,0.0,0.0,-0.275
1113,0.0,0.0,0.0,0.0,0.0,0.0,-0.275
1114,75.61806423611111,60.628207465277775,1042.396736111111,131.50300379345995,0.0,0.0,-2.5472459581163194
1115,152.35670400619506,121.22510877927144,1189.7812745666504,424.57459697932455,0.0,0.0,51.05329727459285
1116,151.70105902777777,121.22609375,1234.0734722222223,489.2841872824864,0.0,0.0,51.07376736111111
1117,151.33109375,121.29503472222223,1068.2844444444445,441.7738652390396,0.0,0.0,51.055086805555554
1118,150.99651041666667,121.23202256944444,1191.2509722222221,500.4613642115236,0.0,0.0,51.0685546875
1119,150.7460590277778,121.20268229166666,912.0550694444445,383.4101462893874,0.0,0.0,51.02836805555555
1120,150.57223958333333,121.20795138888889,311.2992708333333,128.94930956195734,0.0,0.0,50.704952256944445
1121,150.42116319444443,121.24678819444445,1089.075486111111,433.1447468289348,0.0,0.0,51.04701822916667
1122,149.52508680555556,121.24006944444444,567.5332986111111,203.77365891568485,0.0,0.0,50.88733072916666
1123,0.0,0.0,0.0,0.0,0.0,0.0,-0.5084750027126737
1124,0.0,0.0,0.0,0.0,0.0,0.0,-0.275
1125,0.0,0.0,0.0,0.0,0.0,0.0,-0.275
1126,0.0,0.0,0.0,0.0,0.0,0.0,-0.275
1127,0.0,0.0,0.0,0.0,0.0,0.0,-0.275
1128,0.0,0.0,0.0,0.0,0.0,0.0,-0.275
1129,0.0,0.0,0.0,0.0,0.0,0.0,-0.275
1130,0.0,0.0,0.0,0.0,0.0,0.0,-0.275
1131,0.0,0.0,0.0,0.0,0.0,0.0,-0.275
1132,0.0,0.0,0.0,0.0,0.0,0.0,-0.275
1133,0.0,0.0,0.0,0.0,0.0,0.0,-0.275
1134,0.0,0.0,0.0,0.0,0.0,0.0,-0.275
1135,0.0,0.0,0.0,0.0,0.0,0.0,-0.275
1136,0.0,0.0,0.0,0.0,0.0,0.0,-0.275
1137,0.0,0.0,0.0,0.0,0.0,0.0,-0.275
1138,73.44089409722223,60.62841145833333,1011.1697916666667,133.74072061404553,0.0,0.0,-2.54725836859809
1139,147.22771099514432,121.22420498741998,1124.6845188395182,417.07727515928804,0.0,0.0,50.99956047150824
1140,148.07614583333333,121.22890625,1205.893611111111,490.76718110024547,0.0,0.0,51.076167534722224
1141,148.3449652777778,121.15518229166666,1141.5115277777777,481.5965424615129,0.0,0.0,51.02323784722222
1142,148.98960069444445,121.26097222222222,638.9401388888889,272.37676657599707,0.0,0.0,50.959743923611114
1143,149.44590277777777,121.25252604166667,1235.07125,524.4440616425657,0.0,0.0,51.067296006944446
1144,149.7798611111111,121.22419270833333,757.1739583333333,315.7234598238452,0.0,0.0,50.98744791666667
1145,149.7525347222222,121.208828125,958.1539583333333,383.37179956949217,0.0,0.0,51.02349826388889
1146,148.35791666666665,121.24151041666667,582.0277083333333,211.4871520943526,0.0,0.0,50.90065972222222
1147,0.0,0.0,0.0,0.0,0.0,0.0,-0.5084750027126737
1148,0.0,0.0,0.0,0.0,0.0,0.0,-0.275
1149,0.0,0.0,0.0,0.0,0.0,0.0,-0.275
1150,0.0,0.0,0.0,0.0,0.0,0.0,-0.275
1151,0.0,0.0,0.0,0.0,0.0,0.0,-0.275
1152,0.0,0.0,0.0,0.0,0.0,0.0,-0.275
1153,0.0,0.0,0.0,0.0,0.0,0.0,-0.275
1154,0.0,0.0,0.0,0.0,0.0,0.0,-0.275
1155,0.0,0.0,0.0,0.0,0.0,0.0,-0.275
1156,0.0,0.0,0.0,0.0,0.0,0.0,-0.275
1157,0.0,0.0,0.0,0.0,0.0,0.0,-0.275
1158,0.0,0.0,0.0,0.0,0.0,0.0,-0.275
1159,0.0,0.0,0.0,0.0,0.0,0.0,-0.275
1160,0.0,0.0,0.0,0.0,0.0,0.0,-0.275
1161,0.0,0.0,0.0,0.0,0.0,0.0,-0.275
1162,0.0,0.0,0.0,0.0,0.0,0.0,-0.275
1163,0.0,0.0,0.0,0.0,0.0,0.0,-0.275
1164,0.0,0.0,0.0,0.0,0.0,0.0,-0.275
1165,0.0,0.0,0.0,0.0,0.0,0.0,-0.275
1166,0.0,0.0,0.0,0.0,0.0,0.0,-0.275
1167,0.0,0.0,0.0,0.0,0.0,0.0,-0.275
1168,0.0,0.0,0.0,0.0,0.0,0.0,-0.275
1169,0.0,0.0,0.0,0.0,0.0,0.0,-0.275
1170,0.0,0.0,0.0,0.0,0.0,0.0,-0.275
1171,0.0,0.0,0.0,0.0,0.0,0.0,-0.275
1172,0.0,0.0,0.0,0.0,0.0,0.0,-0.275
1173,0.0,0.0,0.0,0.0,0.0,0.0,-0.275
1174,0.0,0.0,0.0,0.0,0.0,0.0,-0.275
1175,0.0,0.0,0.0,0.0,0.0,0.0,-0.275
1176,0.0,0.0,0.0,0.0,0.0,0.0,-0.275
1177,0.0,0.0,0.0,0.0,0.0,0.0,-0.275
1178,0.0,0.0,0.0,0.0,0.0,0.0,-0.275
1179,0.0,0.0,0.0,0.0,0.0,0.0,-0.275
1180,0.0,0.0,0.0,0.0,0.0,0.0,-0.275
1181,0.0,0.0,0.0,0.0,0.0,0.0,-0.275
1182,0.0,0.0,0.0,0.0,0.0,0.0,-0.275
1183,0.0,0.0,0.0,0.0,0.0,0.0,-0.275
1184,0.0,0.0,0.0,0.0,0.0,0.0,-0.275
1185,0.0,0.0,0.0,0.0,0.0,0.0,-0.275
1186,74.76686631944445,60.611827256944444,543.6815798611111,73.11597110006146,0.0,0.0,-2.1704948594835067
1187,0.0,0.0,0.0,0.0,0.0,0.0,-0.5084750027126737
1188,74.73796875,60.62973958333333,684.5536458333333,138.54788581612675,0.0,0.0,-2.6315724012586807
1189,141.14371230655246,113.14389859729343,273.7621186023288,113.66905657305536,0.0,0.0,46.60787506505847
1190,149.01362847222222,121.23230034722222,419.5960416666667,179.14710968919502,0.0,0.0,50.82788194444444
1191,128.87341145833332,101.14922743055556,246.8362673611111,101.67458098437115,0.0,0.0,40.531328125
1192,89.04915798611111,61.02935329861111,173.1912152777778,61.55476389146296,0.0,0.0,21.530052083333334
1193,149.0556076388889,121.240390625,503.08375,203.01767883244435,0.0,0.0,50.87119791666667
1194,148.294375,121.24175347222223,578.1040972222222,211.80312619860845,0.0,0.0,50.89171875
1195,0.0,0.0,0.0,0.0,0.0,0.0,-0.5084750027126737
1196,0.0,0.0,0.0,0.0,0.0,0.0,-0.275
1197,0.0,0.0,0.0,0.0,0.0,0.0,-0.275
1198,0.0,0.0,0.0,0.0,0.0,0.0,-0.275
1199,0.0,0.0,0.0,0.0,0.0,0.0,-0.275
1200,0.0,0.0,0.0,0.0,0.0,0.0,-0.275
1201,0.0,0.0,0.0,0.0,0.0,0.0,-0.275
1202,0.0,0.0,0.0,0.0,0.0,0.0,-0.275
1203,0.0,0.0,0.0,0.0,0.0,0.0,-0.275
1204,0.0,0.0,0.0,0.0,0.0,0.0,-0.275
1205,0.0,0.0,0.0,0.0,0.0,0.0,-0.275
1206,0.0,0.0,0.0,0.0,0.0,0.0,-0.275
1207,0.0,0.0,0.0,0.0,0.0,0.0,-0.275
1208,0.0,0.0,0.0,0.0,0.0,0.0,-0.275
1209,0.0,0.0,0.0,0.0,0.0,0.0,-0.275
1210,74.09751736111112,60.629956597222225,1066.9361458333333,147.26506409050955,0.0,0.0,-2.7642466905381946
1211,148.98807996696897,121.24144159475962,1201.4576501210531,445.75833755594414,0.0,0.0,51.040937014180756
1212,149.75190972222222,121.22624131944444,1018.6529166666667,412.24084103365385,0.0,0.0,51.023411458333335
1213,150.24328125,121.23065104166666,1187.2329166666666,496.61939443482413,0.0,0.0,51.452365451388886
1214,150.17887152777777,121.25289930555556,1234.5723611111111,523.5978292994539,0.0,0.0,51.43423611111111
1215,149.95215277777777,121.23732638888889,1196.0644444444445,507.5455938491881,0.0,0.0,51.415538194444444
1216,149.92460069444445,121.22458333333333,1131.1159722222221,472.8145755078505,0.0,0.0,51.405026041666666
1217,149.94664930555555,121.20981770833333,967.20125,388.5728791204658,0.0,0.0,51.38771701388889
1218,148.6395486111111,121.25660590277778,561.5872222222222,206.06935919880615,0.0,0.0,51.22685329861111
1219,0.0,0.0,0.0,0.0,0.0,0.0,-0.5084750027126737
1220,0.0,0.0,0.0,0.0,0.0,0.0,-0.275
1221,0.0,0.0,0.0,0.0,0.0,0.0,-0.275
1222,0.0,0.0,0.0,0.0,0.0,0.0,-0.275
1223,0.0,0.0,0.0,0.0,0.0,0.0,-0.275
1224,0.0,0.0,0.0,0.0,0.0,0.0,-0.275
1225,0.0,0.0,0.0,0.0,0.0,0.0,-0.275
1226,0.0,0.0,0.0,0.0,0.0,0.0,-0.275
1227,0.0,0.0,0.0,0.0,0.0,0.0,-0.275
1228,0.0,0.0,0.0,0.0,0.0,0.0,-0.275
1229,0.0,0.0,0.0,0.0,0.0,0.0,-0.275
1230,0.0,0.0,0.0,0.0,0.0,0.0,-0.275
1231,0.0,0.0,0.0,0.0,0.0,0.0,-0.275
1232,0.0,0.0,0.0,0.0,0.0,0.0,-0.275
1233,0.0,0.0,0.0,0.0,0.0,0.0,-0.275
1234,73.84675347222222,60.61865017361111,681.5199305555556,95.90167833723093,0.0,0.0,-2.244497545030382
1235,148.3801161617703,121.23185131072998,1026.2439863755967,383.79036117804037,0.0,0.0,50.9503501048353
1236,148.47178819444446,121.2478125,1218.8779166666666,498.53223390274627,0.0,0.0,51.38868055555555
1237,148.4646701388889,121.15177083333333,1275.9520833333333,540.3963017721742,0.0,0.0,51.344852430555555
1238,147.80552083333333,121.1504861111111,1252.882361111111,539.9508805136238,0.0,0.0,51.296640625
1239,147.2394965277778,121.23423611111112,1125.8575694444444,486.99366440245046,0.0,0.0,51.24605034722222
1240,146.60008680555555,121.23171875,1011.0754166666667,432.71996874034085,0.0,0.0,51.20835069444445
1241,146.2409027777778,121.19131944444445,844.8145138888889,348.54806573638416,0.0,0.0,51.19280381944444
1242,146.14407986111112,121.16505208333334,383.1779861111111,143.41473542439286,0.0,0.0,50.97362413194445
1243,0.0,0.0,0.0,0.0,0.0,0.0,-0.5084750027126737
1244,0.0,0.0,0.0,0.0,0.0,0.0,-0.275
1245,0.0,0.0,0.0,0.0,0.0,0.0,-0.275
1246,0.0,0.0,0.0,0.0,0.0,0.0,-0.275
1247,0.0,0.0,0.0,0.0,0.0,0.0,-0.275
1248,0.0,0.0,0.0,0.0,0.0,0.0,-0.275
1249,0.0,0.0,0.0,0.0,0.0,0.0,-0.275
1250,0.0,0.0,0.0,0.0,0.0,0.0,-0.275
1251,0.0,0.0,0.0,0.0,0.0,0.0,-0.275
1252,0.0,0.0,0.0,0.0,0.0,0.0,-0.275
1253,0.0,0.0,0.0,0.0,0.0,0.0,-0.275
1254,0.0,0.0,0.0,0.0,0.0,0.0,-0.275
1255,0.0,0.0,0.0,0.0,0.0,0.0,-0.275
1256,0.0,0.0,0.0,0.0,0.0,0.0,-0.275
1257,0.0,0.0,0.0,0.0,0.0,0.0,-0.275
1258,73.27735243055555,60.62823784722222,919.5921875,132.4699490069912,0.0,0.0,-2.5296771240234377
1259,146.40514669630264,121.22834250556097,1122.5542069159615,427.1058673452694,0.0,0.0,50.97884476307365
1260,146.35081597222222,121.246875,1246.5993055555555,518.196322262344,0.0,0.0,51.388355034722224
1261,146.82958333333335,121.27030381944445,1272.7431944444445,546.1839604141019,0.0,0.0,51.3471875
1262,147.00885416666668,121.26886284722222,1281.372361111111,556.2752402170534,0.0,0.0,51.31779513888889
1263,147.25701388888888,121.24216145833333,1177.2688888888888,509.66568446268184,0.0,0.0,51.2864453125
1264,147.63090277777778,121.15381076388888,1067.367638888889,453.81569479793853,0.0,0.0,51.26265190972222
1265,147.9990451388889,121.21323784722222,909.0752777777777,371.29110233899837,0.0,0.0,51.28974826388889
1266,147.18682291666667,121.24002604166667,503.3803819444444,187.84551307208255,0.0,0.0,51.12046006944445
1267,0.0,0.0,0.0,0.0,0.0,0.0,-0.5084750027126737
1268,0.0,0.0,0.0,0.0,0.0,0.0,-0.275
1269,0.0,0.0,0.0,0.0,0.0,0.0,-0.275
1270,0.0,0.0,0.0,0.0,0.0,0.0,-0.275
1271,0.0,0.0,0.0,0.0,0.0,0.0,-0.275
1272,0.0,0.0,0.0,0.0,0.0,0.0,-0.275
1273,0.0,0.0,0.0,0.0,0.0,0.0,-0.275
1274,0.0,0.0,0.0,0.0,0.0,0.0,-0.275
1275,0.0,0.0,0.0,0.0,0.0,0.0,-0.275
1276,0.0,0.0,0.0,0.0,0.0,0.0,-0.275
1277,0.0,0.0,0.0,0.0,0.0,0.0,-0.275
1278,0.0,0.0,0.0,0.0,0.0,0.0,-0.275
1279,0.0,0.0,0.0,0.0,0.0,0.0,-0.275
1280,0.0,0.0,0.0,0.0,0.0,0.0,-0.275
1281,0.0,0.0,0.0,0.0,0.0,0.0,-0.275
1282,73.45017361111111,60.63024305555555,966.6753472222222,141.0182531009955,0.0,0.0,-2.64699951171875
1283,146.9267773267958,121.22973772684733,1130.104721238878,430.09040123455674,0.0,0.0,50.979867878423796
1284,146.96420138888888,121.24870659722222,1254.2173611111111,520.1284561334242,0.0,0.0,51.42822048611111
1285,146.95769097222222,121.24878472222223,1212.2980555555555,520.2748719967788,0.0,0.0,51.397725694444446
1286,147.02453125,121.270234375,1255.4172222222223,545.4534040642989,0.0,0.0,51.37378038194444
1287,146.95671875,121.2350173611111,1129.026111111111,490.18733459451636,0.0,0.0,51.337139756944445
1288,146.86178819444444,121.16625,1108.518263888889,474.32093162463786,0.0,0.0,51.3220703125
1289,146.95111111111112,121.23203993055556,951.15625,391.952871026858,0.0,0.0,51.29666232638889
1290,146.74086805555555,121.24502604166666,544.7197569444445,204.59727818455715,0.0,0.0,51.17595486111111
1291,0.0,0.0,0.0,0.0,0.0,0.0,-0.5084750027126737
1292,0.0,0.0,0.0,0.0,0.0,0.0,-0.275
1293,0.0,0.0,0.0,0.0,0.0,0.0,-0.275
1294,0.0,0.0,0.0,0.0,0.0,0.0,-0.275
1295,0.0,0.0,0.0,0.0,0.0,0.0,-0.275
1296,0.0,0.0,0.0,0.0,0.0,0.0,-0.275
1297,0.0,0.0,0.0,0.0,0.0,0.0,-0.275
1298,0.0,0.0,0.0,0.0,0.0,0.0,-0.275
1299,0.0,0.0,0.0,0.0,0.0,0.0,-0.275
1300,0.0,0.0,0.0,0.0,0.0,0.0,-0.275
1301,0.0,0.0,0.0,0.0,0.0,0.0,-0.275
1302,0.0,0.0,0.0,0.0,0.0,0.0,-0.275
1303,0.0,0.0,0.0,0.0,0.0,0.0,-0.275
1304,0.0,0.0,0.0,0.0,0.0,0.0,-0.275
1305,0.0,0.0,0.0,0.0,0.0,0.0,-0.275
1306,73.3084375,60.62126736111111,704.3604513888889,104.40931268082275,0.0,0.0,-2.2882531060112847
1307,0.0,0.0,0.0,0.0,0.0,0.0,-0.5084750027126737
1308,0.0,0.0,170.96651041666667,0.0,0.0,0.0,-1.749195556640625
1309,0.0,0.0,0.0,0.0,0.0,0.0,-0.5084750027126737
1310,74.85189236111111,60.62986111111111,645.8704513888889,137.9053102955862,0.0,0.0,-2.6239019775390626
1311,150.37573900964526,121.22408150355021,768.9447787306044,326.51607891672506,0.0,0.0,51.32612646846307
1312,150.83642361111112,121.3106423611111,1095.722638888889,457.49435203764256,0.0,0.0,51.395807291666664
1313,150.42234375,121.21835069444444,345.6543402777778,139.3563724100316,0.0,0.0,51.10471354166667
1314,0.0,0.0,0.0,0.0,0.0,0.0,-0.5084750027126737
1315,0.0,0.0,0.0,0.0,0.0,0.0,-0.275
1316,0.0,0.0,0.0,0.0,0.0,0.0,-0.275
1317,0.0,0.0,0.0,0.0,0.0,0.0,-0.275
1318,0.0,0.0,0.0,0.0,0.0,0.0,-0.275
1319,0.0,0.0,0.0,0.0,0.0,0.0,-0.275
1320,0.0,0.0,0.0,0.0,0.0,0.0,-0.275
1321,0.0,0.0,0.0,0.0,0.0,0.0,-0.275
1322,0.0,0.0,0.0,0.0,0.0,0.0,-0.275
1323,0.0,0.0,0.0,0.0,0.0,0.0,-0.275
1324,0.0,0.0,0.0,0.0,0.0,0.0,-0.275
1325,0.0,0.0,0.0,0.0,0.0,0.0,-0.275
1326,0.0,0.0,0.0,0.0,0.0,0.0,-0.275
1327,0.0,0.0,0.0,0.0,0.0,0.0,-0.275
1328,0.0,0.0,0.0,0.0,0.0,0.0,-0.275
1329,0.0,0.0,0.0,0.0,0.0,0.0,-0.275
1330,0.0,0.0,257.59583333333336,0.0,0.0,0.0,-1.8352039930555555
1331,145.80767795138888,118.41067708333334,823.29537109375,303.46175374533004,0.0,0.0,23.37252837287055
1332,148.7592534722222,121.2336545138889,1056.3922916666668,434.26612159855097,0.0,0.0,51.039592013888885
1333,0.0,0.0,0.0,0.0,0.0,0.0,-0.5084750027126737
1334,74.46552083333333,60.671197916666664,721.1469097222222,155.02017123004228,0.0,0.0,-2.9258099365234376
1335,148.98812950452168,121.24755160543654,523.065803519355,224.4147178592324,0.0,0.0,50.891253564357754
1336,148.67072916666666,121.27056423611111,594.3513194444445,251.94185256281048,0.0,0.0,50.885746527777776
1337,148.59317708333333,121.14555555555556,799.3897222222222,326.5688425811132,0.0,0.0,50.98552951388889
1338,145.48794270833332,118.20743055555556,319.33520833333336,118.73252179443102,0.0,0.0,49.25592881944444
1339,0.0,0.0,0.0,0.0,0.0,0.0,-0.5084750027126737
1340,0.0,0.0,0.0,0.0,0.0,0.0,-0.275
1341,0.0,0.0,0.0,0.0,0.0,0.0,-0.275
1342,0.0,0.0,0.0,0.0,0.0,0.0,-0.275
1343,0.0,0.0,0.0,0.0,0.0,0.0,-0.275
1344,0.0,0.0,0.0,0.0,0.0,0.0,-0.275
1345,0.0,0.0,0.0,0.0,0.0,0.0,-0.275
1346,0.0,0.0,0.0,0.0,0.0,0.0,-0.275
1347,0.0,0.0,0.0,0.0,0.0,0.0,-0.275
1348,0.0,0.0,0.0,0.0,0.0,0.0,-0.275
1349,0.0,0.0,0.0,0.0,0.0,0.0,-0.275
1350,0.0,0.0,0.0,0.0,0.0,0.0,-0.275
1351,0.0,0.0,0.0,0.0,0.0,0.0,-0.275
1352,0.0,0.0,0.0,0.0,0.0,0.0,-0.275
1353,0.0,0.0,0.0,0.0,0.0,0.0,-0.275
1354,0.0,0.0,234.67444444444445,0.0,0.0,0.0,-1.73423828125
1355,0.0,0.0,0.0,0.0,0.0,0.0,-0.5084750027126737
1356,25.81179904513889,19.287296006944445,245.0025564236111,19.397221819098167,0.0,0.0,-2.017347412109375
1357,0.0,0.0,0.0,0.0,0.0,0.0,-0.5084750027126737
1358,0.0,0.0,0.0,0.0,0.0,0.0,-0.275
1359,0.0,0.0,0.0,0.0,0.0,0.0,-0.275
1360,0.0,0.0,0.0,0.0,0.0,0.0,-0.275
1361,0.0,0.0,0.0,0.0,0.0,0.0,-0.275
1362,0.0,0.0,0.0,0.0,0.0,0.0,-0.275
1363,0.0,0.0,0.0,0.0,0.0,0.0,-0.275
1364,0.0,0.0,0.0,0.0,0.0,0.0,-0.275
1365,0.0,0.0,0.0,0.0,0.0,0.0,-0.275
1366,0.0,0.0,0.0,0.0,0.0,0.0,-0.275
1367,0.0,0.0,0.0,0.0,0.0,0.0,-0.275
1368,0.0,0.0,0.0,0.0,0.0,0.0,-0.275
1369,0.0,0.0,0.0,0.0,0.0,0.0,-0.275
1370,0.0,0.0,0.0,0.0,0.0,0.0,-0.275
1371,0.0,0.0,0.0,0.0,0.0,0.0,-0.275
1372,0.0,0.0,0.0,0.0,0.0,0.0,-0.275
1373,0.0,0.0,0.0,0.0,0.0,0.0,-0.275
1374,0.0,0.0,0.0,0.0,0.0,0.0,-0.275
1375,0.0,0.0,0.0,0.0,0.0,0.0,-0.275
1376,0.0,0.0,0.0,0.0,0.0,0.0,-0.275
1377,0.0,0.0,0.0,0.0,0.0,0.0,-0.275
1378,0.0,0.0,0.0,0.0,0.0,0.0,-0.275
1379,0.0,0.0,0.0,0.0,0.0,0.0,-0.275
1380,0.0,0.0,200.81822916666667,0.0,0.0,0.0,-1.940732150607639
1381,0.0,0.0,0.0,0.0,0.0,0.0,-0.5084750027126737
1382,75.4356423611111,60.60975694444444,733.1874652777777,155.69642953209762,0.0,0.0,-2.9252357991536457
1383,151.60132475852967,121.19978685590957,921.1831928592258,388.91429204154514,0.0,0.0,51.023279698656665
1384,93.37800347222222,61.782131076388886,180.1215625,62.30723571172478,0.0,0.0,21.902569444444445
1385,0.0,0.0,0.0,0.0,0.0,0.0,-0.5084750027126737
1386,0.0,0.0,0.0,0.0,0.0,0.0,-0.275
1387,0.0,0.0,0.0,0.0,0.0,0.0,-0.275
1388,0.0,0.0,0.0,0.0,0.0,0.0,-0.275
1389,0.0,0.0,0.0,0.0,0.0,0.0,-0.275
1390,0.0,0.0,0.0,0.0,0.0,0.0,-0.275
1391,0.0,0.0,0.0,0.0,0.0,0.0,-0.275
1392,0.0,0.0,0.0,0.0,0.0,0.0,-0.275
1393,0.0,0.0,0.0,0.0,0.0,0.0,-0.275
1394,0.0,0.0,0.0,0.0,0.0,0.0,-0.275
1395,0.0,0.0,0.0,0.0,0.0,0.0,-0.275
1396,0.0,0.0,0.0,0.0,0.0,0.0,-0.275
1397,0.0,0.0,0.0,0.0,0.0,0.0,-0.275
1398,0.0,0.0,0.0,0.0,0.0,0.0,-0.275
1399,0.0,0.0,0.0,0.0,0.0,0.0,-0.275
1400,0.0,0.0,0.0,0.0,0.0,0.0,-0.275
1401,0.0,0.0,0.0,0.0,0.0,0.0,-0.275
1402,0.0,0.0,0.0,0.0,0.0,0.0,-0.275
1403,0.0,0.0,0.0,0.0,0.0,0.0,-0.275
1404,0.0,0.0,0.0,0.0,0.0,0.0,-0.275
1405,0.0,0.0,0.0,0.0,0.0,0.0,-0.275
1406,75.57426215277778,60.612530381944445,415.1735590277778,88.08220991572796,0.0,0.0,-2.2146788872612846
1407,151.68880867216322,121.24892589675055,540.216404223972,228.22305582756482,0.0,0.0,50.903249109701974
1408,0.0,0.0,0.0,0.0,0.0,0.0,-0.5084750027126737
1409,0.0,0.0,112.42260416666667,0.0,0.0,0.0,-1.337235107421875
1410,0.0,0.0,0.0,0.0,0.0,0.0,-0.5084750027126737
1411,0.0,0.0,0.0,0.0,0.0,0.0,-0.275
1412,0.0,0.0,0.0,0.0,0.0,0.0,-0.275
1413,0.0,0.0,0.0,0.0,0.0,0.0,-0.275
1414,0.0,0.0,0.0,0.0,0.0,0.0,-0.275
1415,0.0,0.0,0.0,0.0,0.0,0.0,-0.275
1416,0.0,0.0,0.0,0.0,0.0,0.0,-0.275
1417,0.0,0.0,0.0,0.0,0.0,0.0,-0.275
1418,0.0,0.0,0.0,0.0,0.0,0.0,-0.275
1419,0.0,0.0,0.0,0.0,0.0,0.0,-0.275
1420,0.0,0.0,0.0,0.0,0.0,0.0,-0.275
1421,0.0,0.0,0.0,0.0,0.0,0.0,-0.275
1422,0.0,0.0,0.0,0.0,0.0,0.0,-0.275
1423,0.0,0.0,0.0,0.0,0.0,0.0,-0.275
1424,0.0,0.0,0.0,0.0,0.0,0.0,-0.275
1425,0.0,0.0,0.0,0.0,0.0,0.0,-0.275
1426,0.0,0.0,248.69692708333332,0.0,0.0,0.0,-1.893400607638889
1427,144.98645399305556,119.91371527777778,907.5786208767361,350.5047696940306,0.0,0.0,24.074998630947537
1428,146.48680555555555,121.22345486111111,974.1584722222223,409.61309243999546,0.0,0.0,51.00134548611111
1429,146.440625,121.24331597222222,1182.6351388888888,512.7252481372435,0.0,0.0,51.025234375
1430,146.47609375,121.26358506944445,609.4929166666667,267.2797204361426,0.0,0.0,50.90858506944444
1431,146.7679861111111,121.25759548611111,575.8388888888888,251.73868275581202,0.0,0.0,51.29103732638889
1432,146.9100173611111,121.280234375,1040.9136805555556,448.40604548961517,0.0,0.0,51.39205295138889
1433,147.02532986111112,121.20138020833333,954.2708333333334,396.7310202987837,0.0,0.0,51.37713107638889
1434,146.77475694444445,121.2531857638889,613.4165277777778,234.97706266525392,0.0,0.0,50.8726953125
1435,0.0,0.0,0.0,0.0,0.0,0.0,-0.5084750027126737
1436,0.0,0.0,0.0,0.0,0.0,0.0,-0.275
1437,0.0,0.0,0.0,0.0,0.0,0.0,-0.275
1438,0.0,0.0,0.0,0.0,0.0,0.0,-0.275
1439,0.0,0.0,0.0,0.0,0.0,0.0,-0.275
1440,0.0,0.0,0.0,0.0,0.0,0.0,-0.275
1441,0.0,0.0,0.0,0.0,0.0,0.0,-0.275
1442,0.0,0.0,0.0,0.0,0.0,0.0,-0.275
1443,0.0,0.0,0.0,0.0,0.0,0.0,-0.275
1444,0.0,0.0,0.0,0.0,0.0,0.0,-0.275
1445,0.0,0.0,0.0,0.0,0.0,0.0,-0.275
1446,0.0,0.0,0.0,0.0,0.0,0.0,-0.275
1447,0.0,0.0,0.0,0.0,0.0,0.0,-0.275
1448,0.0,0.0,0.0,0.0,0.0,0.0,-0.275
1449,0.0,0.0,0.0,0.0,0.0,0.0,-0.275
1450,73.43694444444445,60.63263454861111,961.0259027777778,153.48416637407735,0.0,0.0,-2.872547810872396
1451,147.2868399895562,121.2239986843533,1045.767570054796,407.4499679454954,0.0,0.0,50.98072629941834
1452,147.6909375,121.15339409722222,1144.4104166666666,477.74765302524816,0.0,0.0,51.01125868055556
1453,147.94397569444445,121.23265625,1020.7832638888889,438.4471269068722,0.0,0.0,51.03993489583333
1454,148.32376736111112,121.23738715277777,1095.9114583333333,474.8904480888672,0.0,0.0,51.04616753472222
1455,148.4895659722222,121.15276909722222,1101.897986111111,476.1005349290112,0.0,0.0,51.40654513888889
1456,148.71916666666667,121.23256076388888,1026.9046527777778,437.19983919885823,0.0,0.0,51.43020833333333
1457,148.57083333333333,121.22541666666666,890.5224305555555,366.94569309932245,0.0,0.0,51.366970486111114
1458,147.91694444444445,121.25980902777778,677.2053472222223,258.1428822425647,0.0,0.0,50.88931423611111
1459,0.0,0.0,0.0,0.0,0.0,0.0,-0.5084750027126737
1460,0.0,0.0,0.0,0.0,0.0,0.0,-0.275
1461,0.0,0.0,0.0,0.0,0.0,0.0,-0.275
1462,0.0,0.0,0.0,0.0,0.0,0.0,-0.275
1463,0.0,0.0,0.0,0.0,0.0,0.0,-0.275
1464,0.0,0.0,0.0,0.0,0.0,0.0,-0.275
1465,0.0,0.0,0.0,0.0,0.0,0.0,-0.275
1466,0.0,0.0,0.0,0.0,0.0,0.0,-0.275
1467,0.0,0.0,0.0,0.0,0.0,0.0,-0.275
1468,0.0,0.0,0.0,0.0,0.0,0.0,-0.275
1469,0.0,0.0,0.0,0.0,0.0,0.0,-0.275
1470,0.0,0.0,0.0,0.0,0.0,0.0,-0.275
1471,0.0,0.0,0.0,0.0,0.0,0.0,-0.275
1472,0.0,0.0,0.0,0.0,0.0,0.0,-0.275
1473,0.0,0.0,0.0,0.0,0.0,0.0,-0.275
1474,0.0,0.0,0.0,0.0,0.0,0.0,-0.275
1475,74.73356770833334,60.622235243055556,587.1647916666667,113.09390912879289,0.0,0.0,-2.3550148518880207
1476,0.0,0.0,0.0,0.0,0.0,0.0,-0.5084750027126737
1477,0.0,0.0,0.0,0.0,0.0,0.0,-0.275
1478,0.0,0.0,0.0,0.0,0.0,0.0,-0.275
1479,0.0,0.0,0.0,0.0,0.0,0.0,-0.275
1480,0.0,0.0,0.0,0.0,0.0,0.0,-0.275
1481,18.81230251736111,13.953098958333333,232.3553342013889,14.037533855290167,0.0,0.0,-1.9955535549587673
1482,0.0,0.0,0.0,0.0,0.0,0.0,-0.5084750027126737
1483,0.0,0.0,0.0,0.0,0.0,0.0,-0.275
1484,0.0,0.0,0.0,0.0,0.0,0.0,-0.275
1485,0.0,0.0,0.0,0.0,0.0,0.0,-0.275
1486,0.0,0.0,0.0,0.0,0.0,0.0,-0.275
1487,0.0,0.0,0.0,0.0,0.0,0.0,-0.275
1488,0.0,0.0,0.0,0.0,0.0,0.0,-0.275
1489,0.0,0.0,0.0,0.0,0.0,0.0,-0.275
1490,0.0,0.0,0.0,0.0,0.0,0.0,-0.275
1491,0.0,0.0,0.0,0.0,0.0,0.0,-0.275
1492,0.0,0.0,0.0,0.0,0.0,0.0,-0.275
1493,0.0,0.0,0.0,0.0,0.0,0.0,-0.275
1494,0.0,0.0,0.0,0.0,0.0,0.0,-0.275
1495,0.0,0.0,0.0,0.0,0.0,0.0,-0.275
1496,0.0,0.0,0.0,0.0,0.0,0.0,-0.275
1497,0.0,0.0,0.0,0.0,0.0,0.0,-0.275
1498,0.0,0.0,0.0,0.0,0.0,0.0,-0.275
1499,0.0,0.0,0.0,0.0,0.0,0.0,-0.275
1500,0.0,0.0,0.0,0.0,0.0,0.0,-0.275
1501,0.0,0.0,0.0,0.0,0.0,0.0,-0.275
1502,0.0,0.0,0.0,0.0,0.0,0.0,-0.275
1503,0.0,0.0,0.0,0.0,0.0,0.0,-0.275
1504,0.0,0.0,0.0,0.0,0.0,0.0,-0.275
1505,0.0,0.0,0.0,0.0,0.0,0.0,-0.275
1506,0.0,0.0,0.0,0.0,0.0,0.0,-0.275
1507,0.0,0.0,0.0,0.0,0.0,0.0,-0.275
1508,0.0,0.0,0.0,0.0,0.0,0.0,-0.275
1509,0.0,0.0,0.0,0.0,0.0,0.0,-0.275
1510,0.0,0.0,0.0,0.0,0.0,0.0,-0.275
1511,0.0,0.0,0.0,0.0,0.0,0.0,-0.275
1512,0.0,0.0,0.0,0.0,0.0,0.0,-0.275
1513,0.0,0.0,0.0,0.0,0.0,0.0,-0.275
1514,0.0,0.0,0.0,0.0,0.0,0.0,-0.275
1515,0.0,0.0,0.0,0.0,0.0,0.0,-0.275
1516,0.0,0.0,0.0,0.0,0.0,0.0,-0.275
1517,0.0,0.0,0.0,0.0,0.0,0.0,-0.275
1518,0.0,0.0,0.0,0.0,0.0,0.0,-0.275
1519,0.0,0.0,0.0,0.0,0.0,0.0,-0.275
1520,0.0,0.0,0.0,0.0,0.0,0.0,-0.275
1521,0.0,0.0,0.0,0.0,0.0,0.0,-0.275
1522,77.35498263888888,60.61081163194444,529.3759201388889,82.52012414068906,0.0,0.0,-2.1976308186848956
1523,156.2033950275845,121.20978381898668,1228.4778700256347,455.5277810535716,0.0,0.0,51.05222008170353
1524,157.80032986111112,121.31052083333333,1292.549861111111,507.93136333920006,0.0,0.0,51.06531684027778
1525,0.0,0.0,0.0,0.0,0.0,0.0,-0.5084750027126737
1526,78.28641493055555,60.63905381944444,717.2907638888889,147.6264991927774,0.0,0.0,-2.873205837673611
1527,156.90921123080784,121.20688812679714,824.5627822706434,338.082960580045,0.0,0.0,50.98551060418288
1528,156.51392361111112,121.26717881944444,646.4367361111111,262.2468414834918,0.0,0.0,50.940494791666666
1529,154.76885416666667,121.21317708333333,817.8616666666667,324.7156138019337,0.0,0.0,50.989908854166664
1530,154.38878472222223,121.26729166666667,737.9334722222222,271.660629294383,0.0,0.0,50.95422309027778
1531,0.0,0.0,0.0,0.0,0.0,0.0,-0.5084750027126737
1532,0.0,0.0,0.0,0.0,0.0,0.0,-0.275
1533,0.0,0.0,0.0,0.0,0.0,0.0,-0.275
1534,0.0,0.0,0.0,0.0,0.0,0.0,-0.275
1535,0.0,0.0,0.0,0.0,0.0,0.0,-0.275
1536,0.0,0.0,0.0,0.0,0.0,0.0,-0.275
1537,0.0,0.0,0.0,0.0,0.0,0.0,-0.275
1538,0.0,0.0,0.0,0.0,0.0,0.0,-0.275
1539,0.0,0.0,0.0,0.0,0.0,0.0,-0.275
1540,0.0,0.0,0.0,0.0,0.0,0.0,-0.275
1541,0.0,0.0,0.0,0.0,0.0,0.0,-0.275
1542,0.0,0.0,0.0,0.0,0.0,0.0,-0.275
1543,0.0,0.0,0.0,0.0,0.0,0.0,-0.275
1544,0.0,0.0,0.0,0.0,0.0,0.0,-0.275
1545,0.0,0.0,0.0,0.0,0.0,0.0,-0.275
1546,73.66299479166666,60.58127604166667,995.5292708333334,164.2823973745584,0.0,0.0,-2.9184085422092014
1547,148.2207400555081,121.23203279283311,1076.549629720052,422.0284786464925,0.0,0.0,51.033464078240925
1548,148.17875,121.23736979166667,1130.6575694444443,473.5465698633593,0.0,0.0,51.063480902777776
1549,148.41321180555556,121.15194444444444,1046.1586111111112,449.32929934045296,0.0,0.0,51.00452256944445
1550,148.52397569444443,121.13550347222223,1061.1788194444443,460.3100013695049,0.0,0.0,51.04449652777778
1551,148.8290451388889,121.31990451388889,1067.1249305555555,462.0627450049661,0.0,0.0,51.04125868055556
1552,149.53934027777777,121.23909722222223,996.7966666666666,423.48480854587723,0.0,0.0,51.02593315972222
1553,149.1991840277778,121.21146701388889,925.4303472222222,381.5917257011177,0.0,0.0,51.01102430555556
1554,148.45625,121.26649305555556,624.324375,239.61955500950248,0.0,0.0,50.876536458333334
1555,0.0,0.0,0.0,0.0,0.0,0.0,-0.5084750027126737
1556,0.0,0.0,0.0,0.0,0.0,0.0,-0.275
1557,0.0,0.0,0.0,0.0,0.0,0.0,-0.275
1558,0.0,0.0,0.0,0.0,0.0,0.0,-0.275
1559,0.0,0.0,0.0,0.0,0.0,0.0,-0.275
1560,0.0,0.0,0.0,0.0,0.0,0.0,-0.275
1561,0.0,0.0,0.0,0.0,0.0,0.0,-0.275
1562,0.0,0.0,0.0,0.0,0.0,0.0,-0.275
1563,0.0,0.0,0.0,0.0,0.0,0.0,-0.275
1564,0.0,0.0,0.0,0.0,0.0,0.0,-0.275
1565,0.0,0.0,0.0,0.0,0.0,0.0,-0.275
1566,0.0,0.0,0.0,0.0,0.0,0.0,-0.275
1567,0.0,0.0,0.0,0.0,0.0,0.0,-0.275
1568,0.0,0.0,0.0,0.0,0.0,0.0,-0.275
1569,0.0,0.0,0.0,0.0,0.0,0.0,-0.275
1570,73.37971354166666,60.63199652777778,900.9718402777778,150.60123041308043,0.0,0.0,-2.8112247043185765
1571,146.83461413065592,121.16229796091716,959.3675353325738,380.535887042915,0.0,0.0,50.96936860634221
1572,146.96,121.24058159722222,1050.7428472222223,444.352372459652,0.0,0.0,51.00145833333333
1573,147.16623263888889,121.23064236111111,994.073125,431.246527799511,0.0,0.0,51.39249565972222
1574,147.3384722222222,121.15762152777778,1044.7159027777777,457.25396894350877,0.0,0.0,51.35947482638889
1575,147.52505208333332,121.15465277777778,1030.3833333333334,449.81866333645576,0.0,0.0,51.32750434027778
1576,147.73649305555554,121.15035590277778,802.4908333333333,345.11896622427304,0.0,0.0,51.26298611111111
1577,147.85090277777778,121.25105902777777,538.7736805555555,224.51926120424855,0.0,0.0,51.165980902777775
1578,147.47680555555556,121.25201388888888,591.6546527777778,229.11664418551163,0.0,0.0,51.1928515625
1579,0.0,0.0,0.0,0.0,0.0,0.0,-0.5084750027126737
1580,0.0,0.0,0.0,0.0,0.0,0.0,-0.275
1581,0.0,0.0,0.0,0.0,0.0,0.0,-0.275
1582,0.0,0.0,0.0,0.0,0.0,0.0,-0.275
1583,0.0,0.0,0.0,0.0,0.0,0.0,-0.275
1584,0.0,0.0,0.0,0.0,0.0,0.0,-0.275
1585,0.0,0.0,0.0,0.0,0.0,0.0,-0.275
1586,0.0,0.0,0.0,0.0,0.0,0.0,-0.275
1587,0.0,0.0,0.0,0.0,0.0,0.0,-0.275
1588,0.0,0.0,0.0,0.0,0.0,0.0,-0.275
1589,0.0,0.0,0.0,0.0,0.0,0.0,-0.275
1590,0.0,0.0,0.0,0.0,0.0,0.0,-0.275
1591,0.0,0.0,0.0,0.0,0.0,0.0,-0.275
1592,0.0,0.0,0.0,0.0,0.0,0.0,-0.275
1593,0.0,0.0,0.0,0.0,0.0,0.0,-0.275
1594,0.0,0.0,0.0,0.0,0.0,0.0,-0.275
1595,0.0,0.0,0.0,0.0,0.0,0.0,-0.275
1596,0.0,0.0,0.0,0.0,0.0,0.0,-0.275
1597,73.29328125,60.61889756944444,436.8275173611111,95.2146184712188,0.0,0.0,-2.2395471869574655
1598,146.49533660888673,121.15530323028564,1098.8642571343316,484.07940370418714,0.0,0.0,51.28177920858065
1599,146.65053819444444,121.17015625,1084.1945833333334,476.53433684092494,0.0,0.0,51.23815104166667
1600,146.92649305555557,121.23494791666667,1009.39,437.13249586943743,0.0,0.0,51.18332465277778
1601,147.23607638888888,121.22561631944444,913.7539583333333,382.72324988671784,0.0,0.0,51.17348524305555
1602,146.97819444444445,121.25798611111111,649.0929166666666,252.82067470848017,0.0,0.0,51.15021701388889
1603,0.0,0.0,0.0,0.0,0.0,0.0,-0.5084750027126737
1604,0.0,0.0,0.0,0.0,0.0,0.0,-0.275
1605,0.0,0.0,0.0,0.0,0.0,0.0,-0.275
1606,0.0,0.0,0.0,0.0,0.0,0.0,-0.275
1607,0.0,0.0,0.0,0.0,0.0,0.0,-0.275
1608,0.0,0.0,0.0,0.0,0.0,0.0,-0.275
1609,0.0,0.0,0.0,0.0,0.0,0.0,-0.275
1610,0.0,0.0,0.0,0.0,0.0,0.0,-0.275
1611,0.0,0.0,0.0,0.0,0.0,0.0,-0.275
1612,0.0,0.0,0.0,0.0,0.0,0.0,-0.275
1613,0.0,0.0,0.0,0.0,0.0,0.0,-0.275
1614,0.0,0.0,0.0,0.0,0.0,0.0,-0.275
1615,0.0,0.0,0.0,0.0,0.0,0.0,-0.275
1616,0.0,0.0,0.0,0.0,0.0,0.0,-0.275
1617,0.0,0.0,0.0,0.0,0.0,0.0,-0.275
1618,0.0,0.0,0.0,0.0,0.0,0.0,-0.275
1619,0.0,0.0,0.0,0.0,0.0,0.0,-0.275
1620,73.92541666666666,60.634105902777776,729.6547916666667,153.79101257527813,0.0,0.0,-2.893324788411458
1621,148.27870954725478,121.21848973592122,901.3224175008138,388.72515901380905,0.0,0.0,51.26935665905476
1622,149.04703125,121.24230902777778,1027.6731944444443,445.6156247120043,0.0,0.0,51.23206163194445
1623,149.94725694444443,121.29815104166667,1033.3765277777777,444.99019686055794,0.0,0.0,51.33325954861111
1624,150.42904513888888,121.22362847222222,858.3111805555556,363.290683565842,0.0,0.0,51.183498263888886
1625,150.5003125,121.22341145833333,887.0572916666666,363.8718284861625,0.0,0.0,51.26412760416667
1626,0.0,0.0,0.0,0.0,0.0,0.0,-0.5084750027126737
1627,0.0,0.0,0.0,0.0,0.0,0.0,-0.275
1628,0.0,0.0,0.0,0.0,0.0,0.0,-0.275
1629,0.0,0.0,0.0,0.0,0.0,0.0,-0.275
1630,0.0,0.0,0.0,0.0,0.0,0.0,-0.275
1631,0.0,0.0,0.0,0.0,0.0,0.0,-0.275
1632,0.0,0.0,0.0,0.0,0.0,0.0,-0.275
1633,0.0,0.0,0.0,0.0,0.0,0.0,-0.275
1634,0.0,0.0,0.0,0.0,0.0,0.0,-0.275
1635,0.0,0.0,0.0,0.0,0.0,0.0,-0.275
1636,0.0,0.0,0.0,0.0,0.0,0.0,-0.275
1637,0.0,0.0,0.0,0.0,0.0,0.0,-0.275
1638,0.0,0.0,0.0,0.0,0.0,0.0,-0.275
1639,0.0,0.0,0.0,0.0,0.0,0.0,-0.275
1640,0.0,0.0,0.0,0.0,0.0,0.0,-0.275
1641,0.0,0.0,0.0,0.0,0.0,0.0,-0.275
1642,73.54964409722223,60.57994357638889,925.8348263888889,157.79962701378014,0.0,0.0,-2.922007581922743
1643,147.0921925269233,121.2034223429362,997.7675080023871,398.5191239062914,0.0,0.0,50.970422726869586
1644,147.3500173611111,121.24040798611111,1047.7496527777778,443.6508975695757,0.0,0.0,50.99802951388889
1645,147.50989583333333,121.154765625,1046.6034722222223,453.8956452658552,0.0,0.0,50.99431857638889
1646,147.97831597222222,121.29050347222223,1040.0102777777777,454.735804896434,0.0,0.0,51.42434027777778
1647,148.30756944444445,121.23712673611111,1088.6170833333333,474.05011187084216,0.0,0.0,51.410915798611114
1648,148.85616319444443,121.19342013888888,976.8551388888889,418.0425883147862,0.0,0.0,51.38119357638889
1649,149.0286284722222,121.20680555555556,871.4168055555556,361.3201221592416,0.0,0.0,51.36969184027778
1650,148.92887152777777,121.22629340277778,415.2948958333333,160.32173120300584,0.0,0.0,51.17502604166667
1651,0.0,0.0,0.0,0.0,0.0,0.0,-0.5084750027126737
1652,0.0,0.0,0.0,0.0,0.0,0.0,-0.275
1653,0.0,0.0,0.0,0.0,0.0,0.0,-0.275
1654,0.0,0.0,0.0,0.0,0.0,0.0,-0.275
1655,0.0,0.0,0.0,0.0,0.0,0.0,-0.275
1656,0.0,0.0,0.0,0.0,0.0,0.0,-0.275
1657,0.0,0.0,0.0,0.0,0.0,0.0,-0.275
1658,0.0,0.0,0.0,0.0,0.0,0.0,-0.275
1659,0.0,0.0,0.0,0.0,0.0,0.0,-0.275
1660,0.0,0.0,0.0,0.0,0.0,0.0,-0.275
1661,0.0,0.0,0.0,0.0,0.0,0.0,-0.275
1662,0.0,0.0,0.0,0.0,0.0,0.0,-0.275
1663,0.0,0.0,0.0,0.0,0.0,0.0,-0.275
1664,0.0,0.0,0.0,0.0,0.0,0.0,-0.275
1665,0.0,0.0,0.0,0.0,0.0,0.0,-0.275
1666,73.63954861111111,60.57740885416667,910.0325694444444,156.00132801054988,0.0,0.0,-2.925279473198785
1667,147.2518309826321,121.20483658684624,1002.7563461981879,401.14121799492546,0.0,0.0,50.96978718631797
1668,147.4062326388889,121.235859375,1034.5765277777778,438.4337404596833,0.0,0.0,50.99322048611111
1669,147.6304513888889,121.23690972222222,1012.4640972222222,439.4023005065069,0.0,0.0,51.36684461805555
1670,148.42086805555556,121.15344618055556,1087.686736111111,473.9770515388831,0.0,0.0,51.31008680555556
1671,149.63355902777778,121.22631944444444,1112.4147916666666,480.4036146969312,0.0,0.0,51.31504774305556
1672,149.46208333333334,121.24810763888888,528.2568402777778,225.41522098722055,0.0,0.0,51.16150607638889
1673,89.46347222222222,62.337100694444445,176.06314236111112,62.8625208552541,0.0,0.0,22.609095052083333
1674,0.0,0.0,0.0,0.0,0.0,0.0,-0.5084750027126737
1675,0.0,0.0,0.0,0.0,0.0,0.0,-0.275
1676,0.0,0.0,0.0,0.0,0.0,0.0,-0.275
1677,0.0,0.0,0.0,0.0,0.0,0.0,-0.275
1678,0.0,0.0,0.0,0.0,0.0,0.0,-0.275
1679,0.0,0.0,0.0,0.0,0.0,0.0,-0.275
1680,0.0,0.0,0.0,0.0,0.0,0.0,-0.275
1681,0.0,0.0,0.0,0.0,0.0,0.0,-0.275
1682,0.0,0.0,0.0,0.0,0.0,0.0,-0.275
1683,0.0,0.0,0.0,0.0,0.0,0.0,-0.275
1684,0.0,0.0,0.0,0.0,0.0,0.0,-0.275
1685,0.0,0.0,0.0,0.0,0.0,0.0,-0.275
1686,0.0,0.0,0.0,0.0,0.0,0.0,-0.275
1687,0.0,0.0,0.0,0.0,0.0,0.0,-0.275
1688,0.0,0.0,0.0,0.0,0.0,0.0,-0.275
1689,0.0,0.0,0.0,0.0,0.0,0.0,-0.275
1690,73.46973090277778,60.62954861111111,790.4773958333334,136.85908996082412,0.0,0.0,-2.588013916015625
1691,147.67151159074572,121.26503655751546,699.6547873263889,279.95088016429423,0.0,0.0,51.267487291958595
1692,147.59635416666666,121.23267361111111,1019.6911805555555,432.08040311227467,0.0,0.0,51.32310763888889
1693,147.52355902777776,121.23409722222222,1122.51375,487.9134952393766,0.0,0.0,51.29537326388889
1694,147.29413194444444,121.1594704861111,1073.6372916666667,471.79186425864174,0.0,0.0,51.24396701388889
1695,147.37696180555557,121.157578125,1040.118125,456.1079709033576,0.0,0.0,51.190868055555555
1696,147.43199652777778,121.23430555555555,1127.7047916666668,488.13165312850055,0.0,0.0,51.27689236111111
1697,147.36039930555555,121.17401909722223,820.7065972222222,344.75205953900155,0.0,0.0,51.156888020833335
1698,147.24098958333335,121.24372395833333,509.6635416666667,199.89168180090059,0.0,0.0,51.08062934027778
1699,0.0,0.0,0.0,0.0,0.0,0.0,-0.5084750027126737
1700,0.0,0.0,0.0,0.0,0.0,0.0,-0.275
1701,0.0,0.0,0.0,0.0,0.0,0.0,-0.275
1702,0.0,0.0,0.0,0.0,0.0,0.0,-0.275
1703,0.0,0.0,0.0,0.0,0.0,0.0,-0.275
1704,0.0,0.0,0.0,0.0,0.0,0.0,-0.275
1705,0.0,0.0,0.0,0.0,0.0,0.0,-0.275
1706,0.0,0.0,0.0,0.0,0.0,0.0,-0.275
1707,0.0,0.0,0.0,0.0,0.0,0.0,-0.275
1708,0.0,0.0,0.0,0.0,0.0,0.0,-0.275
1709,0.0,0.0,0.0,0.0,0.0,0.0,-0.275
1710,0.0,0.0,0.0,0.0,0.0,0.0,-0.275
1711,0.0,0.0,0.0,0.0,0.0,0.0,-0.275
1712,0.0,0.0,0.0,0.0,0.0,0.0,-0.275
1713,0.0,0.0,0.0,0.0,0.0,0.0,-0.275
1714,73.21686631944445,60.59195746527778,940.6528819444444,164.39582021326888,0.0,0.0,-2.918395792643229
1715,146.3272898144192,121.23154726452297,1069.2687117173937,432.73713734998944,0.0,0.0,51.32677156402005
1716,146.23197916666666,121.24798611111112,1212.9183333333333,519.4299397779456,0.0,0.0,51.2637890625
1717,146.11887152777777,121.23816840277777,1137.223888888889,499.4854766746703,0.0,0.0,51.28693576388889
1718,146.08526041666667,121.24921006944444,1174.0868055555557,520.9484780902352,0.0,0.0,51.227313368055555
1719,146.04527777777778,121.243984375,1157.2598611111111,512.799650142804,0.0,0.0,51.1812109375
1720,145.96399305555556,121.18167534722222,1100.1586805555555,481.1249500592542,0.0,0.0,51.152005208333335
1721,146.00201388888888,121.22973090277777,1009.5922916666667,428.6502396917642,0.0,0.0,51.139921875
1722,146.06446180555557,121.26259548611111,695.5963888888889,275.61951342655175,0.0,0.0,51.08889756944444
1723,0.0,0.0,0.0,0.0,0.0,0.0,-0.5084750027126737
1724,0.0,0.0,0.0,0.0,0.0,0.0,-0.275
1725,0.0,0.0,0.0,0.0,0.0,0.0,-0.275
1726,0.0,0.0,0.0,0.0,0.0,0.0,-0.275
1727,0.0,0.0,0.0,0.0,0.0,0.0,-0.275
1728,0.0,0.0,0.0,0.0,0.0,0.0,-0.275
1729,0.0,0.0,0.0,0.0,0.0,0.0,-0.275
1730,0.0,0.0,0.0,0.0,0.0,0.0,-0.275
1731,0.0,0.0,0.0,0.0,0.0,0.0,-0.275
1732,0.0,0.0,0.0,0.0,0.0,0.0,-0.275
1733,0.0,0.0,0.0,0.0,0.0,0.0,-0.275
1734,0.0,0.0,0.0,0.0,0.0,0.0,-0.275
1735,0.0,0.0,0.0,0.0,0.0,0.0,-0.275
1736,0.0,0.0,0.0,0.0,0.0,0.0,-0.275
1737,0.0,0.0,0.0,0.0,0.0,0.0,-0.275
1738,0.0,0.0,0.0,0.0,0.0,0.0,-0.275
1739,73.1090625,60.615421006944445,1075.7676041666666,218.3708955989933,0.0,0.0,-2.895023939344618
1740,146.11217045678032,121.17756874932184,1083.4395228746203,464.6280258362808,0.0,0.0,51.29803689906994
1741,146.0990451388889,121.24421875,1167.9519444444445,513.491080195541,0.0,0.0,51.26241319444444
1742,146.07303819444445,121.25159722222222,1179.9384722222221,523.9588462131765,0.0,0.0,51.21781684027778
1743,146.03621527777779,121.24512152777778,1103.8125694444445,489.4633165459644,0.0,0.0,51.17970920138889
1744,145.991875,121.22344618055556,920.1179861111111,402.7258870777061,0.0,0.0,51.14094618055555
1745,145.93307291666667,121.17984375,872.8325,370.955107238094,0.0,0.0,51.134066840277775
1746,146.02453125,121.23796875,456.32416666666666,181.1867342697428,0.0,0.0,50.98018663194444
1747,0.0,0.0,0.0,0.0,0.0,0.0,-0.5084750027126737
1748,0.0,0.0,0.0,0.0,0.0,0.0,-0.275
1749,0.0,0.0,0.0,0.0,0.0,0.0,-0.275
1750,0.0,0.0,0.0,0.0,0.0,0.0,-0.275
1751,0.0,0.0,0.0,0.0,0.0,0.0,-0.275
1752,0.0,0.0,0.0,0.0,0.0,0.0,-0.275
1753,0.0,0.0,0.0,0.0,0.0,0.0,-0.275
1754,0.0,0.0,0.0,0.0,0.0,0.0,-0.275
1755,0.0,0.0,0.0,0.0,0.0,0.0,-0.275
1756,0.0,0.0,0.0,0.0,0.0,0.0,-0.275
1757,0.0,0.0,0.0,0.0,0.0,0.0,-0.275
1758,0.0,0.0,0.0,0.0,0.0,0.0,-0.275
1759,0.0,0.0,0.0,0.0,0.0,0.0,-0.275
1760,0.0,0.0,0.0,0.0,0.0,0.0,-0.275
1761,0.0,0.0,0.0,0.0,0.0,0.0,-0.275
1762,73.10954861111111,60.58549479166667,964.5719791666667,170.92922275962738,0.0,0.0,-2.914473198784722
1763,146.2167303636339,121.24154644436307,1095.07548377143,445.6924569464702,0.0,0.0,51.23759215222465
1764,146.10309027777777,121.17940104166667,1123.1879166666668,482.25360330699044,0.0,0.0,51.28913194444444
1765,146.10838541666666,121.24915798611111,1184.0779166666666,520.9806891281876,0.0,0.0,51.232829861111114
1766,146.09020833333332,121.25732638888888,1193.0711111111111,530.1110223214766,0.0,0.0,51.190334201388886
1767,146.0874826388889,121.24826388888889,1171.215,519.507250336538,0.0,0.0,51.161571180555555
1768,146.23498263888888,121.17736979166666,1097.0440277777777,479.5060962767764,0.0,0.0,51.143671875
1769,146.39763888888888,121.23280381944444,941.5292361111111,399.417523347586,0.0,0.0,51.12908854166667
1770,146.53098958333334,121.26177083333333,679.8615277777777,269.58819550102953,0.0,0.0,51.091671006944445
1771,0.0,0.0,0.0,0.0,0.0,0.0,-0.5084750027126737
1772,0.0,0.0,0.0,0.0,0.0,0.0,-0.275
1773,0.0,0.0,0.0,0.0,0.0,0.0,-0.275
1774,0.0,0.0,0.0,0.0,0.0,0.0,-0.275
1775,0.0,0.0,0.0,0.0,0.0,0.0,-0.275
1776,0.0,0.0,0.0,0.0,0.0,0.0,-0.275
1777,0.0,0.0,0.0,0.0,0.0,0.0,-0.275
1778,0.0,0.0,0.0,0.0,0.0,0.0,-0.275
1779,0.0,0.0,0.0,0.0,0.0,0.0,-0.275
1780,0.0,0.0,0.0,0.0,0.0,0.0,-0.275
1781,0.0,0.0,0.0,0.0,0.0,0.0,-0.275
1782,0.0,0.0,0.0,0.0,0.0,0.0,-0.275
1783,0.0,0.0,0.0,0.0,0.0,0.0,-0.275
1784,0.0,0.0,0.0,0.0,0.0,0.0,-0.275
1785,0.0,0.0,0.0,0.0,0.0,0.0,-0.275
1786,73.13722222222222,60.58501736111111,976.1809375,173.95243605533818,0.0,0.0,-2.9128904215494793
1787,146.30032038370769,121.23900950961642,1086.4193038601345,442.9282358339821,0.0,0.0,51.289473249150646
1788,146.49756944444445,121.23894965277778,1171.78125,502.5612322193527,0.0,0.0,51.23023871527778
1789,146.6912152777778,121.27069444444444,1240.882361111111,544.3229581916188,0.0,0.0,51.29633246527778
1790,146.8984027777778,121.25243055555555,1184.3744444444444,523.6788543556927,0.0,0.0,51.240299479166666
1791,147.0651215277778,121.24409722222222,1162.235138888889,512.3939701943235,0.0,0.0,51.20631510416667
1792,147.18961805555554,121.16129340277777,1058.5091666666667,459.9031244149059,0.0,0.0,51.1833203125
1793,146.95805555555555,121.16306423611111,896.9673611111111,379.1792433893738,0.0,0.0,51.17374565972222
1794,147.08036458333333,121.24703993055556,531.9916666666667,210.5386291717771,0.0,0.0,51.081302083333334
1795,0.0,0.0,0.0,0.0,0.0,0.0,-0.5084750027126737
1796,0.0,0.0,0.0,0.0,0.0,0.0,-0.275
1797,0.0,0.0,0.0,0.0,0.0,0.0,-0.275
1798,0.0,0.0,0.0,0.0,0.0,0.0,-0.275
1799,0.0,0.0,0.0,0.0,0.0,0.0,-0.275
1800,0.0,0.0,0.0,0.0,0.0,0.0,-0.275
1801,0.0,0.0,0.0,0.0,0.0,0.0,-0.275
1802,0.0,0.0,0.0,0.0,0.0,0.0,-0.275
1803,0.0,0.0,0.0,0.0,0.0,0.0,-0.275
1804,0.0,0.0,0.0,0.0,0.0,0.0,-0.275
1805,0.0,0.0,0.0,0.0,0.0,0.0,-0.275
1806,0.0,0.0,0.0,0.0,0.0,0.0,-0.275
1807,0.0,0.0,0.0,0.0,0.0,0.0,-0.275
1808,0.0,0.0,0.0,0.0,0.0,0.0,-0.275
1809,0.0,0.0,0.0,0.0,0.0,0.0,-0.275
1810,73.303359375,60.62542100694444,667.2682638888889,119.39965538888488,0.0,0.0,-2.396737128363715
1811,0.0,0.0,0.0,0.0,0.0,0.0,-0.5084750027126737
1812,66.58747395833333,54.477452256944446,308.19813368055554,58.78891836918446,0.0,0.0,-2.1565918646918405
1813,149.10371419270834,121.24939995659722,1207.0666102430555,521.2232413481743,0.0,0.0,48.5773083919949
1814,98.98986111111111,70.83215277777778,185.474375,71.3574529415995,0.0,0.0,25.150883246527776
1815,95.92030381944444,67.41645833333334,180.04065972222222,67.94186406966146,0.0,0.0,23.748606770833334
1816,150.38621527777778,121.22563368055556,299.7441666666667,127.61331496564576,0.0,0.0,50.90908854166667
1817,0.0,0.0,0.0,0.0,0.0,0.0,-0.5084750027126737
1818,0.0,0.0,0.0,0.0,0.0,0.0,-0.275
1819,0.0,0.0,0.0,0.0,0.0,0.0,-0.275
1820,0.0,0.0,0.0,0.0,0.0,0.0,-0.275
1821,0.0,0.0,0.0,0.0,0.0,0.0,-0.275
1822,0.0,0.0,0.0,0.0,0.0,0.0,-0.275
1823,0.0,0.0,0.0,0.0,0.0,0.0,-0.275
1824,0.0,0.0,0.0,0.0,0.0,0.0,-0.275
1825,0.0,0.0,0.0,0.0,0.0,0.0,-0.275
1826,0.0,0.0,0.0,0.0,0.0,0.0,-0.275
1827,0.0,0.0,0.0,0.0,0.0,0.0,-0.275
1828,0.0,0.0,0.0,0.0,0.0,0.0,-0.275
1829,0.0,0.0,0.0,0.0,0.0,0.0,-0.275
1830,0.0,0.0,0.0,0.0,0.0,0.0,-0.275
1831,0.0,0.0,0.0,0.0,0.0,0.0,-0.275
1832,0.0,0.0,0.0,0.0,0.0,0.0,-0.275
1833,0.0,0.0,0.0,0.0,0.0,0.0,-0.275
1834,0.0,0.0,126.82262152777778,0.0,0.0,0.0,-1.3648102484809028
1835,0.0,0.0,0.0,0.0,0.0,0.0,-0.5084750027126737
1836,74.09856770833333,60.60506510416667,885.3988194444445,188.03900898354482,0.0,0.0,-2.9091417778862847
1837,0.0,0.0,0.0,0.0,0.0,0.0,-0.5084750027126737
1838,0.0,0.0,0.0,0.0,0.0,0.0,-0.275
1839,0.0,0.0,0.0,0.0,0.0,0.0,-0.275
1840,0.0,0.0,0.0,0.0,0.0,0.0,-0.275
1841,74.06001736111111,60.6200390625,512.1309548611111,107.64394183478828,0.0,0.0,-2.3120779758029513
1842,0.0,0.0,0.0,0.0,0.0,0.0,-0.5084750027126737
1843,0.0,0.0,0.0,0.0,0.0,0.0,-0.275
1844,0.0,0.0,0.0,0.0,0.0,0.0,-0.275
1845,0.0,0.0,0.0,0.0,0.0,0.0,-0.275
1846,0.0,0.0,0.0,0.0,0.0,0.0,-0.275
1847,0.0,0.0,0.0,0.0,0.0,0.0,-0.275
1848,0.0,0.0,0.0,0.0,0.0,0.0,-0.275
1849,0.0,0.0,0.0,0.0,0.0,0.0,-0.275
1850,0.0,0.0,0.0,0.0,0.0,0.0,-0.275
1851,0.0,0.0,0.0,0.0,0.0,0.0,-0.275
1852,0.0,0.0,0.0,0.0,0.0,0.0,-0.275
1853,0.0,0.0,0.0,0.0,0.0,0.0,-0.275
1854,0.0,0.0,0.0,0.0,0.0,0.0,-0.275
1855,0.0,0.0,0.0,0.0,0.0,0.0,-0.275
1856,0.0,0.0,0.0,0.0,0.0,0.0,-0.275
1857,0.0,0.0,0.0,0.0,0.0,0.0,-0.275
1858,74.61780381944445,60.60963541666667,1135.2957638888888,201.71294175183033,0.0,0.0,-2.9044046359592013
1859,0.0,0.0,0.0,0.0,0.0,0.0,-0.5084750027126737
1860,75.56572916666667,60.61708767361111,1028.1855208333334,214.38743214288132,0.0,0.0,-2.896248779296875
1861,0.0,0.0,0.0,0.0,0.0,0.0,-0.5084750027126737
1862,0.0,0.0,0.0,0.0,0.0,0.0,-0.275
1863,0.0,0.0,0.0,0.0,0.0,0.0,-0.275
1864,0.0,0.0,0.0,0.0,0.0,0.0,-0.275
1865,0.0,0.0,0.0,0.0,0.0,0.0,-0.275
1866,0.0,0.0,0.0,0.0,0.0,0.0,-0.275
1867,0.0,0.0,0.0,0.0,0.0,0.0,-0.275
1868,0.0,0.0,0.0,0.0,0.0,0.0,-0.275
1869,0.0,0.0,0.0,0.0,0.0,0.0,-0.275
1870,0.0,0.0,0.0,0.0,0.0,0.0,-0.275
1871,0.0,0.0,0.0,0.0,0.0,0.0,-0.275
1872,0.0,0.0,0.0,0.0,0.0,0.0,-0.275
1873,0.0,0.0,0.0,0.0,0.0,0.0,-0.275
1874,0.0,0.0,0.0,0.0,0.0,0.0,-0.275
1875,0.0,0.0,0.0,0.0,0.0,0.0,-0.275
1876,0.0,0.0,0.0,0.0,0.0,0.0,-0.275
1877,0.0,0.0,0.0,0.0,0.0,0.0,-0.275
1878,0.0,0.0,0.0,0.0,0.0,0.0,-0.275
1879,0.0,0.0,0.0,0.0,0.0,0.0,-0.275
1880,0.0,0.0,0.0,0.0,0.0,0.0,-0.275
1881,0.0,0.0,0.0,0.0,0.0,0.0,-0.275
1882,0.0,0.0,0.0,0.0,0.0,0.0,-0.275
1883,0.0,0.0,0.0,0.0,0.0,0.0,-0.275
1884,0.0,0.0,0.0,0.0,0.0,0.0,-0.275
1885,0.0,0.0,0.0,0.0,0.0,0.0,-0.275
1886,0.0,0.0,0.0,0.0,0.0,0.0,-0.275
1887,0.0,0.0,167.25862847222223,0.0,0.0,0.0,-1.7884966362847223
1888,134.20532986111112,109.63341145833333,284.6700151909722,111.300272896471,0.0,0.0,19.282723032633463
1889,102.86427951388889,76.31697048611112,200.8317013888889,76.84212486009383,0.0,0.0,28.520349392361112
1890,0.0,0.0,0.0,0.0,0.0,0.0,-0.5084750027126737
1891,0.0,0.0,0.0,0.0,0.0,0.0,-0.275
1892,0.0,0.0,0.0,0.0,0.0,0.0,-0.275
1893,0.0,0.0,0.0,0.0,0.0,0.0,-0.275
1894,0.0,0.0,0.0,0.0,0.0,0.0,-0.275
1895,0.0,0.0,0.0,0.0,0.0,0.0,-0.275
1896,0.0,0.0,0.0,0.0,0.0,0.0,-0.275
1897,0.0,0.0,0.0,0.0,0.0,0.0,-0.275
1898,0.0,0.0,0.0,0.0,0.0,0.0,-0.275
1899,0.0,0.0,0.0,0.0,0.0,0.0,-0.275
1900,0.0,0.0,0.0,0.0,0.0,0.0,-0.275
1901,0.0,0.0,0.0,0.0,0.0,0.0,-0.275
1902,0.0,0.0,0.0,0.0,0.0,0.0,-0.275
1903,0.0,0.0,0.0,0.0,0.0,0.0,-0.275
1904,0.0,0.0,0.0,0.0,0.0,0.0,-0.275
1905,0.0,0.0,0.0,0.0,0.0,0.0,-0.275
1906,43.29279079861111,35.062092013888886,302.6835243055556,35.23275697686609,0.0,0.0,-2.0843495008680555
1907,146.78366319444444,121.16967881944444,774.9986458333333,318.07750376649614,0.0,0.0,39.830101793077255
1908,0.0,0.0,0.0,0.0,0.0,0.0,-0.5084750027126737
1909,73.76657986111111,60.63108072916667,1317.709513888889,288.3785509918336,0.0,0.0,-2.8774964735243054
1910,0.0,0.0,0.0,0.0,0.0,0.0,-0.5084750027126737
1911,0.0,0.0,0.0,0.0,0.0,0.0,-0.275
1912,74.42049479166667,60.6233984375,537.9646875,116.00087056028184,0.0,0.0,-2.376200968424479
1913,0.0,0.0,0.0,0.0,0.0,0.0,-0.5084750027126737
1914,70.73586371527777,57.896046006944445,344.831875,65.28272371273351,0.0,0.0,-2.1623805067274304
1915,0.0,0.0,0.0,0.0,0.0,0.0,-0.5084750027126737
1916,0.0,0.0,0.0,0.0,0.0,0.0,-0.275
1917,0.0,0.0,0.0,0.0,0.0,0.0,-0.275
1918,0.0,0.0,0.0,0.0,0.0,0.0,-0.275
1919,0.0,0.0,0.0,0.0,0.0,0.0,-0.275
1920,0.0,0.0,0.0,0.0,0.0,0.0,-0.275
1921,0.0,0.0,0.0,0.0,0.0,0.0,-0.275
1922,0.0,0.0,0.0,0.0,0.0,0.0,-0.275
1923,0.0,0.0,0.0,0.0,0.0,0.0,-0.275
1924,0.0,0.0,0.0,0.0,0.0,0.0,-0.275
1925,0.0,0.0,0.0,0.0,0.0,0.0,-0.275
1926,0.0,0.0,0.0,0.0,0.0,0.0,-0.275
1927,0.0,0.0,0.0,0.0,0.0,0.0,-0.275
1928,0.0,0.0,0.0,0.0,0.0,0.0,-0.275
1929,74.88136284722222,60.62283420138889,987.3584722222222,115.17672535761896,0.0,0.0,-2.372586941189236
1930,149.8991904057397,121.22935460514492,1158.5137623765734,416.12284903584487,0.0,0.0,51.03241836695207
1931,0.0,0.0,0.0,0.0,0.0,0.0,-0.5084750027126737
1932,0.0,0.0,0.0,0.0,0.0,0.0,-0.275
1933,0.0,0.0,0.0,0.0,0.0,0.0,-0.275
1934,0.0,0.0,0.0,0.0,0.0,0.0,-0.275
1935,0.0,0.0,0.0,0.0,0.0,0.0,-0.275
1936,75.92466145833333,60.63850260416667,1071.6552430555555,226.68567790079598,0.0,0.0,-2.892301771375868
1937,151.2184887928433,121.23572176933288,470.56236724005805,194.35916845480014,0.0,0.0,50.84023231940137
1938,116.6100607638889,87.95895833333333,241.4295138888889,88.48390530586414,0.0,0.0,34.06244140625
1939,0.0,0.0,0.0,0.0,0.0,0.0,-0.5084750027126737
1940,0.0,0.0,0.0,0.0,0.0,0.0,-0.275
1941,0.0,0.0,0.0,0.0,0.0,0.0,-0.275
1942,0.0,0.0,0.0,0.0,0.0,0.0,-0.275
1943,0.0,0.0,0.0,0.0,0.0,0.0,-0.275
1944,0.0,0.0,0.0,0.0,0.0,0.0,-0.275
1945,0.0,0.0,0.0,0.0,0.0,0.0,-0.275
1946,0.0,0.0,0.0,0.0,0.0,0.0,-0.275
1947,0.0,0.0,0.0,0.0,0.0,0.0,-0.275
1948,0.0,0.0,0.0,0.0,0.0,0.0,-0.275
1949,0.0,0.0,0.0,0.0,0.0,0.0,-0.275
1950,0.0,0.0,0.0,0.0,0.0,0.0,-0.275
1951,0.0,0.0,0.0,0.0,0.0,0.0,-0.275
1952,0.0,0.0,0.0,0.0,0.0,0.0,-0.275
1953,0.0,0.0,0.0,0.0,0.0,0.0,-0.275
1954,0.0,0.0,0.0,0.0,0.0,0.0,-0.275
1955,0.0,0.0,0.0,0.0,0.0,0.0,-0.275
1956,0.0,0.0,0.0,0.0,0.0,0.0,-0.275
1957,0.0,0.0,0.0,0.0,0.0,0.0,-0.275
1958,76.48125868055556,60.44259114583333,331.20039930555555,70.2238907110779,0.0,0.0,-2.1673926459418404
1959,153.5519761657715,121.23018529256184,440.09043416341143,186.5376962154744,0.0,0.0,51.11075095838971
1960,153.71722222222223,121.21525173611111,845.2863888888888,353.2824322690997,0.0,0.0,51.3383203125
1961,151.6602951388889,121.2207204861111,298.81385416666666,123.13490655740229,0.0,0.0,51.013706597222225
1962,0.0,0.0,0.0,0.0,0.0,0.0,-0.5084750027126737
1963,0.0,0.0,0.0,0.0,0.0,0.0,-0.275
1964,0.0,0.0,0.0,0.0,0.0,0.0,-0.275
1965,0.0,0.0,0.0,0.0,0.0,0.0,-0.275
1966,0.0,0.0,0.0,0.0,0.0,0.0,-0.275
1967,0.0,0.0,0.0,0.0,0.0,0.0,-0.275
1968,0.0,0.0,0.0,0.0,0.0,0.0,-0.275
1969,0.0,0.0,0.0,0.0,0.0,0.0,-0.275
1970,0.0,0.0,0.0,0.0,0.0,0.0,-0.275
1971,0.0,0.0,0.0,0.0,0.0,0.0,-0.275
1972,0.0,0.0,0.0,0.0,0.0,0.0,-0.275
1973,0.0,0.0,0.0,0.0,0.0,0.0,-0.275
1974,0.0,0.0,0.0,0.0,0.0,0.0,-0.275
1975,0.0,0.0,0.0,0.0,0.0,0.0,-0.275
1976,0.0,0.0,0.0,0.0,0.0,0.0,-0.275
1977,0.0,0.0,0.0,0.0,0.0,0.0,-0.275
1978,0.0,0.0,0.0,0.0,0.0,0.0,-0.275
1979,75.98651041666666,60.61244357638889,447.37131944444445,89.20111368683192,0.0,0.0,-2.220123019748264
1980,152.9251139365302,121.24095446162754,504.7287099880642,209.04329707853583,0.0,0.0,51.21678938415315
1981,0.0,0.0,0.0,0.0,0.0,0.0,-0.5084750027126737
1982,0.0,0.0,0.0,0.0,0.0,0.0,-0.275
1983,0.0,0.0,0.0,0.0,0.0,0.0,-0.275
1984,58.389813368055556,46.260546875,284.6565277777778,46.464577428154364,0.0,0.0,-2.134263441297743
1985,151.83749891493056,121.2227517361111,318.1487065972222,131.04362211234877,0.0,0.0,44.704439629448785
1986,0.0,0.0,0.0,0.0,0.0,0.0,-0.5084750027126737
1987,0.0,0.0,0.0,0.0,0.0,0.0,-0.275
1988,0.0,0.0,0.0,0.0,0.0,0.0,-0.275
1989,0.0,0.0,0.0,0.0,0.0,0.0,-0.275
1990,0.0,0.0,0.0,0.0,0.0,0.0,-0.275
1991,0.0,0.0,0.0,0.0,0.0,0.0,-0.275
1992,0.0,0.0,0.0,0.0,0.0,0.0,-0.275
1993,0.0,0.0,0.0,0.0,0.0,0.0,-0.275
1994,0.0,0.0,0.0,0.0,0.0,0.0,-0.275
1995,0.0,0.0,0.0,0.0,0.0,0.0,-0.275
1996,0.0,0.0,0.0,0.0,0.0,0.0,-0.275
1997,0.0,0.0,0.0,0.0,0.0,0.0,-0.275
1998,0.0,0.0,0.0,0.0,0.0,0.0,-0.275
1999,0.0,0.0,0.0,0.0,0.0,0.0,-0.275
2000,0.0,0.0,0.0,0.0,0.0,0.0,-0.275
2001,73.41181423611111,60.62502170138889,936.0146527777778,118.20735543412788,0.0,0.0,-2.3873854573567708
2002,146.77536066267226,121.16411496480306,1022.7922479248047,380.1383198082569,0.0,0.0,50.95629500640763
2003,146.65930555555556,121.2454861111111,844.6392361111111,349.7012070341095,0.0,0.0,51.354405381944446
2004,146.39006944444444,121.2623611111111,1234.9902777777777,534.9156191119966,0.0,0.0,51.362643229166665
2005,146.35725694444446,121.266171875,1316.5902777777778,582.4500194482721,0.0,0.0,51.318997395833335
2006,146.30871527777776,121.269375,1278.6622222222222,570.856899729736,0.0,0.0,51.35980902777778
2007,146.215,121.23105034722222,933.53375,415.9745909338134,0.0,0.0,51.26073350694445
2008,146.1624826388889,121.22737847222223,962.1989583333333,423.4165318778583,0.0,0.0,51.234097222222225
2009,146.1429513888889,121.22289930555556,938.0640277777778,401.71597324428353,0.0,0.0,51.21717881944444
2010,146.21614583333334,121.26217881944444,643.8479861111111,260.21612693470627,0.0,0.0,51.14818142361111
2011,0.0,0.0,0.0,0.0,0.0,0.0,-0.5084750027126737
2012,0.0,0.0,0.0,0.0,0.0,0.0,-0.275
2013,0.0,0.0,0.0,0.0,0.0,0.0,-0.275
2014,0.0,0.0,0.0,0.0,0.0,0.0,-0.275
2015,0.0,0.0,0.0,0.0,0.0,0.0,-0.275
2016,0.0,0.0,0.0,0.0,0.0,0.0,-0.275
2017,0.0,0.0,0.0,0.0,0.0,0.0,-0.275
2018,0.0,0.0,0.0,0.0,0.0,0.0,-0.275
2019,0.0,0.0,0.0,0.0,0.0,0.0,-0.275
2020,0.0,0.0,0.0,0.0,0.0,0.0,-0.275
2021,0.0,0.0,0.0,0.0,0.0,0.0,-0.275
2022,0.0,0.0,0.0,0.0,0.0,0.0,-0.275
2023,0.0,0.0,0.0,0.0,0.0,0.0,-0.275
2024,0.0,0.0,0.0,0.0,0.0,0.0,-0.275
2025,73.15442708333333,60.623806423611114,877.794375,113.31809351992128,0.0,0.0,-2.346919420030382
2026,146.20315077887642,121.26442216661242,758.9672216457791,284.6289642596025,0.0,0.0,51.20306308560901
2027,146.69883680555554,121.22368055555556,965.4214583333334,400.1926918573921,0.0,0.0,51.15325086805556
2028,147.75954861111111,121.23841145833333,1168.1272222222221,501.6179312667414,0.0,0.0,51.11821180555555
2029,148.5427777777778,121.15145833333334,1057.9024305555556,460.9737888671742,0.0,0.0,51.047122395833334
2030,148.87170138888888,121.31989583333333,1225.9970833333334,538.4443005807431,0.0,0.0,51.07128038194445
2031,149.0884027777778,121.21211805555555,870.4055555555556,380.49700040750423,0.0,0.0,51.01024739583333
2032,149.10052083333332,121.22605902777778,736.08625,317.68596845601155,0.0,0.0,50.99319444444444
2033,0.0,0.0,0.0,0.0,0.0,0.0,-0.5084750027126737
2034,73.80140625,60.615208333333335,416.96678819444446,83.56561351902727,0.0,0.0,-2.195433824327257
2035,0.0,0.0,0.0,0.0,0.0,0.0,-0.5084750027126737
2036,0.0,0.0,0.0,0.0,0.0,0.0,-0.275
2037,0.0,0.0,0.0,0.0,0.0,0.0,-0.275
2038,0.0,0.0,0.0,0.0,0.0,0.0,-0.275
2039,0.0,0.0,0.0,0.0,0.0,0.0,-0.275
2040,0.0,0.0,0.0,0.0,0.0,0.0,-0.275
2041,0.0,0.0,0.0,0.0,0.0,0.0,-0.275
2042,0.0,0.0,0.0,0.0,0.0,0.0,-0.275
2043,0.0,0.0,0.0,0.0,0.0,0.0,-0.275
2044,0.0,0.0,0.0,0.0,0.0,0.0,-0.275
2045,0.0,0.0,0.0,0.0,0.0,0.0,-0.275
2046,0.0,0.0,0.0,0.0,0.0,0.0,-0.275
2047,0.0,0.0,0.0,0.0,0.0,0.0,-0.275
2048,0.0,0.0,0.0,0.0,0.0,0.0,-0.275
2049,0.0,0.0,0.0,0.0,0.0,0.0,-0.275
2050,73.4661111111111,60.581501736111115,839.5965277777777,157.16787743040294,0.0,0.0,-2.92246832953559
2051,147.7876399951511,121.24457669152154,491.2185784233941,202.48312063978187,0.0,0.0,51.079203452467915
2052,148.57470486111112,121.2298611111111,889.0257638888888,379.97935997753524,0.0,0.0,51.18148003472222
2053,149.0522048611111,121.22748263888889,938.9270138888888,408.2301419280521,0.0,0.0,51.17532552083333
2054,149.57953125,121.26863715277777,1274.725138888889,557.269696767891,0.0,0.0,51.24114149305556
2055,149.89723958333335,121.2356857638889,436.7870833333333,190.03945152262787,0.0,0.0,50.96098524305555
2056,0.0,0.0,0.0,0.0,0.0,0.0,-0.5084750027126737
2057,0.0,0.0,178.22043402777777,0.0,0.0,0.0,-1.820723876953125
2058,0.0,0.0,28.588491753472223,0.0,0.0,0.0,-0.7124024285210504
2059,0.0,0.0,131.58217881944444,0.0,0.0,0.0,-1.3599159071180555
2060,0.0,0.0,0.0,0.0,0.0,0.0,-0.5084750027126737
2061,0.0,0.0,0.0,0.0,0.0,0.0,-0.275
2062,0.0,0.0,0.0,0.0,0.0,0.0,-0.275
2063,0.0,0.0,0.0,0.0,0.0,0.0,-0.275
2064,0.0,0.0,0.0,0.0,0.0,0.0,-0.275
2065,0.0,0.0,0.0,0.0,0.0,0.0,-0.275
2066,0.0,0.0,0.0,0.0,0.0,0.0,-0.275
2067,0.0,0.0,0.0,0.0,0.0,0.0,-0.275
2068,0.0,0.0,0.0,0.0,0.0,0.0,-0.275
2069,0.0,0.0,0.0,0.0,0.0,0.0,-0.275
2070,0.0,0.0,0.0,0.0,0.0,0.0,-0.275
2071,0.0,0.0,0.0,0.0,0.0,0.0,-0.275
2072,0.0,0.0,0.0,0.0,0.0,0.0,-0.275
2073,73.59375868055555,60.62734809027778,957.6011111111111,127.3043300555454,0.0,0.0,-2.4751620144314237
2074,147.18439928690592,121.22380814446343,1096.8822579956054,411.83329120077633,0.0,0.0,50.96787926601039
2075,146.96956597222223,121.23629340277778,1194.4329166666666,495.8280863197211,0.0,0.0,51.402690972222224
2076,146.9077951388889,121.26607638888889,1240.1004166666667,536.6680600505947,0.0,0.0,51.362065972222226
2077,147.0237326388889,121.26042534722222,1361.4488888888889,600.6224058442298,0.0,0.0,51.317569444444445
2078,147.17453125,121.26061631944444,1351.983611111111,600.9941808985292,0.0,0.0,51.248111979166666
2079,147.25411458333335,121.26934895833334,1262.9004166666666,559.7544581172573,0.0,0.0,51.322543402777775
2080,147.31744791666668,121.25036458333334,1190.9273611111112,520.8155033748127,0.0,0.0,51.29615017361111
2081,147.2082638888889,121.1608767361111,1094.6710416666667,466.0631701392175,0.0,0.0,51.286432291666664
2082,147.13821180555556,121.17145833333333,824.1447916666667,332.1536385455259,0.0,0.0,51.26927951388889
2083,146.85345486111112,121.16460069444445,375.3307986111111,131.46900228869762,0.0,0.0,50.93058159722222
2084,0.0,0.0,0.0,0.0,0.0,0.0,-0.5084750027126737
2085,0.0,0.0,0.0,0.0,0.0,0.0,-0.275
2086,0.0,0.0,0.0,0.0,0.0,0.0,-0.275
2087,0.0,0.0,0.0,0.0,0.0,0.0,-0.275
2088,0.0,0.0,0.0,0.0,0.0,0.0,-0.275
2089,0.0,0.0,0.0,0.0,0.0,0.0,-0.275
2090,0.0,0.0,0.0,0.0,0.0,0.0,-0.275
2091,0.0,0.0,0.0,0.0,0.0,0.0,-0.275
2092,0.0,0.0,0.0,0.0,0.0,0.0,-0.275
2093,0.0,0.0,0.0,0.0,0.0,0.0,-0.275
2094,0.0,0.0,0.0,0.0,0.0,0.0,-0.275
2095,0.0,0.0,0.0,0.0,0.0,0.0,-0.275
2096,0.0,0.0,0.0,0.0,0.0,0.0,-0.275
2097,73.27124131944444,60.62528211805556,881.2729513888889,119.64258170659292,0.0,0.0,-2.3985887993706596
2098,146.6723772769504,121.23342913733589,1066.0057593112522,403.2414564425212,0.0,0.0,50.96759733249744
2099,146.87046875,121.25716145833333,1271.8666666666666,529.209884587585,0.0,0.0,51.38443142361111
2100,146.86583333333334,121.2702170138889,1259.1790277777777,545.5585618425282,0.0,0.0,51.32699652777778
2101,146.97895833333334,121.2623611111111,1341.5341666666666,592.3671100928849,0.0,0.0,51.262530381944444
2102,147.24246527777777,121.26276041666667,1332.1094444444445,592.2129502904579,0.0,0.0,51.325390625
2103,147.69333333333333,121.270078125,1264.2622222222221,558.953516121279,0.0,0.0,51.27858072916667
2104,148.0576388888889,121.24364583333333,1188.891388888889,517.529476256068,0.0,0.0,51.295924479166665
2105,0.0,0.0,0.0,0.0,0.0,0.0,-0.5084750027126737
2106,73.40411458333334,60.63032552083333,688.8143402777778,139.40103954366003,0.0,0.0,-2.6224121771918405
2107,0.0,0.0,0.0,0.0,0.0,0.0,-0.5084750027126737
2108,0.0,0.0,0.0,0.0,0.0,0.0,-0.275
2109,0.0,0.0,0.0,0.0,0.0,0.0,-0.275
2110,0.0,0.0,0.0,0.0,0.0,0.0,-0.275
2111,0.0,0.0,0.0,0.0,0.0,0.0,-0.275
2112,0.0,0.0,0.0,0.0,0.0,0.0,-0.275
2113,0.0,0.0,0.0,0.0,0.0,0.0,-0.275
2114,0.0,0.0,0.0,0.0,0.0,0.0,-0.275
2115,0.0,0.0,0.0,0.0,0.0,0.0,-0.275
2116,0.0,0.0,0.0,0.0,0.0,0.0,-0.275
2117,0.0,0.0,0.0,0.0,0.0,0.0,-0.275
2118,0.0,0.0,0.0,0.0,0.0,0.0,-0.275
2119,0.0,0.0,0.0,0.0,0.0,0.0,-0.275
2120,0.0,0.0,0.0,0.0,0.0,0.0,-0.275
2121,73.18921875,60.628658854166666,970.3158333333333,134.00972842529305,0.0,0.0,-2.5472594536675346
2122,146.1675113296509,121.17532335917154,929.3270026312935,353.9227624491951,0.0,0.0,51.227421939108105
2123,146.13947916666666,121.24125868055556,1063.2956944444445,445.222046479596,0.0,0.0,51.261089409722224
2124,146.08953125,121.26933159722222,1260.9588888888889,549.6809098875641,0.0,0.0,51.173268229166666
2125,146.4334027777778,121.26994791666667,1244.5094444444444,551.9161282248954,0.0,0.0,51.08962239583333
2126,146.9742013888889,121.2369357638889,1113.695763888889,496.171707277103,0.0,0.0,51.00653211805555
2127,147.47671875,121.2727517361111,1228.7205555555556,544.2951744282881,0.0,0.0,51.00060763888889
2128,147.55913194444443,121.23366319444445,1107.6688194444444,483.98064684285055,0.0,0.0,50.991618923611114
2129,147.42289930555555,121.24388020833334,1046.9270833333333,445.9371668154935,0.0,0.0,50.99495659722222
2130,131.1205295138889,105.42434895833334,268.3823611111111,105.94953734012195,0.0,0.0,42.75760850694444
2131,0.0,0.0,0.0,0.0,0.0,0.0,-0.5084750027126737
2132,0.0,0.0,0.0,0.0,0.0,0.0,-0.275
2133,0.0,0.0,0.0,0.0,0.0,0.0,-0.275
2134,0.0,0.0,0.0,0.0,0.0,0.0,-0.275
2135,0.0,0.0,0.0,0.0,0.0,0.0,-0.275
2136,0.0,0.0,0.0,0.0,0.0,0.0,-0.275
2137,0.0,0.0,0.0,0.0,0.0,0.0,-0.275
2138,0.0,0.0,0.0,0.0,0.0,0.0,-0.275
2139,0.0,0.0,0.0,0.0,0.0,0.0,-0.275
2140,0.0,0.0,0.0,0.0,0.0,0.0,-0.275
2141,0.0,0.0,0.0,0.0,0.0,0.0,-0.275
2142,0.0,0.0,0.0,0.0,0.0,0.0,-0.275
2143,0.0,0.0,0.0,0.0,0.0,0.0,-0.275
2144,0.0,0.0,0.0,0.0,0.0,0.0,-0.275
2145,22.449674479166667,17.56959526909722,342.53975694444443,17.67174361030348,0.0,0.0,-2.0104105631510416
2146,87.20355685763889,62.023687065972226,189.9507986111111,62.54865804387787,0.0,0.0,5.659415690104167
2147,146.18407986111112,121.25238715277777,549.3175347222223,230.28143111440752,0.0,0.0,51.11441840277778
2148,146.36013888888888,121.24762152777778,1191.035138888889,518.5649884128686,0.0,0.0,51.17936631944445
2149,146.4659201388889,121.26487847222222,637.3221527777778,282.72106130436265,0.0,0.0,51.03419704861111
2150,146.40666666666667,121.17232638888889,776.5627777777778,347.3083916633643,0.0,0.0,51.01146267361111
2151,146.62430555555557,121.26342013888889,614.2659027777778,273.7872101376164,0.0,0.0,50.91607204861111
2152,146.77689236111112,121.25875,576.1220486111112,253.23113973671076,0.0,0.0,50.87986111111111
2153,146.73361111111112,121.16634548611111,892.9359722222222,382.1143869856323,0.0,0.0,51.07813368055555
2154,146.7753125,121.25741319444444,614.2659027777778,249.31700062015165,0.0,0.0,51.02355034722222
2155,0.0,0.0,0.0,0.0,0.0,0.0,-0.5084750027126737
2156,0.0,0.0,0.0,0.0,0.0,0.0,-0.275
2157,0.0,0.0,0.0,0.0,0.0,0.0,-0.275
2158,0.0,0.0,0.0,0.0,0.0,0.0,-0.275
2159,0.0,0.0,0.0,0.0,0.0,0.0,-0.275
2160,0.0,0.0,0.0,0.0,0.0,0.0,-0.275
2161,0.0,0.0,0.0,0.0,0.0,0.0,-0.275
2162,0.0,0.0,0.0,0.0,0.0,0.0,-0.275
2163,0.0,0.0,0.0,0.0,0.0,0.0,-0.275
2164,0.0,0.0,0.0,0.0,0.0,0.0,-0.275
2165,0.0,0.0,0.0,0.0,0.0,0.0,-0.275
2166,0.0,0.0,0.0,0.0,0.0,0.0,-0.275
2167,0.0,0.0,0.0,0.0,0.0,0.0,-0.275
2168,0.0,0.0,0.0,0.0,0.0,0.0,-0.275
2169,73.171484375,60.624110243055554,803.7717708333333,114.43055921415502,0.0,0.0,-2.3554019504123263
2170,146.75609285142687,121.22911679161919,1007.1517893134223,384.969165049653,0.0,0.0,51.20480050474405
2171,146.87394097222221,121.22582465277777,1000.4506944444445,417.90464907750066,0.0,0.0,51.26657986111111
2172,146.8918576388889,121.23355902777777,1121.907013888889,487.0260497601556,0.0,0.0,51.211063368055555
2173,147.29359375,121.24374131944444,1159.4575694444445,511.64101947519174,0.0,0.0,51.13958767361111
2174,147.55508680555556,121.15598090277778,1063.6597222222222,472.183043604901,0.0,0.0,51.097378472222225
2175,148.0651909722222,121.26071180555556,1206.4598611111112,532.7179991999408,0.0,0.0,51.12980034722222
2176,148.48036458333334,121.2454079861111,939.2775694444445,408.2445644530429,0.0,0.0,51.04403645833333
2177,148.79680555555555,121.22702256944444,959.9068055555556,405.5118176201091,0.0,0.0,51.10761284722222
2178,148.58493055555556,121.13528645833334,748.3963888888889,300.1197091874936,0.0,0.0,51.07874565972222
2179,134.70283854166667,108.57140625,314.1846527777778,109.09656168129946,0.0,0.0,44.356762152777776
2180,0.0,0.0,0.0,0.0,0.0,0.0,-0.5084750027126737
2181,0.0,0.0,0.0,0.0,0.0,0.0,-0.275
2182,0.0,0.0,0.0,0.0,0.0,0.0,-0.275
2183,0.0,0.0,0.0,0.0,0.0,0.0,-0.275
2184,0.0,0.0,0.0,0.0,0.0,0.0,-0.275
2185,0.0,0.0,0.0,0.0,0.0,0.0,-0.275
2186,0.0,0.0,0.0,0.0,0.0,0.0,-0.275
2187,0.0,0.0,0.0,0.0,0.0,0.0,-0.275
2188,0.0,0.0,0.0,0.0,0.0,0.0,-0.275
2189,0.0,0.0,0.0,0.0,0.0,0.0,-0.275
2190,0.0,0.0,0.0,0.0,0.0,0.0,-0.275
2191,0.0,0.0,0.0,0.0,0.0,0.0,-0.275
2192,0.0,0.0,0.0,0.0,0.0,0.0,-0.275
2193,73.19610243055556,60.6283984375,919.7404861111111,132.78545742377872,0.0,0.0,-2.532428860134549
2194,146.30985624101427,121.2231628841824,1026.7698153008355,395.0072122405169,0.0,0.0,51.30988652487596
2195,146.29862847222222,121.26911458333333,733.4301388888889,308.0804599639319,0.0,0.0,51.211254340277776
2196,146.1223090277778,121.1784548611111,1099.2418055555556,479.85014088071483,0.0,0.0,51.317005208333335
2197,146.06954861111112,121.17624131944444,858.7156944444445,382.09432425421653,0.0,0.0,51.205555555555556
2198,124.45983506944444,99.65544270833334,231.08791666666667,100.18070802160203,0.0,0.0,39.94634548611111
2199,146.08779513888888,121.24739583333333,1157.3138194444443,518.0992732246899,0.0,0.0,51.14279947916667
2200,146.0184375,121.17951388888889,1051.605763888889,464.70963547460303,0.0,0.0,51.18045572916667
2201,146.06701388888888,121.23146701388889,1002.8506944444445,431.8333105862361,0.0,0.0,51.11251736111111
2202,146.04947916666666,121.17784722222223,874.855,357.4698191513686,0.0,0.0,51.108671875
2203,144.34240451388888,119.47512152777777,335.5554513888889,120.0008703762815,0.0,0.0,50.09339409722222
2204,0.0,0.0,0.0,0.0,0.0,0.0,-0.5084750027126737
2205,0.0,0.0,0.0,0.0,0.0,0.0,-0.275
2206,0.0,0.0,0.0,0.0,0.0,0.0,-0.275
2207,0.0,0.0,0.0,0.0,0.0,0.0,-0.275
2208,0.0,0.0,0.0,0.0,0.0,0.0,-0.275
2209,0.0,0.0,0.0,0.0,0.0,0.0,-0.275
2210,0.0,0.0,0.0,0.0,0.0,0.0,-0.275
2211,0.0,0.0,0.0,0.0,0.0,0.0,-0.275
2212,0.0,0.0,0.0,0.0,0.0,0.0,-0.275
2213,0.0,0.0,0.0,0.0,0.0,0.0,-0.275
2214,0.0,0.0,0.0,0.0,0.0,0.0,-0.275
2215,0.0,0.0,0.0,0.0,0.0,0.0,-0.275
2216,0.0,0.0,0.0,0.0,0.0,0.0,-0.275
2217,0.0,0.0,133.51026909722222,0.0,0.0,0.0,-1.2548984103732639
2218,123.11203125,102.10758680555556,792.0684201388889,257.6890790691312,0.0,0.0,16.060799391004775
2219,146.08741319444445,121.23213541666667,939.4258333333333,395.5567550953332,0.0,0.0,51.184444444444445
2220,145.91552083333335,121.18238715277778,1095.3855555555556,479.21687100107295,0.0,0.0,51.092760416666664
2221,145.95385416666667,121.26967013888888,1212.0015277777777,540.4110460461173,0.0,0.0,50.96974826388889
2222,145.86050347222223,121.23636284722222,1100.8597222222222,495.1885777019536,0.0,0.0,50.86139756944444
2223,145.83085069444445,121.22924479166667,950.8191666666667,426.518856367833,0.0,0.0,50.805638020833335
2224,145.8596701388889,121.2415798611111,1145.6103472222221,507.2611270659461,0.0,0.0,50.804301215277775
2225,145.80526041666667,121.18260416666666,849.5066666666667,366.51441434690355,0.0,0.0,50.76089409722222
2226,146.03809027777777,121.15904513888889,413.73086805555556,169.23179276945817,0.0,0.0,50.59178819444445
2227,0.0,0.0,0.0,0.0,0.0,0.0,-0.5084750027126737
2228,0.0,0.0,0.0,0.0,0.0,0.0,-0.275
2229,0.0,0.0,0.0,0.0,0.0,0.0,-0.275
2230,0.0,0.0,0.0,0.0,0.0,0.0,-0.275
2231,0.0,0.0,0.0,0.0,0.0,0.0,-0.275
2232,0.0,0.0,0.0,0.0,0.0,0.0,-0.275
2233,0.0,0.0,0.0,0.0,0.0,0.0,-0.275
2234,0.0,0.0,0.0,0.0,0.0,0.0,-0.275
2235,0.0,0.0,0.0,0.0,0.0,0.0,-0.275
2236,0.0,0.0,0.0,0.0,0.0,0.0,-0.275
2237,0.0,0.0,0.0,0.0,0.0,0.0,-0.275
2238,0.0,0.0,0.0,0.0,0.0,0.0,-0.275
2239,0.0,0.0,0.0,0.0,0.0,0.0,-0.275
2240,0.0,0.0,0.0,0.0,0.0,0.0,-0.275
2241,0.0,0.0,119.43385416666666,0.0,0.0,0.0,-1.1755752224392362
2242,112.30098090277778,93.22719835069445,615.5872569444444,183.6358567460799,0.0,0.0,12.232882554796007
2243,120.92455729166667,95.57498263888888,239.06994791666668,96.10034862349164,0.0,0.0,37.99459201388889
2244,147.85482638888888,121.22852430555555,984.5000694444444,425.5275123982181,0.0,0.0,50.88370659722222
2245,149.43918402777777,121.22657118055555,1097.2597222222223,477.9069690498975,0.0,0.0,50.85112847222222
2246,151.36409722222223,121.32347222222222,1229.7723611111112,533.6993455298754,0.0,0.0,50.8140625
2247,152.25569444444446,121.2532638888889,1210.4913888888889,520.3996186457935,0.0,0.0,50.794683159722226
2248,152.93758680555555,121.33138020833333,1097.0575694444444,463.8008513360721,0.0,0.0,50.8137890625
2249,152.85585069444446,121.21756944444445,878.4280555555556,361.8094511402416,0.0,0.0,50.85826822916667
2250,151.59524305555556,121.26019097222222,654.0816666666667,258.2352932602322,0.0,0.0,50.926219618055555
2251,128.12347222222223,99.50162326388889,295.9688888888889,100.02703794635791,0.0,0.0,39.80444444444444
2252,0.0,0.0,0.0,0.0,0.0,0.0,-0.5084750027126737
2253,0.0,0.0,0.0,0.0,0.0,0.0,-0.275
2254,0.0,0.0,0.0,0.0,0.0,0.0,-0.275
2255,0.0,0.0,0.0,0.0,0.0,0.0,-0.275
2256,0.0,0.0,0.0,0.0,0.0,0.0,-0.275
2257,0.0,0.0,0.0,0.0,0.0,0.0,-0.275
2258,0.0,0.0,0.0,0.0,0.0,0.0,-0.275
2259,0.0,0.0,0.0,0.0,0.0,0.0,-0.275
2260,0.0,0.0,0.0,0.0,0.0,0.0,-0.275
2261,0.0,0.0,0.0,0.0,0.0,0.0,-0.275
2262,0.0,0.0,0.0,0.0,0.0,0.0,-0.275
2263,0.0,0.0,0.0,0.0,0.0,0.0,-0.275
2264,0.0,0.0,0.0,0.0,0.0,0.0,-0.275
2265,73.94134548611112,60.63094184027778,944.873125,140.45029507954794,0.0,0.0,-2.646879408094618
2266,148.10561510721843,121.24015421125624,534.2838184611003,205.05364877712563,0.0,0.0,51.26035034120083
2267,148.3753125,121.15282986111112,737.1649305555555,306.1395036270736,0.0,0.0,51.288203125
2268,0.0,0.0,0.0,0.0,0.0,0.0,-0.5084750027126737
2269,0.0,0.0,0.0,0.0,0.0,0.0,-0.275
2270,74.77339409722222,60.625234375,551.6096354166667,121.13069021970966,0.0,0.0,-2.4243174235026044
2271,0.0,0.0,0.0,0.0,0.0,0.0,-0.5084750027126737
2272,0.0,0.0,0.0,0.0,0.0,0.0,-0.275
2273,0.0,0.0,0.0,0.0,0.0,0.0,-0.275
2274,0.0,0.0,158.3462673611111,0.0,0.0,0.0,-1.6370107693142362
2275,0.0,0.0,83.02981770833334,0.0,0.0,0.0,-1.0384638468424479
2276,0.0,0.0,0.0,0.0,0.0,0.0,-0.275
2277,0.0,0.0,0.0,0.0,0.0,0.0,-0.275
2278,0.0,0.0,0.0,0.0,0.0,0.0,-0.275
2279,0.0,0.0,0.0,0.0,0.0,0.0,-0.275
2280,0.0,0.0,0.0,0.0,0.0,0.0,-0.275
2281,0.0,0.0,0.0,0.0,0.0,0.0,-0.275
2282,0.0,0.0,0.0,0.0,0.0,0.0,-0.275
2283,0.0,0.0,0.0,0.0,0.0,0.0,-0.275
2284,0.0,0.0,0.0,0.0,0.0,0.0,-0.275
2285,0.0,0.0,0.0,0.0,0.0,0.0,-0.275
2286,0.0,0.0,0.0,0.0,0.0,0.0,-0.275
2287,0.0,0.0,0.0,0.0,0.0,0.0,-0.275
2288,0.0,0.0,0.0,0.0,0.0,0.0,-0.275
2289,73.69381944444444,60.616627604166666,587.2186805555556,88.61692438653154,0.0,0.0,-2.212763129340278
2290,0.0,0.0,0.0,0.0,0.0,0.0,-0.5084750027126737
2291,0.0,0.0,0.0,0.0,0.0,0.0,-0.275
2292,74.011953125,60.620394965277775,502.4500347222222,108.62002663777419,0.0,0.0,-2.3183832465277776
2293,0.0,0.0,0.0,0.0,0.0,0.0,-0.5084750027126737
2294,0.0,0.0,148.7867013888889,0.0,0.0,0.0,-1.672925075954861
2295,0.0,0.0,0.0,0.0,0.0,0.0,-0.5084750027126737
2296,74.68664930555556,60.62891493055555,618.7962847222223,133.93995821642753,0.0,0.0,-2.5664706081814237
2297,148.85605681313407,121.25286667929755,568.0051701397366,240.5596959022583,0.0,0.0,51.19275670246945
2298,149.9138888888889,121.22413194444445,806.7245833333334,322.6569576750385,0.0,0.0,51.30579861111111
2299,0.0,0.0,0.0,0.0,0.0,0.0,-0.5084750027126737
2300,0.0,0.0,0.0,0.0,0.0,0.0,-0.275
2301,0.0,0.0,0.0,0.0,0.0,0.0,-0.275
2302,0.0,0.0,0.0,0.0,0.0,0.0,-0.275
2303,0.0,0.0,0.0,0.0,0.0,0.0,-0.275
2304,0.0,0.0,0.0,0.0,0.0,0.0,-0.275
2305,0.0,0.0,0.0,0.0,0.0,0.0,-0.275
2306,0.0,0.0,0.0,0.0,0.0,0.0,-0.275
2307,0.0,0.0,0.0,0.0,0.0,0.0,-0.275
2308,0.0,0.0,0.0,0.0,0.0,0.0,-0.275
2309,0.0,0.0,0.0,0.0,0.0,0.0,-0.275
2310,0.0,0.0,0.0,0.0,0.0,0.0,-0.275
2311,0.0,0.0,0.0,0.0,0.0,0.0,-0.275
2312,0.0,0.0,0.0,0.0,0.0,0.0,-0.275
2313,0.0,0.0,124.71925347222222,0.0,0.0,0.0,-1.2197926161024306
2314,0.0,0.0,0.0,0.0,0.0,0.0,-0.5084750027126737
2315,0.0,0.0,0.0,0.0,0.0,0.0,-0.275
2316,0.0,0.0,0.0,0.0,0.0,0.0,-0.275
2317,0.0,0.0,0.0,0.0,0.0,0.0,-0.275
2318,0.0,0.0,0.0,0.0,0.0,0.0,-0.275
2319,0.0,0.0,0.0,0.0,0.0,0.0,-0.275
2320,73.81122395833333,60.581966145833334,781.0121875,170.98773837492882,0.0,0.0,-2.914506022135417
2321,0.0,0.0,0.0,0.0,0.0,0.0,-0.5084750027126737
2322,73.66552951388888,60.62465711805555,565.9152951388888,115.29248597233621,0.0,0.0,-2.3653846571180557
2323,146.7314426167806,121.23103147294786,436.46345433553057,158.19087637597036,0.0,0.0,51.00250605497095
2324,0.0,0.0,0.0,0.0,0.0,0.0,-0.5084750027126737
2325,0.0,0.0,0.0,0.0,0.0,0.0,-0.275
2326,0.0,0.0,0.0,0.0,0.0,0.0,-0.275
2327,0.0,0.0,0.0,0.0,0.0,0.0,-0.275
2328,0.0,0.0,0.0,0.0,0.0,0.0,-0.275
2329,0.0,0.0,0.0,0.0,0.0,0.0,-0.275
2330,0.0,0.0,0.0,0.0,0.0,0.0,-0.275
2331,0.0,0.0,0.0,0.0,0.0,0.0,-0.275
2332,0.0,0.0,0.0,0.0,0.0,0.0,-0.275
2333,0.0,0.0,0.0,0.0,0.0,0.0,-0.275
2334,0.0,0.0,0.0,0.0,0.0,0.0,-0.275
2335,0.0,0.0,0.0,0.0,0.0,0.0,-0.275
2336,0.0,0.0,0.0,0.0,0.0,0.0,-0.275
2337,73.19967013888889,60.63296440972222,1002.4192361111111,155.7969229657817,0.0,0.0,-2.9173684353298612
2338,146.31051790025498,121.23862702687582,1129.2013622368706,442.54534412659933,0.0,0.0,51.297744966612925
2339,146.21255208333332,121.23707465277778,1172.15875,495.9693458452909,0.0,0.0,51.23385416666667
2340,146.17215277777777,121.25191840277778,1196.09125,524.4453115402099,0.0,0.0,51.28072482638889
2341,146.37897569444445,121.26947048611112,1243.5116666666668,554.1709838296841,0.0,0.0,51.20906684027778
2342,146.52725694444445,121.26741319444444,1268.6308333333334,569.545057914779,0.0,0.0,51.146458333333335
2343,146.57241319444444,121.26942708333333,1249.3094444444444,558.8429667456586,0.0,0.0,51.12625
2344,146.68590277777778,121.24100694444445,1148.2665972222221,506.5034600459847,0.0,0.0,51.094348958333335
2345,146.6404513888889,121.21524305555556,921.345,396.3777902318881,0.0,0.0,51.065394965277775
2346,146.61895833333332,121.16870659722223,325.37569444444443,133.26420177545157,0.0,0.0,50.783953993055555
2347,0.0,0.0,0.0,0.0,0.0,0.0,-0.5084750027126737
2348,0.0,0.0,0.0,0.0,0.0,0.0,-0.275
2349,0.0,0.0,0.0,0.0,0.0,0.0,-0.275
2350,0.0,0.0,0.0,0.0,0.0,0.0,-0.275
2351,0.0,0.0,0.0,0.0,0.0,0.0,-0.275
2352,0.0,0.0,0.0,0.0,0.0,0.0,-0.275
2353,0.0,0.0,0.0,0.0,0.0,0.0,-0.275
2354,0.0,0.0,0.0,0.0,0.0,0.0,-0.275
2355,0.0,0.0,0.0,0.0,0.0,0.0,-0.275
2356,0.0,0.0,0.0,0.0,0.0,0.0,-0.275
2357,0.0,0.0,0.0,0.0,0.0,0.0,-0.275
2358,0.0,0.0,0.0,0.0,0.0,0.0,-0.275
2359,0.0,0.0,0.0,0.0,0.0,0.0,-0.275
2360,0.0,0.0,0.0,0.0,0.0,0.0,-0.275
2361,69.73371961805556,57.816471354166666,435.0342361111111,65.26568997649953,0.0,0.0,-2.161927964952257
2362,146.1323003472222,121.22858208550348,1084.0732291666666,426.5007928593304,0.0,0.0,50.07111747317844
2363,146.60104166666667,121.24080729166667,444.9039236111111,187.95134833261713,0.0,0.0,51.01028645833333
2364,147.3190277777778,121.23284722222222,911.0438194444445,396.5375339823236,0.0,0.0,51.102777777777774
2365,147.88947916666666,121.14559027777777,1040.0102777777777,458.47984397615346,0.0,0.0,51.14115885416667
2366,148.71972222222223,121.21433159722223,859.7808333333334,380.30925655448846,0.0,0.0,51.07748263888889
2367,148.91168402777777,121.23859375,1003.673125,441.95751408228693,0.0,0.0,51.10452256944444
2368,148.75159722222222,121.24932291666667,522.2703125,227.26778181485653,0.0,0.0,50.98165798611111
2369,148.73319444444445,121.23034722222222,402.4454513888889,170.80567849617512,0.0,0.0,50.922552083333336
2370,148.35071180555556,121.15381076388888,707.1244444444444,286.4709979326077,0.0,0.0,51.042591145833335
2371,0.0,0.0,0.0,0.0,0.0,0.0,-0.5084750027126737
2372,0.0,0.0,0.0,0.0,0.0,0.0,-0.275
2373,0.0,0.0,0.0,0.0,0.0,0.0,-0.275
2374,0.0,0.0,0.0,0.0,0.0,0.0,-0.275
2375,0.0,0.0,0.0,0.0,0.0,0.0,-0.275
2376,0.0,0.0,0.0,0.0,0.0,0.0,-0.275
2377,0.0,0.0,0.0,0.0,0.0,0.0,-0.275
2378,0.0,0.0,0.0,0.0,0.0,0.0,-0.275
2379,0.0,0.0,0.0,0.0,0.0,0.0,-0.275
2380,0.0,0.0,0.0,0.0,0.0,0.0,-0.275
2381,0.0,0.0,0.0,0.0,0.0,0.0,-0.275
2382,0.0,0.0,0.0,0.0,0.0,0.0,-0.275
2383,0.0,0.0,0.0,0.0,0.0,0.0,-0.275
2384,0.0,0.0,0.0,0.0,0.0,0.0,-0.275
2385,73.11663194444445,60.58599392361111,985.3360069444444,156.36857560436655,0.0,0.0,-2.9235807291666664
2386,146.20698009067112,121.22757427215576,1076.657519293891,424.48197981849546,0.0,0.0,51.2736656919784
2387,146.19484375,121.24363715277778,466.04552083333334,197.63308816183215,0.0,0.0,51.04850694444445
2388,101.25909722222222,76.39341145833333,192.16203125,76.91854413992814,0.0,0.0,29.130707465277776
2389,146.12744791666665,121.250859375,500.71069444444447,223.68684930451238,0.0,0.0,51.094088541666665
2390,146.0379513888889,121.1588888888889,365.48809027777776,164.6364594984471,0.0,0.0,50.94834635416667
2391,146.21940972222222,121.1751388888889,777.614375,348.6635790027037,0.0,0.0,51.12002604166667
2392,146.23605902777777,121.16401909722222,325.76670138888886,144.14525013769807,0.0,0.0,50.846453993055555
2393,146.41836805555556,121.24556423611111,1040.3204166666667,448.7848803569514,0.0,0.0,51.14303385416667
2394,146.6809375,121.25998263888889,633.924375,260.2029404205632,0.0,0.0,51.07086805555556
2395,146.97194444444443,121.15296006944445,398.5622916666667,145.3171987141761,0.0,0.0,50.94911892361111
2396,0.0,0.0,0.0,0.0,0.0,0.0,-0.5084750027126737
2397,0.0,0.0,0.0,0.0,0.0,0.0,-0.275
2398,0.0,0.0,0.0,0.0,0.0,0.0,-0.275
2399,0.0,0.0,0.0,0.0,0.0,0.0,-0.275
2400,0.0,0.0,0.0,0.0,0.0,0.0,-0.275
2401,0.0,0.0,0.0,0.0,0.0,0.0,-0.275
2402,0.0,0.0,0.0,0.0,0.0,0.0,-0.275
2403,0.0,0.0,0.0,0.0,0.0,0.0,-0.275
2404,0.0,0.0,0.0,0.0,0.0,0.0,-0.275
2405,0.0,0.0,0.0,0.0,0.0,0.0,-0.275
2406,0.0,0.0,0.0,0.0,0.0,0.0,-0.275
2407,0.0,0.0,0.0,0.0,0.0,0.0,-0.275
2408,0.0,0.0,0.0,0.0,0.0,0.0,-0.275
2409,73.20103298611112,60.629544270833335,861.8302777777777,138.0250638297653,0.0,0.0,-2.5998375786675347
2410,146.27171357896592,121.23622064378526,1112.64408331977,439.6270915107343,0.0,0.0,51.31552059352398
2411,146.21258680555556,121.24202256944444,1200.4329166666666,509.4895075213603,0.0,0.0,51.27073784722222
2412,146.1734375,121.269921875,1240.4104166666666,544.941246952564,0.0,0.0,51.29708767361111
2413,146.35196180555556,121.26005208333333,584.7917361111112,260.9776894815024,0.0,0.0,51.098619791666664
2414,146.48265625,121.24788194444444,471.6410069444444,212.0586961860037,0.0,0.0,50.988546006944446
2415,146.53555555555556,121.23984375,411.06118055555555,184.0743625618893,0.0,0.0,50.93011284722222
2416,0.0,0.0,0.0,0.0,0.0,0.0,-0.5084750027126737
2417,73.339296875,60.62357204861111,515.8253645833333,111.11402261604896,0.0,0.0,-2.3320643446180553
2418,0.0,0.0,0.0,0.0,0.0,0.0,-0.5084750027126737
2419,0.0,0.0,0.0,0.0,0.0,0.0,-0.275
2420,0.0,0.0,0.0,0.0,0.0,0.0,-0.275
2421,0.0,0.0,0.0,0.0,0.0,0.0,-0.275
2422,0.0,0.0,0.0,0.0,0.0,0.0,-0.275
2423,0.0,0.0,0.0,0.0,0.0,0.0,-0.275
2424,0.0,0.0,0.0,0.0,0.0,0.0,-0.275
2425,0.0,0.0,0.0,0.0,0.0,0.0,-0.275
2426,0.0,0.0,0.0,0.0,0.0,0.0,-0.275
2427,0.0,0.0,0.0,0.0,0.0,0.0,-0.275
2428,0.0,0.0,0.0,0.0,0.0,0.0,-0.275
2429,0.0,0.0,0.0,0.0,0.0,0.0,-0.275
2430,0.0,0.0,0.0,0.0,0.0,0.0,-0.275
2431,0.0,0.0,0.0,0.0,0.0,0.0,-0.275
2432,0.0,0.0,0.0,0.0,0.0,0.0,-0.275
2433,73.32735243055555,60.62362847222222,697.3895833333333,112.50677530710163,0.0,0.0,-2.342008056640625
2434,146.75497808244492,121.26720636579725,749.057055867513,295.7950982961325,0.0,0.0,51.259858213067055
2435,146.77614583333335,121.1653732638889,833.1920138888889,352.37995659273867,0.0,0.0,51.27819010416667
2436,146.82463541666667,121.23203125,371.3667361111111,162.4685554535248,0.0,0.0,50.97802517361111
2437,146.89836805555555,121.25642361111112,549.8837847222222,244.579383437747,0.0,0.0,51.16547309027778
2438,0.0,0.0,0.0,0.0,0.0,0.0,-0.5084750027126737
2439,0.0,0.0,0.0,0.0,0.0,0.0,-0.275
2440,0.0,0.0,0.0,0.0,0.0,0.0,-0.275
2441,0.0,0.0,0.0,0.0,0.0,0.0,-0.275
2442,73.85108506944445,60.62480034722222,565.6591145833333,115.47645071014577,0.0,0.0,-2.3681103515625
2443,91.50544832017687,66.11508673773872,206.7103534274631,66.64047162428129,0.0,0.0,24.05081923590766
2444,0.0,0.0,0.0,0.0,0.0,0.0,-0.5084750027126737
2445,0.0,0.0,0.0,0.0,0.0,0.0,-0.275
2446,0.0,0.0,0.0,0.0,0.0,0.0,-0.275
2447,0.0,0.0,0.0,0.0,0.0,0.0,-0.275
2448,0.0,0.0,0.0,0.0,0.0,0.0,-0.275
2449,0.0,0.0,0.0,0.0,0.0,0.0,-0.275
2450,0.0,0.0,0.0,0.0,0.0,0.0,-0.275
2451,0.0,0.0,0.0,0.0,0.0,0.0,-0.275
2452,0.0,0.0,0.0,0.0,0.0,0.0,-0.275
2453,0.0,0.0,0.0,0.0,0.0,0.0,-0.275
2454,0.0,0.0,0.0,0.0,0.0,0.0,-0.275
2455,0.0,0.0,0.0,0.0,0.0,0.0,-0.275
2456,0.0,0.0,0.0,0.0,0.0,0.0,-0.275
2457,73.16173611111111,60.58443576388889,1066.4776736111112,173.83371043262161,0.0,0.0,-2.912947455512153
2458,146.25338639153375,121.17525714026557,1192.0734297349718,473.11884554424995,0.0,0.0,51.34470273332463
2459,146.2645486111111,121.26723090277778,1266.7430555555557,538.5606881287559,0.0,0.0,51.26478298611111
2460,146.18506944444445,121.26905381944445,1255.84875,552.2946568976879,0.0,0.0,51.276180555555555
2461,146.12446180555557,121.26704861111111,1269.5880555555555,567.9581783322142,0.0,0.0,51.20978298611111
2462,146.08243055555556,121.26966145833333,1224.9318055555555,552.8475869139604,0.0,0.0,51.14933159722222
2463,146.0415798611111,121.26649305555556,1274.6847222222223,573.2521905438773,0.0,0.0,51.1394921875
2464,145.99633680555556,121.24934895833333,1173.0620833333332,520.7767865584524,0.0,0.0,51.10532986111111
2465,145.96741319444445,121.24396701388889,1033.7675694444445,447.9430922918711,0.0,0.0,51.085499131944445
2466,145.9321527777778,121.19027777777778,810.62125,335.1048567710739,0.0,0.0,51.05580729166667
2467,145.9973263888889,121.24428819444445,449.9061458333333,166.52364166478765,0.0,0.0,50.882625868055555
2468,0.0,0.0,0.0,0.0,0.0,0.0,-0.5084750027126737
2469,0.0,0.0,0.0,0.0,0.0,0.0,-0.275
2470,0.0,0.0,0.0,0.0,0.0,0.0,-0.275
2471,0.0,0.0,0.0,0.0,0.0,0.0,-0.275
2472,0.0,0.0,0.0,0.0,0.0,0.0,-0.275
2473,0.0,0.0,0.0,0.0,0.0,0.0,-0.275
2474,0.0,0.0,0.0,0.0,0.0,0.0,-0.275
2475,0.0,0.0,0.0,0.0,0.0,0.0,-0.275
2476,0.0,0.0,0.0,0.0,0.0,0.0,-0.275
2477,0.0,0.0,0.0,0.0,0.0,0.0,-0.275
2478,0.0,0.0,0.0,0.0,0.0,0.0,-0.275
2479,0.0,0.0,0.0,0.0,0.0,0.0,-0.275
2480,0.0,0.0,0.0,0.0,0.0,0.0,-0.275
2481,73.245078125,60.585147569444445,963.0753819444444,158.1017504109043,0.0,0.0,-2.9218712022569444
2482,146.4871224170261,121.15530562082927,387.802720896403,153.99530857760922,0.0,0.0,50.976449108587374
2483,0.0,0.0,0.0,0.0,0.0,0.0,-0.5084750027126737
2484,73.4687673611111,60.618502604166665,427.60503472222223,93.56716075439435,0.0,0.0,-2.232585720486111
2485,0.0,0.0,0.0,0.0,0.0,0.0,-0.5084750027126737
2486,73.87393229166666,60.625004340277776,515.90625,115.13799309208129,0.0,0.0,-2.3655806477864583
2487,148.02372219933403,121.24996017456054,528.2164063856337,234.41333522141355,0.0,0.0,50.9543459677034
2488,119.15067708333333,91.97322048611112,223.79352430555556,92.498778284981,0.0,0.0,36.13318142361111
2489,0.0,0.0,0.0,0.0,0.0,0.0,-0.5084750027126737
2490,73.15770833333333,60.61514322916667,401.69039930555556,82.90203691121391,0.0,0.0,-2.1923198784722224
2491,0.0,0.0,0.0,0.0,0.0,0.0,-0.5084750027126737
2492,0.0,0.0,0.0,0.0,0.0,0.0,-0.275
2493,0.0,0.0,0.0,0.0,0.0,0.0,-0.275
2494,0.0,0.0,0.0,0.0,0.0,0.0,-0.275
2495,0.0,0.0,0.0,0.0,0.0,0.0,-0.275
2496,0.0,0.0,0.0,0.0,0.0,0.0,-0.275
2497,0.0,0.0,0.0,0.0,0.0,0.0,-0.275
2498,0.0,0.0,0.0,0.0,0.0,0.0,-0.275
2499,0.0,0.0,0.0,0.0,0.0,0.0,-0.275
2500,0.0,0.0,0.0,0.0,0.0,0.0,-0.275
2501,0.0,0.0,0.0,0.0,0.0,0.0,-0.275
2502,0.0,0.0,0.0,0.0,0.0,0.0,-0.275
2503,0.0,0.0,0.0,0.0,0.0,0.0,-0.275
2504,0.0,0.0,0.0,0.0,0.0,0.0,-0.275
2505,74.81163194444444,60.61071180555555,1027.7675694444445,166.56554490901377,0.0,0.0,-2.916930881076389
2506,149.78995058165657,121.23865174505445,1088.8597634633381,424.07340492864176,0.0,0.0,51.33032865196466
2507,149.80078125,121.27103298611111,733.0525694444444,304.8504374389882,0.0,0.0,51.2365625
2508,149.71654513888888,121.24521701388889,504.095,216.6461670756949,0.0,0.0,51.0958203125
2509,150.0860763888889,121.26286458333334,622.5985416666666,271.36954629695305,0.0,0.0,51.204296875
2510,0.0,0.0,0.0,0.0,0.0,0.0,-0.5084750027126737
2511,0.0,0.0,0.0,0.0,0.0,0.0,-0.275
2512,75.17586805555555,60.598984375,860.8729513888889,185.58472428732782,0.0,0.0,-2.9099607340494793
2513,150.1281393867069,121.3427190346188,1100.468781399197,464.40754437625986,0.0,0.0,51.31798078912828
2514,148.14690972222223,121.15209201388889,809.0436805555555,329.87023947897734,0.0,0.0,51.192196180555555
2515,146.9114236111111,121.23407986111111,450.0679513888889,166.33029613587698,0.0,0.0,51.03561197916667
2516,0.0,0.0,0.0,0.0,0.0,0.0,-0.5084750027126737
2517,0.0,0.0,0.0,0.0,0.0,0.0,-0.275
2518,0.0,0.0,0.0,0.0,0.0,0.0,-0.275
2519,0.0,0.0,0.0,0.0,0.0,0.0,-0.275
2520,0.0,0.0,0.0,0.0,0.0,0.0,-0.275
2521,0.0,0.0,0.0,0.0,0.0,0.0,-0.275
2522,0.0,0.0,0.0,0.0,0.0,0.0,-0.275
2523,0.0,0.0,0.0,0.0,0.0,0.0,-0.275
2524,0.0,0.0,0.0,0.0,0.0,0.0,-0.275
2525,0.0,0.0,0.0,0.0,0.0,0.0,-0.275
2526,0.0,0.0,0.0,0.0,0.0,0.0,-0.275
2527,0.0,0.0,0.0,0.0,0.0,0.0,-0.275
2528,0.0,0.0,0.0,0.0,0.0,0.0,-0.275
2529,73.17083333333333,60.630130208333334,843.02125,140.78694660369953,0.0,0.0,-2.63875495062934
2530,146.27015560997856,121.22611754947239,1053.0215132988824,420.8380056213694,0.0,0.0,51.3017846344577
2531,146.21675347222222,121.23534722222222,1159.4036805555556,494.250908619333,0.0,0.0,51.2780078125
2532,146.109375,121.15803819444444,1110.796875,489.07528411791805,0.0,0.0,51.316167534722226
2533,146.51711805555556,121.27039930555556,1208.6845833333334,539.8938357188015,0.0,0.0,51.28231770833333
2534,146.84741319444444,121.23828125,1113.29125,500.35873116647394,0.0,0.0,51.24632378472222
2535,147.1056076388889,121.22575520833334,852.4055555555556,380.81733318683337,0.0,0.0,51.177196180555555
2536,126.94390625,100.91313368055556,238.28793402777777,101.43842285403426,0.0,0.0,40.60145833333333
2537,147.5626736111111,121.25551215277778,558.0141319444444,239.51221301022392,0.0,0.0,51.06259114583333
2538,0.0,0.0,0.0,0.0,0.0,0.0,-0.5084750027126737
2539,0.0,0.0,0.0,0.0,0.0,0.0,-0.275
2540,0.0,0.0,0.0,0.0,0.0,0.0,-0.275
2541,0.0,0.0,0.0,0.0,0.0,0.0,-0.275
2542,0.0,0.0,0.0,0.0,0.0,0.0,-0.275
2543,0.0,0.0,0.0,0.0,0.0,0.0,-0.275
2544,0.0,0.0,0.0,0.0,0.0,0.0,-0.275
2545,0.0,0.0,0.0,0.0,0.0,0.0,-0.275
2546,0.0,0.0,0.0,0.0,0.0,0.0,-0.275
2547,0.0,0.0,0.0,0.0,0.0,0.0,-0.275
2548,0.0,0.0,0.0,0.0,0.0,0.0,-0.275
2549,0.0,0.0,0.0,0.0,0.0,0.0,-0.275
2550,0.0,0.0,0.0,0.0,0.0,0.0,-0.275
2551,0.0,0.0,0.0,0.0,0.0,0.0,-0.275
2552,0.0,0.0,0.0,0.0,0.0,0.0,-0.275
2553,73.6896875,60.582578125,1004.7787847222222,167.68379937616774,0.0,0.0,-2.9163414849175346
2554,133.17667229122586,107.13065071105957,276.8093239678277,107.65582448242228,0.0,0.0,43.51388815475835
2555,0.0,0.0,0.0,0.0,0.0,0.0,-0.5084750027126737
2556,0.0,0.0,94.98888020833333,0.0,0.0,0.0,-1.2849342176649305
2557,0.0,0.0,0.0,0.0,0.0,0.0,-0.5084750027126737
2558,0.0,0.0,0.0,0.0,0.0,0.0,-0.275
2559,0.0,0.0,0.0,0.0,0.0,0.0,-0.275
2560,73.81215277777778,60.61543402777778,1111.7541666666666,244.30829937550288,0.0,0.0,-2.8873160129123265
2561,148.3727453274197,121.26651856316461,709.1604515414767,302.87625758037757,0.0,0.0,51.31082959605588
2562,0.0,0.0,0.0,0.0,0.0,0.0,-0.5084750027126737
2563,0.0,0.0,0.0,0.0,0.0,0.0,-0.275
2564,0.0,0.0,0.0,0.0,0.0,0.0,-0.275
2565,0.0,0.0,0.0,0.0,0.0,0.0,-0.275
2566,0.0,0.0,0.0,0.0,0.0,0.0,-0.275
2567,0.0,0.0,0.0,0.0,0.0,0.0,-0.275
2568,0.0,0.0,0.0,0.0,0.0,0.0,-0.275
2569,0.0,0.0,0.0,0.0,0.0,0.0,-0.275
2570,0.0,0.0,0.0,0.0,0.0,0.0,-0.275
2571,0.0,0.0,0.0,0.0,0.0,0.0,-0.275
2572,0.0,0.0,0.0,0.0,0.0,0.0,-0.275
2573,0.0,0.0,0.0,0.0,0.0,0.0,-0.275
2574,0.0,0.0,0.0,0.0,0.0,0.0,-0.275
2575,0.0,0.0,0.0,0.0,0.0,0.0,-0.275
2576,0.0,0.0,0.0,0.0,0.0,0.0,-0.275
2577,73.42805555555556,60.57986545138889,1098.0956944444445,185.156869912674,0.0,0.0,-2.9102832709418403
2578,146.79387166341147,121.28220381842719,1123.646293267144,449.468724675748,0.0,0.0,50.98570875763893
2579,146.62991319444444,121.23791666666666,1175.1655555555556,500.3866490921579,0.0,0.0,51.399348958333334
2580,146.34899305555555,121.2518576388889,1190.9002777777778,524.3973388647078,0.0,0.0,51.34599826388889
2581,146.29345486111112,121.26886284722222,1240.37,555.2856262984951,0.0,0.0,51.291050347222225
2582,146.20777777777778,121.24037326388888,982.4371527777778,443.85372053481433,0.0,0.0,51.32953559027778
2583,146.16722222222222,121.23155381944444,881.0168055555556,396.39389518736965,0.0,0.0,51.26475260416667
2584,146.09262152777777,121.17603298611111,852.8370138888889,378.69862094863055,0.0,0.0,51.238993055555554
2585,146.18449652777778,121.25216145833333,528.4860416666667,229.15782471574812,0.0,0.0,51.13359375
2586,146.4128472222222,121.17159722222222,313.76670138888886,129.75450854819,0.0,0.0,50.94193142361111
2587,0.0,0.0,0.0,0.0,0.0,0.0,-0.5084750027126737
2588,0.0,0.0,0.0,0.0,0.0,0.0,-0.275
2589,0.0,0.0,0.0,0.0,0.0,0.0,-0.275
2590,0.0,0.0,0.0,0.0,0.0,0.0,-0.275
2591,0.0,0.0,0.0,0.0,0.0,0.0,-0.275
2592,0.0,0.0,0.0,0.0,0.0,0.0,-0.275
2593,0.0,0.0,0.0,0.0,0.0,0.0,-0.275
2594,0.0,0.0,0.0,0.0,0.0,0.0,-0.275
2595,0.0,0.0,0.0,0.0,0.0,0.0,-0.275
2596,0.0,0.0,0.0,0.0,0.0,0.0,-0.275
2597,0.0,0.0,0.0,0.0,0.0,0.0,-0.275
2598,0.0,0.0,0.0,0.0,0.0,0.0,-0.275
2599,0.0,0.0,0.0,0.0,0.0,0.0,-0.275
2600,0.0,0.0,0.0,0.0,0.0,0.0,-0.275
2601,73.15599826388889,60.626453993055556,727.1065277777777,123.94709327640436,0.0,0.0,-2.4369605170355904
2602,146.18143884446886,121.1767442788018,1179.1160316636826,474.1151946182743,0.0,0.0,51.294188532233235
2603,146.17920138888888,121.24040798611111,1183.97,506.09639486361436,0.0,0.0,51.238467881944445
2604,146.40270833333332,121.22628472222222,955.605625,420.7409852128125,0.0,0.0,51.2610546875
2605,146.93921875,121.26549479166667,634.1670833333334,282.7455852464807,0.0,0.0,51.136484375
2606,147.03421875,121.16434895833333,1055.9608333333333,474.2855387809442,0.0,0.0,51.20122395833334
2607,147.2301388888889,121.16014756944445,1026.7967361111112,458.5223339268882,0.0,0.0,51.16344618055555
2608,147.53817708333332,121.23128472222223,899.9472222222222,395.99251066415263,0.0,0.0,51.138667534722224
2609,147.7802951388889,121.23356770833334,817.6459027777778,350.79968249710805,0.0,0.0,51.11103732638889
2610,147.74017361111112,121.16317708333334,806.5897222222222,330.76645113019225,0.0,0.0,51.13717447916667
2611,147.08335069444445,121.23889756944445,491.7579166666667,183.15829463297425,0.0,0.0,51.04111979166667
2612,0.0,0.0,0.0,0.0,0.0,0.0,-0.5084750027126737
2613,0.0,0.0,0.0,0.0,0.0,0.0,-0.275
2614,0.0,0.0,0.0,0.0,0.0,0.0,-0.275
2615,0.0,0.0,0.0,0.0,0.0,0.0,-0.275
2616,0.0,0.0,0.0,0.0,0.0,0.0,-0.275
2617,0.0,0.0,0.0,0.0,0.0,0.0,-0.275
2618,0.0,0.0,0.0,0.0,0.0,0.0,-0.275
2619,0.0,0.0,0.0,0.0,0.0,0.0,-0.275
2620,0.0,0.0,0.0,0.0,0.0,0.0,-0.275
2621,0.0,0.0,0.0,0.0,0.0,0.0,-0.275
2622,0.0,0.0,0.0,0.0,0.0,0.0,-0.275
2623,0.0,0.0,0.0,0.0,0.0,0.0,-0.275
2624,0.0,0.0,0.0,0.0,0.0,0.0,-0.275
2625,73.16282118055555,60.584522569444445,1007.8394097222222,172.7268963396733,0.0,0.0,-2.9135616048177084
2626,146.60793711344402,121.28088479359944,1117.4440572102865,449.20716712849935,0.0,0.0,51.30297848449813
2627,147.12203125,121.16234375,1103.151875,468.5865759099347,0.0,0.0,51.24470486111111
2628,147.40567708333333,121.25497395833334,1201.2958333333333,525.6784937445162,0.0,0.0,51.30549479166667
2629,147.289375,121.16131076388889,1083.9788888888888,481.8996998963769,0.0,0.0,51.250828993055556
2630,147.5194965277778,121.17302951388889,774.0144444444444,346.6683593932511,0.0,0.0,51.14756944444444
2631,147.99640625,121.26453993055556,655.6861805555556,291.62114554842327,0.0,0.0,51.118580729166666
2632,148.5271527777778,121.24006944444444,916.66625,400.8008654246736,0.0,0.0,51.104366319444445
2633,148.67600694444445,121.215,988.8552083333333,421.7964360799088,0.0,0.0,51.181979166666665
2634,148.76059027777777,121.14493923611111,804.081875,327.6462588895563,0.0,0.0,51.173077256944445
2635,99.41383680555556,72.69703125,220.50362847222223,73.22226159238525,0.0,0.0,27.191419270833332
2636,0.0,0.0,0.0,0.0,0.0,0.0,-0.5084750027126737
2637,0.0,0.0,0.0,0.0,0.0,0.0,-0.275
2638,0.0,0.0,0.0,0.0,0.0,0.0,-0.275
2639,0.0,0.0,0.0,0.0,0.0,0.0,-0.275
2640,0.0,0.0,0.0,0.0,0.0,0.0,-0.275
2641,0.0,0.0,0.0,0.0,0.0,0.0,-0.275
2642,0.0,0.0,0.0,0.0,0.0,0.0,-0.275
2643,0.0,0.0,0.0,0.0,0.0,0.0,-0.275
2644,0.0,0.0,0.0,0.0,0.0,0.0,-0.275
2645,0.0,0.0,0.0,0.0,0.0,0.0,-0.275
2646,0.0,0.0,0.0,0.0,0.0,0.0,-0.275
2647,0.0,0.0,0.0,0.0,0.0,0.0,-0.275
2648,0.0,0.0,0.0,0.0,0.0,0.0,-0.275
2649,67.23723090277778,55.28369357638889,386.1308159722222,60.27829426868921,0.0,0.0,-2.1580752902560763
2650,0.0,0.0,0.0,0.0,0.0,0.0,-0.5084750027126737
2651,0.0,0.0,0.0,0.0,0.0,0.0,-0.275
2652,0.0,0.0,0.0,0.0,0.0,0.0,-0.275
2653,2.9918646918402776,2.1538212076822916,193.4699072265625,2.1689097606078276,0.0,0.0,-1.948662969801161
2654,149.62384548611112,121.20352864583333,813.6549652777778,359.525554239309,0.0,0.0,25.74637925889757
2655,0.0,0.0,0.0,0.0,0.0,0.0,-0.5084750027126737
2656,61.64868923611111,49.77672743055555,285.7891319444444,50.76617612814424,0.0,0.0,-2.147195366753472
2657,150.4898969184028,121.21984483506944,971.0033854166667,409.3635035552262,0.0,0.0,46.56182710435655
2658,150.56855902777778,121.10574652777778,870.1358333333334,350.4225742742924,0.0,0.0,51.18073350694444
2659,148.98638888888888,121.24063368055556,549.4253819444444,202.86737934127845,0.0,0.0,51.148854166666666
2660,0.0,0.0,0.0,0.0,0.0,0.0,-0.5084750027126737
2661,0.0,0.0,0.0,0.0,0.0,0.0,-0.275
2662,0.0,0.0,0.0,0.0,0.0,0.0,-0.275
2663,0.0,0.0,0.0,0.0,0.0,0.0,-0.275
2664,0.0,0.0,0.0,0.0,0.0,0.0,-0.275
2665,0.0,0.0,0.0,0.0,0.0,0.0,-0.275
2666,0.0,0.0,0.0,0.0,0.0,0.0,-0.275
2667,0.0,0.0,0.0,0.0,0.0,0.0,-0.275
2668,0.0,0.0,0.0,0.0,0.0,0.0,-0.275
2669,0.0,0.0,0.0,0.0,0.0,0.0,-0.275
2670,0.0,0.0,0.0,0.0,0.0,0.0,-0.275
2671,0.0,0.0,0.0,0.0,0.0,0.0,-0.275
2672,0.0,0.0,0.0,0.0,0.0,0.0,-0.275
2673,29.751549479166666,23.471608072916666,292.7733940972222,23.599674260041425,0.0,0.0,-2.034856669108073
2674,0.0,0.0,0.0,0.0,0.0,0.0,-0.5084750027126737
2675,73.73899305555555,60.5765625,1090.8552430555555,231.43795793128876,0.0,0.0,-2.890771484375
2676,147.65864941067167,121.24967433081733,1188.5812150065103,519.6519335347958,0.0,0.0,51.2279248143567
2677,147.26465277777777,121.25889756944444,568.1265277777778,252.98371181115456,0.0,0.0,51.17005208333333
2678,0.0,0.0,0.0,0.0,0.0,0.0,-0.5084750027126737
2679,73.18933159722222,60.62291232638889,1156.059826388889,260.0348496988769,0.0,0.0,-2.883375651041667
2680,146.07029424879286,121.24470735761854,1154.9811694675022,513.7801869425366,0.0,0.0,51.19831950214174
2681,146.10444444444445,121.26698784722223,681.3446527777778,296.09660879960694,0.0,0.0,51.16934027777778
2682,0.0,0.0,0.0,0.0,0.0,0.0,-0.5084750027126737
2683,0.0,0.0,0.0,0.0,0.0,0.0,-0.275
2684,0.0,0.0,0.0,0.0,0.0,0.0,-0.275
2685,0.0,0.0,0.0,0.0,0.0,0.0,-0.275
2686,0.0,0.0,0.0,0.0,0.0,0.0,-0.275
2687,0.0,0.0,0.0,0.0,0.0,0.0,-0.275
2688,0.0,0.0,0.0,0.0,0.0,0.0,-0.275
2689,0.0,0.0,0.0,0.0,0.0,0.0,-0.275
2690,0.0,0.0,0.0,0.0,0.0,0.0,-0.275
2691,0.0,0.0,0.0,0.0,0.0,0.0,-0.275
2692,0.0,0.0,0.0,0.0,0.0,0.0,-0.275
2693,0.0,0.0,0.0,0.0,0.0,0.0,-0.275
2694,0.0,0.0,0.0,0.0,0.0,0.0,-0.275
2695,0.0,0.0,0.0,0.0,0.0,0.0,-0.275
2696,0.0,0.0,0.0,0.0,0.0,0.0,-0.275
2697,0.0,0.0,0.0,0.0,0.0,0.0,-0.275
2698,76.62271701388889,60.61158854166667,459.4252604166667,88.74091287806523,0.0,0.0,-2.2196549479166667
2699,153.56157039430406,121.2309229405721,461.5556459469265,188.3470410571358,0.0,0.0,51.10143084709843
2700,152.3259375,121.2720920138889,690.0682638888889,292.6299548126503,0.0,0.0,51.210750868055555
2701,0.0,0.0,0.0,0.0,0.0,0.0,-0.5084750027126737
2702,76.07557291666667,60.59638454861111,897.0482638888889,195.02144767939944,0.0,0.0,-2.9063539632161457
2703,152.345139603085,121.24756894641452,514.7062401156956,222.55375062364126,0.0,0.0,51.009246969719726
2704,151.45803819444444,121.00354166666666,283.7666493055556,121.52867651128788,0.0,0.0,50.648138020833336
2705,0.0,0.0,0.0,0.0,0.0,0.0,-0.5084750027126737
2706,0.0,0.0,0.0,0.0,0.0,0.0,-0.275
2707,0.0,0.0,0.0,0.0,0.0,0.0,-0.275
2708,0.0,0.0,0.0,0.0,0.0,0.0,-0.275
2709,0.0,0.0,0.0,0.0,0.0,0.0,-0.275
2710,0.0,0.0,0.0,0.0,0.0,0.0,-0.275
2711,0.0,0.0,0.0,0.0,0.0,0.0,-0.275
2712,0.0,0.0,0.0,0.0,0.0,0.0,-0.275
2713,0.0,0.0,0.0,0.0,0.0,0.0,-0.275
2714,0.0,0.0,0.0,0.0,0.0,0.0,-0.275
2715,0.0,0.0,0.0,0.0,0.0,0.0,-0.275
2716,0.0,0.0,0.0,0.0,0.0,0.0,-0.275
2717,0.0,0.0,0.0,0.0,0.0,0.0,-0.275
2718,0.0,0.0,0.0,0.0,0.0,0.0,-0.275
2719,0.0,0.0,0.0,0.0,0.0,0.0,-0.275
2720,0.0,0.0,0.0,0.0,0.0,0.0,-0.275
2721,74.36511284722222,60.62355902777778,676.9626041666667,116.72304036412581,0.0,0.0,-2.3818060302734376
2722,149.63415332900152,121.21469113985698,994.5584927283393,394.0655527146719,0.0,0.0,51.25153187720312
2723,150.0684375,121.2252951388889,386.8589236111111,161.64306177014583,0.0,0.0,51.03819010416667
2724,127.12846354166666,97.84396701388889,239.60928819444445,98.36946537956875,0.0,0.0,39.076831597222224
2725,151.07744791666667,121.20753472222222,915.4932638888889,397.4651128561081,0.0,0.0,51.118671875
2726,88.74576388888889,58.92101996527778,163.21368055555556,59.44615505762012,0.0,0.0,20.56568359375
2727,150.86848958333334,121.23707465277778,1159.3363194444444,506.2966962641374,0.0,0.0,51.07470920138889
2728,150.8426388888889,121.223984375,1097.4889583333334,472.9092991364898,0.0,0.0,51.06408854166666
2729,150.75439236111112,121.32392361111111,728.8188194444444,307.32681628591257,0.0,0.0,51.02397135416667
2730,0.0,0.0,0.0,0.0,0.0,0.0,-0.5084750027126737
2731,0.0,0.0,0.0,0.0,0.0,0.0,-0.275
2732,0.0,0.0,0.0,0.0,0.0,0.0,-0.275
2733,0.0,0.0,0.0,0.0,0.0,0.0,-0.275
2734,0.0,0.0,0.0,0.0,0.0,0.0,-0.275
2735,0.0,0.0,0.0,0.0,0.0,0.0,-0.275
2736,0.0,0.0,0.0,0.0,0.0,0.0,-0.275
2737,0.0,0.0,0.0,0.0,0.0,0.0,-0.275
2738,0.0,0.0,0.0,0.0,0.0,0.0,-0.275
2739,0.0,0.0,0.0,0.0,0.0,0.0,-0.275
2740,0.0,0.0,0.0,0.0,0.0,0.0,-0.275
2741,0.0,0.0,0.0,0.0,0.0,0.0,-0.275
2742,0.0,0.0,0.0,0.0,0.0,0.0,-0.275
2743,0.0,0.0,0.0,0.0,0.0,0.0,-0.275
2744,0.0,0.0,0.0,0.0,0.0,0.0,-0.275
2745,73.76841145833333,60.57942274305555,925.1202430555555,161.45728536958052,0.0,0.0,-2.9239527723524303
2746,148.52019624498155,121.2430278523763,1059.6687210761177,423.7310647040749,0.0,0.0,51.166435594757395
2747,148.64489583333332,121.13621527777778,1120.8013888888888,472.7630983756894,0.0,0.0,51.273585069444444
2748,148.87770833333335,121.25548611111111,1212.8375,526.5763892854171,0.0,0.0,51.19401475694445
2749,148.5518576388889,121.1504079861111,1274.5768055555557,562.691607705972,0.0,0.0,51.104487847222224
2750,148.3606423611111,121.1530642361111,1263.80375,563.8019038179629,0.0,0.0,51.043559027777775
2751,148.33552083333333,121.15336805555556,1196.2801388888888,531.1452625458986,0.0,0.0,50.99263888888889
2752,148.41352430555557,121.25349826388889,1083.897986111111,474.92710766914007,0.0,0.0,50.93611111111111
2753,148.2190798611111,121.21680555555555,894.0280555555555,383.2404156443501,0.0,0.0,50.95560329861111
2754,147.8059722222222,121.26425347222222,663.8569444444445,273.3779648478877,0.0,0.0,50.90212239583333
2755,146.48888888888888,121.23902777777778,479.85229166666664,181.601668348107,0.0,0.0,50.867664930555556
2756,0.0,0.0,0.0,0.0,0.0,0.0,-0.5084750027126737
2757,0.0,0.0,0.0,0.0,0.0,0.0,-0.275
2758,0.0,0.0,0.0,0.0,0.0,0.0,-0.275
2759,0.0,0.0,0.0,0.0,0.0,0.0,-0.275
2760,0.0,0.0,0.0,0.0,0.0,0.0,-0.275
2761,0.0,0.0,0.0,0.0,0.0,0.0,-0.275
2762,0.0,0.0,0.0,0.0,0.0,0.0,-0.275
2763,0.0,0.0,0.0,0.0,0.0,0.0,-0.275
2764,0.0,0.0,0.0,0.0,0.0,0.0,-0.275
2765,0.0,0.0,0.0,0.0,0.0,0.0,-0.275
2766,0.0,0.0,0.0,0.0,0.0,0.0,-0.275
2767,0.0,0.0,0.0,0.0,0.0,0.0,-0.275
2768,0.0,0.0,0.0,0.0,0.0,0.0,-0.275
2769,73.06059895833333,60.58651909722222,978.5270486111111,173.23839418265237,0.0,0.0,-2.9132988823784722
2770,146.1007187101576,121.23087911817763,1058.7248246595595,430.9184917855595,0.0,0.0,51.1540583425098
2771,145.91572916666667,121.16092013888888,1140.3789583333332,490.4363256585215,0.0,0.0,51.12892795138889
2772,145.97164930555556,121.26347222222222,1209.2240277777778,535.7022538163213,0.0,0.0,51.06931857638889
2773,145.9546875,121.26796875,1254.77,564.5275859275154,0.0,0.0,51.01536458333333
2774,145.9701388888889,121.26824652777778,1243.6465277777777,564.629583347529,0.0,0.0,50.93557725694444
2775,146.27927083333333,121.27159722222223,1209.6554166666667,545.3199637219786,0.0,0.0,50.88741319444444
2776,146.5986111111111,121.234296875,1099.9025,487.9391098611525,0.0,0.0,50.863246527777775
2777,146.97871527777778,121.22600694444445,966.2438888888889,417.87452948379337,0.0,0.0,50.845026041666664
2778,147.39694444444444,121.1603125,759.6683333333333,313.6157709849046,0.0,0.0,50.82920572916667
2779,0.0,0.0,0.0,0.0,0.0,0.0,-0.5084750027126737
2780,0.0,0.0,0.0,0.0,0.0,0.0,-0.275
2781,0.0,0.0,0.0,0.0,0.0,0.0,-0.275
2782,0.0,0.0,0.0,0.0,0.0,0.0,-0.275
2783,0.0,0.0,0.0,0.0,0.0,0.0,-0.275
2784,0.0,0.0,0.0,0.0,0.0,0.0,-0.275
2785,0.0,0.0,0.0,0.0,0.0,0.0,-0.275
2786,0.0,0.0,0.0,0.0,0.0,0.0,-0.275
2787,0.0,0.0,0.0,0.0,0.0,0.0,-0.275
2788,0.0,0.0,0.0,0.0,0.0,0.0,-0.275
2789,0.0,0.0,0.0,0.0,0.0,0.0,-0.275
2790,0.0,0.0,0.0,0.0,0.0,0.0,-0.275
2791,0.0,0.0,0.0,0.0,0.0,0.0,-0.275
2792,0.0,0.0,0.0,0.0,0.0,0.0,-0.275
2793,73.21447916666666,60.59031684027778,954.2303472222222,169.3247246317636,0.0,0.0,-2.915430908203125
2794,146.48359535217284,121.23446747250027,1073.7316060384114,436.47605499812107,0.0,0.0,51.17048636125194
2795,146.32711805555556,121.23696180555555,1153.201388888889,495.17620751240327,0.0,0.0,51.12422743055556
2796,146.36869791666666,121.2604079861111,1204.18125,532.2058044467083,0.0,0.0,51.03736545138889
2797,146.47381944444444,121.25701388888889,1178.6576388888889,528.5251455040653,0.0,0.0,50.92993923611111
2798,146.72307291666667,121.27112847222222,1222.1408333333334,552.2253070631768,0.0,0.0,50.87379340277778
2799,147.01397569444444,121.25788194444445,1011.1158333333333,453.61976152097606,0.0,0.0,50.832981770833335
2800,147.35786458333334,121.22770833333334,957.2910416666666,422.5558271464773,0.0,0.0,50.862378472222225
2801,147.0220659722222,121.26184027777778,612.5804861111111,265.0164968851267,0.0,0.0,50.800998263888886
2802,0.0,0.0,0.0,0.0,0.0,0.0,-0.5084750027126737
2803,73.05122395833334,60.57806423611111,427.3757986111111,81.32150937681213,0.0,0.0,-2.1874490695529514
2804,0.0,0.0,0.0,0.0,0.0,0.0,-0.5084750027126737
2805,0.0,0.0,0.0,0.0,0.0,0.0,-0.275
2806,0.0,0.0,0.0,0.0,0.0,0.0,-0.275
2807,0.0,0.0,0.0,0.0,0.0,0.0,-0.275
2808,0.0,0.0,0.0,0.0,0.0,0.0,-0.275
2809,0.0,0.0,0.0,0.0,0.0,0.0,-0.275
2810,0.0,0.0,0.0,0.0,0.0,0.0,-0.275
2811,0.0,0.0,0.0,0.0,0.0,0.0,-0.275
2812,0.0,0.0,0.0,0.0,0.0,0.0,-0.275
2813,0.0,0.0,0.0,0.0,0.0,0.0,-0.275
2814,0.0,0.0,0.0,0.0,0.0,0.0,-0.275
2815,0.0,0.0,0.0,0.0,0.0,0.0,-0.275
2816,0.0,0.0,0.0,0.0,0.0,0.0,-0.275
2817,74.15515625,60.614253472222224,511.2006597222222,89.96581460141417,0.0,0.0,-2.2189767116970485
2818,148.2504392226537,121.22548186937968,1045.4170103242661,420.4000509141294,0.0,0.0,51.30062799197932
2819,147.8837673611111,121.23597222222222,1166.037361111111,495.7164965423847,0.0,0.0,51.30584201388889
2820,147.74960069444444,121.27306423611111,1231.349861111111,539.3785352355021,0.0,0.0,51.262248263888885
2821,147.84883680555555,121.2689236111111,1276.4779166666667,567.3012555435096,0.0,0.0,51.202938368055555
2822,148.09298611111112,121.25496527777777,1179.4666666666667,528.1194214932588,0.0,0.0,51.18181423611111
2823,148.52142361111112,121.26124131944445,1166.4688888888888,518.169045621827,0.0,0.0,51.13384114583334
2824,148.9825,121.235859375,1153.2284027777778,503.6296181090435,0.0,0.0,51.16411024305555
2825,149.31041666666667,121.23923611111111,990.4191666666667,421.9745863118274,0.0,0.0,51.20578559027778
2826,149.50807291666666,121.26982638888889,740.9536805555556,302.17902459473504,0.0,0.0,51.10004340277778
2827,148.51482638888888,121.25235243055556,513.9511805555555,192.909659017028,0.0,0.0,51.00043402777778
2828,0.0,0.0,0.0,0.0,0.0,0.0,-0.5084750027126737
2829,0.0,0.0,0.0,0.0,0.0,0.0,-0.275
2830,0.0,0.0,0.0,0.0,0.0,0.0,-0.275
2831,0.0,0.0,0.0,0.0,0.0,0.0,-0.275
2832,0.0,0.0,0.0,0.0,0.0,0.0,-0.275
2833,0.0,0.0,0.0,0.0,0.0,0.0,-0.275
2834,0.0,0.0,0.0,0.0,0.0,0.0,-0.275
2835,0.0,0.0,0.0,0.0,0.0,0.0,-0.275
2836,0.0,0.0,0.0,0.0,0.0,0.0,-0.275
2837,0.0,0.0,0.0,0.0,0.0,0.0,-0.275
2838,0.0,0.0,0.0,0.0,0.0,0.0,-0.275
2839,0.0,0.0,0.0,0.0,0.0,0.0,-0.275
2840,0.0,0.0,0.0,0.0,0.0,0.0,-0.275
2841,73.74542534722222,60.611866319444445,1023.8169791666667,181.8906133933716,0.0,0.0,-2.911701117621528
2842,147.24083545684815,121.15932310316298,1119.3856481255425,453.537185465838,0.0,0.0,51.33092104832331
2843,147.1129513888889,121.24392361111111,1198.9093055555556,512.6971097236291,0.0,0.0,51.290264756944445
2844,146.89975694444445,121.27033854166666,1247.7858333333334,549.9187566639768,0.0,0.0,51.328350694444445
2845,146.9493923611111,121.26422743055555,1310.29375,586.0545727808369,0.0,0.0,51.27526909722222
2846,147.12661458333332,121.264609375,1299.7229166666666,586.0330066620679,0.0,0.0,51.225108506944444
2847,147.33546875,121.26730034722222,1282.882361111111,574.6625704305301,0.0,0.0,51.19202256944445
2848,147.29928819444444,121.25486111111111,1188.4598611111112,525.138546385188,0.0,0.0,51.16322916666667
2849,147.3865277777778,121.24096354166667,1026.2439583333332,443.10362646533366,0.0,0.0,51.14417534722222
2850,147.42302083333334,121.16886284722223,807.6953472222223,333.9633049353615,0.0,0.0,51.119205729166666
2851,147.17263888888888,121.24706597222222,555.4793402777777,210.7498226431724,0.0,0.0,51.05471788194444
2852,0.0,0.0,0.0,0.0,0.0,0.0,-0.5084750027126737
2853,0.0,0.0,0.0,0.0,0.0,0.0,-0.275
2854,0.0,0.0,0.0,0.0,0.0,0.0,-0.275
2855,0.0,0.0,0.0,0.0,0.0,0.0,-0.275
2856,0.0,0.0,0.0,0.0,0.0,0.0,-0.275
2857,0.0,0.0,0.0,0.0,0.0,0.0,-0.275
2858,0.0,0.0,0.0,0.0,0.0,0.0,-0.275
2859,0.0,0.0,0.0,0.0,0.0,0.0,-0.275
2860,0.0,0.0,0.0,0.0,0.0,0.0,-0.275
2861,0.0,0.0,0.0,0.0,0.0,0.0,-0.275
2862,0.0,0.0,0.0,0.0,0.0,0.0,-0.275
2863,0.0,0.0,0.0,0.0,0.0,0.0,-0.275
2864,0.0,0.0,0.0,0.0,0.0,0.0,-0.275
2865,73.07443576388889,60.58607638888889,1022.8461805555555,183.99344578037062,0.0,0.0,-2.910764431423611
2866,146.16572992960613,121.29276731703017,1118.6845208062066,457.612145925912,0.0,0.0,51.28018492596017
2867,146.02670138888888,121.24112847222223,1176.8104166666667,507.26710760078396,0.0,0.0,51.2178125
2868,146.04220486111112,121.27026041666667,1229.2734722222222,545.1234218038088,0.0,0.0,51.14891059027778
2869,146.02961805555555,121.26684027777777,1195.012638888889,538.0381765106033,0.0,0.0,51.10906684027778
2870,145.97135416666666,121.23379340277778,956.9269444444444,434.91260291459326,0.0,0.0,51.0268359375
2871,145.90802083333332,121.18321180555556,1067.6777083333334,482.74513545608426,0.0,0.0,50.9998828125
2872,145.89552083333334,121.18184027777778,1035.439513888889,461.73824616025365,0.0,0.0,50.94596788194445
2873,145.8503472222222,121.24275173611112,369.76222222222225,161.38980956900232,0.0,0.0,50.663311631944445
2874,145.87036458333333,121.23790798611111,429.23649305555557,179.56487118639714,0.0,0.0,50.81016493055556
2875,145.85461805555556,121.16855034722222,347.4476041666667,133.1494464103327,0.0,0.0,50.76684461805556
2876,0.0,0.0,0.0,0.0,0.0,0.0,-0.5084750027126737
2877,0.0,0.0,0.0,0.0,0.0,0.0,-0.275
2878,0.0,0.0,0.0,0.0,0.0,0.0,-0.275
2879,0.0,0.0,0.0,0.0,0.0,0.0,-0.275
2880,0.0,0.0,0.0,0.0,0.0,0.0,-0.275
2881,0.0,0.0,0.0,0.0,0.0,0.0,-0.275
2882,0.0,0.0,0.0,0.0,0.0,0.0,-0.275
2883,0.0,0.0,0.0,0.0,0.0,0.0,-0.275
2884,0.0,0.0,0.0,0.0,0.0,0.0,-0.275
2885,0.0,0.0,0.0,0.0,0.0,0.0,-0.275
2886,0.0,0.0,0.0,0.0,0.0,0.0,-0.275
2887,0.0,0.0,0.0,0.0,0.0,0.0,-0.275
2888,0.0,0.0,0.0,0.0,0.0,0.0,-0.275
2889,0.0,0.0,143.13725694444443,0.0,0.0,0.0,-1.4325957573784722
2890,82.49527018229166,65.11475043402778,270.2834819878472,65.44094829962654,0.0,0.0,-0.0060264756944444445
2891,0.0,0.0,0.0,0.0,0.0,0.0,-0.5084750027126737
2892,0.0,0.0,0.0,0.0,0.0,0.0,-0.275
2893,74.72399305555555,60.612087673611114,378.2701215277778,83.20872153906096,0.0,0.0,-2.19572028266059
2894,149.59524273342555,121.22005411783854,907.8078200785319,402.70347057558666,0.0,0.0,51.212595388740304
2895,149.93795138888888,121.22621527777778,1094.697986111111,482.0040975856197,0.0,0.0,51.336254340277776
2896,149.56276041666666,121.22599826388888,1096.0463194444444,477.0657420161932,0.0,0.0,51.32709635416666
2897,148.68704861111112,121.23128472222223,995.1247916666666,426.1919878791834,0.0,0.0,51.29424913194445
2898,147.69072916666667,121.16636284722222,822.5943055555556,339.9090374375396,0.0,0.0,51.2091796875
2899,146.56880208333334,121.24723958333334,553.1332638888889,211.5229830728036,0.0,0.0,51.12434461805555
2900,0.0,0.0,0.0,0.0,0.0,0.0,-0.5084750027126737
2901,0.0,0.0,0.0,0.0,0.0,0.0,-0.275
2902,0.0,0.0,0.0,0.0,0.0,0.0,-0.275
2903,0.0,0.0,0.0,0.0,0.0,0.0,-0.275
2904,0.0,0.0,0.0,0.0,0.0,0.0,-0.275
2905,0.0,0.0,0.0,0.0,0.0,0.0,-0.275
2906,0.0,0.0,0.0,0.0,0.0,0.0,-0.275
2907,0.0,0.0,0.0,0.0,0.0,0.0,-0.275
2908,0.0,0.0,0.0,0.0,0.0,0.0,-0.275
2909,0.0,0.0,0.0,0.0,0.0,0.0,-0.275
2910,0.0,0.0,0.0,0.0,0.0,0.0,-0.275
2911,0.0,0.0,0.0,0.0,0.0,0.0,-0.275
2912,0.0,0.0,0.0,0.0,0.0,0.0,-0.275
2913,73.27505208333334,60.58252170138889,1018.8821180555556,184.20728265844377,0.0,0.0,-2.9106629096137153
2914,146.78394259134927,121.24740978240966,1104.0956955973306,450.66243339729624,0.0,0.0,51.26486749354336
2915,147.14559027777779,121.16340277777778,1125.0755555555556,481.5631718531003,0.0,0.0,51.308033854166666
2916,147.52776041666667,121.234375,1112.6709722222222,488.65549588226077,0.0,0.0,51.23879774305556
2917,147.7629513888889,121.24292534722223,1145.4485416666666,509.93394710482096,0.0,0.0,51.17562065972222
2918,148.1771875,121.26889756944445,1200.1229166666667,537.8401112796829,0.0,0.0,51.18113715277778
2919,148.14130208333333,121.25410590277778,1182.58125,527.2854813978349,0.0,0.0,51.149791666666665
2920,148.0964236111111,121.23011284722222,1119.709236111111,492.29384579149087,0.0,0.0,51.12778645833333
2921,148.0796875,121.23027777777777,990.9719444444445,426.2855307406357,0.0,0.0,51.118741319444446
2922,147.91147569444445,121.22228298611111,857.8122916666666,354.27402002457404,0.0,0.0,51.07456163194445
2923,147.08901041666667,121.24707465277778,552.1085416666666,210.71747586000618,0.0,0.0,50.99530815972222
2924,0.0,0.0,0.0,0.0,0.0,0.0,-0.5084750027126737
2925,0.0,0.0,0.0,0.0,0.0,0.0,-0.275
2926,0.0,0.0,0.0,0.0,0.0,0.0,-0.275
2927,0.0,0.0,0.0,0.0,0.0,0.0,-0.275
2928,0.0,0.0,0.0,0.0,0.0,0.0,-0.275
2929,0.0,0.0,0.0,0.0,0.0,0.0,-0.275
2930,0.0,0.0,0.0,0.0,0.0,0.0,-0.275
2931,0.0,0.0,0.0,0.0,0.0,0.0,-0.275
2932,0.0,0.0,0.0,0.0,0.0,0.0,-0.275
2933,0.0,0.0,0.0,0.0,0.0,0.0,-0.275
2934,0.0,0.0,0.0,0.0,0.0,0.0,-0.275
2935,0.0,0.0,0.0,0.0,0.0,0.0,-0.275
2936,0.0,0.0,0.0,0.0,0.0,0.0,-0.275
2937,73.381015625,60.58108506944444,1013.4484375,183.5396329687388,0.0,0.0,-2.9109132215711804
2938,147.45067317962648,121.23346551259358,1069.0800160386827,434.7751000705335,0.0,0.0,51.262602049311
2939,147.86901041666667,121.23411458333334,1146.5272916666668,488.8786527650331,0.0,0.0,51.19542534722222
2940,148.12300347222222,121.24253472222222,1179.3452777777777,516.039347279005,0.0,0.0,51.17943576388889
2941,148.40289930555556,121.25464409722223,1189.7947222222222,527.6015124450088,0.0,0.0,51.11189236111111
2942,148.21151041666667,121.24494791666666,1156.8148611111112,518.3516243331092,0.0,0.0,51.05491753472222
2943,148.0442013888889,121.24847222222222,1169.8531944444444,522.0775519283009,0.0,0.0,50.996983506944446
2944,147.72038194444445,121.23728298611111,1129.8351388888889,498.1287724294154,0.0,0.0,50.93418836805556
2945,147.565,121.23347222222222,957.2910416666666,413.37679181010276,0.0,0.0,50.923068576388886
2946,147.3578125,121.16631944444444,781.9290277777778,324.1587657309438,0.0,0.0,50.945759548611115
2947,146.7134722222222,121.24817708333333,559.0253819444445,214.23622201215156,0.0,0.0,50.927035590277775
2948,0.0,0.0,0.0,0.0,0.0,0.0,-0.5084750027126737
2949,0.0,0.0,0.0,0.0,0.0,0.0,-0.275
2950,0.0,0.0,0.0,0.0,0.0,0.0,-0.275
2951,0.0,0.0,0.0,0.0,0.0,0.0,-0.275
2952,0.0,0.0,0.0,0.0,0.0,0.0,-0.275
2953,0.0,0.0,0.0,0.0,0.0,0.0,-0.275
2954,0.0,0.0,0.0,0.0,0.0,0.0,-0.275
2955,0.0,0.0,0.0,0.0,0.0,0.0,-0.275
2956,0.0,0.0,0.0,0.0,0.0,0.0,-0.275
2957,0.0,0.0,0.0,0.0,0.0,0.0,-0.275
2958,0.0,0.0,0.0,0.0,0.0,0.0,-0.275
2959,0.0,0.0,0.0,0.0,0.0,0.0,-0.275
2960,0.0,0.0,0.0,0.0,0.0,0.0,-0.275
2961,73.07619791666667,60.58611979166667,971.1382986111112,177.162269372693,0.0,0.0,-2.913515150282118
2962,146.14553616841633,121.23494256761339,1065.1968113538953,437.4789577591249,0.0,0.0,51.19711784130997
2963,146.07211805555556,121.23586805555556,1146.5946527777778,495.172095427595,0.0,0.0,51.12459635416667
2964,146.07762152777778,121.25355034722222,1178.0777777777778,522.9020688662521,0.0,0.0,51.0699609375
2965,146.33939236111112,121.26366319444445,1188.702638888889,534.7581749297697,0.0,0.0,51.038875868055555
2966,146.45095486111111,121.26404513888889,1178.3744444444444,534.5843758175452,0.0,0.0,50.92659722222222
2967,146.50840277777777,121.26256944444444,1181.82625,533.1674013483855,0.0,0.0,50.8975
2968,146.63220486111112,121.23779513888888,1120.8013888888888,497.8961690718557,0.0,0.0,50.875407986111114
2969,146.69977430555556,121.23098090277777,990.2709027777778,430.2632327786981,0.0,0.0,50.86151041666667
2970,146.72223958333333,121.16792534722222,850.0054861111112,354.0832636462651,0.0,0.0,50.859652777777775
2971,146.3990625,121.24511284722222,527.0433680555556,202.71448437042517,0.0,0.0,50.81601128472222
2972,0.0,0.0,0.0,0.0,0.0,0.0,-0.5084750027126737
2973,0.0,0.0,0.0,0.0,0.0,0.0,-0.275
2974,0.0,0.0,0.0,0.0,0.0,0.0,-0.275
2975,0.0,0.0,0.0,0.0,0.0,0.0,-0.275
2976,0.0,0.0,0.0,0.0,0.0,0.0,-0.275
2977,0.0,0.0,0.0,0.0,0.0,0.0,-0.275
2978,0.0,0.0,0.0,0.0,0.0,0.0,-0.275
2979,0.0,0.0,0.0,0.0,0.0,0.0,-0.275
2980,0.0,0.0,0.0,0.0,0.0,0.0,-0.275
2981,0.0,0.0,0.0,0.0,0.0,0.0,-0.275
2982,0.0,0.0,0.0,0.0,0.0,0.0,-0.275
2983,0.0,0.0,0.0,0.0,0.0,0.0,-0.275
2984,73.17000868055555,60.6204296875,836.2526736111112,100.68063292356592,0.0,0.0,-2.266512654622396
2985,146.15907928890653,121.17525285085043,1008.0821153428819,368.8731367467207,0.0,0.0,51.197517613735464
2986,146.16359375,121.2447482638889,1092.1226388888888,448.9196208394511,0.0,0.0,51.25631944444444
2987,146.06625,121.23791666666666,1153.3227777777777,498.3440260389242,0.0,0.0,51.159657118055556
2988,146.06354166666668,121.27081597222222,1218.9318055555555,541.3122676000928,0.0,0.0,51.08722222222222
2989,146.06428819444446,121.27256076388889,1230.0015277777777,554.5905145417559,0.0,0.0,50.972269965277775
2990,146.44628472222223,121.27061631944444,1219.40375,553.3777002925609,0.0,0.0,50.905850694444446
2991,146.5775,121.26480902777777,1185.615,534.7878413605586,0.0,0.0,50.86184027777778
2992,146.52697916666668,121.23522569444444,1108.0327777777777,492.64575795433007,0.0,0.0,50.83547743055556
2993,146.50697916666667,121.23297743055555,996.1090972222222,433.5077122647488,0.0,0.0,50.822795138888885
2994,146.51623263888888,121.17125868055555,848.0639583333333,353.94946472388426,0.0,0.0,50.81595486111111
2995,146.45987847222221,121.247578125,549.5197569444445,211.58877293124857,0.0,0.0,50.7603125
2996,0.0,0.0,0.0,0.0,0.0,0.0,-0.5084750027126737
2997,0.0,0.0,0.0,0.0,0.0,0.0,-0.275
2998,0.0,0.0,0.0,0.0,0.0,0.0,-0.275
2999,0.0,0.0,0.0,0.0,0.0,0.0,-0.275
3000,0.0,0.0,0.0,0.0,0.0,0.0,-0.275
3001,0.0,0.0,0.0,0.0,0.0,0.0,-0.275
3002,0.0,0.0,0.0,0.0,0.0,0.0,-0.275
3003,0.0,0.0,0.0,0.0,0.0,0.0,-0.275
3004,0.0,0.0,0.0,0.0,0.0,0.0,-0.275
3005,0.0,0.0,0.0,0.0,0.0,0.0,-0.275
3006,0.0,0.0,0.0,0.0,0.0,0.0,-0.275
3007,0.0,0.0,0.0,0.0,0.0,0.0,-0.275
3008,73.17449652777778,60.62152777777778,847.7808333333334,103.1774809682482,0.0,0.0,-2.280423583984375
3009,146.6093820868598,121.16875161912706,981.1966435750326,358.9000723544577,0.0,0.0,51.17438174519274
3010,146.97333333333333,121.23947916666667,1080.796875,442.17379845067836,0.0,0.0,51.12069010416667
3011,146.87739583333334,121.23542534722222,1140.5002777777777,490.2977691862402,0.0,0.0,51.0303125
3012,146.49006944444446,121.24922743055555,1174.3025,520.0184467660266,0.0,0.0,50.92168402777778
3013,146.2084027777778,121.26263888888889,1185.2779166666667,534.019180898615,0.0,0.0,50.84967013888889
3014,145.94744791666668,121.26277777777777,1173.5070833333334,534.4526010926829,0.0,0.0,50.79389756944445
3015,145.8853472222222,121.24706597222222,1140.5002777777777,516.9518971800451,0.0,0.0,50.75108072916667
3016,145.79284722222224,121.18375868055556,1042.0461805555556,465.51552636392654,0.0,0.0,50.72323784722222
3017,145.77276041666667,121.18568576388888,1101.8844444444444,481.91257965977223,0.0,0.0,50.728893229166665
3018,145.79708333333335,121.23210069444444,925.7674305555555,388.66121055929545,0.0,0.0,50.731519097222225
3019,145.84847222222223,121.25458333333333,616.490625,238.72846715806287,0.0,0.0,50.686749131944445
3020,0.0,0.0,0.0,0.0,0.0,0.0,-0.5084750027126737
3021,0.0,0.0,0.0,0.0,0.0,0.0,-0.275
3022,0.0,0.0,0.0,0.0,0.0,0.0,-0.275
3023,0.0,0.0,0.0,0.0,0.0,0.0,-0.275
3024,0.0,0.0,0.0,0.0,0.0,0.0,-0.275
3025,0.0,0.0,0.0,0.0,0.0,0.0,-0.275
3026,0.0,0.0,0.0,0.0,0.0,0.0,-0.275
3027,0.0,0.0,0.0,0.0,0.0,0.0,-0.275
3028,0.0,0.0,0.0,0.0,0.0,0.0,-0.275
3029,0.0,0.0,0.0,0.0,0.0,0.0,-0.275
3030,0.0,0.0,0.0,0.0,0.0,0.0,-0.275
3031,0.0,0.0,0.0,0.0,0.0,0.0,-0.275
3032,73.11949652777778,60.62082465277778,826.8414583333333,101.75842206068418,0.0,0.0,-2.2722045220269096
3033,146.07385732014973,121.17719331529405,998.5496053059895,367.5742534306661,0.0,0.0,51.14171593831645
3034,146.03010416666666,121.24246527777778,1082.9676388888888,446.2949890945094,0.0,0.0,51.07231336805555
3035,145.92368055555556,121.23895833333333,1157.1789583333334,500.9544739545801,0.0,0.0,50.93479166666667
3036,145.87977430555554,121.26547743055555,1207.6733333333334,537.238133873979,0.0,0.0,50.84013888888889
3037,145.85873263888888,121.26813368055555,1251.2644444444445,565.2988035302516,0.0,0.0,50.75723958333333
3038,145.88609375,121.27073784722222,1207.02625,550.096661073567,0.0,0.0,50.662374131944446
3039,146.0823611111111,121.24713541666667,1141.2149305555556,516.7278732932821,0.0,0.0,50.601154513888886
3040,145.99819444444444,121.18118923611111,1063.8485416666667,474.6498803991416,0.0,0.0,50.56962673611111
3041,145.96930555555556,121.22526909722222,949.4843055555556,414.9575932410595,0.0,0.0,50.55927517361111
3042,145.97838541666667,121.25361111111111,556.9489930555555,233.67999731737098,0.0,0.0,50.47935329861111
3043,127.29856770833334,102.8079513888889,274.0992013888889,103.3331414414749,0.0,0.0,41.12599826388889
3044,0.0,0.0,0.0,0.0,0.0,0.0,-0.5084750027126737
3045,0.0,0.0,0.0,0.0,0.0,0.0,-0.275
3046,0.0,0.0,0.0,0.0,0.0,0.0,-0.275
3047,0.0,0.0,0.0,0.0,0.0,0.0,-0.275
3048,0.0,0.0,0.0,0.0,0.0,0.0,-0.275
3049,0.0,0.0,0.0,0.0,0.0,0.0,-0.275
3050,0.0,0.0,0.0,0.0,0.0,0.0,-0.275
3051,0.0,0.0,0.0,0.0,0.0,0.0,-0.275
3052,0.0,0.0,0.0,0.0,0.0,0.0,-0.275
3053,0.0,0.0,0.0,0.0,0.0,0.0,-0.275
3054,0.0,0.0,0.0,0.0,0.0,0.0,-0.275
3055,0.0,0.0,0.0,0.0,0.0,0.0,-0.275
3056,73.10272569444444,60.621640625,842.2257638888889,104.72072489650988,0.0,0.0,-2.2891934543185766
3057,0.0,0.0,0.0,0.0,0.0,0.0,-0.5084750027126737
3058,73.166640625,60.585026041666666,815.8392013888889,167.78177007423196,0.0,0.0,-2.9163219536675347
3059,146.71280691358777,121.2336835776435,1009.6596625094944,434.9076667867894,0.0,0.0,50.959464380542435
3060,147.34696180555557,121.2291579861111,884.4954861111111,389.53021940878324,0.0,0.0,50.834613715277776
3061,147.8709375,121.22644097222222,874.6527777777778,389.7620798503945,0.0,0.0,50.75971788194445
3062,100.12559895833333,73.038671875,183.38447916666667,73.56389808358509,0.0,0.0,27.141868489583334
3063,0.0,0.0,0.0,0.0,0.0,0.0,-0.5084750027126737
3064,74.2311111111111,60.62237413194445,994.6529166666667,218.34757408999477,0.0,0.0,-2.895082533094618
3065,148.29914985232884,121.23476332770454,807.978494398329,347.69293094143444,0.0,0.0,50.73045403732194
3066,147.70984375,121.25979166666667,614.1715277777778,254.7975222991355,0.0,0.0,50.68328559027778
3067,146.85982638888888,121.24985243055555,569.5827083333334,219.6498880069212,0.0,0.0,50.7183203125
3068,0.0,0.0,0.0,0.0,0.0,0.0,-0.5084750027126737
3069,0.0,0.0,0.0,0.0,0.0,0.0,-0.275
3070,0.0,0.0,0.0,0.0,0.0,0.0,-0.275
3071,0.0,0.0,0.0,0.0,0.0,0.0,-0.275
3072,0.0,0.0,0.0,0.0,0.0,0.0,-0.275
3073,0.0,0.0,0.0,0.0,0.0,0.0,-0.275
3074,0.0,0.0,0.0,0.0,0.0,0.0,-0.275
3075,0.0,0.0,0.0,0.0,0.0,0.0,-0.275
3076,0.0,0.0,0.0,0.0,0.0,0.0,-0.275
3077,0.0,0.0,0.0,0.0,0.0,0.0,-0.275
3078,0.0,0.0,0.0,0.0,0.0,0.0,-0.275
3079,0.0,0.0,0.0,0.0,0.0,0.0,-0.275
3080,0.0,0.0,0.0,0.0,0.0,0.0,-0.275
3081,0.0,0.0,195.5328298611111,0.0,0.0,0.0,-1.795267333984375
3082,129.70496527777777,106.9276388888889,289.40259114583336,107.40381777816059,0.0,0.0,18.1054029168023
3083,0.0,0.0,0.0,0.0,0.0,0.0,-0.5084750027126737
3084,73.81290798611111,60.62066840277778,458.48147569444444,100.79640966357002,0.0,0.0,-2.2696236843532986
3085,0.0,0.0,0.0,0.0,0.0,0.0,-0.5084750027126737
3086,0.0,0.0,0.0,0.0,0.0,0.0,-0.275
3087,0.0,0.0,0.0,0.0,0.0,0.0,-0.275
3088,0.0,0.0,0.0,0.0,0.0,0.0,-0.275
3089,0.0,0.0,0.0,0.0,0.0,0.0,-0.275
3090,0.0,0.0,0.0,0.0,0.0,0.0,-0.275
3091,0.0,0.0,0.0,0.0,0.0,0.0,-0.275
3092,0.0,0.0,0.0,0.0,0.0,0.0,-0.275
3093,0.0,0.0,0.0,0.0,0.0,0.0,-0.275
3094,0.0,0.0,0.0,0.0,0.0,0.0,-0.275
3095,0.0,0.0,0.0,0.0,0.0,0.0,-0.275
3096,0.0,0.0,0.0,0.0,0.0,0.0,-0.275
3097,0.0,0.0,0.0,0.0,0.0,0.0,-0.275
3098,0.0,0.0,0.0,0.0,0.0,0.0,-0.275
3099,0.0,0.0,0.0,0.0,0.0,0.0,-0.275
3100,0.0,0.0,0.0,0.0,0.0,0.0,-0.275
3101,0.0,0.0,0.0,0.0,0.0,0.0,-0.275
3102,0.0,0.0,0.0,0.0,0.0,0.0,-0.275
3103,0.0,0.0,0.0,0.0,0.0,0.0,-0.275
3104,73.10871527777778,60.624652777777776,918.8640625,116.42265632069547,0.0,0.0,-2.3705382622612845
3105,146.09638593461779,121.22525089687771,1076.9811299302844,399.380735297781,0.0,0.0,51.269245175818604
3106,146.07338541666667,121.2356857638889,1197.6148611111112,494.4541501493202,0.0,0.0,51.23546875
3107,146.2489236111111,121.25955729166667,1229.9476388888888,532.0148746531208,0.0,0.0,51.14180989583333
3108,148.75059027777777,121.2396875,1167.7901388888888,509.7025775124017,0.0,0.0,51.08236545138889
3109,150.7109201388889,121.24231770833333,476.9264236111111,208.6749919422289,0.0,0.0,50.87123263888889
3110,150.11875,121.22505208333334,1062.06875,470.44979884508405,0.0,0.0,50.976575520833336
3111,149.74112847222221,121.23421875,1133.9339583333333,501.26888533784944,0.0,0.0,50.95328559027778
3112,149.3570486111111,121.225234375,785.8527083333333,343.01110756015464,0.0,0.0,50.88403211805556
3113,149.32732638888888,121.22513020833334,825.9784722222222,353.16402386780595,0.0,0.0,50.88387152777778
3114,148.8734201388889,121.14298611111111,793.6054861111111,326.63877642315765,0.0,0.0,50.884730902777775
3115,147.6096701388889,121.23957465277778,482.91295138888887,185.76158548583467,0.0,0.0,50.77989149305556
3116,0.0,0.0,0.0,0.0,0.0,0.0,-0.5084750027126737
3117,0.0,0.0,0.0,0.0,0.0,0.0,-0.275
3118,0.0,0.0,0.0,0.0,0.0,0.0,-0.275
3119,0.0,0.0,0.0,0.0,0.0,0.0,-0.275
3120,0.0,0.0,0.0,0.0,0.0,0.0,-0.275
3121,0.0,0.0,0.0,0.0,0.0,0.0,-0.275
3122,0.0,0.0,0.0,0.0,0.0,0.0,-0.275
3123,0.0,0.0,0.0,0.0,0.0,0.0,-0.275
3124,0.0,0.0,0.0,0.0,0.0,0.0,-0.275
3125,0.0,0.0,0.0,0.0,0.0,0.0,-0.275
3126,0.0,0.0,0.0,0.0,0.0,0.0,-0.275
3127,0.0,0.0,0.0,0.0,0.0,0.0,-0.275
3128,0.0,0.0,0.0,0.0,0.0,0.0,-0.275
3129,0.0,0.0,0.0,0.0,0.0,0.0,-0.275
3130,0.0,0.0,0.0,0.0,0.0,0.0,-0.275
3131,74.27375,60.6316015625,557.1107986111111,118.67006971724041,0.0,0.0,-2.397838473849826
3132,150.03330377790664,121.22823314242893,394.47690761990015,170.72249670706503,0.0,0.0,50.904324240022234
3133,150.60227430555557,121.26284722222222,1207.5655555555556,528.9892308197965,0.0,0.0,51.13800347222222
3134,150.78309027777777,121.25248263888889,1181.75875,521.3568371766564,0.0,0.0,51.11529079861111
3135,150.72994791666667,121.23065104166666,1130.0104166666667,496.38917327179837,0.0,0.0,51.065112847222224
3136,150.88597222222222,121.22365451388889,1090.2215972222223,471.1059000807103,0.0,0.0,51.03730902777778
3137,150.69203125,121.2234375,978.473125,414.68677047392634,0.0,0.0,51.05234375
3138,150.50348958333333,121.223515625,841.44375,342.9534225840755,0.0,0.0,51.06607638888889
3139,149.300625,121.24696180555556,581.5557638888889,221.47118576882096,0.0,0.0,50.99966579861111
3140,0.0,0.0,0.0,0.0,0.0,0.0,-0.5084750027126737
3141,0.0,0.0,0.0,0.0,0.0,0.0,-0.275
3142,0.0,0.0,0.0,0.0,0.0,0.0,-0.275
3143,0.0,0.0,0.0,0.0,0.0,0.0,-0.275
3144,0.0,0.0,0.0,0.0,0.0,0.0,-0.275
3145,0.0,0.0,0.0,0.0,0.0,0.0,-0.275
3146,0.0,0.0,0.0,0.0,0.0,0.0,-0.275
3147,0.0,0.0,0.0,0.0,0.0,0.0,-0.275
3148,0.0,0.0,0.0,0.0,0.0,0.0,-0.275
3149,0.0,0.0,0.0,0.0,0.0,0.0,-0.275
3150,0.0,0.0,0.0,0.0,0.0,0.0,-0.275
3151,0.0,0.0,0.0,0.0,0.0,0.0,-0.275
3152,73.1711545138889,60.621419270833336,809.3673263888888,104.25174949088978,0.0,0.0,-2.286708034939236
3153,146.26509988149007,121.25716355641683,674.9940598720974,251.13811583886263,0.0,0.0,51.198535132242576
3154,146.17661458333333,121.22522569444445,999.7090972222222,412.9502343310896,0.0,0.0,51.23619791666667
3155,146.12399305555556,121.24144965277777,1173.1295833333334,508.1698200073847,0.0,0.0,51.29313802083333
3156,146.13383680555555,121.27058159722222,1221.2779166666667,542.9443811810488,0.0,0.0,51.19580729166667
3157,146.43864583333334,121.26991319444444,1231.47125,555.0006386970308,0.0,0.0,51.12717447916667
3158,146.80961805555555,121.27095486111111,1221.1565277777777,553.486122979819,0.0,0.0,51.05810763888889
3159,147.20270833333333,121.2571701388889,1171.2554166666666,527.109844857517,0.0,0.0,51.01410590277778
3160,147.53675347222222,121.24372395833333,943.0933333333334,416.91491192573426,0.0,0.0,50.90232638888889
3161,121.32409722222222,94.96619791666667,231.22276041666666,95.49162658333306,0.0,0.0,37.61455295138889
3162,128.25243923611112,102.02849826388889,254.44076388888888,102.55376041921797,0.0,0.0,41.0639453125
3163,106.68625868055555,81.15488715277777,228.20253472222223,81.6805056615714,0.0,0.0,31.148862847222222
3164,0.0,0.0,0.0,0.0,0.0,0.0,-0.5084750027126737
3165,0.0,0.0,0.0,0.0,0.0,0.0,-0.275
3166,0.0,0.0,0.0,0.0,0.0,0.0,-0.275
3167,0.0,0.0,0.0,0.0,0.0,0.0,-0.275
3168,0.0,0.0,0.0,0.0,0.0,0.0,-0.275
3169,0.0,0.0,0.0,0.0,0.0,0.0,-0.275
3170,0.0,0.0,0.0,0.0,0.0,0.0,-0.275
3171,0.0,0.0,0.0,0.0,0.0,0.0,-0.275
3172,0.0,0.0,0.0,0.0,0.0,0.0,-0.275
3173,0.0,0.0,0.0,0.0,0.0,0.0,-0.275
3174,0.0,0.0,0.0,0.0,0.0,0.0,-0.275
3175,0.0,0.0,0.0,0.0,0.0,0.0,-0.275
3176,0.0,0.0,0.0,0.0,0.0,0.0,-0.275
3177,73.15627604166667,60.62469618055555,624.9715277777777,116.44011413947914,0.0,0.0,-2.371016642252604
3178,145.7460498682658,120.74676017337376,293.70372468736434,121.27247313069081,0.0,0.0,50.64381243361367
3179,0.0,0.0,0.0,0.0,0.0,0.0,-0.5084750027126737
3180,0.0,0.0,0.0,0.0,0.0,0.0,-0.275
3181,0.0,0.0,0.0,0.0,0.0,0.0,-0.275
3182,0.0,0.0,0.0,0.0,0.0,0.0,-0.275
3183,0.0,0.0,0.0,0.0,0.0,0.0,-0.275
3184,0.0,0.0,175.80696180555555,0.0,0.0,0.0,-1.8886709255642362
3185,0.0,0.0,0.0,0.0,0.0,0.0,-0.5084750027126737
3186,73.4714236111111,60.623311631944446,526.7197395833333,110.05285703611362,0.0,0.0,-2.325383843315972
3187,0.0,0.0,0.0,0.0,0.0,0.0,-0.5084750027126737
3188,0.0,0.0,0.0,0.0,0.0,0.0,-0.275
3189,0.0,0.0,0.0,0.0,0.0,0.0,-0.275
3190,0.0,0.0,0.0,0.0,0.0,0.0,-0.275
3191,0.0,0.0,0.0,0.0,0.0,0.0,-0.275
3192,0.0,0.0,0.0,0.0,0.0,0.0,-0.275
3193,0.0,0.0,0.0,0.0,0.0,0.0,-0.275
3194,0.0,0.0,0.0,0.0,0.0,0.0,-0.275
3195,0.0,0.0,0.0,0.0,0.0,0.0,-0.275
3196,0.0,0.0,0.0,0.0,0.0,0.0,-0.275
3197,0.0,0.0,0.0,0.0,0.0,0.0,-0.275
3198,0.0,0.0,0.0,0.0,0.0,0.0,-0.275
3199,0.0,0.0,0.0,0.0,0.0,0.0,-0.275
3200,0.0,0.0,172.36875,0.0,0.0,0.0,-1.3465424262152779
3201,99.27576388888889,81.57540364583333,376.5038151041667,93.79311432171583,0.0,0.0,7.209982367621528
3202,138.98608506944444,112.25376736111112,279.9239409722222,112.7788890141017,0.0,0.0,46.49086805555555
3203,148.0585590277778,121.23395833333333,431.77131944444443,184.69976376930606,0.0,0.0,51.057378472222226
3204,0.0,0.0,0.0,0.0,0.0,0.0,-0.5084750027126737
3205,74.40972222222223,60.61129774305556,356.06333333333333,78.9652603641971,0.0,0.0,-2.1830223253038192
3206,148.70109642452664,121.14976160473293,762.7155618286133,341.0555977775892,0.0,0.0,51.21937839135528
3207,148.43449652777778,121.22933159722223,844.1673611111111,376.8943418901056,0.0,0.0,51.18138888888889
3208,148.69633680555555,121.20973958333333,835.8481944444444,366.6312717975483,0.0,0.0,51.16681857638889
3209,148.99829861111112,121.21750868055555,913.7134722222222,391.9405761638272,0.0,0.0,51.16418402777778
3210,149.3241840277778,121.22421006944444,375.5600347222222,154.47619608021947,0.0,0.0,50.936588541666666
3211,149.19717013888888,121.25032986111111,606.7153472222222,232.07816659697215,0.0,0.0,51.10045138888889
3212,0.0,0.0,0.0,0.0,0.0,0.0,-0.5084750027126737
3213,0.0,0.0,0.0,0.0,0.0,0.0,-0.275
3214,0.0,0.0,0.0,0.0,0.0,0.0,-0.275
3215,0.0,0.0,0.0,0.0,0.0,0.0,-0.275
3216,0.0,0.0,0.0,0.0,0.0,0.0,-0.275
3217,0.0,0.0,0.0,0.0,0.0,0.0,-0.275
3218,0.0,0.0,0.0,0.0,0.0,0.0,-0.275
3219,0.0,0.0,0.0,0.0,0.0,0.0,-0.275
3220,0.0,0.0,0.0,0.0,0.0,0.0,-0.275
3221,0.0,0.0,0.0,0.0,0.0,0.0,-0.275
3222,0.0,0.0,0.0,0.0,0.0,0.0,-0.275
3223,0.0,0.0,0.0,0.0,0.0,0.0,-0.275
3224,73.40677951388889,60.625277777777775,905.0438194444445,118.95201506508356,0.0,0.0,-2.393683064778646
3225,146.87057175954183,121.22989314609104,1043.0709065416124,388.5333076733369,0.0,0.0,51.32379920383294
3226,146.61463541666666,121.16961805555556,1137.4935416666667,469.0375127703064,0.0,0.0,51.31126736111111
3227,146.5431597222222,121.2421875,1179.17,509.8287820246653,0.0,0.0,51.24821614583333
3228,146.74036458333333,121.27103298611111,1228.4913888888889,544.1675236201122,0.0,0.0,51.304240451388885
3229,146.7070659722222,121.26950520833333,1238.60375,557.6842204599235,0.0,0.0,51.245190972222225
3230,146.6798263888889,121.27211805555555,1194.527361111111,542.1283976976381,0.0,0.0,51.18548611111111
3231,146.7292361111111,121.27236979166666,1195.026111111111,540.0949303754328,0.0,0.0,51.132838541666665
3232,146.74529513888888,121.23774305555555,1120.4777777777779,498.2096502550299,0.0,0.0,51.116358506944444
3233,146.9061111111111,121.23828993055555,1012.0327083333333,440.4907050371833,0.0,0.0,51.084552951388886
3234,146.9126215277778,121.16440104166666,877.1067361111111,366.6701597651676,0.0,0.0,51.0661328125
3235,147.02559027777778,121.25467881944445,612.6344444444444,238.09450037892964,0.0,0.0,50.98373263888889
3236,0.0,0.0,0.0,0.0,0.0,0.0,-0.5084750027126737
3237,0.0,0.0,0.0,0.0,0.0,0.0,-0.275
3238,0.0,0.0,0.0,0.0,0.0,0.0,-0.275
3239,0.0,0.0,0.0,0.0,0.0,0.0,-0.275
3240,0.0,0.0,0.0,0.0,0.0,0.0,-0.275
3241,0.0,0.0,0.0,0.0,0.0,0.0,-0.275
3242,0.0,0.0,0.0,0.0,0.0,0.0,-0.275
3243,0.0,0.0,0.0,0.0,0.0,0.0,-0.275
3244,0.0,0.0,0.0,0.0,0.0,0.0,-0.275
3245,0.0,0.0,0.0,0.0,0.0,0.0,-0.275
3246,0.0,0.0,0.0,0.0,0.0,0.0,-0.275
3247,0.0,0.0,0.0,0.0,0.0,0.0,-0.275
3248,73.14609375,60.62529079861111,896.8326041666667,119.13081857022536,0.0,0.0,-2.393201633029514
3249,146.14809544033474,121.21829761928983,1034.9945369466145,388.02793121455653,0.0,0.0,51.27134776982996
3250,146.09024305555556,121.17831597222222,1129.33625,467.61179224993793,0.0,0.0,51.20844184027778
3251,146.6420138888889,121.24942708333333,1204.2620833333333,520.5111018871063,0.0,0.0,51.13325520833333
3252,147.1106076388889,121.27161458333333,1238.3745833333332,547.2475836449472,0.0,0.0,51.03646701388889
3253,147.43569444444444,121.26903645833333,1265.4218055555555,567.1050688500383,0.0,0.0,50.92794270833333
3254,147.6757638888889,121.2714670138889,1236.7969444444445,557.6034994743691,0.0,0.0,50.858936631944445
3255,147.64513888888888,121.26657118055556,1188.0554166666666,533.7501557663709,0.0,0.0,50.808033854166666
3256,147.8697222222222,121.23348090277777,1097.4215277777778,484.3086506420677,0.0,0.0,50.76996527777778
3257,147.85472222222222,121.24019097222222,1020.3922222222222,441.40112070584496,0.0,0.0,50.76378472222222
3258,129.03210069444444,102.62364583333333,255.5598611111111,103.14889839828336,0.0,0.0,41.1549609375
3259,0.0,0.0,0.0,0.0,0.0,0.0,-0.5084750027126737
3260,0.0,0.0,0.0,0.0,0.0,0.0,-0.275
3261,0.0,0.0,0.0,0.0,0.0,0.0,-0.275
3262,0.0,0.0,0.0,0.0,0.0,0.0,-0.275
3263,0.0,0.0,0.0,0.0,0.0,0.0,-0.275
3264,0.0,0.0,0.0,0.0,0.0,0.0,-0.275
3265,0.0,0.0,0.0,0.0,0.0,0.0,-0.275
3266,0.0,0.0,0.0,0.0,0.0,0.0,-0.275
3267,0.0,0.0,0.0,0.0,0.0,0.0,-0.275
3268,0.0,0.0,0.0,0.0,0.0,0.0,-0.275
3269,0.0,0.0,0.0,0.0,0.0,0.0,-0.275
3270,0.0,0.0,0.0,0.0,0.0,0.0,-0.275
3271,0.0,0.0,0.0,0.0,0.0,0.0,-0.275
3272,73.12145833333334,60.618016493055556,685.3221875,91.67097340953195,0.0,0.0,-2.223513726128472
3273,146.10528720855712,121.17590485466852,1008.3382922702366,378.60080555766893,0.0,0.0,51.2652226542102
3274,146.39133680555557,121.258046875,1100.9406944444445,455.4296778757084,0.0,0.0,51.19253472222222
3275,146.99388888888888,121.23802951388889,1159.1204861111112,499.89404805446554,0.0,0.0,51.10888454861111
3276,147.56133680555556,121.24831597222222,1174.882361111111,517.5765066573367,0.0,0.0,51.0035546875
3277,147.96875,121.2708767361111,1200.7430555555557,536.3415697500017,0.0,0.0,50.89586805555555
3278,148.48852430555556,121.35484375,1048.4506944444445,470.4872556083267,0.0,0.0,50.86202256944444
3279,149.00737847222223,121.23146701388889,925.7674305555555,412.11463233855994,0.0,0.0,50.8062890625
3280,149.16196180555556,121.22545138888889,792.9178472222222,346.9260176931804,0.0,0.0,50.77760416666667
3281,0.0,0.0,0.0,0.0,0.0,0.0,-0.5084750027126737
3282,74.56637152777778,60.61103298611111,379.56453125,78.25500095682648,0.0,0.0,-2.181399332682292
3283,148.0284888013204,121.2043879201677,318.64757095336915,123.22942286418369,0.0,0.0,50.57916050920884
3284,0.0,0.0,0.0,0.0,0.0,0.0,-0.5084750027126737
3285,0.0,0.0,0.0,0.0,0.0,0.0,-0.275
3286,0.0,0.0,0.0,0.0,0.0,0.0,-0.275
3287,0.0,0.0,0.0,0.0,0.0,0.0,-0.275
3288,0.0,0.0,0.0,0.0,0.0,0.0,-0.275
3289,0.0,0.0,0.0,0.0,0.0,0.0,-0.275
3290,0.0,0.0,0.0,0.0,0.0,0.0,-0.275
3291,0.0,0.0,0.0,0.0,0.0,0.0,-0.275
3292,0.0,0.0,0.0,0.0,0.0,0.0,-0.275
3293,0.0,0.0,0.0,0.0,0.0,0.0,-0.275
3294,0.0,0.0,0.0,0.0,0.0,0.0,-0.275
3295,0.0,0.0,0.0,0.0,0.0,0.0,-0.275
3296,73.13862847222222,60.625950520833335,904.8415972222223,121.8057367878681,0.0,0.0,-2.4167564561631942
3297,146.06995584699843,121.1552486758762,1035.7765621948242,389.5013105300627,0.0,0.0,51.25262199984657
3298,146.00345486111112,121.1797829861111,1128.2575,467.87657350801453,0.0,0.0,51.18431423611111
3299,145.99029513888888,121.24528645833334,1185.9384722222221,515.1422922426113,0.0,0.0,51.11227430555556
3300,146.20779513888888,121.270390625,1233.372361111111,548.542591862162,0.0,0.0,51.00730034722222
3301,146.47602430555557,121.26792534722222,1260.5004166666668,568.9159360211694,0.0,0.0,50.88415798611111
3302,147.01604166666667,121.27065972222222,1233.1430555555555,558.6106409606158,0.0,0.0,50.793819444444445
3303,147.48555555555555,121.27428819444444,1201.4172222222223,540.6997576228,0.0,0.0,50.72495225694445
3304,147.83678819444444,121.23491319444445,1110.9181944444445,490.54107747794046,0.0,0.0,50.666432291666666
3305,148.1148611111111,121.22977430555555,1004.3877083333333,433.89327591464723,0.0,0.0,50.700390625
3306,147.9404861111111,121.22443576388889,862.9763194444445,358.87349788291687,0.0,0.0,50.675151909722224
3307,147.3112847222222,121.25495659722222,610.7468055555555,237.7040532001488,0.0,0.0,50.66295572916667
3308,0.0,0.0,0.0,0.0,0.0,0.0,-0.5084750027126737
3309,0.0,0.0,0.0,0.0,0.0,0.0,-0.275
3310,0.0,0.0,0.0,0.0,0.0,0.0,-0.275
3311,0.0,0.0,0.0,0.0,0.0,0.0,-0.275
3312,0.0,0.0,0.0,0.0,0.0,0.0,-0.275
3313,0.0,0.0,0.0,0.0,0.0,0.0,-0.275
3314,0.0,0.0,0.0,0.0,0.0,0.0,-0.275
3315,0.0,0.0,0.0,0.0,0.0,0.0,-0.275
3316,0.0,0.0,0.0,0.0,0.0,0.0,-0.275
3317,0.0,0.0,0.0,0.0,0.0,0.0,-0.275
3318,0.0,0.0,0.0,0.0,0.0,0.0,-0.275
3319,0.0,0.0,0.0,0.0,0.0,0.0,-0.275
3320,73.11293402777778,60.62515625,873.7898263888889,118.38613732665151,0.0,0.0,-2.3866448974609376
3321,146.04242070939804,121.17721449534098,1004.8865736558703,378.54550490546114,0.0,0.0,51.13651190516021
3322,146.33657986111112,121.28327256944445,1094.6575,453.48345227837524,0.0,0.0,51.072890625
3323,146.3229861111111,121.24060763888889,1166.6036111111111,505.69866860837743,0.0,0.0,50.95069010416667
3324,146.45171875,121.27068576388889,1215.6015277777778,539.8057127095998,0.0,0.0,50.85703993055556
3325,146.48975694444445,121.270703125,1226.0644444444445,553.487142923335,0.0,0.0,50.758125
3326,146.62817708333333,121.26784722222222,1181.6104166666667,536.7522131068998,0.0,0.0,50.6221484375
3327,147.128125,121.25639756944445,1165.9834722222222,526.1103897684123,0.0,0.0,50.49395833333333
3328,147.32588541666667,121.23309027777778,1093.7002083333334,484.68740927074873,0.0,0.0,50.41010850694445
3329,147.56355902777779,121.22578993055555,947.650625,411.0039673965168,0.0,0.0,50.37381510416667
3330,148.08041666666668,121.15197048611111,781.3493055555556,324.555999044277,0.0,0.0,50.44364149305556
3331,146.40420138888888,121.2518576388889,578.5220833333333,226.79531113605228,0.0,0.0,50.576588541666666
3332,0.0,0.0,0.0,0.0,0.0,0.0,-0.5084750027126737
3333,0.0,0.0,0.0,0.0,0.0,0.0,-0.275
3334,0.0,0.0,0.0,0.0,0.0,0.0,-0.275
3335,0.0,0.0,0.0,0.0,0.0,0.0,-0.275
3336,0.0,0.0,0.0,0.0,0.0,0.0,-0.275
3337,0.0,0.0,0.0,0.0,0.0,0.0,-0.275
3338,0.0,0.0,0.0,0.0,0.0,0.0,-0.275
3339,0.0,0.0,0.0,0.0,0.0,0.0,-0.275
3340,0.0,0.0,0.0,0.0,0.0,0.0,-0.275
3341,0.0,0.0,0.0,0.0,0.0,0.0,-0.275
3342,0.0,0.0,0.0,0.0,0.0,0.0,-0.275
3343,0.0,0.0,0.0,0.0,0.0,0.0,-0.275
3344,73.04451388888889,60.62287760416667,799.6998611111111,109.07356638552301,0.0,0.0,-2.3164139811197915
3345,0.0,0.0,0.0,0.0,0.0,0.0,-0.5084750027126737
3346,0.0,0.0,0.0,0.0,0.0,0.0,-0.275
3347,72.83935763888888,60.5905078125,867.7224305555555,188.8481244861807,0.0,0.0,-2.9089801025390627
3348,145.71986653645834,121.25843313005235,567.5332978142633,253.29047603945673,0.0,0.0,50.2529566913512
3349,146.27682291666667,121.27177083333333,1211.704861111111,547.9542396643297,0.0,0.0,50.05624565972222
3350,147.60307291666666,121.24289930555555,1127.3541666666667,508.70122183522756,0.0,0.0,49.77641927083334
3351,148.4229513888889,121.15288194444445,1014.7832638888889,453.64498282089824,0.0,0.0,49.69090277777778
3352,148.65131944444445,121.24690104166666,1124.4552777777778,494.0156405591611,0.0,0.0,49.61282118055556
3353,149.87401041666666,121.22412326388888,784.53125,335.0869465921794,0.0,0.0,49.67138020833333
3354,147.4990625,121.26600694444444,670.5850694444445,280.0210019723361,0.0,0.0,50.06963107638889
3355,145.97045138888888,121.17404513888889,352.1532291666667,138.52003113379698,0.0,0.0,50.02064670138889
3356,0.0,0.0,0.0,0.0,0.0,0.0,-0.5084750027126737
3357,0.0,0.0,0.0,0.0,0.0,0.0,-0.275
3358,0.0,0.0,0.0,0.0,0.0,0.0,-0.275
3359,0.0,0.0,0.0,0.0,0.0,0.0,-0.275
3360,0.0,0.0,0.0,0.0,0.0,0.0,-0.275
3361,0.0,0.0,0.0,0.0,0.0,0.0,-0.275
3362,0.0,0.0,0.0,0.0,0.0,0.0,-0.275
3363,0.0,0.0,0.0,0.0,0.0,0.0,-0.275
3364,0.0,0.0,0.0,0.0,0.0,0.0,-0.275
3365,0.0,0.0,0.0,0.0,0.0,0.0,-0.275
3366,0.0,0.0,0.0,0.0,0.0,0.0,-0.275
3367,0.0,0.0,0.0,0.0,0.0,0.0,-0.275
3368,72.99442708333333,60.620685763888886,733.0795833333333,100.60184714117108,0.0,0.0,-2.2654187689887153
3369,145.83662860870362,121.1883576435513,860.5223443773058,325.4651517956019,0.0,0.0,50.87364737037155
3370,145.77368055555556,121.19254340277777,801.9245833333333,333.49852201185416,0.0,0.0,50.76876302083333
3371,145.73133680555554,121.22500868055556,934.7472222222223,406.97168015856255,0.0,0.0,50.65954427083334
3372,145.7275,121.24260416666667,999.2641666666667,445.9392364241049,0.0,0.0,50.48328125
3373,145.67862847222221,121.18657986111111,1045.2821527777778,474.42992087017944,0.0,0.0,50.306453993055555
3374,146.25164930555556,121.22516493055555,867.3853472222222,395.01776423303147,0.0,0.0,50.090169270833336
3375,147.02524305555556,121.17264756944445,726.1761805555556,327.86611849518556,0.0,0.0,49.93960503472222
3376,147.68765625,121.15517361111111,1072.4911805555555,473.98667194306245,0.0,0.0,49.990672743055555
3377,148.08651041666667,121.25289930555556,562.3018402777777,243.18342193276683,0.0,0.0,49.945529513888886
3378,148.36649305555557,121.210546875,882.9988194444444,366.5402742590343,0.0,0.0,50.2275390625
3379,147.4060590277778,121.254609375,603.5333333333333,235.48704047556777,0.0,0.0,50.29985243055555
3380,0.0,0.0,0.0,0.0,0.0,0.0,-0.5084750027126737
3381,0.0,0.0,0.0,0.0,0.0,0.0,-0.275
3382,0.0,0.0,0.0,0.0,0.0,0.0,-0.275
3383,0.0,0.0,0.0,0.0,0.0,0.0,-0.275
3384,0.0,0.0,0.0,0.0,0.0,0.0,-0.275
3385,0.0,0.0,0.0,0.0,0.0,0.0,-0.275
3386,0.0,0.0,0.0,0.0,0.0,0.0,-0.275
3387,0.0,0.0,0.0,0.0,0.0,0.0,-0.275
3388,0.0,0.0,0.0,0.0,0.0,0.0,-0.275
3389,0.0,0.0,0.0,0.0,0.0,0.0,-0.275
3390,0.0,0.0,0.0,0.0,0.0,0.0,-0.275
3391,0.0,0.0,0.0,0.0,0.0,0.0,-0.275
3392,73.03106770833334,60.62212673611111,770.0234027777777,106.17421057421396,0.0,0.0,-2.2977107747395835
3393,145.92314485338,121.19050467385186,886.2347877502441,335.3811573680336,0.0,0.0,50.991256992287106
3394,145.83151041666667,121.18191840277778,828.1223611111111,344.3441799789516,0.0,0.0,50.941644965277774
3395,145.7784548611111,121.22673611111111,965.2191666666666,420.1957489937842,0.0,0.0,50.80554253472222
3396,145.78140625,121.26708333333333,662.4817361111111,295.62443196651515,0.0,0.0,50.58867621527778
3397,145.7371875,121.24256076388889,981.5607638888889,445.6502028065582,0.0,0.0,50.478932291666666
3398,145.75571180555556,121.25503472222222,519.1826388888888,237.34514950845153,0.0,0.0,50.18894097222222
3399,145.98125,121.22511284722222,908.6707638888889,413.4991292233615,0.0,0.0,50.202387152777774
3400,140.60233506944445,115.835078125,262.0722222222222,116.36100003251686,0.0,0.0,47.04766927083333
3401,106.79344618055555,81.23403645833334,203.01598958333332,81.75965351000369,0.0,0.0,30.3734375
3402,146.33810763888889,121.26598958333334,683.7715972222222,288.02043903460134,0.0,0.0,50.69998697916667
3403,116.44559895833333,91.99691840277778,246.31039930555556,92.5223437725969,0.0,0.0,36.048411458333334
3404,0.0,0.0,0.0,0.0,0.0,0.0,-0.5084750027126737
3405,0.0,0.0,0.0,0.0,0.0,0.0,-0.275
3406,0.0,0.0,0.0,0.0,0.0,0.0,-0.275
3407,0.0,0.0,0.0,0.0,0.0,0.0,-0.275
3408,0.0,0.0,0.0,0.0,0.0,0.0,-0.275
3409,0.0,0.0,0.0,0.0,0.0,0.0,-0.275
3410,0.0,0.0,0.0,0.0,0.0,0.0,-0.275
3411,0.0,0.0,0.0,0.0,0.0,0.0,-0.275
3412,0.0,0.0,0.0,0.0,0.0,0.0,-0.275
3413,0.0,0.0,0.0,0.0,0.0,0.0,-0.275
3414,0.0,0.0,0.0,0.0,0.0,0.0,-0.275
3415,0.0,0.0,0.0,0.0,0.0,0.0,-0.275
3416,0.0,0.0,0.0,0.0,0.0,0.0,-0.275
3417,0.0,0.0,113.1237326388889,0.0,0.0,0.0,-1.3230216471354166
3418,0.0,0.0,0.0,0.0,0.0,0.0,-0.5084750027126737
3419,0.0,0.0,0.0,0.0,0.0,0.0,-0.275
3420,0.0,0.0,0.0,0.0,0.0,0.0,-0.275
3421,0.0,0.0,0.0,0.0,0.0,0.0,-0.275
3422,0.0,0.0,0.0,0.0,0.0,0.0,-0.275
3423,0.0,0.0,0.0,0.0,0.0,0.0,-0.275
3424,0.0,0.0,153.62715277777778,0.0,0.0,0.0,-1.727925754123264
3425,0.0,0.0,54.873359375,0.0,0.0,0.0,-0.9524938625759548
3426,0.0,0.0,128.21138888888888,0.0,0.0,0.0,-1.501058078342014
3427,37.83731770833333,26.632964409722224,182.88561631944444,26.86247967378619,0.0,0.0,-1.5876426188151043
3428,0.0,0.0,0.0,0.0,0.0,0.0,-0.5084750027126737
3429,0.0,0.0,0.0,0.0,0.0,0.0,-0.275
3430,0.0,0.0,0.0,0.0,0.0,0.0,-0.275
3431,0.0,0.0,0.0,0.0,0.0,0.0,-0.275
3432,0.0,0.0,0.0,0.0,0.0,0.0,-0.275
3433,0.0,0.0,0.0,0.0,0.0,0.0,-0.275
3434,0.0,0.0,0.0,0.0,0.0,0.0,-0.275
3435,0.0,0.0,0.0,0.0,0.0,0.0,-0.275
3436,0.0,0.0,0.0,0.0,0.0,0.0,-0.275
3437,0.0,0.0,0.0,0.0,0.0,0.0,-0.275
3438,0.0,0.0,0.0,0.0,0.0,0.0,-0.275
3439,0.0,0.0,0.0,0.0,0.0,0.0,-0.275
3440,0.0,0.0,0.0,0.0,0.0,0.0,-0.275
3441,73.15761284722223,60.623111979166666,582.8770833333333,110.27021853771117,0.0,0.0,-2.3251437717013888
3442,146.26097393459744,121.24624166700575,499.75340338812936,207.43035434903254,0.0,0.0,51.10377444710996
3443,0.0,0.0,0.0,0.0,0.0,0.0,-0.5084750027126737
3444,73.25269097222223,60.57579861111111,348.00043402777777,77.20094700268601,0.0,0.0,-2.177335951063368
3445,0.0,0.0,0.0,0.0,0.0,0.0,-0.5084750027126737
3446,73.67538194444444,60.62846354166667,567.3714583333333,128.32856239299275,0.0,0.0,-2.487088555230035
3447,147.03211327022976,121.17410141415066,748.0998400539822,338.06068347866494,0.0,0.0,51.077235684461066
3448,147.33119791666667,121.15666666666667,843.2774305555556,373.79803264444485,0.0,0.0,51.08583767361111
3449,147.71154513888888,121.15592013888889,727.0660416666667,315.2103141314612,0.0,0.0,51.06935329861111
3450,147.42758680555556,121.15618055555555,821.2189583333334,343.3196223486275,0.0,0.0,51.10723958333333
3451,97.21798611111112,70.79142795138888,205.24069444444444,71.31669188249914,0.0,0.0,26.531588541666668
3452,0.0,0.0,0.0,0.0,0.0,0.0,-0.5084750027126737
3453,0.0,0.0,0.0,0.0,0.0,0.0,-0.275
3454,0.0,0.0,0.0,0.0,0.0,0.0,-0.275
3455,0.0,0.0,0.0,0.0,0.0,0.0,-0.275
3456,0.0,0.0,0.0,0.0,0.0,0.0,-0.275
3457,0.0,0.0,0.0,0.0,0.0,0.0,-0.275
3458,0.0,0.0,0.0,0.0,0.0,0.0,-0.275
3459,0.0,0.0,0.0,0.0,0.0,0.0,-0.275
3460,0.0,0.0,0.0,0.0,0.0,0.0,-0.275
3461,0.0,0.0,0.0,0.0,0.0,0.0,-0.275
3462,0.0,0.0,0.0,0.0,0.0,0.0,-0.275
3463,0.0,0.0,0.0,0.0,0.0,0.0,-0.275
3464,23.651929253472222,18.493372395833333,348.14873697916664,18.599800543143914,0.0,0.0,-2.0142058987087674
3465,146.90340277777779,121.15309461805556,383.9869878472222,144.7328156724165,0.0,0.0,32.60116475423177
3466,147.23885416666667,121.23697916666667,429.58701388888886,177.1571389887476,0.0,0.0,51.024418402777776
3467,147.3154513888889,121.15755208333333,290.60260416666665,125.18684450181416,0.0,0.0,50.93055555555556
3468,147.3720138888889,121.23881076388889,414.55329861111113,183.0006693455689,0.0,0.0,51.033901909722225
3469,0.0,0.0,0.0,0.0,0.0,0.0,-0.5084750027126737
3470,73.80166666666666,60.62612847222222,527.4747916666666,119.1185692998724,0.0,0.0,-2.3982154676649308
3471,147.4457817162408,121.22863368564182,817.9425910441081,368.86116731767305,0.0,0.0,51.08865425520473
3472,147.33116319444446,121.25260416666667,513.7219791666666,227.93953112735838,0.0,0.0,50.99384982638889
3473,147.22977430555557,121.17160590277778,775.3223611111111,337.3501175742263,0.0,0.0,51.08645399305556
3474,147.27779513888888,121.2382986111111,319.15996527777776,133.70561039203994,0.0,0.0,50.821536458333334
3475,127.55848090277777,101.7703125,269.04302083333334,102.2955659151777,0.0,0.0,41.02091145833333
3476,0.0,0.0,0.0,0.0,0.0,0.0,-0.5084750027126737
3477,0.0,0.0,0.0,0.0,0.0,0.0,-0.275
3478,0.0,0.0,0.0,0.0,0.0,0.0,-0.275
3479,0.0,0.0,0.0,0.0,0.0,0.0,-0.275
3480,0.0,0.0,0.0,0.0,0.0,0.0,-0.275
3481,0.0,0.0,0.0,0.0,0.0,0.0,-0.275
3482,0.0,0.0,0.0,0.0,0.0,0.0,-0.275
3483,0.0,0.0,0.0,0.0,0.0,0.0,-0.275
3484,0.0,0.0,0.0,0.0,0.0,0.0,-0.275
3485,0.0,0.0,0.0,0.0,0.0,0.0,-0.275
3486,0.0,0.0,0.0,0.0,0.0,0.0,-0.275
3487,0.0,0.0,0.0,0.0,0.0,0.0,-0.275
3488,73.17956597222222,60.62633680555555,880.8010763888889,123.40934640649186,0.0,0.0,-2.432036878797743
3489,146.7802219051785,121.23547492133247,1007.51584048801,380.65522667470316,0.0,0.0,51.210323643121455
3490,146.81494791666665,121.24322048611111,1078.963125,446.37086512066145,0.0,0.0,51.274691840277775
3491,146.81534722222221,121.24005208333334,1167.493611111111,505.0689528920727,0.0,0.0,51.21056423611111
3492,147.10494791666667,121.26896701388888,1214.8734722222223,537.4438444364354,0.0,0.0,51.13377170138889
3493,147.43059027777778,121.26913194444444,1258.9633333333334,565.7093961367466,0.0,0.0,51.10544704861111
3494,147.66428819444445,121.271484375,1232.3072222222222,556.5608576342665,0.0,0.0,51.03681423611111
3495,147.77276041666667,121.265546875,1183.4711111111112,532.8400680169151,0.0,0.0,50.99188368055555
3496,147.71017361111112,121.23375868055555,1096.4102777777778,485.2501864363077,0.0,0.0,50.92284288194445
3497,147.82611111111112,121.23185763888888,992.1180555555555,430.2465946589432,0.0,0.0,50.90351128472222
3498,147.94381944444444,121.22375868055556,855.8976388888889,357.0403000014201,0.0,0.0,50.8901953125
3499,147.71885416666666,121.25722222222223,627.8838888888889,245.64682761099783,0.0,0.0,50.88494791666667
3500,0.0,0.0,0.0,0.0,0.0,0.0,-0.5084750027126737
3501,0.0,0.0,0.0,0.0,0.0,0.0,-0.275
3502,0.0,0.0,0.0,0.0,0.0,0.0,-0.275
3503,0.0,0.0,0.0,0.0,0.0,0.0,-0.275
3504,0.0,0.0,0.0,0.0,0.0,0.0,-0.275
3505,0.0,0.0,0.0,0.0,0.0,0.0,-0.275
3506,0.0,0.0,0.0,0.0,0.0,0.0,-0.275
3507,0.0,0.0,0.0,0.0,0.0,0.0,-0.275
3508,0.0,0.0,0.0,0.0,0.0,0.0,-0.275
3509,0.0,0.0,0.0,0.0,0.0,0.0,-0.275
3510,0.0,0.0,0.0,0.0,0.0,0.0,-0.275
3511,0.0,0.0,0.0,0.0,0.0,0.0,-0.275
3512,73.48888020833333,60.62623697916667,871.7403819444445,122.08421815175925,0.0,0.0,-2.422325439453125
3513,146.6526559999254,121.16688766479493,1010.3607514784071,382.14791723316193,0.0,0.0,51.23300333076053
3514,146.51835069444445,121.24427083333333,1079.4754861111112,447.5917642010713,0.0,0.0,51.168958333333336
3515,146.41855902777777,121.24125,1169.5025,507.3844697585092,0.0,0.0,51.101163194444446
3516,146.54793402777779,121.27160590277778,1216.693611111111,540.3465627553419,0.0,0.0,51.006137152777775
3517,146.66967013888888,121.2596701388889,1174.3969444444444,530.5255790778103,0.0,0.0,50.89068576388889
3518,146.62319444444444,121.23461805555556,1077.2777083333333,489.94644776178626,0.0,0.0,50.819965277777776
3519,146.8309201388889,121.16668402777778,1008.9720138888889,456.9512542882986,0.0,0.0,50.76663194444444
3520,118.90553819444445,92.85717881944444,221.4205034722222,93.38265991296292,0.0,0.0,36.30761935763889
3521,147.6198784722222,121.26828125,664.1670833333334,288.57681404502176,0.0,0.0,50.64634114583333
3522,147.59980902777778,121.26548611111112,664.9086805555555,278.21478607068605,0.0,0.0,50.664852430555555
3523,147.34852430555554,121.25427083333334,598.7333333333333,235.032081845327,0.0,0.0,50.680286458333335
3524,0.0,0.0,0.0,0.0,0.0,0.0,-0.5084750027126737
3525,0.0,0.0,0.0,0.0,0.0,0.0,-0.275
3526,0.0,0.0,0.0,0.0,0.0,0.0,-0.275
3527,0.0,0.0,0.0,0.0,0.0,0.0,-0.275
3528,0.0,0.0,0.0,0.0,0.0,0.0,-0.275
3529,0.0,0.0,0.0,0.0,0.0,0.0,-0.275
3530,0.0,0.0,0.0,0.0,0.0,0.0,-0.275
3531,0.0,0.0,0.0,0.0,0.0,0.0,-0.275
3532,0.0,0.0,0.0,0.0,0.0,0.0,-0.275
3533,0.0,0.0,0.0,0.0,0.0,0.0,-0.275
3534,0.0,0.0,0.0,0.0,0.0,0.0,-0.275
3535,0.0,0.0,0.0,0.0,0.0,0.0,-0.275
3536,74.1542795138889,60.624926215277775,895.4707638888889,124.71472985336945,0.0,0.0,-2.4538409423828127
3537,148.98524748219384,121.21123509407043,1008.7428735139634,375.9695403062701,0.0,0.0,51.26644327686893
3538,149.2854861111111,121.24138020833334,1092.8372916666667,444.81135045328045,0.0,0.0,51.1771875
3539,149.5209722222222,121.23131076388889,1166.859861111111,495.7538922759151,0.0,0.0,51.09939670138889
3540,149.85788194444444,121.26034722222222,1217.1116666666667,528.5786562027884,0.0,0.0,50.97099826388889
3541,150.05746527777777,121.321171875,1243.9565277777779,549.6556768283956,0.0,0.0,50.88225694444444
3542,149.97984375,121.27319444444444,1216.6531944444444,541.2292410561944,0.0,0.0,50.81071614583333
3543,149.75821180555556,121.25942708333334,1186.55875,527.4259459619178,0.0,0.0,50.76322048611111
3544,149.70291666666665,121.22800347222223,1114.1272222222221,486.6923866132974,0.0,0.0,50.73195746527778
3545,149.84600694444444,121.20622395833334,1009.4979166666667,431.97339462000474,0.0,0.0,50.73866319444444
3546,149.658125,121.20436631944445,880.5853472222223,363.34187842861365,0.0,0.0,50.76263888888889
3547,148.5548263888889,121.27266493055555,663.3176388888888,258.5314180914883,0.0,0.0,50.73712239583333
3548,0.0,0.0,0.0,0.0,0.0,0.0,-0.5084750027126737
3549,0.0,0.0,0.0,0.0,0.0,0.0,-0.275
3550,0.0,0.0,0.0,0.0,0.0,0.0,-0.275
3551,0.0,0.0,0.0,0.0,0.0,0.0,-0.275
3552,0.0,0.0,0.0,0.0,0.0,0.0,-0.275
3553,0.0,0.0,0.0,0.0,0.0,0.0,-0.275
3554,0.0,0.0,0.0,0.0,0.0,0.0,-0.275
3555,0.0,0.0,0.0,0.0,0.0,0.0,-0.275
3556,0.0,0.0,0.0,0.0,0.0,0.0,-0.275
3557,0.0,0.0,0.0,0.0,0.0,0.0,-0.275
3558,0.0,0.0,0.0,0.0,0.0,0.0,-0.275
3559,0.0,0.0,0.0,0.0,0.0,0.0,-0.275
3560,73.77386284722222,60.62722222222222,890.0235416666667,125.00241658926193,0.0,0.0,-2.4531727430555557
3561,148.24898401472305,121.21332788679335,1004.9809961954753,376.6819132780955,0.0,0.0,51.15994559844335
3562,147.801875,121.15125868055556,1088.064236111111,447.0688947496144,0.0,0.0,51.03855902777778
3563,147.3671875,121.24256076388889,1181.6104166666667,509.46642746923675,0.0,0.0,50.885052083333335
3564,147.08434027777778,121.26779513888889,1211.7993055555555,536.2661977736018,0.0,0.0,50.75499131944444
3565,146.81901041666666,121.27151909722222,1221.736388888889,551.6383155457157,0.0,0.0,50.596232638888885
3566,146.68581597222223,121.27177951388889,1212.527361111111,551.6177770340065,0.0,0.0,50.460698784722226
3567,146.6603125,121.26998263888889,663.0479861111111,301.06459903116405,0.0,0.0,50.27786892361111
3568,146.63774305555555,121.27270833333333,1222.4779166666667,545.4981893382067,0.0,0.0,50.319583333333334
3569,146.67671875,121.227890625,968.4146527777777,423.51312482721517,0.0,0.0,50.3112890625
3570,146.82765625,121.16668402777778,860.8864583333333,362.0837355700336,0.0,0.0,50.35510416666666
3571,146.95388888888888,121.25700520833334,623.0569444444444,245.65731835778143,0.0,0.0,50.410130208333335
3572,0.0,0.0,0.0,0.0,0.0,0.0,-0.5084750027126737
3573,0.0,0.0,0.0,0.0,0.0,0.0,-0.275
3574,0.0,0.0,0.0,0.0,0.0,0.0,-0.275
3575,0.0,0.0,0.0,0.0,0.0,0.0,-0.275
3576,0.0,0.0,0.0,0.0,0.0,0.0,-0.275
3577,0.0,0.0,0.0,0.0,0.0,0.0,-0.275
3578,0.0,0.0,0.0,0.0,0.0,0.0,-0.275
3579,0.0,0.0,0.0,0.0,0.0,0.0,-0.275
3580,0.0,0.0,0.0,0.0,0.0,0.0,-0.275
3581,0.0,0.0,0.0,0.0,0.0,0.0,-0.275
3582,0.0,0.0,0.0,0.0,0.0,0.0,-0.275
3583,0.0,0.0,0.0,0.0,0.0,0.0,-0.275
3584,73.04119791666666,60.6199609375,690.3109722222222,98.20388614654743,0.0,0.0,-2.2531587727864584
3585,145.8852338748508,121.180960583157,912.3786335076226,347.6312608561638,0.0,0.0,51.029493182732
3586,145.80151041666667,121.16796006944445,359.9195486111111,149.9591659573794,0.0,0.0,50.63240885416667
3587,0.0,0.0,0.0,0.0,0.0,0.0,-0.5084750027126737
3588,72.87542534722222,60.61859375,1129.7946527777779,252.21937640488406,0.0,0.0,-2.885271199544271
3589,145.72252384609646,121.23741785473294,1095.2912540011935,498.22626654301024,0.0,0.0,50.46346568948693
3590,145.73770833333333,121.26657986111111,1173.7766666666666,537.5521672348382,0.0,0.0,50.3615234375
3591,95.03749131944444,70.56453559027777,173.77100694444445,71.08978337545554,0.0,0.0,25.530679253472222
3592,145.64078125,121.17301215277777,862.9224305555556,387.4514531096307,0.0,0.0,50.170711805555555
3593,101.09013020833333,76.68105902777778,191.8384375,77.20617517135508,0.0,0.0,28.215234375
3594,0.0,0.0,0.0,0.0,0.0,0.0,-0.5084750027126737
3595,0.0,0.0,0.0,0.0,0.0,0.0,-0.275
3596,0.0,0.0,0.0,0.0,0.0,0.0,-0.275
3597,0.0,0.0,0.0,0.0,0.0,0.0,-0.275
3598,0.0,0.0,0.0,0.0,0.0,0.0,-0.275
3599,0.0,0.0,0.0,0.0,0.0,0.0,-0.275
3600,0.0,0.0,0.0,0.0,0.0,0.0,-0.275
3601,0.0,0.0,0.0,0.0,0.0,0.0,-0.275
3602,0.0,0.0,0.0,0.0,0.0,0.0,-0.275
3603,0.0,0.0,0.0,0.0,0.0,0.0,-0.275
3604,0.0,0.0,0.0,0.0,0.0,0.0,-0.275
3605,0.0,0.0,0.0,0.0,0.0,0.0,-0.275
3606,0.0,0.0,0.0,0.0,0.0,0.0,-0.275
3607,0.0,0.0,0.0,0.0,0.0,0.0,-0.275
3608,0.0,0.0,0.0,0.0,0.0,0.0,-0.275
3609,72.97143229166667,60.60987847222222,1041.1158680555557,198.4281248021294,0.0,0.0,-2.905791965060764
3610,145.94503172132704,121.25697195688883,595.7130945671929,248.17531560633714,0.0,0.0,50.81655780772368
3611,145.82588541666667,121.18376736111111,1080.864236111111,470.816069484804,0.0,0.0,50.82373697916667
3612,146.17803819444444,121.17808159722222,1046.4956944444446,465.69421208612727,0.0,0.0,50.669644097222225
3613,146.64015625,121.23738715277777,1097.2732638888888,496.09946364041144,0.0,0.0,50.52349826388889
3614,146.9815625,121.27380208333334,1188.5677777777778,539.8672720708299,0.0,0.0,50.40684461805556
3615,147.42368055555556,121.22315104166667,834.9853472222222,377.2375457355978,0.0,0.0,50.27582465277778
3616,147.6274826388889,121.15318576388889,275.74414930555554,122.14764527811415,0.0,0.0,49.9384765625
3617,102.04836805555556,76.49975694444444,193.61822916666668,77.02489412864841,0.0,0.0,28.442838541666667
3618,0.0,0.0,0.0,0.0,0.0,0.0,-0.5084750027126737
3619,0.0,0.0,0.0,0.0,0.0,0.0,-0.275
3620,0.0,0.0,0.0,0.0,0.0,0.0,-0.275
3621,0.0,0.0,0.0,0.0,0.0,0.0,-0.275
3622,0.0,0.0,0.0,0.0,0.0,0.0,-0.275
3623,0.0,0.0,0.0,0.0,0.0,0.0,-0.275
3624,0.0,0.0,0.0,0.0,0.0,0.0,-0.275
3625,0.0,0.0,0.0,0.0,0.0,0.0,-0.275
3626,0.0,0.0,0.0,0.0,0.0,0.0,-0.275
3627,0.0,0.0,0.0,0.0,0.0,0.0,-0.275
3628,0.0,0.0,0.0,0.0,0.0,0.0,-0.275
3629,0.0,0.0,0.0,0.0,0.0,0.0,-0.275
3630,0.0,0.0,0.0,0.0,0.0,0.0,-0.275
3631,0.0,0.0,0.0,0.0,0.0,0.0,-0.275
3632,73.15909722222223,60.62773871527778,865.1336805555555,123.39405334956083,0.0,0.0,-2.4316969129774306
3633,146.45738809373643,121.17110269758436,992.1585101657444,376.8228004102478,0.0,0.0,51.023102049430214
3634,146.5898263888889,121.2857638888889,1094.3069444444445,454.02383122224853,0.0,0.0,50.91177517361111
3635,146.45194444444445,121.2409201388889,1166.5093055555556,506.2094397585512,0.0,0.0,50.804401041666665
3636,146.2025,121.25436631944444,1181.7991666666667,526.1602147162594,0.0,0.0,50.68278645833333
3637,145.97894097222223,121.22545138888889,914.9,415.51625047124406,0.0,0.0,50.52203559027778
3638,145.77567708333333,121.19,717.1154861111111,328.2295730007781,0.0,0.0,50.446966145833336
3639,145.94579861111112,121.18011284722222,813.6953472222223,371.26108842477237,0.0,0.0,50.31950954861111
3640,87.03802083333333,62.01767795138889,161.93277777777777,62.54265526709487,0.0,0.0,21.91088107638889
3641,146.5703298611111,121.18302951388888,772.6122222222223,338.17448467799505,0.0,0.0,50.410394965277774
3642,0.0,0.0,0.0,0.0,0.0,0.0,-0.5084750027126737
3643,0.0,0.0,0.0,0.0,0.0,0.0,-0.275
3644,0.0,0.0,0.0,0.0,0.0,0.0,-0.275
3645,0.0,0.0,0.0,0.0,0.0,0.0,-0.275
3646,0.0,0.0,0.0,0.0,0.0,0.0,-0.275
3647,0.0,0.0,0.0,0.0,0.0,0.0,-0.275
3648,0.0,0.0,0.0,0.0,0.0,0.0,-0.275
3649,0.0,0.0,0.0,0.0,0.0,0.0,-0.275
3650,0.0,0.0,0.0,0.0,0.0,0.0,-0.275
3651,0.0,0.0,0.0,0.0,0.0,0.0,-0.275
3652,0.0,0.0,0.0,0.0,0.0,0.0,-0.275
3653,0.0,0.0,0.0,0.0,0.0,0.0,-0.275
3654,0.0,0.0,0.0,0.0,0.0,0.0,-0.275
3655,0.0,0.0,0.0,0.0,0.0,0.0,-0.275
3656,73.05081597222222,60.62552517361111,834.6616666666666,119.4960816061822,0.0,0.0,-2.3955904812282984
3657,145.92088279300265,121.1799647034539,975.2641277737088,371.9645945712254,0.0,0.0,50.98394584814707
3658,145.89463541666666,121.25796006944445,1093.5384027777777,455.8162914789865,0.0,0.0,50.86318142361111
3659,145.7632986111111,121.239375,1150.11375,501.4820134938651,0.0,0.0,50.736905381944446
3660,145.76286458333334,121.27106770833333,1215.7768055555555,543.0202820464167,0.0,0.0,50.58759548611111
3661,145.78072916666667,121.27057291666667,1209.6554166666667,550.431111015908,0.0,0.0,50.49853732638889
3662,145.74635416666666,121.22991319444445,932.7516666666667,427.2447650999519,0.0,0.0,50.3737890625
3663,145.7759375,121.24311631944444,430.5578125,196.83171917477668,0.0,0.0,50.14515190972222
3664,0.0,0.0,0.0,0.0,0.0,0.0,-0.5084750027126737
3665,0.0,0.0,0.0,0.0,0.0,0.0,-0.275
3666,41.763745659722225,33.98555121527778,258.3104340277778,34.152644127346505,0.0,0.0,-2.0796611870659722
3667,0.0,0.0,0.0,0.0,0.0,0.0,-0.5084750027126737
3668,0.0,0.0,0.0,0.0,0.0,0.0,-0.275
3669,0.0,0.0,0.0,0.0,0.0,0.0,-0.275
3670,0.0,0.0,0.0,0.0,0.0,0.0,-0.275
3671,0.0,0.0,0.0,0.0,0.0,0.0,-0.275
3672,0.0,0.0,0.0,0.0,0.0,0.0,-0.275
3673,0.0,0.0,0.0,0.0,0.0,0.0,-0.275
3674,0.0,0.0,0.0,0.0,0.0,0.0,-0.275
3675,0.0,0.0,0.0,0.0,0.0,0.0,-0.275
3676,0.0,0.0,0.0,0.0,0.0,0.0,-0.275
3677,0.0,0.0,0.0,0.0,0.0,0.0,-0.275
3678,0.0,0.0,0.0,0.0,0.0,0.0,-0.275
3679,0.0,0.0,0.0,0.0,0.0,0.0,-0.275
3680,73.0146875,60.62623697916667,852.715625,122.40123893007102,0.0,0.0,-2.4211466471354166
3681,145.89841865539552,121.22663020239936,1101.6013898044162,420.5427262363849,0.0,0.0,50.87756713635392
3682,145.82633680555554,121.23081597222222,1031.2327777777778,429.9938230199155,0.0,0.0,50.74654947916667
3683,145.79723958333332,121.24020833333333,1155.7767361111112,503.86811092518354,0.0,0.0,50.56755642361111
3684,146.28869791666668,121.27190972222222,1219.4441666666667,542.7278299592024,0.0,0.0,50.37057291666667
3685,146.7954513888889,121.23444444444445,1082.3609027777777,489.0398791232927,0.0,0.0,50.15558159722222
3686,147.16982638888888,121.27078125,662.6165277777778,300.7396465567035,0.0,0.0,49.898363715277775
3687,147.24918402777777,121.23801215277778,969.2640972222222,438.7671015514347,0.0,0.0,49.86112413194444
3688,147.1031076388889,121.22857638888888,328.2476041666667,146.08659403867313,0.0,0.0,49.60353298611111
3689,147.0179861111111,121.16348090277778,798.1223611111111,348.35320447066016,0.0,0.0,49.86473090277778
3690,147.01980902777777,121.17580729166667,803.4751388888889,338.0525189512669,0.0,0.0,49.955377604166664
3691,147.1378125,121.25776909722222,627.0075,247.76564284772766,0.0,0.0,50.05280381944444
3692,0.0,0.0,0.0,0.0,0.0,0.0,-0.5084750027126737
3693,0.0,0.0,0.0,0.0,0.0,0.0,-0.275
3694,0.0,0.0,0.0,0.0,0.0,0.0,-0.275
3695,0.0,0.0,0.0,0.0,0.0,0.0,-0.275
3696,0.0,0.0,0.0,0.0,0.0,0.0,-0.275
3697,0.0,0.0,0.0,0.0,0.0,0.0,-0.275
3698,0.0,0.0,0.0,0.0,0.0,0.0,-0.275
3699,0.0,0.0,0.0,0.0,0.0,0.0,-0.275
3700,0.0,0.0,0.0,0.0,0.0,0.0,-0.275
3701,0.0,0.0,0.0,0.0,0.0,0.0,-0.275
3702,0.0,0.0,0.0,0.0,0.0,0.0,-0.275
3703,0.0,0.0,0.0,0.0,0.0,0.0,-0.275
3704,73.15633680555555,60.62730902777778,883.7134375,126.84798435807372,0.0,0.0,-2.4658600531684027
3705,146.3168503104316,121.17363709343805,973.6596379258898,370.60456519308025,0.0,0.0,50.9732289229499
3706,146.31973958333333,121.24483506944445,1077.763125,447.9688320170576,0.0,0.0,50.8563671875
3707,146.44133680555555,121.23500868055555,1131.709236111111,491.2096384517704,0.0,0.0,50.73240451388889
3708,146.69472222222223,121.25330729166667,1181.2733333333333,524.2242680415884,0.0,0.0,50.551432291666664
3709,147.00991319444444,121.27290798611111,1206.7295833333333,544.6934546675665,0.0,0.0,50.379322916666666
3710,146.98322916666666,121.273359375,1197.5340277777777,544.3367114060641,0.0,0.0,50.219327256944446
3711,146.96265625,121.27241319444444,1215.73625,551.70754364185,0.0,0.0,50.114071180555555
3712,146.79534722222223,121.24328125,1142.6710416666667,509.77274632660175,0.0,0.0,50.06213541666666
3713,146.77163194444444,121.24131076388889,1012.7472916666667,443.1357234603454,0.0,0.0,50.05358072916667
3714,146.65848958333333,121.14400173611111,831.8976388888889,350.8973094178905,0.0,0.0,50.09478732638889
3715,146.9195138888889,121.25997395833333,650.1715972222222,257.486858068123,0.0,0.0,50.18185329861111
3716,0.0,0.0,0.0,0.0,0.0,0.0,-0.5084750027126737
3717,0.0,0.0,0.0,0.0,0.0,0.0,-0.275
3718,0.0,0.0,0.0,0.0,0.0,0.0,-0.275
3719,0.0,0.0,0.0,0.0,0.0,0.0,-0.275
3720,0.0,0.0,0.0,0.0,0.0,0.0,-0.275
3721,0.0,0.0,0.0,0.0,0.0,0.0,-0.275
3722,0.0,0.0,0.0,0.0,0.0,0.0,-0.275
3723,0.0,0.0,0.0,0.0,0.0,0.0,-0.275
3724,0.0,0.0,0.0,0.0,0.0,0.0,-0.275
3725,0.0,0.0,0.0,0.0,0.0,0.0,-0.275
3726,0.0,0.0,0.0,0.0,0.0,0.0,-0.275
3727,0.0,0.0,0.0,0.0,0.0,0.0,-0.275
3728,73.0481857638889,60.62633246527778,853.8212847222222,122.9388839258758,0.0,0.0,-2.4264289686414933
3729,145.9092732196384,121.18029310650296,963.938238237169,368.05534788403344,0.0,0.0,50.97759165763855
3730,145.86878472222222,121.24403645833333,1229.3408333333334,512.5800691466402,0.0,0.0,50.866375868055556
3731,145.78866319444444,121.24397569444444,1175.0980555555554,512.3823319159843,0.0,0.0,50.72474392361111
3732,145.7812673611111,121.26775173611111,1206.716111111111,538.9512364849777,0.0,0.0,50.53023003472222
3733,145.73362847222222,121.26902777777778,1232.725138888889,561.3612231072709,0.0,0.0,50.355755208333335
3734,145.69239583333334,121.269375,1223.9611111111112,561.3748805961478,0.0,0.0,50.176028645833334
3735,145.6631423611111,121.266875,1259.5836111111112,576.8181282964824,0.0,0.0,50.04772135416667
3736,145.6240798611111,121.24855902777777,1153.5384722222223,518.8815339978339,0.0,0.0,49.97943142361111
3737,145.64210069444445,121.28278645833333,1023.9247916666667,451.73483944334384,0.0,0.0,49.94403211805555
3738,145.53764756944443,121.18789930555556,829.0256944444444,352.6193150967434,0.0,0.0,49.95052951388889
3739,145.62813368055555,121.25977430555555,651.2502777777778,260.3775927656691,0.0,0.0,49.991276041666666
3740,0.0,0.0,0.0,0.0,0.0,0.0,-0.5084750027126737
3741,0.0,0.0,0.0,0.0,0.0,0.0,-0.275
3742,0.0,0.0,0.0,0.0,0.0,0.0,-0.275
3743,0.0,0.0,0.0,0.0,0.0,0.0,-0.275
3744,0.0,0.0,0.0,0.0,0.0,0.0,-0.275
3745,0.0,0.0,0.0,0.0,0.0,0.0,-0.275
3746,0.0,0.0,0.0,0.0,0.0,0.0,-0.275
3747,0.0,0.0,0.0,0.0,0.0,0.0,-0.275
3748,0.0,0.0,0.0,0.0,0.0,0.0,-0.275
3749,0.0,0.0,0.0,0.0,0.0,0.0,-0.275
3750,0.0,0.0,0.0,0.0,0.0,0.0,-0.275
3751,0.0,0.0,0.0,0.0,0.0,0.0,-0.275
3752,72.98221354166667,60.62631076388889,849.7897916666667,122.64008086233227,0.0,0.0,-2.4230684407552086
3753,145.7903739039103,121.18253643671672,965.6910347832574,369.11797701892766,0.0,0.0,50.80809900654687
3754,145.7915972222222,121.25065972222222,1087.686736111111,453.80198683115907,0.0,0.0,50.70890625
3755,145.69993055555557,121.24072048611112,1157.4351388888888,504.98799055157264,0.0,0.0,50.48898871527778
3756,145.69932291666666,121.26701388888888,1204.7744444444445,538.3976783841844,0.0,0.0,50.23654947916667
3757,145.6835590277778,121.27121527777778,1199.7858333333334,546.6301854740575,0.0,0.0,50.062899305555554
3758,145.60714409722223,121.23816840277777,1089.4260416666666,499.9354187195716,0.0,0.0,49.83658420138889
3759,145.59493923611112,121.24165798611111,1104.5406944444444,506.0680219859907,0.0,0.0,49.74493489583333
3760,145.55461805555555,121.1816232638889,866.1718055555556,389.6645959649544,0.0,0.0,49.765065104166666
3761,0.0,0.0,0.0,0.0,0.0,0.0,-0.5084750027126737
3762,0.0,0.0,0.0,0.0,0.0,0.0,-0.275
3763,0.0,0.0,0.0,0.0,0.0,0.0,-0.275
3764,0.0,0.0,0.0,0.0,0.0,0.0,-0.275
3765,0.0,0.0,0.0,0.0,0.0,0.0,-0.275
3766,0.0,0.0,0.0,0.0,0.0,0.0,-0.275
3767,0.0,0.0,0.0,0.0,0.0,0.0,-0.275
3768,0.0,0.0,0.0,0.0,0.0,0.0,-0.275
3769,0.0,0.0,0.0,0.0,0.0,0.0,-0.275
3770,0.0,0.0,0.0,0.0,0.0,0.0,-0.275
3771,0.0,0.0,0.0,0.0,0.0,0.0,-0.275
3772,0.0,0.0,0.0,0.0,0.0,0.0,-0.275
3773,0.0,0.0,0.0,0.0,0.0,0.0,-0.275
3774,0.0,0.0,0.0,0.0,0.0,0.0,-0.275
3775,0.0,0.0,0.0,0.0,0.0,0.0,-0.275
3776,73.00160590277778,60.627265625,877.9561805555555,126.82510362707004,0.0,0.0,-2.464045206705729
3777,145.85840387556289,121.18134909947713,965.25966990153,368.84513631227685,0.0,0.0,50.81362404651112
3778,146.22720486111112,121.242421875,1071.0619444444444,445.51746605288395,0.0,0.0,50.705091145833336
3779,146.19932291666666,121.15915798611111,1124.1991666666668,488.49253249414477,0.0,0.0,50.49913194444444
3780,146.42496527777777,121.25116319444444,1174.0329166666668,522.00362311397,0.0,0.0,50.303524305555555
3781,146.71378472222221,121.27289930555555,1200.5947222222221,543.2306878569075,0.0,0.0,50.09552951388889
3782,146.65567708333333,121.23442708333333,1070.0103472222222,487.5968390192138,0.0,0.0,49.927317708333334
3783,146.65519097222221,121.25131944444445,1145.408125,521.1578344430428,0.0,0.0,49.8055859375
3784,146.61866319444445,121.23723958333333,1107.5609027777778,494.9612918416872,0.0,0.0,49.74025173611111
3785,146.81819444444446,121.23364583333333,990.9315277777778,433.651725254266,0.0,0.0,49.736796875
3786,146.8581423611111,121.16644097222222,814.3021527777778,343.39703093621904,0.0,0.0,49.80017795138889
3787,147.35821180555556,121.24789930555555,534.9040277777777,211.60469981851304,0.0,0.0,49.844318576388886
3788,104.45809895833334,78.99958333333333,256.42277777777775,79.5246738877598,0.0,0.0,29.37445746527778
3789,0.0,0.0,0.0,0.0,0.0,0.0,-0.5084750027126737
3790,0.0,0.0,0.0,0.0,0.0,0.0,-0.275
3791,0.0,0.0,0.0,0.0,0.0,0.0,-0.275
3792,0.0,0.0,0.0,0.0,0.0,0.0,-0.275
3793,0.0,0.0,0.0,0.0,0.0,0.0,-0.275
3794,0.0,0.0,0.0,0.0,0.0,0.0,-0.275
3795,0.0,0.0,0.0,0.0,0.0,0.0,-0.275
3796,0.0,0.0,0.0,0.0,0.0,0.0,-0.275
3797,0.0,0.0,0.0,0.0,0.0,0.0,-0.275
3798,0.0,0.0,0.0,0.0,0.0,0.0,-0.275
3799,0.0,0.0,0.0,0.0,0.0,0.0,-0.275
3800,59.45161458333333,49.3375,425.89265625,50.110504183916916,0.0,0.0,-2.146209716796875
3801,146.19316948784723,121.2275271267361,1109.9069618055555,423.363022283239,0.0,0.0,46.02865563286675
3802,146.02286458333333,121.17874131944444,888.1089583333334,369.74425088309795,0.0,0.0,50.7513671875
3803,146.31090277777778,121.25153645833333,518.1174652777778,225.13513484713877,0.0,0.0,50.44536024305555
3804,146.55354166666666,121.17730902777778,726.6750694444445,322.62349834514345,0.0,0.0,50.323541666666664
3805,146.67164930555555,121.22438368055556,908.4550694444445,411.04499763485495,0.0,0.0,50.16036458333333
3806,146.8099652777778,121.26896701388888,647.3400694444445,294.81842518662927,0.0,0.0,49.976558159722224
3807,146.49088541666666,121.17168402777777,792.365,360.7699783081537,0.0,0.0,49.96537760416667
3808,146.27581597222223,121.23533854166666,379.38923611111113,169.97200159402738,0.0,0.0,49.82704427083333
3809,146.19703125,121.26765625,668.1850694444445,293.78385794774556,0.0,0.0,49.948489583333334
3810,146.34298611111112,121.2624045138889,635.8389583333334,269.37464748091736,0.0,0.0,49.99703125
3811,146.55911458333333,121.26904513888888,757.2683333333333,301.44162262180123,0.0,0.0,50.12880208333333
3812,85.0501736111111,60.54167100694445,208.34184027777778,61.06665211286108,0.0,0.0,21.275874565972224
3813,0.0,0.0,0.0,0.0,0.0,0.0,-0.5084750027126737
3814,0.0,0.0,0.0,0.0,0.0,0.0,-0.275
3815,0.0,0.0,0.0,0.0,0.0,0.0,-0.275
3816,0.0,0.0,0.0,0.0,0.0,0.0,-0.275
3817,0.0,0.0,0.0,0.0,0.0,0.0,-0.275
3818,0.0,0.0,0.0,0.0,0.0,0.0,-0.275
3819,0.0,0.0,0.0,0.0,0.0,0.0,-0.275
3820,0.0,0.0,0.0,0.0,0.0,0.0,-0.275
3821,0.0,0.0,0.0,0.0,0.0,0.0,-0.275
3822,0.0,0.0,0.0,0.0,0.0,0.0,-0.275
3823,0.0,0.0,0.0,0.0,0.0,0.0,-0.275
3824,73.29760416666667,60.62601996527778,838.6122222222223,120.85613412842682,0.0,0.0,-2.4095058186848957
3825,146.56647256215413,121.11372667100694,923.9607384236654,351.23733900472723,0.0,0.0,50.849014049470426
3826,146.52352430555555,121.23369791666667,1047.1023611111111,434.64201217871255,0.0,0.0,50.75151041666667
3827,146.20355902777777,121.17875868055556,1101.7631944444445,478.80627762525717,0.0,0.0,50.55997395833333
3828,146.15086805555555,121.24471354166667,1151.6777777777777,513.0105568392539,0.0,0.0,50.35603298611111
3829,145.98911458333333,121.17986111111111,814.1807638888889,370.01053690769714,0.0,0.0,50.107890625
3830,146.32501736111112,121.23836805555555,395.9061111111111,180.8926785334701,0.0,0.0,49.72853298611111
3831,146.52348958333334,121.24565972222223,443.0971875,201.86460771377898,0.0,0.0,49.75881944444444
3832,146.62800347222222,121.26444444444445,613.7400694444444,274.4185461447506,0.0,0.0,49.81028645833333
3833,146.40993055555555,121.1797048611111,735.3986111111111,322.68430440722483,0.0,0.0,49.82584201388889
3834,0.0,0.0,0.0,0.0,0.0,0.0,-0.5084750027126737
3835,0.0,0.0,0.0,0.0,0.0,0.0,-0.275
3836,2.736078559027778,2.051060519748264,244.15311577690971,2.065447008828121,0.0,0.0,-1.9482479943169488
3837,0.0,0.0,0.0,0.0,0.0,0.0,-0.5084750027126737
3838,0.0,0.0,0.0,0.0,0.0,0.0,-0.275
3839,0.0,0.0,0.0,0.0,0.0,0.0,-0.275
3840,0.0,0.0,0.0,0.0,0.0,0.0,-0.275
3841,0.0,0.0,0.0,0.0,0.0,0.0,-0.275
3842,0.0,0.0,0.0,0.0,0.0,0.0,-0.275
3843,0.0,0.0,0.0,0.0,0.0,0.0,-0.275
3844,0.0,0.0,0.0,0.0,0.0,0.0,-0.275
3845,0.0,0.0,0.0,0.0,0.0,0.0,-0.275
3846,0.0,0.0,0.0,0.0,0.0,0.0,-0.275
3847,0.0,0.0,0.0,0.0,0.0,0.0,-0.275
3848,73.02307291666666,60.61903211805556,543.9782118055556,78.723922926274,0.0,0.0,-2.1808050537109374
3849,146.2481669108073,121.26174760182698,706.4772494337294,269.4827705604338,0.0,0.0,50.94561184575161
3850,146.2828298611111,121.24247395833333,462.91739583333333,192.47832703927196,0.0,0.0,50.70919270833333
3851,0.0,0.0,0.0,0.0,0.0,0.0,-0.5084750027126737
3852,0.0,0.0,95.11022569444444,0.0,0.0,0.0,-1.317760281032986
3853,125.63528211805556,104.27235243055556,1168.2621006944444,456.53032458640104,0.0,0.0,16.87044392903646
3854,109.43842881944444,84.46917534722222,199.28114583333334,84.99412829876185,0.0,0.0,32.075657552083335
3855,106.091640625,80.65113715277778,193.49685763888888,81.17621163348508,0.0,0.0,30.306236979166666
3856,146.95288194444444,121.26393229166666,607.6591666666667,271.14473760167766,0.0,0.0,50.309071180555556
3857,0.0,0.0,0.0,0.0,0.0,0.0,-0.5084750027126737
3858,73.6315625,60.61259982638889,349.80717013888886,73.6534082336102,0.0,0.0,-2.170718315972222
3859,122.2399597507053,96.06404520246717,254.89918568081325,96.58942504107621,0.0,0.0,37.833741074999175
3860,0.0,0.0,0.0,0.0,0.0,0.0,-0.5084750027126737
3861,0.0,0.0,0.0,0.0,0.0,0.0,-0.275
3862,0.0,0.0,0.0,0.0,0.0,0.0,-0.275
3863,0.0,0.0,0.0,0.0,0.0,0.0,-0.275
3864,0.0,0.0,0.0,0.0,0.0,0.0,-0.275
3865,0.0,0.0,0.0,0.0,0.0,0.0,-0.275
3866,0.0,0.0,0.0,0.0,0.0,0.0,-0.275
3867,0.0,0.0,0.0,0.0,0.0,0.0,-0.275
3868,0.0,0.0,0.0,0.0,0.0,0.0,-0.275
3869,0.0,0.0,0.0,0.0,0.0,0.0,-0.275
3870,0.0,0.0,0.0,0.0,0.0,0.0,-0.275
3871,0.0,0.0,0.0,0.0,0.0,0.0,-0.275
3872,0.0,0.0,204.76878472222222,0.0,0.0,0.0,-1.5866341145833334
3873,0.0,0.0,0.0,0.0,0.0,0.0,-0.5084750027126737
3874,45.27888454861111,36.92447048611111,269.4205642361111,37.10114665856384,0.0,0.0,-2.092501763237847
3875,146.57965060763888,121.26932942708333,702.5132465277778,304.7300110795436,0.0,0.0,40.65876892089844
3876,147.37144097222222,121.24941840277778,491.2994791666667,217.04478502901208,0.0,0.0,50.76882378472222
3877,0.0,0.0,0.0,0.0,0.0,0.0,-0.5084750027126737
3878,45.220225694444444,36.21104600694444,247.88796006944443,36.3854733587228,0.0,0.0,-2.0893939208984373
3879,0.0,0.0,0.0,0.0,0.0,0.0,-0.5084750027126737
3880,0.0,0.0,159.7215451388889,0.0,0.0,0.0,-1.7683100043402777
3881,141.58391059027778,116.62272135416667,1104.7159678819444,464.20633127074547,0.0,0.0,22.621147994995116
3882,147.56289930555556,121.19785590277777,957.7899305555555,402.5470701196341,0.0,0.0,51.11783420138889
3883,106.45734375,80.97935763888889,221.86545138888889,81.50499335712445,0.0,0.0,30.966547309027778
3884,0.0,0.0,0.0,0.0,0.0,0.0,-0.5084750027126737
3885,0.0,0.0,0.0,0.0,0.0,0.0,-0.275
3886,0.0,0.0,0.0,0.0,0.0,0.0,-0.275
3887,0.0,0.0,0.0,0.0,0.0,0.0,-0.275
3888,0.0,0.0,0.0,0.0,0.0,0.0,-0.275
3889,0.0,0.0,0.0,0.0,0.0,0.0,-0.275
3890,0.0,0.0,0.0,0.0,0.0,0.0,-0.275
3891,0.0,0.0,0.0,0.0,0.0,0.0,-0.275
3892,0.0,0.0,0.0,0.0,0.0,0.0,-0.275
3893,0.0,0.0,0.0,0.0,0.0,0.0,-0.275
3894,0.0,0.0,0.0,0.0,0.0,0.0,-0.275
3895,0.0,0.0,0.0,0.0,0.0,0.0,-0.275
3896,0.0,0.0,0.0,0.0,0.0,0.0,-0.275
3897,0.0,0.0,165.3035763888889,0.0,0.0,0.0,-1.6448612467447916
3898,65.48038194444445,48.18923177083333,193.4833810763889,48.545119092371586,0.0,0.0,-1.7489423963758681
3899,0.0,0.0,0.0,0.0,0.0,0.0,-0.5084750027126737
3900,0.0,0.0,0.0,0.0,0.0,0.0,-0.275
3901,0.0,0.0,0.0,0.0,0.0,0.0,-0.275
3902,0.0,0.0,0.0,0.0,0.0,0.0,-0.275
3903,0.0,0.0,0.0,0.0,0.0,0.0,-0.275
3904,74.53685763888889,60.619778645833335,471.5466666666667,103.71785386777412,0.0,0.0,-2.289403822157118
3905,0.0,0.0,0.0,0.0,0.0,0.0,-0.5084750027126737
3906,74.59490451388889,60.60958333333333,967.4574305555556,201.1698003077471,0.0,0.0,-2.904582722981771
3907,149.0912050819397,121.26042170206706,678.0412605751885,265.89705342952936,0.0,0.0,50.9810740227335
3908,0.0,0.0,0.0,0.0,0.0,0.0,-0.5084750027126737
3909,0.0,0.0,0.0,0.0,0.0,0.0,-0.275
3910,0.0,0.0,0.0,0.0,0.0,0.0,-0.275
3911,0.0,0.0,0.0,0.0,0.0,0.0,-0.275
3912,0.0,0.0,0.0,0.0,0.0,0.0,-0.275
3913,0.0,0.0,0.0,0.0,0.0,0.0,-0.275
3914,0.0,0.0,0.0,0.0,0.0,0.0,-0.275
3915,0.0,0.0,0.0,0.0,0.0,0.0,-0.275
3916,0.0,0.0,0.0,0.0,0.0,0.0,-0.275
3917,0.0,0.0,0.0,0.0,0.0,0.0,-0.275
3918,0.0,0.0,0.0,0.0,0.0,0.0,-0.275
3919,0.0,0.0,0.0,0.0,0.0,0.0,-0.275
3920,0.0,0.0,275.2318055555556,0.0,0.0,0.0,-1.896036376953125
3921,118.02413194444445,92.28876302083333,267.249775390625,92.79542708535875,0.0,0.0,11.236502465142143
3922,0.0,0.0,0.0,0.0,0.0,0.0,-0.5084750027126737
3923,0.0,0.0,0.0,0.0,0.0,0.0,-0.275
3924,74.41980902777777,60.610416666666666,918.9314236111111,200.92137484461122,0.0,0.0,-2.904694552951389
3925,0.0,0.0,0.0,0.0,0.0,0.0,-0.5084750027126737
3926,0.0,0.0,146.00916666666666,0.0,0.0,0.0,-1.6662078179253472
3927,49.109774305555554,31.555490451388888,149.81141927083334,31.869372993359566,0.0,0.0,-1.4904450141059027
3928,86.80610243055555,57.44351779513889,161.15075520833332,57.96866635713583,0.0,0.0,8.973784993489584
3929,150.3073784722222,121.27240451388889,710.6975,304.1688647957384,0.0,0.0,51.11928385416667
3930,150.00411458333335,121.17103298611111,849.3448611111111,351.2640997395833,0.0,0.0,51.165004340277775
3931,149.5346875,121.22559895833334,408.02746527777776,159.57062556499005,0.0,0.0,50.969027777777775
3932,100.55130208333334,72.77425347222223,244.05871527777776,73.29950285614606,0.0,0.0,27.47023654513889
3933,0.0,0.0,0.0,0.0,0.0,0.0,-0.5084750027126737
3934,0.0,0.0,0.0,0.0,0.0,0.0,-0.275
3935,0.0,0.0,0.0,0.0,0.0,0.0,-0.275
3936,0.0,0.0,0.0,0.0,0.0,0.0,-0.275
3937,0.0,0.0,0.0,0.0,0.0,0.0,-0.275
3938,0.0,0.0,0.0,0.0,0.0,0.0,-0.275
3939,0.0,0.0,0.0,0.0,0.0,0.0,-0.275
3940,0.0,0.0,0.0,0.0,0.0,0.0,-0.275
3941,0.0,0.0,0.0,0.0,0.0,0.0,-0.275
3942,0.0,0.0,0.0,0.0,0.0,0.0,-0.275
3943,0.0,0.0,0.0,0.0,0.0,0.0,-0.275
3944,73.16487847222223,60.61540798611111,585.8838541666667,84.62810900457686,0.0,0.0,-2.197696058485243
3945,146.66904580010308,121.25653589460585,650.1985890028212,247.20551870732356,0.0,0.0,51.168221799499456
3946,146.80385416666667,121.26582465277778,692.7513888888889,287.00477373442965,0.0,0.0,51.184344618055555
3947,147.08460069444445,121.23456597222223,389.5825,168.33816611016996,0.0,0.0,50.98861545138889
3948,0.0,0.0,0.0,0.0,0.0,0.0,-0.5084750027126737
3949,0.0,0.0,0.0,0.0,0.0,0.0,-0.275
3950,0.0,0.0,0.0,0.0,0.0,0.0,-0.275
3951,32.11570746527778,25.088665364583335,228.43173177083332,25.223298364063737,0.0,0.0,-2.041658223470052
3952,125.804609375,98.75079210069444,233.5148871527778,99.27615345061099,0.0,0.0,24.650756903754342
3953,0.0,0.0,0.0,0.0,0.0,0.0,-0.5084750027126737
3954,0.0,0.0,0.0,0.0,0.0,0.0,-0.275
3955,72.84903645833333,59.806605902777775,354.12180555555557,69.22881220554405,0.0,0.0,-2.1654671223958335
3956,114.26206848144531,86.3584137641059,276.90371120876733,86.88405464129072,0.0,0.0,33.01722076204088
3957,0.0,0.0,0.0,0.0,0.0,0.0,-0.5084750027126737
3958,0.0,0.0,0.0,0.0,0.0,0.0,-0.275
3959,0.0,0.0,0.0,0.0,0.0,0.0,-0.275
3960,0.0,0.0,0.0,0.0,0.0,0.0,-0.275
3961,0.0,0.0,0.0,0.0,0.0,0.0,-0.275
3962,0.0,0.0,0.0,0.0,0.0,0.0,-0.275
3963,0.0,0.0,0.0,0.0,0.0,0.0,-0.275
3964,0.0,0.0,0.0,0.0,0.0,0.0,-0.275
3965,0.0,0.0,0.0,0.0,0.0,0.0,-0.275
3966,0.0,0.0,0.0,0.0,0.0,0.0,-0.275
3967,0.0,0.0,0.0,0.0,0.0,0.0,-0.275
3968,73.77317708333334,60.62201822916666,743.1649305555555,106.42104556087135,0.0,0.0,-2.3028228759765623
3969,142.14272184583876,115.87002792782253,310.49028322855634,116.39511479922422,0.0,0.0,48.36101793024275
3970,0.0,0.0,0.0,0.0,0.0,0.0,-0.5084750027126737
3971,73.67608506944444,60.577296006944444,1048.383298611111,225.92174648015262,0.0,0.0,-2.8924485948350696
3972,147.33540788862442,121.16079419030083,712.8548535495335,314.75242239861393,0.0,0.0,51.21501664439837
3973,0.0,0.0,0.0,0.0,0.0,0.0,-0.5084750027126737
3974,0.0,0.0,0.0,0.0,0.0,0.0,-0.275
3975,0.0,0.0,0.0,0.0,0.0,0.0,-0.275
3976,0.0,0.0,0.0,0.0,0.0,0.0,-0.275
3977,0.0,0.0,0.0,0.0,0.0,0.0,-0.275
3978,73.6295138888889,60.61963541666667,463.5915625,97.75133007002516,0.0,0.0,-2.252901136610243
3979,114.68663432651095,89.27894718170165,238.54411056518555,89.8045117811157,0.0,0.0,34.825041472845605
3980,82.62136284722222,57.200594618055554,199.92833333333334,57.725716396526344,0.0,0.0,20.47497612847222
3981,0.0,0.0,0.0,0.0,0.0,0.0,-0.5084750027126737
3982,0.0,0.0,0.0,0.0,0.0,0.0,-0.275
3983,0.0,0.0,0.0,0.0,0.0,0.0,-0.275
3984,0.0,0.0,0.0,0.0,0.0,0.0,-0.275
3985,0.0,0.0,0.0,0.0,0.0,0.0,-0.275
3986,0.0,0.0,0.0,0.0,0.0,0.0,-0.275
3987,0.0,0.0,0.0,0.0,0.0,0.0,-0.275
3988,0.0,0.0,0.0,0.0,0.0,0.0,-0.275
3989,0.0,0.0,0.0,0.0,0.0,0.0,-0.275
3990,0.0,0.0,0.0,0.0,0.0,0.0,-0.275
3991,0.0,0.0,0.0,0.0,0.0,0.0,-0.275
3992,73.17513020833333,60.62299045138889,762.9043055555555,110.06728472170326,0.0,0.0,-2.3238425699869794
3993,146.29486547258165,121.22395200093587,1074.7563541666666,409.36946241610633,0.0,0.0,51.26201481454902
3994,146.60081597222222,121.23691840277777,1060.49125,439.7679150552458,0.0,0.0,51.287586805555556
3995,147.04996527777777,121.26907986111111,696.4053472222222,301.02952258292055,0.0,0.0,51.134539930555555
3996,147.31010416666666,121.2271701388889,924.5539583333333,408.50672067816123,0.0,0.0,51.115299479166666
3997,147.31555555555556,121.23238715277778,878.3201388888889,395.85602967586726,0.0,0.0,51.116861979166664
3998,147.47883680555555,121.15460069444444,783.5065277777778,355.2921125088216,0.0,0.0,51.05419270833333
3999,147.86427083333334,121.27036458333333,653.6097916666666,295.45261547533,0.0,0.0,51.00671875
4000,147.50496527777779,121.20530381944444,934.1,415.42163166875855,0.0,0.0,51.04849392361111
4001,147.36836805555555,121.22931423611111,847.4032638888889,369.92409195002523,0.0,0.0,51.01341145833333
4002,147.14953125,121.16566840277778,752.8458333333333,317.6104719697,0.0,0.0,50.98068142361111
4003,147.25855902777778,121.26217881944444,671.4479861111112,267.09700368597606,0.0,0.0,50.96635416666667
4004,96.377265625,70.85337239583333,232.89465277777776,71.3786171729168,0.0,0.0,26.118268229166667
4005,0.0,0.0,0.0,0.0,0.0,0.0,-0.5084750027126737
4006,0.0,0.0,0.0,0.0,0.0,0.0,-0.275
4007,0.0,0.0,0.0,0.0,0.0,0.0,-0.275
4008,0.0,0.0,0.0,0.0,0.0,0.0,-0.275
4009,0.0,0.0,0.0,0.0,0.0,0.0,-0.275
4010,0.0,0.0,0.0,0.0,0.0,0.0,-0.275
4011,0.0,0.0,0.0,0.0,0.0,0.0,-0.275
4012,0.0,0.0,0.0,0.0,0.0,0.0,-0.275
4013,0.0,0.0,0.0,0.0,0.0,0.0,-0.275
4014,0.0,0.0,0.0,0.0,0.0,0.0,-0.275
4015,0.0,0.0,0.0,0.0,0.0,0.0,-0.275
4016,73.10391493055556,60.62841579861111,917.5292361111111,132.3938887858559,0.0,0.0,-2.526602715386285
4017,146.0962882232666,121.22106305440266,1018.6394543796115,388.39434839323894,0.0,0.0,51.127410192158486
4018,146.17942708333334,121.17723958333333,1124.2395833333333,467.2567939462624,0.0,0.0,51.06216579861111
4019,146.39991319444445,121.24078993055555,1166.1183333333333,506.1455712274526,0.0,0.0,50.94813368055556
4020,146.62065972222223,121.24786458333334,1166.5227777777777,517.9120531524035,0.0,0.0,50.868480902777776
4021,146.6091840277778,121.17170138888889,1050.1900694444444,475.355809590813,0.0,0.0,50.77853298611111
4022,146.8648611111111,121.24024305555555,1106.252986111111,504.14071675445297,0.0,0.0,50.730243055555555
4023,147.33961805555555,121.24844618055556,1140.095763888889,517.154332130535,0.0,0.0,50.69740017361111
4024,147.36328125,121.23294270833334,1088.563125,484.75138380779833,0.0,0.0,50.79157118055556
4025,147.44956597222222,121.22815972222222,970.6529166666667,423.5392923024655,0.0,0.0,50.73744791666667
4026,147.2899826388889,121.22411458333333,965.55625,407.24442249338944,0.0,0.0,50.744518229166665
4027,147.10677083333334,121.26960069444445,756.4188888888889,301.3502517389204,0.0,0.0,50.728420138888886
4028,87.90894965277778,62.00555121527778,212.15756944444445,62.53052451587194,0.0,0.0,21.90322048611111
4029,0.0,0.0,0.0,0.0,0.0,0.0,-0.5084750027126737
4030,0.0,0.0,0.0,0.0,0.0,0.0,-0.275
4031,0.0,0.0,0.0,0.0,0.0,0.0,-0.275
4032,0.0,0.0,0.0,0.0,0.0,0.0,-0.275
4033,0.0,0.0,0.0,0.0,0.0,0.0,-0.275
4034,0.0,0.0,0.0,0.0,0.0,0.0,-0.275
4035,0.0,0.0,0.0,0.0,0.0,0.0,-0.275
4036,0.0,0.0,0.0,0.0,0.0,0.0,-0.275
4037,0.0,0.0,0.0,0.0,0.0,0.0,-0.275
4038,0.0,0.0,0.0,0.0,0.0,0.0,-0.275
4039,0.0,0.0,0.0,0.0,0.0,0.0,-0.275
4040,73.06042534722222,60.627855902777775,899.1786458333333,129.67854320810363,0.0,0.0,-2.4950450303819443
4041,145.91787668440077,121.15029526604546,1003.4034534708659,382.698126360602,0.0,0.0,51.05470407313771
4042,145.93918402777777,121.25096354166666,1090.3025,454.1073196945786,0.0,0.0,50.9404296875
4043,145.83727430555555,121.24125868055556,1163.2598611111111,506.8068677616787,0.0,0.0,50.847309027777776
4044,145.8096701388889,121.248515625,1163.7047916666668,519.5162978003475,0.0,0.0,50.73841579861111
4045,145.74972222222223,121.18560763888888,1047.277638888889,476.8762203429216,0.0,0.0,50.57765625
4046,145.93675347222222,121.18046006944445,748.72,343.2315146757066,0.0,0.0,50.41420138888889
4047,146.20015625,121.28738715277778,994.7472916666667,454.9245947970945,0.0,0.0,50.39044704861111
4048,146.37553819444443,121.26638020833333,636.3918055555556,285.41682609775654,0.0,0.0,50.24244791666667
4049,146.69291666666666,121.22825520833334,967.2955555555556,424.2980457080629,0.0,0.0,50.295160590277774
4050,146.83244791666667,121.16657118055555,846.2707638888888,357.9500790759831,0.0,0.0,50.29878472222222
4051,147.19074652777778,121.25655381944445,610.2209722222223,243.0357002834755,0.0,0.0,50.302881944444444
4052,94.20111979166667,69.02114149305555,227.06994791666668,69.546423302895,0.0,0.0,25.150234375
4053,0.0,0.0,0.0,0.0,0.0,0.0,-0.5084750027126737
4054,0.0,0.0,0.0,0.0,0.0,0.0,-0.275
4055,0.0,0.0,0.0,0.0,0.0,0.0,-0.275
4056,0.0,0.0,0.0,0.0,0.0,0.0,-0.275
4057,0.0,0.0,0.0,0.0,0.0,0.0,-0.275
4058,0.0,0.0,0.0,0.0,0.0,0.0,-0.275
4059,0.0,0.0,0.0,0.0,0.0,0.0,-0.275
4060,0.0,0.0,0.0,0.0,0.0,0.0,-0.275
4061,0.0,0.0,0.0,0.0,0.0,0.0,-0.275
4062,0.0,0.0,0.0,0.0,0.0,0.0,-0.275
4063,0.0,0.0,0.0,0.0,0.0,0.0,-0.275
4064,73.01092881944444,60.62819878472222,909.8438194444444,131.1365792321857,0.0,0.0,-2.5108441162109374
4065,145.8416120868259,121.15950879414876,1010.9675095621744,385.66404611549933,0.0,0.0,50.9520654420058
4066,145.79881944444443,121.18369791666667,1116.190138888889,465.0067619954348,0.0,0.0,50.821436631944444
4067,145.79456597222222,121.24336805555555,1172.98125,511.1484963832776,0.0,0.0,50.64810763888889
4068,146.14196180555555,121.26557291666667,1204.1543055555555,536.4033343648608,0.0,0.0,50.43719184027778
4069,146.42552083333334,121.26747395833333,1265.3138888888889,573.8659605996577,0.0,0.0,50.25223524305556
4070,146.70263888888888,121.27086805555555,1224.20375,558.7218457323316,0.0,0.0,50.091106770833335
4071,146.78954861111112,121.26838541666666,1259.00375,573.4172882252402,0.0,0.0,49.975086805555556
4072,146.860625,121.24779513888889,1155.5744444444445,516.5311851336055,0.0,0.0,49.89273871527778
4073,146.87659722222222,121.16696180555556,1042.369861111111,456.47502617238393,0.0,0.0,49.8740234375
4074,146.9817361111111,121.16433159722222,856.8011111111111,362.1006812380295,0.0,0.0,49.899639756944445
4075,147.513125,121.2646875,690.0547916666667,274.34920076940085,0.0,0.0,49.97603732638889
4076,100.454921875,74.881640625,241.87444444444444,75.40679132531305,0.0,0.0,27.49741753472222
4077,0.0,0.0,0.0,0.0,0.0,0.0,-0.5084750027126737
4078,0.0,0.0,0.0,0.0,0.0,0.0,-0.275
4079,0.0,0.0,0.0,0.0,0.0,0.0,-0.275
4080,0.0,0.0,0.0,0.0,0.0,0.0,-0.275
4081,0.0,0.0,0.0,0.0,0.0,0.0,-0.275
4082,0.0,0.0,0.0,0.0,0.0,0.0,-0.275
4083,0.0,0.0,0.0,0.0,0.0,0.0,-0.275
4084,0.0,0.0,0.0,0.0,0.0,0.0,-0.275
4085,0.0,0.0,0.0,0.0,0.0,0.0,-0.275
4086,0.0,0.0,0.0,0.0,0.0,0.0,-0.275
4087,0.0,0.0,0.0,0.0,0.0,0.0,-0.275
4088,72.98730034722222,60.62654947916667,859.5111111111111,123.73723264758615,0.0,0.0,-2.4334058295355905
4089,145.80936157226563,121.18227828555636,959.5158322821723,366.02838018468447,0.0,0.0,50.847910508745244
4090,145.78027777777777,121.23389756944445,1044.2844444444445,435.21117543669703,0.0,0.0,50.695499131944445
4091,145.63163194444445,121.18822916666667,1098.1765972222222,478.8163583594932,0.0,0.0,50.40185329861111
4092,145.68512152777777,121.25098090277778,1169.7452777777778,522.620464618981,0.0,0.0,50.084461805555556
4093,145.90666666666667,121.26637152777778,1179.9790277777777,537.0359277393355,0.0,0.0,49.84745659722222
4094,145.93555555555557,121.25730902777778,1152.5138194444444,528.7297504521263,0.0,0.0,49.65496527777778
4095,145.99477430555555,121.27144965277778,1207.6869444444444,553.0845013707975,0.0,0.0,49.53013454861111
4096,145.94326388888888,121.24124131944444,1123.0935416666666,505.189686067939,0.0,0.0,49.44542534722222
4097,145.97578125,121.23165798611112,976.0595833333333,430.34423457544744,0.0,0.0,49.39130642361111
4098,145.9048611111111,121.18216145833334,804.3785416666667,342.5680456543155,0.0,0.0,49.408519965277776
4099,146.07963541666666,121.25874131944444,631.9558333333333,253.7893013985269,0.0,0.0,49.49545138888889
4100,85.33932291666666,60.60578125,205.26767361111112,61.13119420968004,0.0,0.0,20.71120876736111
4101,0.0,0.0,0.0,0.0,0.0,0.0,-0.5084750027126737
4102,0.0,0.0,0.0,0.0,0.0,0.0,-0.275
4103,0.0,0.0,0.0,0.0,0.0,0.0,-0.275
4104,0.0,0.0,0.0,0.0,0.0,0.0,-0.275
4105,0.0,0.0,0.0,0.0,0.0,0.0,-0.275
4106,0.0,0.0,0.0,0.0,0.0,0.0,-0.275
4107,0.0,0.0,0.0,0.0,0.0,0.0,-0.275
4108,0.0,0.0,0.0,0.0,0.0,0.0,-0.275
4109,0.0,0.0,0.0,0.0,0.0,0.0,-0.275
4110,0.0,0.0,0.0,0.0,0.0,0.0,-0.275
4111,0.0,0.0,0.0,0.0,0.0,0.0,-0.275
4112,73.070234375,60.62595486111111,841.4032291666666,120.79061682328982,0.0,0.0,-2.407051459418403
4113,146.03038713667127,121.17896622551812,962.6707954915364,366.4931500123601,0.0,0.0,50.70719152275059
4114,146.14619791666667,121.24655381944444,1081.1878472222222,449.42710096103195,0.0,0.0,50.49710069444444
4115,146.10732638888888,121.23933159722222,1153.430625,501.4216134715462,0.0,0.0,50.207782118055555
4116,146.07472222222222,121.25729166666666,1187.246388888889,529.0236856383574,0.0,0.0,49.87798611111111
4117,145.89,121.27182291666666,1198.1408333333334,545.3559851644536,0.0,0.0,49.72173611111111
4118,145.73069444444445,121.18453125,759.6279166666667,348.7786569688038,0.0,0.0,49.45849392361111
4119,145.59163194444446,121.23087673611111,933.4797916666666,428.56488943055047,0.0,0.0,49.35794270833333
4120,121.41332465277777,96.92401909722223,225.18229166666666,97.44932363160873,0.0,0.0,36.36232638888889
4121,145.81967013888888,121.1673611111111,351.81614583333334,155.2138537541394,0.0,0.0,48.99013454861111
4122,146.20585069444445,121.25776909722222,584.3872222222222,248.56372837059433,0.0,0.0,49.24233940972222
4123,0.0,0.0,0.0,0.0,0.0,0.0,-0.5084750027126737
4124,0.0,0.0,203.4609201388889,0.0,0.0,0.0,-1.7556819661458334
4125,0.0,0.0,0.0,0.0,0.0,0.0,-0.5084750027126737
4126,0.0,0.0,0.0,0.0,0.0,0.0,-0.275
4127,0.0,0.0,0.0,0.0,0.0,0.0,-0.275
4128,0.0,0.0,0.0,0.0,0.0,0.0,-0.275
4129,0.0,0.0,0.0,0.0,0.0,0.0,-0.275
4130,0.0,0.0,0.0,0.0,0.0,0.0,-0.275
4131,0.0,0.0,0.0,0.0,0.0,0.0,-0.275
4132,0.0,0.0,0.0,0.0,0.0,0.0,-0.275
4133,0.0,0.0,0.0,0.0,0.0,0.0,-0.275
4134,0.0,0.0,0.0,0.0,0.0,0.0,-0.275
4135,0.0,0.0,0.0,0.0,0.0,0.0,-0.275
4136,73.16139756944445,60.62286458333333,758.7784375,108.59013492640678,0.0,0.0,-2.3138216145833335
4137,146.4032596842448,121.1727557796902,972.74279296875,369.17743297383527,0.0,0.0,50.76694525235229
4138,146.40956597222223,121.24375,1076.4552777777778,446.5574138596418,0.0,0.0,50.6380078125
4139,146.3124826388889,121.23809895833334,1147.6328472222222,498.13386471329414,0.0,0.0,50.42671875
4140,146.65609375,121.24350694444445,440.9803125,195.6832990984579,0.0,0.0,49.98021701388889
4141,147.34838541666667,121.23418402777777,884.9943055555556,398.6837199637992,0.0,0.0,49.910633680555556
4142,148.09338541666668,121.26934895833334,1216.3565277777777,549.9581160583675,0.0,0.0,49.7495703125
4143,148.53835069444443,121.24724826388889,966.9719444444445,435.2064730584035,0.0,0.0,49.693858506944444
4144,149.35831597222221,121.22610243055556,1072.4911805555555,471.4157499645696,0.0,0.0,49.6058984375
4145,149.7262673611111,121.24138020833334,989.4349305555555,425.42134771036393,0.0,0.0,49.699192708333335
4146,150.08649305555556,121.22366319444444,802.059375,332.2874755476972,0.0,0.0,49.898350694444446
4147,148.92180555555555,121.25508680555555,623.6636805555555,245.82066876802566,0.0,0.0,50.046870659722224
4148,98.10189236111111,72.00900173611112,235.53737847222223,72.5342340654676,0.0,0.0,26.262046440972224
4149,0.0,0.0,0.0,0.0,0.0,0.0,-0.5084750027126737
4150,0.0,0.0,0.0,0.0,0.0,0.0,-0.275
4151,0.0,0.0,0.0,0.0,0.0,0.0,-0.275
4152,0.0,0.0,0.0,0.0,0.0,0.0,-0.275
4153,0.0,0.0,0.0,0.0,0.0,0.0,-0.275
4154,0.0,0.0,0.0,0.0,0.0,0.0,-0.275
4155,0.0,0.0,0.0,0.0,0.0,0.0,-0.275
4156,0.0,0.0,0.0,0.0,0.0,0.0,-0.275
4157,0.0,0.0,0.0,0.0,0.0,0.0,-0.275
4158,0.0,0.0,0.0,0.0,0.0,0.0,-0.275
4159,0.0,0.0,0.0,0.0,0.0,0.0,-0.275
4160,73.23879340277777,60.626653645833336,866.8190625,123.6822743344321,0.0,0.0,-2.435174831814236
4161,146.26714101579455,121.17463200463189,976.0865949164496,370.59300520491104,0.0,0.0,50.97055242223872
4162,146.4076215277778,121.24460069444444,1079.0439583333334,447.54721680845734,0.0,0.0,50.84703993055555
4163,146.70229166666667,121.17034722222222,1094.8193055555555,473.62034381142337,0.0,0.0,50.71963541666667
4164,147.19984375,121.23747395833334,1125.7901388888888,497.6634252969277,0.0,0.0,50.54211371527778
4165,147.6068402777778,121.2617013888889,1178.6576388888889,530.1228632534843,0.0,0.0,50.41204861111111
4166,148.16199652777777,121.23903645833333,1129.1339583333333,510.1550339744041,0.0,0.0,50.31034288194444
4167,148.83211805555555,121.26824652777778,1189.5115277777777,534.4030048315092,0.0,0.0,50.24032552083333
4168,149.75411458333335,121.33217013888888,1052.6035416666666,461.8853793491171,0.0,0.0,50.196354166666666
4169,150.37810763888888,121.228828125,975.6281944444445,417.6563938380062,0.0,0.0,50.25240885416667
4170,150.38494791666668,121.22375868055556,821.9875694444445,339.9194678120412,0.0,0.0,50.36282986111111
4171,150.10588541666667,121.26072048611111,672.9176388888889,263.22503521546594,0.0,0.0,50.46210503472222
4172,125.38019097222222,98.14710069444445,300.79586805555556,98.67248329240368,0.0,0.0,38.84927517361111
4173,0.0,0.0,0.0,0.0,0.0,0.0,-0.5084750027126737
4174,0.0,0.0,0.0,0.0,0.0,0.0,-0.275
4175,0.0,0.0,0.0,0.0,0.0,0.0,-0.275
4176,0.0,0.0,0.0,0.0,0.0,0.0,-0.275
4177,0.0,0.0,0.0,0.0,0.0,0.0,-0.275
4178,0.0,0.0,0.0,0.0,0.0,0.0,-0.275
4179,0.0,0.0,0.0,0.0,0.0,0.0,-0.275
4180,0.0,0.0,0.0,0.0,0.0,0.0,-0.275
4181,0.0,0.0,0.0,0.0,0.0,0.0,-0.275
4182,0.0,0.0,0.0,0.0,0.0,0.0,-0.275
4183,0.0,0.0,0.0,0.0,0.0,0.0,-0.275
4184,73.03833333333333,60.62689236111111,878.1448611111111,125.37139920654006,0.0,0.0,-2.4497501627604166
4185,145.91195295969646,121.17979451285468,990.9315442572699,376.93828631925726,0.0,0.0,51.04329826047023
4186,145.91458333333333,121.24547743055555,1079.8799305555556,449.31116576956066,0.0,0.0,50.90620659722222
4187,145.82338541666667,121.23629340277778,1136.1721527777777,494.6691292956521,0.0,0.0,50.77652777777778
4188,145.77914930555556,121.24436631944444,1003.5518055555556,447.9438518779668,0.0,0.0,50.601015625
4189,145.69574652777777,121.18455729166666,739.6997916666667,336.81078069997534,0.0,0.0,50.3810546875
4190,145.7652951388889,121.25707465277777,1151.8800694444444,529.0585502061305,0.0,0.0,50.2833203125
4191,146.05276041666667,121.270390625,671.4210416666666,307.39039109529614,0.0,0.0,50.06767361111111
4192,144.92505208333333,119.97546006944444,268.73291666666665,120.50119604847455,0.0,0.0,49.097491319444444
4193,146.3400347222222,121.23941840277777,420.2971527777778,184.91989452382265,0.0,0.0,49.81980902777778
4194,146.2675,121.26855034722222,704.6300694444444,299.74396917847514,0.0,0.0,50.000247395833334
4195,146.07482638888888,121.26129340277778,661.5513888888889,265.9867113513726,0.0,0.0,50.14939236111111
4196,0.0,0.0,0.0,0.0,0.0,0.0,-0.5084750027126737
4197,0.0,0.0,0.0,0.0,0.0,0.0,-0.275
4198,0.0,0.0,0.0,0.0,0.0,0.0,-0.275
4199,0.0,0.0,0.0,0.0,0.0,0.0,-0.275
4200,0.0,0.0,0.0,0.0,0.0,0.0,-0.275
4201,0.0,0.0,0.0,0.0,0.0,0.0,-0.275
4202,0.0,0.0,0.0,0.0,0.0,0.0,-0.275
4203,0.0,0.0,0.0,0.0,0.0,0.0,-0.275
4204,0.0,0.0,0.0,0.0,0.0,0.0,-0.275
4205,0.0,0.0,0.0,0.0,0.0,0.0,-0.275
4206,0.0,0.0,0.0,0.0,0.0,0.0,-0.275
4207,0.0,0.0,0.0,0.0,0.0,0.0,-0.275
4208,73.00078993055556,60.62671875,873.4123263888889,124.46359586645771,0.0,0.0,-2.440499199761285
4209,145.85684117211235,121.18116108364529,978.4596318732367,372.10269795483765,0.0,0.0,50.85905809823009
4210,145.84753472222224,121.24028645833333,1066.2215972222223,443.7096195989266,0.0,0.0,50.75937065972222
4211,145.76395833333333,121.236640625,1138.342986111111,495.7435736714265,0.0,0.0,50.56179253472222
4212,145.72996527777778,121.25065972222222,1169.7318055555556,522.2843976244345,0.0,0.0,50.32938368055556
4213,145.69822916666666,121.25096354166666,1146.7564583333333,522.3776105570724,0.0,0.0,50.10326388888889
4214,145.66347222222223,121.24575520833334,976.2753472222222,448.65808797634605,0.0,0.0,49.86674479166667
4215,145.5585590277778,121.18847222222222,1029.1832638888889,472.45387697148044,0.0,0.0,49.6876953125
4216,145.57005208333334,121.18909722222222,1060.4642361111112,478.201389974539,0.0,0.0,49.69384982638889
4217,145.63275173611112,121.26639756944445,656.0367361111112,290.1236155918478,0.0,0.0,49.56269965277778
4218,145.59596354166666,121.258828125,596.5759722222223,254.96060317716345,0.0,0.0,49.53803819444445
4219,145.61766493055555,121.25235243055556,564.6883333333334,227.78631562767464,0.0,0.0,49.60092013888889
4220,0.0,0.0,0.0,0.0,0.0,0.0,-0.5084750027126737
4221,0.0,0.0,0.0,0.0,0.0,0.0,-0.275
4222,0.0,0.0,0.0,0.0,0.0,0.0,-0.275
4223,0.0,0.0,0.0,0.0,0.0,0.0,-0.275
4224,0.0,0.0,0.0,0.0,0.0,0.0,-0.275
4225,0.0,0.0,0.0,0.0,0.0,0.0,-0.275
4226,0.0,0.0,0.0,0.0,0.0,0.0,-0.275
4227,0.0,0.0,0.0,0.0,0.0,0.0,-0.275
4228,0.0,0.0,0.0,0.0,0.0,0.0,-0.275
4229,0.0,0.0,0.0,0.0,0.0,0.0,-0.275
4230,0.0,0.0,0.0,0.0,0.0,0.0,-0.275
4231,0.0,0.0,0.0,0.0,0.0,0.0,-0.275
4232,72.99263020833334,60.62577256944444,845.9875347222222,120.25941236150945,0.0,0.0,-2.401743842230903
4233,145.82524459415012,121.18222035090129,949.9966996765137,361.1159450215098,0.0,0.0,50.711411939296454
4234,145.75736111111112,121.23652777777778,1054.4102777777778,438.94434663112474,0.0,0.0,50.4915234375
4235,145.64737847222221,121.24557291666666,1128.014861111111,491.5977129459841,0.0,0.0,50.203624131944444
4236,145.59225694444444,121.24792534722222,1160.037361111111,518.3935227124172,0.0,0.0,49.88853732638889
4237,145.5704513888889,121.26239583333333,1172.1183333333333,534.3859649221497,0.0,0.0,49.60087673611111
4238,145.55947916666668,121.26421006944445,1164.6620833333334,535.6682988187936,0.0,0.0,49.397938368055556
4239,145.5536545138889,121.27225694444445,1184.1318055555555,543.957856339018,0.0,0.0,49.233637152777774
4240,145.51244791666667,121.24086805555555,1116.2575694444445,503.79358470694245,0.0,0.0,49.129466145833334
4241,145.4975,121.23104166666667,969.4529166666666,429.02619082021636,0.0,0.0,49.083997395833336
4242,145.458359375,121.18948784722222,798.7559722222222,341.5339303901091,0.0,0.0,49.08680121527778
4243,145.78588541666667,121.25952256944444,639.4659027777777,257.71667389391166,0.0,0.0,49.15383680555556
4244,89.44497395833334,64.7786328125,214.2069965277778,65.30402732068883,0.0,0.0,21.943235677083333
4245,0.0,0.0,0.0,0.0,0.0,0.0,-0.5084750027126737
4246,0.0,0.0,0.0,0.0,0.0,0.0,-0.275
4247,0.0,0.0,0.0,0.0,0.0,0.0,-0.275
4248,0.0,0.0,0.0,0.0,0.0,0.0,-0.275
4249,0.0,0.0,0.0,0.0,0.0,0.0,-0.275
4250,0.0,0.0,0.0,0.0,0.0,0.0,-0.275
4251,0.0,0.0,0.0,0.0,0.0,0.0,-0.275
4252,0.0,0.0,0.0,0.0,0.0,0.0,-0.275
4253,0.0,0.0,0.0,0.0,0.0,0.0,-0.275
4254,0.0,0.0,0.0,0.0,0.0,0.0,-0.275
4255,0.0,0.0,0.0,0.0,0.0,0.0,-0.275
4256,72.93981770833334,60.626241319444446,860.9538541666667,122.14185436002681,0.0,0.0,-2.4181199815538195
4257,145.70313564724393,121.18451911290487,953.637144961887,362.5506834572813,0.0,0.0,50.49057483613491
4258,145.665,121.23765625,1057.228263888889,440.2870205256245,0.0,0.0,50.14927951388889
4259,145.49266493055555,121.17402777777778,1112.9811805555555,485.19678070210983,0.0,0.0,49.72194010416667
4260,145.51942708333334,121.24918402777777,1163.3677083333334,520.1044075502307,0.0,0.0,49.335598958333335
4261,145.5086545138889,121.26733506944444,1257.6690277777777,573.5821268795994,0.0,0.0,49.05115451388889
4262,145.49110243055554,121.27107638888889,1200.3655555555556,552.3424129659238,0.0,0.0,48.811206597222224
4263,145.489296875,121.26788194444444,1171.6868055555556,538.4330286952598,0.0,0.0,48.60998263888889
4264,145.44094618055556,121.241640625,1119.4530555555555,505.50167538330066,0.0,0.0,48.49542534722222
4265,145.43266493055555,121.23217013888889,973.3360416666667,430.96214347938337,0.0,0.0,48.455616319444445
4266,145.56321180555557,121.19618923611111,774.3784722222222,330.9234123993305,0.0,0.0,48.46537760416667
4267,145.75230902777778,121.25680555555556,608.6029861111111,245.3692239486206,0.0,0.0,48.598628472222224
4268,0.0,0.0,0.0,0.0,0.0,0.0,-0.5084750027126737
4269,0.0,0.0,0.0,0.0,0.0,0.0,-0.275
4270,0.0,0.0,0.0,0.0,0.0,0.0,-0.275
4271,0.0,0.0,0.0,0.0,0.0,0.0,-0.275
4272,0.0,0.0,0.0,0.0,0.0,0.0,-0.275
4273,0.0,0.0,0.0,0.0,0.0,0.0,-0.275
4274,0.0,0.0,0.0,0.0,0.0,0.0,-0.275
4275,0.0,0.0,0.0,0.0,0.0,0.0,-0.275
4276,0.0,0.0,0.0,0.0,0.0,0.0,-0.275
4277,0.0,0.0,0.0,0.0,0.0,0.0,-0.275
4278,0.0,0.0,0.0,0.0,0.0,0.0,-0.275
4279,0.0,0.0,0.0,0.0,0.0,0.0,-0.275
4280,72.89306423611112,60.623585069444445,784.5717708333333,111.04826249527875,0.0,0.0,-2.3290331353081597
4281,145.6114459101359,121.18634537590874,876.998805609809,333.3775123752224,0.0,0.0,50.14595969216691
4282,145.57251736111112,121.22323784722222,956.0910416666667,398.26645502401993,0.0,0.0,49.67259548611111
4283,145.47448784722224,121.23690972222222,1006.7472916666667,439.0913255460678,0.0,0.0,49.19641059027778
4284,145.38327256944444,121.19211805555555,1056.9990277777779,472.73032378784984,0.0,0.0,48.8382421875
4285,145.43138888888888,121.24661458333334,1130.6170833333333,515.7516892117445,0.0,0.0,48.523463541666665
4286,145.44076388888888,121.24752604166666,1123.363125,516.9461448554177,0.0,0.0,48.30795138888889
4287,145.4456423611111,121.25188368055555,1137.8036111111112,522.9169659658955,0.0,0.0,48.14595052083333
4288,145.48318576388888,121.30967013888889,1027.9832638888888,464.33022717681337,0.0,0.0,48.04829427083333
4289,145.47686631944444,121.15300347222222,879.9920833333333,389.2774963695956,0.0,0.0,48.015338541666665
4290,145.62635416666666,121.26917534722222,714.4323611111112,305.3832094035651,0.0,0.0,48.05958767361111
4291,145.6233420138889,121.24546875,507.61413194444447,204.84387328895517,0.0,0.0,48.128255208333336
4292,0.0,0.0,0.0,0.0,0.0,0.0,-0.5084750027126737
4293,0.0,0.0,0.0,0.0,0.0,0.0,-0.275
4294,0.0,0.0,0.0,0.0,0.0,0.0,-0.275
4295,0.0,0.0,0.0,0.0,0.0,0.0,-0.275
4296,0.0,0.0,0.0,0.0,0.0,0.0,-0.275
4297,0.0,0.0,0.0,0.0,0.0,0.0,-0.275
4298,0.0,0.0,0.0,0.0,0.0,0.0,-0.275
4299,0.0,0.0,0.0,0.0,0.0,0.0,-0.275
4300,0.0,0.0,0.0,0.0,0.0,0.0,-0.275
4301,0.0,0.0,0.0,0.0,0.0,0.0,-0.275
4302,0.0,0.0,0.0,0.0,0.0,0.0,-0.275
4303,0.0,0.0,0.0,0.0,0.0,0.0,-0.275
4304,73.08125868055555,60.624583333333334,816.0548958333334,114.8547486592593,0.0,0.0,-2.3580579291449655
4305,146.1236934068468,121.17811935424805,949.6595998297797,359.4240575457501,0.0,0.0,50.09426561719842
4306,146.25199652777778,121.23040798611112,1033.7945138888888,428.53931484951926,0.0,0.0,49.561284722222226
4307,146.09807291666667,121.18180555555556,1109.7721527777778,481.65639292068596,0.0,0.0,49.04104600694444
4308,146.11642361111112,121.24239583333333,1141.2688194444445,508.0223439565329,0.0,0.0,48.62053819444444
4309,146.08215277777776,121.23655381944444,1088.9271527777778,494.4064613362881,0.0,0.0,48.284917534722226
4310,146.09864583333334,121.27348958333333,1182.0015277777777,541.5442695072711,0.0,0.0,48.04969618055556
4311,146.0663888888889,121.25703125,1153.1204861111112,527.6851466451128,0.0,0.0,47.88272135416667
4312,145.97241319444444,121.18263888888889,1048.8552777777777,471.68183702560196,0.0,0.0,47.79096788194445
4313,145.99171875,121.224375,916.5045138888889,404.25104115580206,0.0,0.0,47.76906684027778
4314,146.31598958333333,121.27105034722223,729.0211111111112,310.178443592444,0.0,0.0,47.8448046875
4315,146.65199652777778,121.23817708333333,361.68583333333333,144.9393325032475,0.0,0.0,47.84827256944445
4316,0.0,0.0,0.0,0.0,0.0,0.0,-0.5084750027126737
4317,0.0,0.0,0.0,0.0,0.0,0.0,-0.275
4318,0.0,0.0,0.0,0.0,0.0,0.0,-0.275
4319,0.0,0.0,0.0,0.0,0.0,0.0,-0.275
4320,0.0,0.0,0.0,0.0,0.0,0.0,-0.275
4321,0.0,0.0,0.0,0.0,0.0,0.0,-0.275
4322,0.0,0.0,0.0,0.0,0.0,0.0,-0.275
4323,0.0,0.0,0.0,0.0,0.0,0.0,-0.275
4324,0.0,0.0,0.0,0.0,0.0,0.0,-0.275
4325,0.0,0.0,0.0,0.0,0.0,0.0,-0.275
4326,0.0,0.0,0.0,0.0,0.0,0.0,-0.275
4327,0.0,0.0,0.0,0.0,0.0,0.0,-0.275
4328,72.86066840277778,60.623828125,795.2369097222222,111.89818693809377,0.0,0.0,-2.3348235405815974
4329,145.56176651424832,121.18731604046292,907.4707516649034,344.5216717617715,0.0,0.0,50.185952502290405
4330,145.55769965277779,121.23052951388888,1029.4394444444445,428.6445188461398,0.0,0.0,49.771037326388885
4331,145.87350694444444,121.18488715277778,1105.875486111111,480.6275759625129,0.0,0.0,49.24695746527778
4332,146.75550347222222,121.24486979166667,1156.2755555555555,512.423704575985,0.0,0.0,48.73140190972222
4333,147.83960069444444,121.25622395833334,1169.0441666666666,524.474325993915,0.0,0.0,48.30419270833333
4334,149.1525347222222,121.25958333333334,1176.4598611111112,527.8479357752606,0.0,0.0,48.10125868055555
4335,149.31401041666666,121.25209201388888,1165.4170833333333,521.6401216370958,0.0,0.0,48.044231770833335
4336,149.3893576388889,121.32811631944445,1045.2416666666666,459.8508230127064,0.0,0.0,48.10053819444445
4337,148.42196180555555,121.233828125,894.7156944444445,388.22083174154295,0.0,0.0,48.25680555555556
4338,148.34640625,121.26703993055555,710.9941666666666,298.3746627083282,0.0,0.0,48.7071875
4339,148.22598958333333,121.23914930555556,502.22086805555557,199.1364231011287,0.0,0.0,49.045963541666666
4340,0.0,0.0,0.0,0.0,0.0,0.0,-0.5084750027126737
4341,0.0,0.0,0.0,0.0,0.0,0.0,-0.275
4342,0.0,0.0,0.0,0.0,0.0,0.0,-0.275
4343,0.0,0.0,0.0,0.0,0.0,0.0,-0.275
4344,0.0,0.0,0.0,0.0,0.0,0.0,-0.275
4345,0.0,0.0,0.0,0.0,0.0,0.0,-0.275
4346,0.0,0.0,0.0,0.0,0.0,0.0,-0.275
4347,0.0,0.0,0.0,0.0,0.0,0.0,-0.275
4348,0.0,0.0,0.0,0.0,0.0,0.0,-0.275
4349,0.0,0.0,0.0,0.0,0.0,0.0,-0.275
4350,0.0,0.0,0.0,0.0,0.0,0.0,-0.275
4351,0.0,0.0,0.0,0.0,0.0,0.0,-0.275
4352,73.68546006944445,60.624583333333334,836.1448611111111,115.65317685476134,0.0,0.0,-2.3683849419487846
4353,148.27084620157876,121.21870557573106,1044.7159107462564,388.8810451939236,0.0,0.0,51.20366838110818
4354,148.24555555555557,121.23845486111111,1085.003611111111,443.37876845974097,0.0,0.0,51.15219184027778
4355,148.32104166666667,121.23616319444444,744.7290277777778,318.3525339042441,0.0,0.0,51.041180555555556
4356,148.3852777777778,121.33049479166667,1062.0147222222222,465.7244925074916,0.0,0.0,51.02096788194444
4357,148.16241319444444,121.29118055555556,1014.3383333333334,454.06586700148324,0.0,0.0,50.912526041666666
4358,147.94314236111111,121.24451388888889,1131.2103472222223,511.52310488262265,0.0,0.0,50.82604166666667
4359,147.65755208333334,121.27092881944445,1185.5609722222223,536.5937973399169,0.0,0.0,50.77304253472222
4360,147.76460069444445,121.26525173611111,1197.8172222222222,532.4868539667856,0.0,0.0,50.73801215277778
4361,147.85942708333334,121.24073784722222,1160.4284027777778,505.4776549313066,0.0,0.0,50.721484375
4362,147.82036458333334,121.22263020833333,907.3089583333333,382.01142327324345,0.0,0.0,50.69989149305555
4363,147.88913194444444,121.27184895833334,768.7290277777778,305.6209870812916,0.0,0.0,50.698559027777776
4364,144.6008940972222,118.40694444444445,345.8835763888889,118.93187391780316,0.0,0.0,49.19408420138889
4365,0.0,0.0,0.0,0.0,0.0,0.0,-0.5084750027126737
4366,0.0,0.0,0.0,0.0,0.0,0.0,-0.275
4367,0.0,0.0,0.0,0.0,0.0,0.0,-0.275
4368,0.0,0.0,0.0,0.0,0.0,0.0,-0.275
4369,0.0,0.0,0.0,0.0,0.0,0.0,-0.275
4370,0.0,0.0,0.0,0.0,0.0,0.0,-0.275
4371,0.0,0.0,0.0,0.0,0.0,0.0,-0.275
4372,0.0,0.0,0.0,0.0,0.0,0.0,-0.275
4373,0.0,0.0,0.0,0.0,0.0,0.0,-0.275
4374,0.0,0.0,0.0,0.0,0.0,0.0,-0.275
4375,0.0,0.0,0.0,0.0,0.0,0.0,-0.275
4376,73.08785590277778,60.62614583333333,858.5808680555556,119.27757103884362,0.0,0.0,-2.394001193576389
4377,145.97102575090196,121.17905890994602,986.4551105075412,372.50851532059477,0.0,0.0,50.99074645055665
4378,145.8855034722222,121.22340277777778,954.2303472222222,396.0724863981544,0.0,0.0,50.81651041666667
4379,145.68671875,121.166875,1124.374375,488.9573034425501,0.0,0.0,50.70799045138889
4380,145.74852430555555,121.27091145833333,1213.215,541.3367848830493,0.0,0.0,50.53513888888889
4381,145.70661458333333,121.24934895833333,1143.6822916666667,520.3221056639492,0.0,0.0,50.359639756944446
4382,145.70887152777777,121.26710069444445,1251.5072222222223,574.6185703387844,0.0,0.0,50.195308159722224
4383,145.71598958333334,121.26845486111111,1175.00375,538.8178744015288,0.0,0.0,50.05698350694445
4384,145.75536458333335,121.30578125,1026.0552083333334,462.5556539301952,0.0,0.0,49.96788194444444
4385,145.89559027777779,121.28605902777778,1030.8686805555556,455.2572799295981,0.0,0.0,49.93899739583333
4386,145.89850694444445,121.25633680555555,571.2816319444445,243.7716360613475,0.0,0.0,49.8705859375
4387,145.97946180555556,121.26407986111111,693.8165972222222,279.4293345094411,0.0,0.0,49.99132378472222
4388,146.03102430555555,121.17964409722222,380.1982291666667,132.4509347039519,0.0,0.0,49.94904947916667
4389,0.0,0.0,0.0,0.0,0.0,0.0,-0.5084750027126737
4390,0.0,0.0,0.0,0.0,0.0,0.0,-0.275
4391,0.0,0.0,0.0,0.0,0.0,0.0,-0.275
4392,0.0,0.0,0.0,0.0,0.0,0.0,-0.275
4393,0.0,0.0,0.0,0.0,0.0,0.0,-0.275
4394,0.0,0.0,0.0,0.0,0.0,0.0,-0.275
4395,0.0,0.0,0.0,0.0,0.0,0.0,-0.275
4396,0.0,0.0,0.0,0.0,0.0,0.0,-0.275
4397,0.0,0.0,0.0,0.0,0.0,0.0,-0.275
4398,0.0,0.0,0.0,0.0,0.0,0.0,-0.275
4399,0.0,0.0,0.0,0.0,0.0,0.0,-0.275
4400,73.24504340277778,60.62643663194444,887.9067361111111,122.60356331147248,0.0,0.0,-2.4250328911675347
4401,146.83414626227486,121.22970444573296,1030.140601264106,386.49967599215734,0.0,0.0,50.74628364861012
4402,146.69649305555555,121.16951388888889,1104.2845138888888,455.46821448454256,0.0,0.0,50.544895833333335
4403,146.78711805555557,121.25147569444445,1209.1430555555555,522.1337018610794,0.0,0.0,50.267855902777775
4404,146.75135416666666,121.25827256944444,1193.6779166666668,528.868802798057,0.0,0.0,49.99183159722222
4405,146.84958333333333,121.27193576388889,1222.693611111111,551.9348274104561,0.0,0.0,49.74479600694445
4406,147.06487847222223,121.26647569444444,1281.8847222222223,583.045876807851,0.0,0.0,49.54578993055556
4407,147.1798611111111,121.27256076388889,1221.3318055555555,554.4315716394601,0.0,0.0,49.38801649305555
4408,147.25571180555556,121.23894965277778,1122.7025,500.67368353345796,0.0,0.0,49.30285590277778
4409,147.43354166666666,121.15819444444445,1044.041736111111,455.7869389382174,0.0,0.0,49.29118489583333
4410,147.41428819444445,121.15746527777777,860.19875,362.99014219994626,0.0,0.0,49.364474826388886
4411,147.55019097222223,121.26858506944444,729.70875,290.7609396814855,0.0,0.0,49.48139322916666
4412,90.22881944444444,65.02808159722223,215.90588541666668,65.5534770631769,0.0,0.0,22.623396267361112
4413,0.0,0.0,0.0,0.0,0.0,0.0,-0.5084750027126737
4414,0.0,0.0,0.0,0.0,0.0,0.0,-0.275
4415,0.0,0.0,0.0,0.0,0.0,0.0,-0.275
4416,0.0,0.0,0.0,0.0,0.0,0.0,-0.275
4417,0.0,0.0,0.0,0.0,0.0,0.0,-0.275
4418,0.0,0.0,0.0,0.0,0.0,0.0,-0.275
4419,0.0,0.0,0.0,0.0,0.0,0.0,-0.275
4420,0.0,0.0,0.0,0.0,0.0,0.0,-0.275
4421,0.0,0.0,0.0,0.0,0.0,0.0,-0.275
4422,0.0,0.0,0.0,0.0,0.0,0.0,-0.275
4423,0.0,0.0,0.0,0.0,0.0,0.0,-0.275
4424,73.40981770833334,60.626102430555555,880.8280902777777,120.85932207904263,0.0,0.0,-2.4104597981770834
4425,146.92667443593342,121.2088727315267,1062.4327151150173,397.891060221282,0.0,0.0,50.818885164625115
4426,147.17239583333333,121.1622048611111,1127.8530555555556,463.4980974220296,0.0,0.0,50.703402777777775
4427,148.15005208333332,121.23078125,1154.9002777777778,493.9294617718251,0.0,0.0,50.516215277777775
4428,148.77833333333334,121.25512152777777,1203.17,525.7368766773297,0.0,0.0,50.282890625
4429,149.15366319444445,121.32172743055555,1214.846388888889,540.0289386737041,0.0,0.0,50.0590625
4430,149.59189236111112,121.25651909722222,1175.0980555555554,525.312510298925,0.0,0.0,49.842109375
4431,149.5571527777778,121.24340277777777,1149.412638888889,513.2824806969525,0.0,0.0,49.718272569444444
4432,149.8831423611111,121.22855902777778,1115.9474305555555,488.8667320572229,0.0,0.0,49.66490451388889
4433,150.28729166666668,121.28087673611111,1035.7091666666668,444.00381612593685,0.0,0.0,49.72014756944444
4434,150.22515625,121.2239236111111,866.6168055555555,359.04735769088717,0.0,0.0,49.81960503472222
4435,149.7565798611111,121.26287326388889,690.3109722222222,270.98193278260845,0.0,0.0,50.01255642361111
4436,118.64677083333333,91.57743055555555,283.99586805555555,92.1029812303974,0.0,0.0,35.275325520833334
4437,0.0,0.0,0.0,0.0,0.0,0.0,-0.5084750027126737
4438,0.0,0.0,0.0,0.0,0.0,0.0,-0.275
4439,0.0,0.0,0.0,0.0,0.0,0.0,-0.275
4440,0.0,0.0,0.0,0.0,0.0,0.0,-0.275
4441,0.0,0.0,0.0,0.0,0.0,0.0,-0.275
4442,0.0,0.0,0.0,0.0,0.0,0.0,-0.275
4443,0.0,0.0,0.0,0.0,0.0,0.0,-0.275
4444,0.0,0.0,0.0,0.0,0.0,0.0,-0.275
4445,0.0,0.0,0.0,0.0,0.0,0.0,-0.275
4446,0.0,0.0,0.0,0.0,0.0,0.0,-0.275
4447,0.0,0.0,0.0,0.0,0.0,0.0,-0.275
4448,73.26855034722222,60.627230902777775,920.6707986111111,126.03965771931203,0.0,0.0,-2.458712904188368
4449,146.61847910987007,121.22393965827094,1064.6439567057291,399.1853795665184,0.0,0.0,51.00643162267075
4450,147.13949652777777,121.16371527777778,1158.8913194444444,476.1972361388141,0.0,0.0,50.897890625
4451,148.0950173611111,121.23640625,1184.5093055555556,506.69316468320295,0.0,0.0,50.82095920138889
4452,148.42694444444444,121.15267361111111,1250.415,547.1559312165253,0.0,0.0,50.63260416666667
4453,149.19432291666666,121.26865451388889,1263.183611111111,561.000280741409,0.0,0.0,50.503194444444446
4454,149.7029340277778,121.27089409722223,1239.8981944444445,553.8364239798801,0.0,0.0,50.362178819444445
4455,150.09520833333335,121.31762152777777,1195.8891666666666,532.3569103703597,0.0,0.0,50.25161892361111
4456,150.17859375,121.23024305555556,1130.3204861111112,494.16484684951234,0.0,0.0,50.21666232638889
4457,150.44102430555554,121.31478298611111,1051.2552083333333,450.32563850633073,0.0,0.0,50.25194444444445
4458,150.33086805555556,121.20599826388889,929.7854166666667,384.88336863642564,0.0,0.0,50.353229166666665
4459,150.07612847222222,121.26939236111112,751.9425,294.5396089056283,0.0,0.0,50.455078125
4460,147.528125,120.25444444444445,353.27236111111114,120.7795017629214,0.0,0.0,49.953250868055555
4461,0.0,0.0,0.0,0.0,0.0,0.0,-0.5084750027126737
4462,0.0,0.0,0.0,0.0,0.0,0.0,-0.275
4463,0.0,0.0,0.0,0.0,0.0,0.0,-0.275
4464,0.0,0.0,0.0,0.0,0.0,0.0,-0.275
4465,0.0,0.0,0.0,0.0,0.0,0.0,-0.275
4466,0.0,0.0,0.0,0.0,0.0,0.0,-0.275
4467,0.0,0.0,0.0,0.0,0.0,0.0,-0.275
4468,0.0,0.0,0.0,0.0,0.0,0.0,-0.275
4469,0.0,0.0,0.0,0.0,0.0,0.0,-0.275
4470,0.0,0.0,0.0,0.0,0.0,0.0,-0.275
4471,0.0,0.0,0.0,0.0,0.0,0.0,-0.275
4472,73.031171875,60.626796875,913.8483333333334,124.96270342491273,0.0,0.0,-2.445650566948785
4473,145.89683391571046,121.18054754681057,978.2169166395399,368.0591361754831,0.0,0.0,51.03451901273595
4474,145.9299826388889,121.25907118055555,1101.5070138888889,456.55896289934725,0.0,0.0,50.92131944444444
4475,146.13847222222222,121.23917534722223,1157.1654166666667,501.52484318990855,0.0,0.0,50.793910590277775
4476,146.31057291666667,121.2564670138889,1188.891388888889,528.1469475081026,0.0,0.0,50.62569444444444
4477,146.5392361111111,121.27256944444444,1200.6620833333334,542.796797688172,0.0,0.0,50.41837239583333
4478,146.70501736111112,121.27303819444444,1194.6351388888888,544.4336962004243,0.0,0.0,50.20509982638889
4479,146.98388888888888,121.2395920138889,1105.5923611111111,502.16902725364685,0.0,0.0,50.01819444444445
4480,147.218125,121.25091145833333,1165.8620833333334,520.0066831109142,0.0,0.0,49.91486545138889
4481,147.23833333333334,121.16139756944445,1056.1091666666666,461.65501717405454,0.0,0.0,49.88583333333333
4482,147.29038194444445,121.22965277777777,921.6280555555555,389.4461653932123,0.0,0.0,49.94287760416667
4483,147.36039930555555,121.26935763888889,743.2323611111111,296.46189326212965,0.0,0.0,50.04184895833333
4484,134.4946701388889,109.17817708333334,322.2340972222222,109.70328804643826,0.0,0.0,43.80359809027778
4485,0.0,0.0,0.0,0.0,0.0,0.0,-0.5084750027126737
4486,0.0,0.0,0.0,0.0,0.0,0.0,-0.275
4487,0.0,0.0,0.0,0.0,0.0,0.0,-0.275
4488,0.0,0.0,0.0,0.0,0.0,0.0,-0.275
4489,0.0,0.0,0.0,0.0,0.0,0.0,-0.275
4490,0.0,0.0,0.0,0.0,0.0,0.0,-0.275
4491,0.0,0.0,0.0,0.0,0.0,0.0,-0.275
4492,0.0,0.0,0.0,0.0,0.0,0.0,-0.275
4493,0.0,0.0,0.0,0.0,0.0,0.0,-0.275
4494,0.0,0.0,0.0,0.0,0.0,0.0,-0.275
4495,0.0,0.0,0.0,0.0,0.0,0.0,-0.275
4496,72.977421875,60.62724392361111,930.6753125,126.77333808917393,0.0,0.0,-2.463268025716146
4497,145.85678127712674,121.22352329889934,1064.61708919949,400.3617875708981,0.0,0.0,50.84098658975628
4498,146.25385416666666,121.1771267361111,1141.9429861111112,471.7754118417736,0.0,0.0,50.69226128472222
4499,147.01989583333332,121.23955729166667,1167.8980555555556,503.0273931654843,0.0,0.0,50.43456163194445
4500,147.39225694444445,121.26994791666667,1217.3947222222223,536.8363628119045,0.0,0.0,50.16420572916667
4501,147.63519097222223,121.27287326388888,1229.4620833333333,551.5686855486412,0.0,0.0,49.88743923611111
4502,148.0522222222222,121.26868055555556,1189.4576388888888,537.0139179418726,0.0,0.0,49.64000434027778
4503,148.3329513888889,121.26052951388888,1179.8980555555556,531.0307689534864,0.0,0.0,49.45519965277778
4504,148.7759027777778,121.23415798611111,1131.2508333333333,499.1725662141814,0.0,0.0,49.343012152777774
4505,148.97621527777778,121.28405381944444,1037.2461805555556,448.55381342745284,0.0,0.0,49.36828559027778
4506,148.89782986111112,121.21448784722222,916.5853472222223,383.06417185314893,0.0,0.0,49.45778645833333
4507,148.31819444444446,121.259609375,678.9850694444444,269.0240486179732,0.0,0.0,49.63398871527778
4508,107.11025173611111,81.65085069444444,256.78682291666667,82.17592948526824,0.0,0.0,30.268489583333334
4509,0.0,0.0,0.0,0.0,0.0,0.0,-0.5084750027126737
4510,0.0,0.0,0.0,0.0,0.0,0.0,-0.275
4511,0.0,0.0,0.0,0.0,0.0,0.0,-0.275
4512,0.0,0.0,0.0,0.0,0.0,0.0,-0.275
4513,0.0,0.0,0.0,0.0,0.0,0.0,-0.275
4514,0.0,0.0,0.0,0.0,0.0,0.0,-0.275
4515,0.0,0.0,0.0,0.0,0.0,0.0,-0.275
4516,0.0,0.0,0.0,0.0,0.0,0.0,-0.275
4517,0.0,0.0,0.0,0.0,0.0,0.0,-0.275
4518,0.0,0.0,0.0,0.0,0.0,0.0,-0.275
4519,0.0,0.0,0.0,0.0,0.0,0.0,-0.275
4520,72.98318576388888,60.62369357638889,825.8706944444444,111.95015152821509,0.0,0.0,-2.3359187825520835
4521,145.80563707139757,121.18169852786593,1013.0978525797526,380.54253883669674,0.0,0.0,50.89185400850243
4522,145.77934027777778,121.227890625,1021.551875,423.4239938709545,0.0,0.0,50.766948784722224
4523,145.73232638888888,121.23975694444445,1156.4509027777779,502.37860722585856,0.0,0.0,50.53703993055556
4524,146.05263888888888,121.25723090277778,1189.2823611111112,529.1287614532188,0.0,0.0,50.20555989583333
4525,146.32715277777777,121.27252604166667,1200.6756944444444,543.3408612732522,0.0,0.0,49.86779079861111
4526,146.8007986111111,121.26596354166666,1174.3025,534.5747212851311,0.0,0.0,49.56678819444444
4527,147.27442708333334,121.26085069444444,1168.1272222222221,529.410275436945,0.0,0.0,49.35870225694445
4528,147.65336805555555,121.23791666666666,1121.3002777777779,498.5163554426875,0.0,0.0,49.241640625
4529,147.85043402777777,121.1516579861111,1057.4844444444445,460.27145836725566,0.0,0.0,49.239483506944445
4530,148.07010416666665,121.21955729166666,920.6438194444445,386.9013585723904,0.0,0.0,49.34385850694444
4531,148.1536284722222,121.2668576388889,756.8772916666667,300.18539006880036,0.0,0.0,49.53570746527778
4532,144.2353125,118.495390625,346.04534722222223,119.02134548290327,0.0,0.0,48.20993923611111
4533,0.0,0.0,0.0,0.0,0.0,0.0,-0.5084750027126737
4534,0.0,0.0,0.0,0.0,0.0,0.0,-0.275
4535,0.0,0.0,0.0,0.0,0.0,0.0,-0.275
4536,0.0,0.0,0.0,0.0,0.0,0.0,-0.275
4537,0.0,0.0,0.0,0.0,0.0,0.0,-0.275
4538,0.0,0.0,0.0,0.0,0.0,0.0,-0.275
4539,0.0,0.0,0.0,0.0,0.0,0.0,-0.275
4540,0.0,0.0,0.0,0.0,0.0,0.0,-0.275
4541,0.0,0.0,0.0,0.0,0.0,0.0,-0.275
4542,0.0,0.0,0.0,0.0,0.0,0.0,-0.275
4543,0.0,0.0,0.0,0.0,0.0,0.0,-0.275
4544,73.10519097222222,60.626241319444446,907.2415277777778,122.17782337736965,0.0,0.0,-2.4198736572265624
4545,146.1859268951416,121.14791295793322,1036.639485812717,387.7920546841089,0.0,0.0,50.8540692397621
4546,146.44421875,121.17348090277778,1110.2710416666666,457.721451594488,0.0,0.0,50.72026041666667
4547,146.92161458333334,121.23921006944444,1165.6868055555556,502.16869275916935,0.0,0.0,50.45458333333333
4548,147.13244791666668,121.25966145833333,1199.00375,529.4841977140878,0.0,0.0,50.13837673611111
4549,147.49960069444444,121.27286458333333,1226.7790277777779,550.6121742260189,0.0,0.0,49.82098090277778
4550,148.21723958333334,121.27066840277777,1203.6013888888888,542.5801539435494,0.0,0.0,49.54053385416667
4551,148.83512152777777,121.25923611111111,1177.9834722222222,528.1567961989233,0.0,0.0,49.34646701388889
4552,149.4790972222222,121.22888020833334,1111.4170833333333,487.9977932350318,0.0,0.0,49.25228298611111
4553,149.48019097222223,121.24552083333333,1014.9720833333333,437.2631997187111,0.0,0.0,49.28795572916667
4554,149.45522569444444,121.22730034722223,865.0122916666667,360.14714940920595,0.0,0.0,49.413776041666665
4555,149.00847222222222,121.2659375,723.3581944444444,285.18565397739127,0.0,0.0,49.6180078125
4556,123.96644965277778,97.98831597222222,297.66777777777776,98.51364559688078,0.0,0.0,37.94647135416667
4557,0.0,0.0,0.0,0.0,0.0,0.0,-0.5084750027126737
4558,0.0,0.0,0.0,0.0,0.0,0.0,-0.275
4559,0.0,0.0,0.0,0.0,0.0,0.0,-0.275
4560,0.0,0.0,0.0,0.0,0.0,0.0,-0.275
4561,0.0,0.0,0.0,0.0,0.0,0.0,-0.275
4562,0.0,0.0,0.0,0.0,0.0,0.0,-0.275
4563,0.0,0.0,0.0,0.0,0.0,0.0,-0.275
4564,0.0,0.0,0.0,0.0,0.0,0.0,-0.275
4565,0.0,0.0,0.0,0.0,0.0,0.0,-0.275
4566,0.0,0.0,0.0,0.0,0.0,0.0,-0.275
4567,0.0,0.0,0.0,0.0,0.0,0.0,-0.275
4568,73.12756944444445,60.6262890625,914.2798263888889,122.46560714805098,0.0,0.0,-2.422722913953993
4569,145.94284763336182,121.17968012068006,992.010209520128,371.34521482169384,0.0,0.0,50.975667086541655
4570,146.208125,121.17707465277778,1115.7722222222221,460.55759368313215,0.0,0.0,50.84791232638889
4571,146.47571180555556,121.23786458333333,1152.7025,497.95772364093597,0.0,0.0,50.69154947916667
4572,146.7393576388889,121.26309027777778,1204.4105555555554,533.2432788607109,0.0,0.0,50.44956163194445
4573,147.17145833333333,121.27152777777778,1196.6441666666667,538.147169703064,0.0,0.0,50.17185329861111
4574,147.68255208333332,121.27393229166667,1210.06,547.3685919657287,0.0,0.0,49.93677951388889
4575,148.10730902777777,121.26832465277778,1234.1408333333334,555.9728474212347,0.0,0.0,49.761875
4576,148.38421875,121.25141493055555,1184.3070833333334,523.8772615970005,0.0,0.0,49.66316840277778
4577,148.41645833333334,121.15467013888889,1089.7227083333332,472.4545510112322,0.0,0.0,49.6665625
4578,148.32925347222223,121.22464409722222,953.2595833333334,399.85377415115863,0.0,0.0,49.754001736111114
4579,148.0907638888889,121.26835069444445,776.7380555555555,308.06175179277113,0.0,0.0,49.91669704861111
4580,146.63998263888888,121.16972222222222,390.3510416666667,134.7832174325057,0.0,0.0,49.87316840277778
4581,0.0,0.0,0.0,0.0,0.0,0.0,-0.5084750027126737
4582,0.0,0.0,0.0,0.0,0.0,0.0,-0.275
4583,0.0,0.0,0.0,0.0,0.0,0.0,-0.275
4584,0.0,0.0,0.0,0.0,0.0,0.0,-0.275
4585,0.0,0.0,0.0,0.0,0.0,0.0,-0.275
4586,0.0,0.0,0.0,0.0,0.0,0.0,-0.275
4587,0.0,0.0,0.0,0.0,0.0,0.0,-0.275
4588,0.0,0.0,0.0,0.0,0.0,0.0,-0.275
4589,0.0,0.0,0.0,0.0,0.0,0.0,-0.275
4590,0.0,0.0,0.0,0.0,0.0,0.0,-0.275
4591,0.0,0.0,0.0,0.0,0.0,0.0,-0.275
4592,73.02203125,60.625690104166665,900.9179513888889,120.21690394748916,0.0,0.0,-2.401608547634549
4593,145.92466928693983,121.22414926105075,1084.2350592041016,405.53988860559775,0.0,0.0,50.99301033490234
4594,145.81977430555557,121.1834375,1130.6440972222222,467.76708450213533,0.0,0.0,50.84536892361111
4595,145.8206423611111,121.24196180555556,1171.6059722222221,508.2855416659829,0.0,0.0,50.68437065972222
4596,146.14399305555557,121.26399305555556,1204.0329166666668,535.181470438053,0.0,0.0,50.4466796875
4597,146.51055555555556,121.27165798611111,1217.2330555555557,549.7388767329644,0.0,0.0,50.17990885416667
4598,147.28109375,121.27450520833334,1190.7386111111111,539.9807538788165,0.0,0.0,49.932734375
4599,148.10501736111112,121.25232638888889,1165.5519444444444,524.8931478640236,0.0,0.0,49.758359375
4600,148.88581597222222,121.23513888888888,1137.6553472222222,501.4188432168668,0.0,0.0,49.68255642361111
4601,149.29859375,121.312421875,1060.42375,457.5936602976201,0.0,0.0,49.770755208333334
4602,149.37939236111112,121.21222222222222,924.8370833333333,385.12234429026563,0.0,0.0,49.93048177083333
4603,149.49503472222221,121.26908854166666,753.8166666666667,296.08519504642265,0.0,0.0,50.128567708333335
4604,148.7380902777778,121.16517361111111,360.10829861111114,122.45112774385224,0.0,0.0,50.12299479166666
4605,0.0,0.0,0.0,0.0,0.0,0.0,-0.5084750027126737
4606,0.0,0.0,0.0,0.0,0.0,0.0,-0.275
4607,0.0,0.0,0.0,0.0,0.0,0.0,-0.275
4608,0.0,0.0,0.0,0.0,0.0,0.0,-0.275
4609,0.0,0.0,0.0,0.0,0.0,0.0,-0.275
4610,0.0,0.0,0.0,0.0,0.0,0.0,-0.275
4611,0.0,0.0,0.0,0.0,0.0,0.0,-0.275
4612,0.0,0.0,0.0,0.0,0.0,0.0,-0.275
4613,0.0,0.0,0.0,0.0,0.0,0.0,-0.275
4614,0.0,0.0,0.0,0.0,0.0,0.0,-0.275
4615,0.0,0.0,0.0,0.0,0.0,0.0,-0.275
4616,73.01921006944444,60.62587673611111,911.6101041666667,120.99078055231517,0.0,0.0,-2.408411051432292
4617,145.89050339592828,121.18047670788235,1001.7315765041775,374.13173251257274,0.0,0.0,50.89124951995081
4618,145.79421875,121.184921875,1156.7879166666667,478.46691184037996,0.0,0.0,50.78721788194444
4619,145.73206597222222,121.25436631944444,1214.536388888889,527.1480573389317,0.0,0.0,50.56840277777778
4620,145.69831597222222,121.26942708333333,1247.4622222222222,556.1319981697031,0.0,0.0,50.30448784722222
4621,145.70772569444443,121.2643923611111,1294.3027777777777,587.5818547174595,0.0,0.0,49.975286458333336
4622,146.17100694444446,121.26799479166667,1253.2869444444445,572.5025039849997,0.0,0.0,49.64803385416667
4623,146.71265625,121.27131076388889,1228.0734722222223,558.2567151034012,0.0,0.0,49.40302517361111
4624,147.02588541666665,121.25677083333333,1179.1295833333334,526.3020514488851,0.0,0.0,49.24066840277778
4625,147.30777777777777,121.1621267361111,1098.6215972222221,479.85768992271255,0.0,0.0,49.199978298611114
4626,147.47125,121.19711805555555,950.6303472222222,400.88651369242837,0.0,0.0,49.2802734375
4627,147.2954340277778,121.27124131944444,766.9896527777778,305.6721274210611,0.0,0.0,49.456241319444445
4628,146.37602430555555,121.17149305555556,402.56680555555556,138.93845399405103,0.0,0.0,49.543368055555554
4629,0.0,0.0,0.0,0.0,0.0,0.0,-0.5084750027126737
4630,0.0,0.0,0.0,0.0,0.0,0.0,-0.275
4631,0.0,0.0,0.0,0.0,0.0,0.0,-0.275
4632,0.0,0.0,0.0,0.0,0.0,0.0,-0.275
4633,0.0,0.0,0.0,0.0,0.0,0.0,-0.275
4634,0.0,0.0,0.0,0.0,0.0,0.0,-0.275
4635,0.0,0.0,0.0,0.0,0.0,0.0,-0.275
4636,0.0,0.0,0.0,0.0,0.0,0.0,-0.275
4637,0.0,0.0,0.0,0.0,0.0,0.0,-0.275
4638,0.0,0.0,0.0,0.0,0.0,0.0,-0.275
4639,0.0,0.0,0.0,0.0,0.0,0.0,-0.275
4640,72.93842013888889,60.623363715277776,836.104375,110.46135223054323,0.0,0.0,-2.3252284071180553
4641,145.70897583431667,121.18389821794298,1009.0933459133572,376.8364201643822,0.0,0.0,50.6123077520397
4642,145.92319444444445,121.24326388888889,1080.4327777777778,446.5062520619572,0.0,0.0,50.32362413194444
4643,146.15159722222222,121.180703125,1115.3946527777778,482.30875371908576,0.0,0.0,49.94400607638889
4644,146.76723958333332,121.24770833333334,1168.3430555555556,516.9048783850393,0.0,0.0,49.539448784722225
4645,147.5243576388889,121.261015625,1181.0441666666666,529.4131990246383,0.0,0.0,49.13440538194445
4646,148.2448263888889,121.24620659722223,1152.203611111111,518.7518311973241,0.0,0.0,48.80825954861111
4647,148.86796875,121.23717013888889,1127.0979861111111,504.6704452500377,0.0,0.0,48.55756944444445
4648,149.50074652777778,121.19784722222222,1060.2350694444444,465.10814397422257,0.0,0.0,48.422443576388886
4649,149.51213541666667,121.22556423611111,949.7,408.871032097134,0.0,0.0,48.47083767361111
4650,148.97796875,121.22624131944444,744.5806944444445,310.8453118955622,0.0,0.0,48.62385416666667
4651,148.52977430555555,121.26194444444444,558.256875,220.54422361102084,0.0,0.0,48.843012152777774
4652,100.37483506944444,74.7346875,242.1171527777778,75.2598366736255,0.0,0.0,26.200766059027778
4653,0.0,0.0,0.0,0.0,0.0,0.0,-0.5084750027126737
4654,0.0,0.0,0.0,0.0,0.0,0.0,-0.275
4655,0.0,0.0,0.0,0.0,0.0,0.0,-0.275
4656,0.0,0.0,0.0,0.0,0.0,0.0,-0.275
4657,0.0,0.0,0.0,0.0,0.0,0.0,-0.275
4658,0.0,0.0,0.0,0.0,0.0,0.0,-0.275
4659,0.0,0.0,0.0,0.0,0.0,0.0,-0.275
4660,0.0,0.0,0.0,0.0,0.0,0.0,-0.275
4661,0.0,0.0,0.0,0.0,0.0,0.0,-0.275
4662,0.0,0.0,0.0,0.0,0.0,0.0,-0.275
4663,0.0,0.0,0.0,0.0,0.0,0.0,-0.275
4664,73.24418402777778,60.62518229166667,898.8145486111111,117.57558813808234,0.0,0.0,-2.380872328016493
4665,146.37888366275362,121.20442070007324,1047.4934492323134,388.89892900420347,0.0,0.0,50.86743849297365
4666,146.53994791666668,121.17210069444444,1125.3722222222223,462.64182965325386,0.0,0.0,50.76047309027778
4667,147.31359375,121.24193576388889,1184.037361111111,508.0724617410948,0.0,0.0,50.55325086805556
4668,148.17022569444444,121.26974826388889,1235.3004166666667,541.3731789916984,0.0,0.0,50.3644921875
4669,148.48328125,121.15171875,1248.4061111111112,555.3511562465071,0.0,0.0,50.07840711805556
4670,149.09871527777779,121.271796875,1224.9858333333334,548.3528854836974,0.0,0.0,49.89566840277778
4671,149.59321180555557,121.25854166666667,1182.1093055555555,526.6978220456133,0.0,0.0,49.72245659722222
4672,149.9063888888889,121.22855034722222,1117.7946527777779,489.0845504027974,0.0,0.0,49.63258246527778
4673,149.92305555555555,121.251328125,1038.2574305555556,445.82468037596556,0.0,0.0,49.68424913194445
4674,149.3427951388889,121.207421875,885.2101388888889,368.5358467662893,0.0,0.0,49.793446180555556
4675,148.62579861111112,121.13520833333334,726.9447222222223,286.593046189524,0.0,0.0,50.00987413194444
4676,125.76864583333334,99.7096875,303.8026388888889,100.23498482737901,0.0,0.0,39.126362847222225
4677,0.0,0.0,0.0,0.0,0.0,0.0,-0.5084750027126737
4678,0.0,0.0,0.0,0.0,0.0,0.0,-0.275
4679,0.0,0.0,0.0,0.0,0.0,0.0,-0.275
4680,0.0,0.0,0.0,0.0,0.0,0.0,-0.275
4681,0.0,0.0,0.0,0.0,0.0,0.0,-0.275
4682,0.0,0.0,0.0,0.0,0.0,0.0,-0.275
4683,0.0,0.0,0.0,0.0,0.0,0.0,-0.275
4684,0.0,0.0,0.0,0.0,0.0,0.0,-0.275
4685,0.0,0.0,0.0,0.0,0.0,0.0,-0.275
4686,0.0,0.0,0.0,0.0,0.0,0.0,-0.275
4687,0.0,0.0,0.0,0.0,0.0,0.0,-0.275
4688,73.02401041666667,60.62564236111111,920.3472222222222,120.0469999719641,0.0,0.0,-2.4001424831814235
4689,145.83459658728705,121.15449233584934,1028.8596632554795,382.68741380192034,0.0,0.0,50.88795089522998
4690,145.8645138888889,121.3033767361111,1118.064236111111,462.0493294752078,0.0,0.0,50.747569444444444
4691,145.7236111111111,121.237421875,1150.3699305555556,498.8557735921134,0.0,0.0,50.50365451388889
4692,145.91842013888888,121.25403645833333,1182.4463888888888,526.0678686903663,0.0,0.0,50.21893229166667
4693,146.0660763888889,121.26963541666667,1238.1993055555556,560.3185567687024,0.0,0.0,49.949375
4694,146.10835069444445,121.27262152777777,1188.58125,542.8284181643293,0.0,0.0,49.6961328125
4695,146.04618055555557,121.16009548611112,1076.428263888889,490.7395320839347,0.0,0.0,49.50024305555556
4696,146.12324652777778,121.26364583333333,1189.7002777777777,534.098727356281,0.0,0.0,49.4030078125
4697,146.09741319444444,121.18048611111111,1081.3091666666667,476.14494282872414,0.0,0.0,49.37056857638889
4698,146.21034722222223,121.22416666666666,926.71125,394.0653327512431,0.0,0.0,49.41556423611111
4699,146.28043402777777,121.26876736111112,751.37625,301.1824676898499,0.0,0.0,49.52786024305556
4700,144.26833333333335,119.50274305555556,349.0386111111111,120.02845369925691,0.0,0.0,48.66664930555555
4701,0.0,0.0,0.0,0.0,0.0,0.0,-0.5084750027126737
4702,0.0,0.0,0.0,0.0,0.0,0.0,-0.275
4703,0.0,0.0,0.0,0.0,0.0,0.0,-0.275
4704,0.0,0.0,0.0,0.0,0.0,0.0,-0.275
4705,0.0,0.0,0.0,0.0,0.0,0.0,-0.275
4706,0.0,0.0,0.0,0.0,0.0,0.0,-0.275
4707,0.0,0.0,0.0,0.0,0.0,0.0,-0.275
4708,0.0,0.0,0.0,0.0,0.0,0.0,-0.275
4709,0.0,0.0,0.0,0.0,0.0,0.0,-0.275
4710,0.0,0.0,0.0,0.0,0.0,0.0,-0.275
4711,0.0,0.0,0.0,0.0,0.0,0.0,-0.275
4712,73.30916666666667,60.623897569444445,872.0909375,112.61730295645258,0.0,0.0,-2.342703857421875
4713,146.3809036593967,121.17283929189047,1002.9989781019423,371.17152791295024,0.0,0.0,50.82577965938383
4714,146.14885416666667,121.28272569444445,1093.9024305555556,450.8948651769667,0.0,0.0,50.69890625
4715,145.73269097222223,121.2375607638889,1151.9474305555555,499.37074315259645,0.0,0.0,50.4388671875
4716,145.65862847222223,121.255625,1185.1834722222222,528.1571119698766,0.0,0.0,50.116458333333334
4717,145.6025173611111,121.27066840277777,1213.8755555555556,550.9172783655245,0.0,0.0,49.750629340277776
4718,145.5751388888889,121.27162326388888,1192.504861111111,546.4851758363772,0.0,0.0,49.501354166666665
4719,145.55083333333334,121.26183159722223,1165.6733333333334,533.5416564245074,0.0,0.0,49.28108072916667
4720,145.52793402777777,121.24782118055556,1148.590138888889,517.6024009992092,0.0,0.0,49.1433203125
4721,145.59473090277777,121.29616319444445,1039.295625,459.6087575081013,0.0,0.0,49.08258246527778
4722,145.79611111111112,121.1608420138889,901.794375,384.28410392466367,0.0,0.0,49.093450520833336
4723,146.23375,121.26496527777778,702.86375,281.69144429416417,0.0,0.0,49.186306423611114
4724,106.41887152777778,81.20292534722222,257.9059375,81.72800576586835,0.0,0.0,29.356171875
4725,0.0,0.0,0.0,0.0,0.0,0.0,-0.5084750027126737
4726,0.0,0.0,0.0,0.0,0.0,0.0,-0.275
4727,0.0,0.0,0.0,0.0,0.0,0.0,-0.275
4728,0.0,0.0,0.0,0.0,0.0,0.0,-0.275
4729,0.0,0.0,0.0,0.0,0.0,0.0,-0.275
4730,0.0,0.0,0.0,0.0,0.0,0.0,-0.275
4731,0.0,0.0,0.0,0.0,0.0,0.0,-0.275
4732,0.0,0.0,0.0,0.0,0.0,0.0,-0.275
4733,0.0,0.0,0.0,0.0,0.0,0.0,-0.275
4734,0.0,0.0,0.0,0.0,0.0,0.0,-0.275
4735,0.0,0.0,0.0,0.0,0.0,0.0,-0.275
4736,72.98750868055555,60.62221354166667,823.4706597222222,106.13572411184579,0.0,0.0,-2.2972646755642363
4737,145.79185969458686,121.18272649976942,981.8439266120063,364.272441234058,0.0,0.0,50.68691158013211
4738,145.74425347222223,121.22475694444445,998.239375,412.20885965833446,0.0,0.0,50.39668836805556
4739,145.6873611111111,121.23733506944444,1148.7519444444445,497.99877414817763,0.0,0.0,50.02840277777778
4740,145.98756944444443,121.24341145833333,1148.3744444444444,510.4753403854102,0.0,0.0,49.64096788194445
4741,146.0429340277778,121.26333333333334,1181.057638888889,534.2305535709005,0.0,0.0,49.3368359375
4742,146.08491319444445,121.25603298611111,1154.6845833333334,527.1195521665384,0.0,0.0,49.07937065972222
4743,146.0597048611111,121.252890625,1148.2530555555556,523.5614003546083,0.0,0.0,48.90198350694445
4744,146.1874826388889,121.23603298611111,1098.6350694444445,492.7281886575211,0.0,0.0,48.791232638888886
4745,146.3690625,121.24639756944444,1019.1788194444445,448.0906346941381,0.0,0.0,48.77434461805556
4746,146.49135416666667,121.17230034722222,879.9516666666667,373.1527866288492,0.0,0.0,48.84709201388889
4747,146.97116319444444,121.26448784722223,690.9986111111111,275.4116035216725,0.0,0.0,48.98504340277778
4748,92.13401041666667,66.75662760416667,223.69914930555555,67.28196957825361,0.0,0.0,22.7211328125
4749,0.0,0.0,0.0,0.0,0.0,0.0,-0.5084750027126737
4750,0.0,0.0,0.0,0.0,0.0,0.0,-0.275
4751,0.0,0.0,0.0,0.0,0.0,0.0,-0.275
4752,0.0,0.0,0.0,0.0,0.0,0.0,-0.275
4753,0.0,0.0,0.0,0.0,0.0,0.0,-0.275
4754,0.0,0.0,0.0,0.0,0.0,0.0,-0.275
4755,0.0,0.0,0.0,0.0,0.0,0.0,-0.275
4756,0.0,0.0,0.0,0.0,0.0,0.0,-0.275
4757,0.0,0.0,0.0,0.0,0.0,0.0,-0.275
4758,0.0,0.0,0.0,0.0,0.0,0.0,-0.275
4759,0.0,0.0,0.0,0.0,0.0,0.0,-0.275
4760,72.93709201388889,60.62328993055556,859.3089236111111,110.1195932353135,0.0,0.0,-2.322881062825521
4761,145.7190431128608,121.18408805847167,991.9158252970377,367.6073771503082,0.0,0.0,50.53527994970481
4762,145.70121527777778,121.25129340277778,1100.0238194444444,454.246605080071,0.0,0.0,50.24984809027778
4763,145.50200520833334,121.164609375,1143.9789583333334,496.1225275697711,0.0,0.0,49.89461371527778
4764,145.5372829861111,121.25290798611111,1177.5925,525.0455662204572,0.0,0.0,49.549487847222224
4765,145.44769965277777,121.19074652777778,1041.8979166666666,472.8021221845851,0.0,0.0,49.23257378472222
4766,145.51512152777778,121.2617361111111,1164.4734027777777,533.5730066967435,0.0,0.0,49.0158203125
4767,145.51290798611112,121.25833333333334,1158.7834027777778,530.2301095712743,0.0,0.0,48.857387152777775
4768,145.63307291666666,121.188515625,1069.9159722222223,481.4036442119212,0.0,0.0,48.75843315972222
4769,145.77526041666667,121.24432291666666,1012.2888888888889,446.8070971898046,0.0,0.0,48.74474826388889
4770,145.8434375,121.26935763888889,717.6683333333333,305.8598078260891,0.0,0.0,48.76267795138889
4771,145.92647569444443,121.26237847222222,673.9288888888889,270.3831609502513,0.0,0.0,48.90922309027778
4772,111.63045138888889,87.175234375,271.57786458333334,87.70078787838942,0.0,0.0,31.613580729166667
4773,0.0,0.0,0.0,0.0,0.0,0.0,-0.5084750027126737
4774,0.0,0.0,0.0,0.0,0.0,0.0,-0.275
4775,0.0,0.0,0.0,0.0,0.0,0.0,-0.275
4776,0.0,0.0,0.0,0.0,0.0,0.0,-0.275
4777,0.0,0.0,0.0,0.0,0.0,0.0,-0.275
4778,0.0,0.0,0.0,0.0,0.0,0.0,-0.275
4779,0.0,0.0,0.0,0.0,0.0,0.0,-0.275
4780,0.0,0.0,0.0,0.0,0.0,0.0,-0.275
4781,0.0,0.0,0.0,0.0,0.0,0.0,-0.275
4782,0.0,0.0,0.0,0.0,0.0,0.0,-0.275
4783,0.0,0.0,0.0,0.0,0.0,0.0,-0.275
4784,73.13952256944444,60.62123697916667,806.7245833333334,102.40882269293778,0.0,0.0,-2.2759192572699654
4785,146.25697985755073,121.233336130778,948.9719344414605,349.96382656054794,0.0,0.0,50.457209730413226
4786,146.1756423611111,121.2349826388889,1060.7069444444444,436.30943088798784,0.0,0.0,50.126766493055555
4787,145.9878125,121.16159722222223,1135.9969444444444,490.86669676606255,0.0,0.0,49.66832465277778
4788,145.95053819444445,121.24956597222223,1170.1766666666667,520.1693874363993,0.0,0.0,49.24869357638889
4789,145.91081597222222,121.16602430555555,1077.0484722222222,486.970486958507,0.0,0.0,48.93006076388889
4790,145.99822916666668,121.18299479166667,691.8885416666667,315.7058139142687,0.0,0.0,48.70432291666667
4791,146.1225347222222,121.22548611111111,877.4572916666667,399.61211838999634,0.0,0.0,48.681905381944446
4792,146.35894097222223,121.29822916666667,1023.4529166666666,458.546203807429,0.0,0.0,48.58789930555555
4793,146.39,121.25019097222223,495.0478125,217.56781366968912,0.0,0.0,48.42170138888889
4794,146.58130208333333,121.24308159722223,456.47246527777776,193.47312176892746,0.0,0.0,48.445078125
4795,133.420546875,108.11405381944445,277.69921875,108.63917890159614,0.0,0.0,41.45825086805556
4796,0.0,0.0,0.0,0.0,0.0,0.0,-0.5084750027126737
4797,0.0,0.0,0.0,0.0,0.0,0.0,-0.275
4798,0.0,0.0,0.0,0.0,0.0,0.0,-0.275
4799,0.0,0.0,0.0,0.0,0.0,0.0,-0.275
4800,0.0,0.0,0.0,0.0,0.0,0.0,-0.275
4801,0.0,0.0,0.0,0.0,0.0,0.0,-0.275
4802,0.0,0.0,0.0,0.0,0.0,0.0,-0.275
4803,0.0,0.0,0.0,0.0,0.0,0.0,-0.275
4804,0.0,0.0,0.0,0.0,0.0,0.0,-0.275
4805,0.0,0.0,0.0,0.0,0.0,0.0,-0.275
4806,0.0,0.0,0.0,0.0,0.0,0.0,-0.275
4807,0.0,0.0,0.0,0.0,0.0,0.0,-0.275
4808,73.11494791666667,60.6201953125,782.2526388888889,98.66453750915602,0.0,0.0,-2.255742458767361
4809,146.53797440422906,121.24370364718968,951.8304125128852,349.78415613814394,0.0,0.0,50.5163463018669
4810,146.75319444444443,121.23332465277778,1059.1024305555557,433.70436796648374,0.0,0.0,50.17526909722222
4811,146.94645833333334,121.16756076388889,1115.1384722222222,478.59336487945706,0.0,0.0,49.77868055555555
4812,147.67743055555556,121.25395833333333,1190.7386111111111,523.0600822709877,0.0,0.0,49.41297309027778
4813,148.48097222222222,121.15188368055556,1235.9070833333333,548.9112850052815,0.0,0.0,49.09811631944444
4814,149.61991319444445,121.25535590277778,1177.0530555555556,524.2760374654437,0.0,0.0,48.882122395833335
4815,150.1265798611111,121.22913194444445,1108.6260416666667,491.30396064560426,0.0,0.0,48.73880642361111
4816,150.2704861111111,121.20241319444445,1062.3653472222222,463.1394035751229,0.0,0.0,48.697795138888885
4817,150.46234375,121.21744791666667,950.2797916666667,406.1603289941536,0.0,0.0,48.75330295138889
4818,150.28104166666665,121.22314236111112,805.3627777777778,332.80019159736815,0.0,0.0,48.91368923611111
4819,149.99418402777778,121.25466145833333,623.7040972222222,243.14366007189003,0.0,0.0,49.15382378472222
4820,0.0,0.0,0.0,0.0,0.0,0.0,-0.5084750027126737
4821,0.0,0.0,0.0,0.0,0.0,0.0,-0.275
4822,0.0,0.0,0.0,0.0,0.0,0.0,-0.275
4823,0.0,0.0,0.0,0.0,0.0,0.0,-0.275
4824,0.0,0.0,0.0,0.0,0.0,0.0,-0.275
4825,0.0,0.0,0.0,0.0,0.0,0.0,-0.275
4826,0.0,0.0,0.0,0.0,0.0,0.0,-0.275
4827,0.0,0.0,0.0,0.0,0.0,0.0,-0.275
4828,0.0,0.0,0.0,0.0,0.0,0.0,-0.275
4829,0.0,0.0,0.0,0.0,0.0,0.0,-0.275
4830,0.0,0.0,0.0,0.0,0.0,0.0,-0.275
4831,0.0,0.0,0.0,0.0,0.0,0.0,-0.275
4832,72.93770833333333,60.62196614583333,836.5628125,105.0459193215851,0.0,0.0,-2.2903946940104167
4833,145.75207689497205,121.18370921876695,976.6124729580349,360.0251050451468,0.0,0.0,50.65987961434656
4834,145.75303819444446,121.24401041666667,1085.9473611111111,447.5507053796192,0.0,0.0,50.426983506944445
4835,146.15265625,121.23938368055556,1162.1272222222221,501.6144394487163,0.0,0.0,50.11933159722222
4836,146.4009722222222,121.26785590277778,1212.8779166666666,537.4067737079324,0.0,0.0,49.816328125
4837,146.68395833333332,121.27177083333333,1227.35875,552.1843274893603,0.0,0.0,49.528949652777776
4838,147.01897569444444,121.27255208333334,1188.51375,538.7068090318154,0.0,0.0,49.28539930555556
4839,147.37052083333333,121.243046875,1127.1654166666667,508.78382163990733,0.0,0.0,49.09607204861111
4840,147.93314236111112,121.23384548611111,1096.140625,485.4522661100156,0.0,0.0,49.002100694444444
4841,148.28555555555556,121.27988715277777,1029.7360416666668,446.73742394753265,0.0,0.0,49.03376736111111
4842,148.53473958333333,121.22542534722223,873.0347916666667,364.9120063533868,0.0,0.0,49.10730902777778
4843,148.7945138888889,121.26410590277777,709.4300694444445,278.63238373100194,0.0,0.0,49.301410590277776
4844,103.12442708333333,76.91085069444445,252.62053819444444,77.435983518145,0.0,0.0,27.436942274305554
4845,0.0,0.0,0.0,0.0,0.0,0.0,-0.5084750027126737
4846,0.0,0.0,0.0,0.0,0.0,0.0,-0.275
4847,0.0,0.0,0.0,0.0,0.0,0.0,-0.275
4848,0.0,0.0,0.0,0.0,0.0,0.0,-0.275
4849,0.0,0.0,0.0,0.0,0.0,0.0,-0.275
4850,0.0,0.0,0.0,0.0,0.0,0.0,-0.275
4851,0.0,0.0,0.0,0.0,0.0,0.0,-0.275
4852,0.0,0.0,0.0,0.0,0.0,0.0,-0.275
4853,0.0,0.0,0.0,0.0,0.0,0.0,-0.275
4854,0.0,0.0,0.0,0.0,0.0,0.0,-0.275
4855,0.0,0.0,0.0,0.0,0.0,0.0,-0.275
4856,72.943125,60.62058159722222,801.2773958333333,99.89577999054877,0.0,0.0,-2.2614857313368057
4857,145.77041950649686,121.18324061499702,896.8191056145562,329.980474826238,0.0,0.0,50.69828032771746
4858,146.00526041666666,121.23066840277778,1044.5675,429.4740401525535,0.0,0.0,50.49988715277778
4859,146.10590277777777,121.16461805555555,1121.88,483.95361028058187,0.0,0.0,50.22318142361111
4860,146.30463541666666,121.24045138888889,1137.73625,504.2509574240556,0.0,0.0,49.92299479166667
4861,146.59131944444445,121.26402777777778,1186.0868055555557,533.7735007950706,0.0,0.0,49.638936631944446
4862,146.76751736111112,121.24340277777777,1123.2553472222223,509.76710105229773,0.0,0.0,49.40714409722222
4863,146.9921701388889,121.24684895833333,1138.0328472222222,514.8851381314952,0.0,0.0,49.21202256944444
4864,147.14758680555556,121.16413194444445,1069.4170833333333,475.78133335579366,0.0,0.0,49.09162760416667
4865,147.4856423611111,121.24447916666666,1021.0934027777778,445.1875326302375,0.0,0.0,49.06165798611111
4866,147.73626736111112,121.21314236111111,832.97625,349.90925848856,0.0,0.0,49.11950520833334
4867,147.96510416666666,121.26029513888889,643.901875,254.12988567306633,0.0,0.0,49.235377604166665
4868,0.0,0.0,0.0,0.0,0.0,0.0,-0.5084750027126737
4869,0.0,0.0,0.0,0.0,0.0,0.0,-0.275
4870,0.0,0.0,0.0,0.0,0.0,0.0,-0.275
4871,0.0,0.0,0.0,0.0,0.0,0.0,-0.275
4872,0.0,0.0,0.0,0.0,0.0,0.0,-0.275
4873,0.0,0.0,0.0,0.0,0.0,0.0,-0.275
4874,0.0,0.0,0.0,0.0,0.0,0.0,-0.275
4875,0.0,0.0,0.0,0.0,0.0,0.0,-0.275
4876,0.0,0.0,0.0,0.0,0.0,0.0,-0.275
4877,0.0,0.0,0.0,0.0,0.0,0.0,-0.275
4878,0.0,0.0,0.0,0.0,0.0,0.0,-0.275
4879,0.0,0.0,0.0,0.0,0.0,0.0,-0.275
4880,72.96191840277778,60.621480034722225,834.62125,103.27403842167507,0.0,0.0,-2.280100572374132
4881,146.123966094123,121.17756142510308,1002.351751522488,367.23025106902844,0.0,0.0,50.7052046976818
4882,146.2977951388889,121.28431423611111,1100.1316666666667,451.36405746155253,0.0,0.0,50.48584635416667
4883,146.14260416666667,121.236171875,1146.419375,494.5542608819456,0.0,0.0,50.15161892361111
4884,146.09413194444446,121.24758680555556,1165.8620833333334,517.4072459680035,0.0,0.0,49.76429253472222
4885,146.33515625,121.27127604166667,1227.4666666666667,553.2443261767314,0.0,0.0,49.420811631944446
4886,146.5103472222222,121.27337673611112,1188.5002777777777,540.3409754318526,0.0,0.0,49.15881944444445
4887,146.47119791666665,121.25696180555556,1161.4800694444446,527.2597374854436,0.0,0.0,48.97911024305556
4888,146.42369791666667,121.238046875,1110.6620138888889,496.77804958677933,0.0,0.0,48.86991319444444
4889,146.40473958333334,121.24381076388889,1014.75625,445.60563317718885,0.0,0.0,48.8387890625
4890,146.31069444444444,121.27106770833333,823.8751388888888,349.511713374432,0.0,0.0,48.88246961805555
4891,146.30164930555554,121.23807291666667,451.0522222222222,179.87405956046547,0.0,0.0,48.894144965277775
4892,90.64045138888889,65.91834201388889,223.2542013888889,66.4436965906445,0.0,0.0,22.23111328125
4893,0.0,0.0,0.0,0.0,0.0,0.0,-0.5084750027126737
4894,0.0,0.0,0.0,0.0,0.0,0.0,-0.275
4895,0.0,0.0,0.0,0.0,0.0,0.0,-0.275
4896,0.0,0.0,0.0,0.0,0.0,0.0,-0.275
4897,0.0,0.0,0.0,0.0,0.0,0.0,-0.275
4898,0.0,0.0,0.0,0.0,0.0,0.0,-0.275
4899,0.0,0.0,0.0,0.0,0.0,0.0,-0.275
4900,0.0,0.0,0.0,0.0,0.0,0.0,-0.275
4901,0.0,0.0,0.0,0.0,0.0,0.0,-0.275
4902,0.0,0.0,0.0,0.0,0.0,0.0,-0.275
4903,0.0,0.0,0.0,0.0,0.0,0.0,-0.275
4904,73.82215277777777,60.617686631944444,755.2863194444444,91.68099633000762,0.0,0.0,-2.225366956922743
4905,147.65458134121366,121.16335460662842,902.5898674519857,326.6050126507051,0.0,0.0,50.80129470931159
4906,147.7854861111111,121.21829861111111,1033.888888888889,419.45287965919,0.0,0.0,50.71552517361111
4907,147.34019097222222,121.16018229166667,1093.1069444444445,467.28749034125536,0.0,0.0,50.4973828125
4908,147.0946875,121.23386284722223,1106.8058333333333,487.72245104918926,0.0,0.0,50.22173611111111
4909,146.70616319444446,121.25139756944445,1160.5093055555556,521.5160235042707,0.0,0.0,49.9316015625
4910,146.44982638888888,121.24143229166667,1113.0350694444444,506.0012280212071,0.0,0.0,49.67543836805555
4911,146.061875,121.22565104166667,913.0527777777778,415.42368722595756,0.0,0.0,49.52274305555556
4912,0.0,0.0,0.0,0.0,0.0,0.0,-0.5084750027126737
4913,0.0,0.0,0.0,0.0,0.0,0.0,-0.275
4914,72.75615885416667,60.61108506944444,970.9494791666667,206.9234651669884,0.0,0.0,-2.8990239800347224
4915,145.7973277537028,121.26491419262356,710.0638122897678,283.982038484971,0.0,0.0,49.53483457002375
4916,94.39224826388889,69.8618359375,233.19128472222224,70.38708017544981,0.0,0.0,24.81251953125
4917,0.0,0.0,0.0,0.0,0.0,0.0,-0.5084750027126737
4918,0.0,0.0,0.0,0.0,0.0,0.0,-0.275
4919,0.0,0.0,0.0,0.0,0.0,0.0,-0.275
4920,0.0,0.0,0.0,0.0,0.0,0.0,-0.275
4921,0.0,0.0,0.0,0.0,0.0,0.0,-0.275
4922,0.0,0.0,0.0,0.0,0.0,0.0,-0.275
4923,0.0,0.0,0.0,0.0,0.0,0.0,-0.275
4924,0.0,0.0,0.0,0.0,0.0,0.0,-0.275
4925,0.0,0.0,0.0,0.0,0.0,0.0,-0.275
4926,0.0,0.0,0.0,0.0,0.0,0.0,-0.275
4927,0.0,0.0,0.0,0.0,0.0,0.0,-0.275
4928,0.0,0.0,249.49243055555556,0.0,0.0,0.0,-1.6172051323784722
4929,134.7953689236111,112.12812065972223,816.9717317708333,276.5588227921957,0.0,0.0,20.390773451063367
4930,145.63104166666668,121.1925,797.2325,327.96542023296865,0.0,0.0,50.421046006944444
4931,145.57638020833335,121.24243055555556,449.0567013888889,194.3609124409226,0.0,0.0,49.9948828125
4932,145.459921875,121.16663194444445,414.9038888888889,184.75170879358555,0.0,0.0,49.649097222222224
4933,145.5163107638889,121.26025173611112,574.5849652777778,260.26949479656923,0.0,0.0,49.419032118055554
4934,145.50370659722222,121.25407986111111,1149.4665972222222,525.9061987761324,0.0,0.0,49.303333333333335
4935,145.94710069444446,121.18125,267.76211805555556,121.84454522063987,0.0,0.0,48.68836371527778
4936,0.0,0.0,0.0,0.0,0.0,0.0,-0.5084750027126737
4937,0.0,0.0,0.0,0.0,0.0,0.0,-0.275
4938,0.0,0.0,153.65411458333332,0.0,0.0,0.0,-1.687540011935764
4939,61.228832465277776,44.17846788194444,184.69235243055556,44.542572211945,0.0,0.0,-1.6479593573676214
4940,0.0,0.0,0.0,0.0,0.0,0.0,-0.5084750027126737
4941,0.0,0.0,0.0,0.0,0.0,0.0,-0.275
4942,0.0,0.0,0.0,0.0,0.0,0.0,-0.275
4943,0.0,0.0,0.0,0.0,0.0,0.0,-0.275
4944,0.0,0.0,0.0,0.0,0.0,0.0,-0.275
4945,0.0,0.0,0.0,0.0,0.0,0.0,-0.275
4946,0.0,0.0,0.0,0.0,0.0,0.0,-0.275
4947,0.0,0.0,0.0,0.0,0.0,0.0,-0.275
4948,0.0,0.0,0.0,0.0,0.0,0.0,-0.275
4949,0.0,0.0,0.0,0.0,0.0,0.0,-0.275
4950,0.0,0.0,0.0,0.0,0.0,0.0,-0.275
4951,0.0,0.0,0.0,0.0,0.0,0.0,-0.275
4952,72.94328993055555,60.62097222222222,701.0839930555555,84.8194028509029,0.0,0.0,-2.1979245334201387
4953,145.7472529305352,121.18379018995498,923.4078709750705,337.2528227992007,0.0,0.0,50.699570724533665
4954,145.72604166666667,121.23270833333333,1053.924861111111,433.1692208444412,0.0,0.0,50.515720486111114
4955,145.55686631944445,121.19005208333333,1116.4328472222223,482.9189660898815,0.0,0.0,50.270078125
4956,145.556796875,121.24065972222222,1132.2620833333333,504.0673524633139,0.0,0.0,50.00205295138889
4957,145.54651041666668,121.26986111111111,1229.4620833333333,556.6878319497921,0.0,0.0,49.72019097222222
4958,145.54421006944443,121.25765625,1158.3789583333332,529.7437893663488,0.0,0.0,49.46444010416667
4959,146.49597222222224,121.24103298611111,1113.5744444444445,504.93784921434326,0.0,0.0,49.32345486111111
4960,148.10871527777778,121.28785590277778,1023.6821527777778,452.57376890908995,0.0,0.0,49.93594184027778
4961,147.44369791666668,121.2321875,909.0078472222223,396.0740418600267,0.0,0.0,49.93826822916667
4962,147.3672222222222,121.16140625,746.6301388888888,313.8533852466596,0.0,0.0,50.00923177083333
4963,147.63385416666668,121.24920138888889,547.9961805555556,216.03728431973607,0.0,0.0,50.08547309027778
4964,0.0,0.0,0.0,0.0,0.0,0.0,-0.5084750027126737
4965,0.0,0.0,0.0,0.0,0.0,0.0,-0.275
4966,0.0,0.0,0.0,0.0,0.0,0.0,-0.275
4967,0.0,0.0,0.0,0.0,0.0,0.0,-0.275
4968,0.0,0.0,0.0,0.0,0.0,0.0,-0.275
4969,0.0,0.0,0.0,0.0,0.0,0.0,-0.275
4970,0.0,0.0,0.0,0.0,0.0,0.0,-0.275
4971,0.0,0.0,0.0,0.0,0.0,0.0,-0.275
4972,0.0,0.0,0.0,0.0,0.0,0.0,-0.275
4973,0.0,0.0,0.0,0.0,0.0,0.0,-0.275
4974,0.0,0.0,0.0,0.0,0.0,0.0,-0.275
4975,0.0,0.0,0.0,0.0,0.0,0.0,-0.275
4976,56.16938802083333,46.513224826388885,501.00734375,46.71815303015611,0.0,0.0,-2.1355782063802082
4977,145.87907877604167,121.18117078993056,924.0685329861111,336.5057895410746,0.0,0.0,44.81709596421984
4978,145.86321180555555,121.23225694444444,1054.4642361111112,432.722651040335,0.0,0.0,50.846775173611114
4979,145.71637152777777,121.18702256944445,1116.796875,482.3817016215949,0.0,0.0,50.709965277777776
4980,145.72927083333335,121.24403645833333,1151.8126388888888,512.0893596216147,0.0,0.0,50.48497829861111
4981,146.12685763888888,121.24076388888889,983.2326388888889,443.2060332209817,0.0,0.0,50.266527777777775
4982,146.66220486111112,121.26588541666666,620.1715277777778,281.414509688705,0.0,0.0,50.011644965277775
4983,147.22567708333332,121.24696180555556,458.75111111111113,206.93662262745846,0.0,0.0,49.838519965277776
4984,96.89710069444445,69.8993967013889,180.2968576388889,70.42470113432671,0.0,0.0,24.87853298611111
4985,149.65456597222223,121.236796875,981.3989583333333,421.21594858565584,0.0,0.0,50.34478732638889
4986,147.30904513888888,121.17190104166667,804.0683333333334,338.0277466609621,0.0,0.0,50.300546875
4987,147.67473958333332,121.25363715277778,587.6366666666667,231.39093297574965,0.0,0.0,50.229717881944445
4988,0.0,0.0,0.0,0.0,0.0,0.0,-0.5084750027126737
4989,0.0,0.0,0.0,0.0,0.0,0.0,-0.275
4990,0.0,0.0,0.0,0.0,0.0,0.0,-0.275
4991,0.0,0.0,0.0,0.0,0.0,0.0,-0.275
4992,0.0,0.0,0.0,0.0,0.0,0.0,-0.275
4993,0.0,0.0,0.0,0.0,0.0,0.0,-0.275
4994,0.0,0.0,0.0,0.0,0.0,0.0,-0.275
4995,0.0,0.0,0.0,0.0,0.0,0.0,-0.275
4996,0.0,0.0,0.0,0.0,0.0,0.0,-0.275
4997,0.0,0.0,0.0,0.0,0.0,0.0,-0.275
4998,0.0,0.0,0.0,0.0,0.0,0.0,-0.275
4999,0.0,0.0,0.0,0.0,0.0,0.0,-0.275
5000,0.0,0.0,0.0,0.0,0.0,0.0,-0.275
5001,72.97893229166667,60.58809027777778,996.8641666666666,181.02332312531632,0.0,0.0,-2.911939629448785
5002,145.9440044869317,121.24000418980917,1081.996804470486,443.53207947945396,0.0,0.0,50.934771469632786
5003,145.77241319444445,121.18469618055556,1089.3990277777777,470.20596251825833,0.0,0.0,50.82114583333333
5004,145.79838541666666,121.23732638888889,1122.3384722222222,498.6327677619314,0.0,0.0,50.67192274305555
5005,146.00465277777778,121.24421875,1135.3902083333332,512.1008345896016,0.0,0.0,50.49351996527778
5006,146.1040277777778,121.25319444444445,1151.6373611111112,524.414100007628,0.0,0.0,50.35363715277778
5007,146.1484548611111,121.1789670138889,1041.911388888889,473.05808036979965,0.0,0.0,50.20301649305556
5008,146.2475173611111,121.2258420138889,923.4078472222222,413.05889800506293,0.0,0.0,50.09335503472222
5009,146.39694444444444,121.22319444444445,903.4123611111111,396.2345890186793,0.0,0.0,50.05341579861111
5010,146.6187326388889,121.26458333333333,658.6120138888889,278.27869835660874,0.0,0.0,50.0287109375
5011,146.54713541666666,121.17121527777778,328.5577083333333,130.15180953544441,0.0,0.0,49.88314670138889
5012,0.0,0.0,0.0,0.0,0.0,0.0,-0.5084750027126737
5013,0.0,0.0,0.0,0.0,0.0,0.0,-0.275
5014,0.0,0.0,0.0,0.0,0.0,0.0,-0.275
5015,0.0,0.0,0.0,0.0,0.0,0.0,-0.275
5016,0.0,0.0,0.0,0.0,0.0,0.0,-0.275
5017,0.0,0.0,0.0,0.0,0.0,0.0,-0.275
5018,0.0,0.0,0.0,0.0,0.0,0.0,-0.275
5019,0.0,0.0,0.0,0.0,0.0,0.0,-0.275
5020,0.0,0.0,0.0,0.0,0.0,0.0,-0.275
5021,0.0,0.0,0.0,0.0,0.0,0.0,-0.275
5022,0.0,0.0,0.0,0.0,0.0,0.0,-0.275
5023,0.0,0.0,0.0,0.0,0.0,0.0,-0.275
5024,0.0,0.0,0.0,0.0,0.0,0.0,-0.275
5025,72.89499131944444,60.58970052083333,982.8955555555556,178.317807568525,0.0,0.0,-2.913045179578993
5026,145.77676946851943,121.23984583112929,1080.7429048665365,443.24753288628517,0.0,0.0,50.73628571940793
5027,145.61168402777778,121.171796875,1122.5541666666666,484.84115223760807,0.0,0.0,50.54523003472222
5028,145.64921875,121.24538194444445,1156.9227777777778,514.4649337524122,0.0,0.0,50.33013020833334
5029,145.68055555555554,121.27128472222222,1206.1094444444445,545.1862503808464,0.0,0.0,50.078059895833334
5030,145.68013888888888,121.25935763888889,1163.7183333333332,531.3789640505596,0.0,0.0,49.852543402777776
5031,145.98913194444444,121.25497395833334,1157.3677083333334,526.2309457297109,0.0,0.0,49.658602430555554
5032,146.09008680555556,121.23667534722222,1106.7249305555556,495.5342147404836,0.0,0.0,49.54453993055556
5033,146.07201388888888,121.24082465277777,1008.1361111111111,443.10173776507116,0.0,0.0,49.515651041666665
5034,145.85512152777778,121.18282118055555,863.6370833333333,366.412216723702,0.0,0.0,49.563311631944444
5035,145.8940625,121.260859375,664.2479861111111,264.22299126409763,0.0,0.0,49.63427517361111
5036,0.0,0.0,0.0,0.0,0.0,0.0,-0.5084750027126737
5037,0.0,0.0,0.0,0.0,0.0,0.0,-0.275
5038,0.0,0.0,0.0,0.0,0.0,0.0,-0.275
5039,0.0,0.0,0.0,0.0,0.0,0.0,-0.275
5040,0.0,0.0,0.0,0.0,0.0,0.0,-0.275
5041,0.0,0.0,0.0,0.0,0.0,0.0,-0.275
5042,0.0,0.0,0.0,0.0,0.0,0.0,-0.275
5043,0.0,0.0,0.0,0.0,0.0,0.0,-0.275
5044,0.0,0.0,0.0,0.0,0.0,0.0,-0.275
5045,0.0,0.0,0.0,0.0,0.0,0.0,-0.275
5046,0.0,0.0,0.0,0.0,0.0,0.0,-0.275
5047,0.0,0.0,0.0,0.0,0.0,0.0,-0.275
5048,0.0,0.0,0.0,0.0,0.0,0.0,-0.275
5049,72.8594704861111,60.59039496527778,991.4034375,179.5599832427136,0.0,0.0,-2.9125386555989583
5050,145.71464805603028,121.24305082321168,1089.2103792317707,446.6364021094402,0.0,0.0,50.39061416791545
5051,145.71864583333334,121.29911458333333,1067.2327777777778,460.9386492378941,0.0,0.0,50.05899739583333
5052,145.91208333333333,121.24202256944444,1143.8980555555556,507.649126125848,0.0,0.0,49.74282986111111
5053,146.11152777777778,121.27177083333333,1215.1970833333332,547.5348872327493,0.0,0.0,49.43936197916667
5054,146.34197916666668,121.27313368055556,1193.502638888889,542.4698047929148,0.0,0.0,49.15005642361111
5055,146.7340798611111,121.26680555555555,1183.2958333333333,535.1882956266531,0.0,0.0,48.921436631944445
5056,147.05274305555557,121.240078125,1131.237361111111,503.10287621873636,0.0,0.0,48.77795572916666
5057,147.36302083333334,121.15952256944445,1047.9249305555556,456.13031896965174,0.0,0.0,48.74775173611111
5058,147.48994791666667,121.15611979166667,887.7179861111111,372.20604405748554,0.0,0.0,48.82961371527778
5059,147.47831597222222,121.25763020833334,624.6479861111111,245.52336828596708,0.0,0.0,48.979756944444446
5060,0.0,0.0,0.0,0.0,0.0,0.0,-0.5084750027126737
5061,0.0,0.0,0.0,0.0,0.0,0.0,-0.275
5062,0.0,0.0,0.0,0.0,0.0,0.0,-0.275
5063,0.0,0.0,0.0,0.0,0.0,0.0,-0.275
5064,0.0,0.0,0.0,0.0,0.0,0.0,-0.275
5065,0.0,0.0,0.0,0.0,0.0,0.0,-0.275
5066,0.0,0.0,0.0,0.0,0.0,0.0,-0.275
5067,0.0,0.0,0.0,0.0,0.0,0.0,-0.275
5068,0.0,0.0,0.0,0.0,0.0,0.0,-0.275
5069,0.0,0.0,0.0,0.0,0.0,0.0,-0.275
5070,0.0,0.0,0.0,0.0,0.0,0.0,-0.275
5071,0.0,0.0,0.0,0.0,0.0,0.0,-0.275
5072,0.0,0.0,0.0,0.0,0.0,0.0,-0.275
5073,72.99361979166666,60.58826388888889,934.6797569444444,168.59339796008058,0.0,0.0,-2.9158690049913196
5074,146.07180044809976,121.23467814127604,1066.720438571506,436.02982799092916,0.0,0.0,50.2351461946302
5075,146.05291666666668,121.18087673611112,1085.7586805555557,467.2573222845931,0.0,0.0,49.826197916666665
5076,146.51583333333335,121.237109375,1118.8868055555556,494.3906330662554,0.0,0.0,49.39283854166667
5077,147.07539930555555,121.24764756944444,1153.71375,516.1920899739159,0.0,0.0,48.960529513888886
5078,147.73225694444446,121.23253472222223,887.1111805555555,399.203811402517,0.0,0.0,48.572864583333335
5079,148.14670138888889,121.20506944444445,922.8954861111112,413.10173576238935,0.0,0.0,48.29934461805556
5080,148.54022569444444,121.15123263888889,1012.1810416666667,445.22763313853295,0.0,0.0,48.18560763888889
5081,147.7065625,121.22619791666666,833.1785416666667,361.91240462486996,0.0,0.0,48.6145703125
5082,147.60024305555555,121.26657986111111,669.64125,280.68332812884773,0.0,0.0,48.81108072916667
5083,147.45892361111112,121.24125,483.0073611111111,189.62837578114735,0.0,0.0,48.939288194444444
5084,0.0,0.0,0.0,0.0,0.0,0.0,-0.5084750027126737
5085,0.0,0.0,0.0,0.0,0.0,0.0,-0.275
5086,0.0,0.0,0.0,0.0,0.0,0.0,-0.275
5087,0.0,0.0,0.0,0.0,0.0,0.0,-0.275
5088,0.0,0.0,0.0,0.0,0.0,0.0,-0.275
5089,0.0,0.0,0.0,0.0,0.0,0.0,-0.275
5090,0.0,0.0,0.0,0.0,0.0,0.0,-0.275
5091,0.0,0.0,0.0,0.0,0.0,0.0,-0.275
5092,0.0,0.0,0.0,0.0,0.0,0.0,-0.275
5093,0.0,0.0,0.0,0.0,0.0,0.0,-0.275
5094,0.0,0.0,0.0,0.0,0.0,0.0,-0.275
5095,0.0,0.0,0.0,0.0,0.0,0.0,-0.275
5096,0.0,0.0,0.0,0.0,0.0,0.0,-0.275
5097,73.11141493055555,60.589856770833336,902.0235763888888,162.2117965169695,0.0,0.0,-2.919786851671007
5098,146.20147469414604,121.22401985168457,994.9629966566298,406.12919313929865,0.0,0.0,49.93920031785965
5099,145.98001736111112,121.25210069444445,1054.5047222222222,454.20063652572475,0.0,0.0,49.5651171875
5100,145.45362847222222,121.17608506944444,1087.4844444444445,483.7219824277781,0.0,0.0,49.20137152777778
5101,145.468671875,121.26967881944445,682.1266666666667,308.57376560106115,0.0,0.0,48.88482204861111
5102,145.43493055555555,121.25963541666667,561.0613541666667,256.4946900150401,0.0,0.0,48.74645833333334
5103,145.397578125,121.25694444444444,535.0658333333333,244.0977460344359,0.0,0.0,48.477612847222225
5104,145.381953125,121.26680555555555,648.0816666666667,291.5070133748382,0.0,0.0,48.38490885416667
5105,145.29936631944443,121.19342881944445,712.53125,314.50106646015905,0.0,0.0,48.31555989583333
5106,111.715078125,87.66097222222223,219.9777951388889,88.1864964284897,0.0,0.0,30.571770833333332
5107,145.42723958333335,121.26006076388889,655.9288888888889,260.9880982207934,0.0,0.0,48.58177517361111
5108,0.0,0.0,0.0,0.0,0.0,0.0,-0.5084750027126737
5109,0.0,0.0,0.0,0.0,0.0,0.0,-0.275
5110,0.0,0.0,0.0,0.0,0.0,0.0,-0.275
5111,0.0,0.0,0.0,0.0,0.0,0.0,-0.275
5112,0.0,0.0,0.0,0.0,0.0,0.0,-0.275
5113,0.0,0.0,0.0,0.0,0.0,0.0,-0.275
5114,0.0,0.0,0.0,0.0,0.0,0.0,-0.275
5115,0.0,0.0,0.0,0.0,0.0,0.0,-0.275
5116,0.0,0.0,0.0,0.0,0.0,0.0,-0.275
5117,0.0,0.0,0.0,0.0,0.0,0.0,-0.275
5118,0.0,0.0,0.0,0.0,0.0,0.0,-0.275
5119,0.0,0.0,0.0,0.0,0.0,0.0,-0.275
5120,0.0,0.0,0.0,0.0,0.0,0.0,-0.275
5121,73.00073784722223,60.590533854166665,890.1988194444444,159.95683441722593,0.0,0.0,-2.923445095486111
5122,145.99332169002957,121.2260840479533,1022.7652907986111,417.7957042557049,0.0,0.0,50.01771523750491
5123,145.85434027777777,121.18421875,1084.6125694444445,467.1518141447815,0.0,0.0,49.63990451388889
5124,145.8578298611111,121.23712673611111,1119.3316666666667,496.66060285904604,0.0,0.0,49.22012152777778
5125,145.72574652777777,121.25366319444444,1008.2978472222222,455.1453910925378,0.0,0.0,48.90121527777778
5126,144.56245659722222,120.35667534722222,264.84975694444444,120.88223035928362,0.0,0.0,47.78744357638889
5127,0.0,0.0,0.0,0.0,0.0,0.0,-0.5084750027126737
5128,0.0,0.0,0.0,0.0,0.0,0.0,-0.275
5129,0.0,0.0,0.0,0.0,0.0,0.0,-0.275
5130,0.0,0.0,0.0,0.0,0.0,0.0,-0.275
5131,42.67059027777778,34.867265625,277.7126909722222,35.03728378112966,0.0,0.0,-2.0834925672743054
5132,0.0,0.0,0.0,0.0,0.0,0.0,-0.5084750027126737
5133,0.0,0.0,0.0,0.0,0.0,0.0,-0.275
5134,0.0,0.0,0.0,0.0,0.0,0.0,-0.275
5135,0.0,0.0,0.0,0.0,0.0,0.0,-0.275
5136,0.0,0.0,0.0,0.0,0.0,0.0,-0.275
5137,0.0,0.0,0.0,0.0,0.0,0.0,-0.275
5138,0.0,0.0,0.0,0.0,0.0,0.0,-0.275
5139,0.0,0.0,0.0,0.0,0.0,0.0,-0.275
5140,0.0,0.0,0.0,0.0,0.0,0.0,-0.275
5141,0.0,0.0,0.0,0.0,0.0,0.0,-0.275
5142,0.0,0.0,0.0,0.0,0.0,0.0,-0.275
5143,0.0,0.0,0.0,0.0,0.0,0.0,-0.275
5144,0.0,0.0,0.0,0.0,0.0,0.0,-0.275
5145,72.99576388888889,60.58825086805555,1040.306875,186.48883978820433,0.0,0.0,-2.909830796983507
5146,146.415987417433,121.17483095169068,1144.3294880167643,465.5850178543955,0.0,0.0,49.898571048080925
5147,146.39758680555556,121.24871527777778,1209.04875,518.9122694762672,0.0,0.0,49.50515190972222
5148,146.4814236111111,121.27256076388889,1229.3947222222223,543.2251242157305,0.0,0.0,49.11465277777778
5149,146.55447916666665,121.27091145833333,1242.9993055555556,557.8583756185022,0.0,0.0,48.76328993055556
5150,146.64380208333333,121.27328125,1204.316111111111,545.8693618504462,0.0,0.0,48.48053819444444
5151,146.8543923611111,121.26292534722222,1178.023888888889,531.8019137927263,0.0,0.0,48.275303819444446
5152,147.07059027777777,121.2389236111111,1125.7093055555556,500.20325278353283,0.0,0.0,48.184375
5153,147.11163194444444,121.163984375,1057.5249305555556,460.6377065045813,0.0,0.0,48.185008680555555
5154,147.09664930555556,121.16311631944444,864.5672916666666,362.8611901981724,0.0,0.0,48.278094618055555
5155,147.08586805555555,121.25788194444445,629.9063888888888,247.16535501370086,0.0,0.0,48.4328125
5156,0.0,0.0,0.0,0.0,0.0,0.0,-0.5084750027126737
5157,0.0,0.0,0.0,0.0,0.0,0.0,-0.275
5158,0.0,0.0,0.0,0.0,0.0,0.0,-0.275
5159,0.0,0.0,0.0,0.0,0.0,0.0,-0.275
5160,0.0,0.0,0.0,0.0,0.0,0.0,-0.275
5161,0.0,0.0,0.0,0.0,0.0,0.0,-0.275
5162,0.0,0.0,0.0,0.0,0.0,0.0,-0.275
5163,0.0,0.0,0.0,0.0,0.0,0.0,-0.275
5164,0.0,0.0,0.0,0.0,0.0,0.0,-0.275
5165,0.0,0.0,0.0,0.0,0.0,0.0,-0.275
5166,0.0,0.0,0.0,0.0,0.0,0.0,-0.275
5167,0.0,0.0,0.0,0.0,0.0,0.0,-0.275
5168,0.0,0.0,0.0,0.0,0.0,0.0,-0.275
5169,72.83105034722222,60.62473090277778,978.1764583333334,175.42321369687852,0.0,0.0,-2.914423828125
5170,145.5789031685723,121.24350317849053,1092.6080403137207,447.0317001296396,0.0,0.0,50.040320174462266
5171,145.49370659722223,121.24104166666666,1170.1766666666667,505.1414056945397,0.0,0.0,49.658125
5172,145.4798871527778,121.24512152777778,1154.9272916666666,513.6132876268981,0.0,0.0,49.21970920138889
5173,145.73055555555555,121.27215277777778,1203.17,542.9083332225784,0.0,0.0,48.852890625
5174,146.0511111111111,121.27265625,1197.7633333333333,544.9866099612871,0.0,0.0,48.585690104166666
5175,146.43774305555556,121.29544270833334,1010.1854861111111,457.3175655703829,0.0,0.0,48.421197916666664
5176,146.34855902777778,121.22425347222222,912.3516666666667,407.26148621862166,0.0,0.0,48.33624131944445
5177,146.3528472222222,121.25220486111111,1034.1855555555555,452.9891158050437,0.0,0.0,48.331128472222225
5178,146.4856597222222,121.17279513888889,886.6797222222223,373.52346548971957,0.0,0.0,48.44934895833333
5179,146.58833333333334,121.25422743055556,595.079375,233.96061240734048,0.0,0.0,48.51847222222222
5180,0.0,0.0,0.0,0.0,0.0,0.0,-0.5084750027126737
5181,0.0,0.0,0.0,0.0,0.0,0.0,-0.275
5182,0.0,0.0,0.0,0.0,0.0,0.0,-0.275
5183,0.0,0.0,0.0,0.0,0.0,0.0,-0.275
5184,0.0,0.0,0.0,0.0,0.0,0.0,-0.275
5185,0.0,0.0,0.0,0.0,0.0,0.0,-0.275
5186,0.0,0.0,0.0,0.0,0.0,0.0,-0.275
5187,0.0,0.0,0.0,0.0,0.0,0.0,-0.275
5188,0.0,0.0,0.0,0.0,0.0,0.0,-0.275
5189,0.0,0.0,0.0,0.0,0.0,0.0,-0.275
5190,0.0,0.0,0.0,0.0,0.0,0.0,-0.275
5191,0.0,0.0,0.0,0.0,0.0,0.0,-0.275
5192,0.0,0.0,0.0,0.0,0.0,0.0,-0.275
5193,72.8210329861111,60.591158854166665,1004.8731944444445,179.68550732551486,0.0,0.0,-2.9124905734592015
5194,145.67118598514134,121.2940556356642,1122.9586690266926,459.015971939581,0.0,0.0,50.219904889961086
5195,145.51591145833333,121.23777777777778,1156.0597916666666,498.78376448742347,0.0,0.0,49.8509375
5196,145.4966232638889,121.25083333333333,1175.1655555555556,522.4703257532917,0.0,0.0,49.4340625
5197,145.50787326388888,121.26587673611111,1189.40375,537.3609068510493,0.0,0.0,49.03578125
5198,145.73220486111111,121.26905381944445,1182.3790277777778,539.033637868497,0.0,0.0,48.73474392361111
5199,145.87911458333335,121.25407986111111,1156.2890972222222,525.1280135718047,0.0,0.0,48.50607204861111
5200,146.07996527777777,121.236484375,1104.7429166666666,493.99103825235557,0.0,0.0,48.386401909722224
5201,146.29352430555556,121.17731770833333,1064.0102777777777,465.79923239555313,0.0,0.0,48.37661024305555
5202,146.73793402777778,121.168671875,886.0460416666666,372.39571584729396,0.0,0.0,48.46733072916667
5203,146.99190972222223,121.26056423611111,660.0952083333333,258.44766055843706,0.0,0.0,48.63549045138889
5204,0.0,0.0,0.0,0.0,0.0,0.0,-0.5084750027126737
5205,0.0,0.0,0.0,0.0,0.0,0.0,-0.275
5206,0.0,0.0,0.0,0.0,0.0,0.0,-0.275
5207,0.0,0.0,0.0,0.0,0.0,0.0,-0.275
5208,0.0,0.0,0.0,0.0,0.0,0.0,-0.275
5209,0.0,0.0,0.0,0.0,0.0,0.0,-0.275
5210,0.0,0.0,0.0,0.0,0.0,0.0,-0.275
5211,0.0,0.0,0.0,0.0,0.0,0.0,-0.275
5212,0.0,0.0,0.0,0.0,0.0,0.0,-0.275
5213,0.0,0.0,0.0,0.0,0.0,0.0,-0.275
5214,0.0,0.0,0.0,0.0,0.0,0.0,-0.275
5215,0.0,0.0,0.0,0.0,0.0,0.0,-0.275
5216,0.0,0.0,0.0,0.0,0.0,0.0,-0.275
5217,72.954609375,60.58905815972222,995.9607291666666,177.3024877254847,0.0,0.0,-2.913466389973958
5218,145.91060768551296,121.244601626926,1098.5002002631293,447.7673158597205,0.0,0.0,50.08611243496338
5219,145.7969097222222,121.16253472222222,1146.918263888889,493.407185379225,0.0,0.0,49.7650390625
5220,145.96442708333333,121.24238715277778,1147.2283333333332,508.2733145178584,0.0,0.0,49.395954861111115
5221,146.00953125,121.24487847222223,1139.2733333333333,512.734587001618,0.0,0.0,49.06876302083333
5222,145.90821180555557,121.23353298611111,951.9921527777777,433.2584116295859,0.0,0.0,48.86148871527778
5223,145.82631944444444,121.24053819444444,1107.8575,503.10649820592266,0.0,0.0,48.693684895833336
5224,145.94991319444443,121.24573784722222,1097.0979861111111,490.93898349544503,0.0,0.0,48.57959635416667
5225,146.09548611111111,121.24847222222222,1026.864236111111,450.2531785427868,0.0,0.0,48.54641059027778
5226,146.76362847222222,121.16835069444444,875.5695833333333,367.71582489639144,0.0,0.0,48.63970920138889
5227,147.5822222222222,121.25846354166667,637.9558333333333,248.39817976701943,0.0,0.0,48.855685763888886
5228,0.0,0.0,0.0,0.0,0.0,0.0,-0.5084750027126737
5229,0.0,0.0,0.0,0.0,0.0,0.0,-0.275
5230,0.0,0.0,0.0,0.0,0.0,0.0,-0.275
5231,0.0,0.0,0.0,0.0,0.0,0.0,-0.275
5232,0.0,0.0,0.0,0.0,0.0,0.0,-0.275
5233,0.0,0.0,0.0,0.0,0.0,0.0,-0.275
5234,0.0,0.0,0.0,0.0,0.0,0.0,-0.275
5235,0.0,0.0,0.0,0.0,0.0,0.0,-0.275
5236,0.0,0.0,0.0,0.0,0.0,0.0,-0.275
5237,0.0,0.0,0.0,0.0,0.0,0.0,-0.275
5238,0.0,0.0,0.0,0.0,0.0,0.0,-0.275
5239,0.0,0.0,0.0,0.0,0.0,0.0,-0.275
5240,0.0,0.0,0.0,0.0,0.0,0.0,-0.275
5241,72.93897569444445,60.55937065972222,989.5967361111111,175.6581352528089,0.0,0.0,-2.9140249972873264
5242,145.97676384396024,121.23598536173503,1075.9024499850802,437.9941740641936,0.0,0.0,50.408579001526036
5243,146.01102430555557,121.24493055555556,1137.7766666666666,488.9140232293229,0.0,0.0,50.124926215277775
5244,146.10390625,121.23942708333334,1132.8553472222222,501.3070830012091,0.0,0.0,49.79898003472222
5245,146.16484375,121.25374131944444,1167.7227777777778,524.895802387547,0.0,0.0,49.49400607638889
5246,146.15050347222223,121.26704861111111,1181.3677777777777,536.7842518925079,0.0,0.0,49.25066840277778
5247,146.19307291666667,121.24621527777778,1136.3204861111112,514.6039887013958,0.0,0.0,49.067547743055556
5248,146.16201388888888,121.23917534722223,1119.169861111111,499.951087146108,0.0,0.0,48.9670703125
5249,146.18685763888888,121.28566840277777,1031.5293055555555,451.99063531368387,0.0,0.0,48.95127604166667
5250,146.06170138888888,121.1790625,905.5157638888888,381.9256942279885,0.0,0.0,49.01827256944444
5251,146.17046875,121.26227430555555,686.6840277777778,269.5319139348019,0.0,0.0,49.11683159722222
5252,0.0,0.0,0.0,0.0,0.0,0.0,-0.5084750027126737
5253,0.0,0.0,0.0,0.0,0.0,0.0,-0.275
5254,0.0,0.0,0.0,0.0,0.0,0.0,-0.275
5255,0.0,0.0,0.0,0.0,0.0,0.0,-0.275
5256,0.0,0.0,0.0,0.0,0.0,0.0,-0.275
5257,0.0,0.0,0.0,0.0,0.0,0.0,-0.275
5258,0.0,0.0,0.0,0.0,0.0,0.0,-0.275
5259,0.0,0.0,0.0,0.0,0.0,0.0,-0.275
5260,0.0,0.0,0.0,0.0,0.0,0.0,-0.275
5261,0.0,0.0,0.0,0.0,0.0,0.0,-0.275
5262,0.0,0.0,0.0,0.0,0.0,0.0,-0.275
5263,0.0,0.0,0.0,0.0,0.0,0.0,-0.275
5264,0.0,0.0,0.0,0.0,0.0,0.0,-0.275
5265,72.88619791666666,60.58998263888889,975.4663194444445,172.89405820690862,0.0,0.0,-2.9135252549913195
5266,145.7024744796753,121.23590401331583,1074.9721182929145,438.0985411149225,0.0,0.0,50.42820307801167
5267,145.51957465277778,121.18961805555556,1098.5945833333333,473.28615658253767,0.0,0.0,50.07125868055556
5268,145.4656857638889,121.17548611111111,1089.66875,483.9517589786212,0.0,0.0,49.71033420138889
5269,145.554296875,121.24709201388889,1145.2328472222223,516.7980756133791,0.0,0.0,49.36032118055556
5270,145.75369791666665,121.24315104166666,1118.4148611111111,509.34386906908475,0.0,0.0,49.06203993055556
5271,145.85788194444444,121.25260416666667,1153.7542361111111,523.5639153091591,0.0,0.0,48.85296875
5272,145.8190451388889,121.23948784722222,1117.3361805555555,500.1938383513709,0.0,0.0,48.73630642361111
5273,145.92246527777777,121.29589409722222,1045.7540277777778,458.91958461909473,0.0,0.0,48.716006944444445
5274,145.86513888888888,121.18269965277777,892.0190972222222,376.5188090945481,0.0,0.0,48.769131944444446
5275,146.04625,121.26030381944445,664.8277777777778,260.73581307934245,0.0,0.0,48.85909288194444
5276,0.0,0.0,0.0,0.0,0.0,0.0,-0.5084750027126737
5277,0.0,0.0,0.0,0.0,0.0,0.0,-0.275
5278,0.0,0.0,0.0,0.0,0.0,0.0,-0.275
5279,0.0,0.0,0.0,0.0,0.0,0.0,-0.275
5280,0.0,0.0,0.0,0.0,0.0,0.0,-0.275
5281,0.0,0.0,0.0,0.0,0.0,0.0,-0.275
5282,0.0,0.0,0.0,0.0,0.0,0.0,-0.275
5283,0.0,0.0,0.0,0.0,0.0,0.0,-0.275
5284,0.0,0.0,0.0,0.0,0.0,0.0,-0.275
5285,0.0,0.0,0.0,0.0,0.0,0.0,-0.275
5286,0.0,0.0,0.0,0.0,0.0,0.0,-0.275
5287,0.0,0.0,0.0,0.0,0.0,0.0,-0.275
5288,0.0,0.0,0.0,0.0,0.0,0.0,-0.275
5289,72.82308159722223,60.59112413194445,956.0776041666667,169.13643051991602,0.0,0.0,-2.915568372938368
5290,145.6128896247016,121.22832959069146,1040.3742571173773,423.8954429904733,0.0,0.0,50.06827833523353
5291,145.49083333333334,121.18998263888889,1081.0260416666667,465.6421251564949,0.0,0.0,49.591106770833335
5292,145.655625,121.16380208333334,1116.2170833333332,494.9390068043011,0.0,0.0,49.1017578125
5293,145.81298611111112,121.2487326388889,1151.9879166666667,518.8133093300488,0.0,0.0,48.66006510416667
5294,145.98713541666666,121.23102430555555,943.3225,428.77019363547157,0.0,0.0,48.30828125
5295,0.0,0.0,0.0,0.0,0.0,0.0,-0.5084750027126737
5296,73.40364583333333,60.61872829861111,332.0633159722222,73.80627806581458,0.0,0.0,-2.1707992214626737
5297,0.0,0.0,0.0,0.0,0.0,0.0,-0.5084750027126737
5298,14.838037109375,11.283106553819444,218.76430555555555,11.353535300843197,0.0,0.0,-1.9847467210557725
5299,0.0,0.0,0.0,0.0,0.0,0.0,-0.5084750027126737
5300,0.0,0.0,0.0,0.0,0.0,0.0,-0.275
5301,0.0,0.0,0.0,0.0,0.0,0.0,-0.275
5302,0.0,0.0,0.0,0.0,0.0,0.0,-0.275
5303,0.0,0.0,0.0,0.0,0.0,0.0,-0.275
5304,0.0,0.0,0.0,0.0,0.0,0.0,-0.275
5305,0.0,0.0,0.0,0.0,0.0,0.0,-0.275
5306,0.0,0.0,0.0,0.0,0.0,0.0,-0.275
5307,0.0,0.0,0.0,0.0,0.0,0.0,-0.275
5308,0.0,0.0,0.0,0.0,0.0,0.0,-0.275
5309,0.0,0.0,0.0,0.0,0.0,0.0,-0.275
5310,0.0,0.0,0.0,0.0,0.0,0.0,-0.275
5311,0.0,0.0,0.0,0.0,0.0,0.0,-0.275
5312,0.0,0.0,0.0,0.0,0.0,0.0,-0.275
5313,73.00474826388889,60.63227864583333,853.3223958333333,150.25564244917035,0.0,0.0,-2.795208197699653
5314,145.6279164505005,121.22334512286716,985.754012061225,401.2563146240094,0.0,0.0,50.08171228826046
5315,145.5373003472222,121.23901909722223,1026.5271527777777,442.0428136501965,0.0,0.0,49.730169270833336
5316,145.5078125,121.24096354166667,999.8709027777778,443.9817451753878,0.0,0.0,49.30474826388889
5317,145.7253125,121.24036458333333,1116.2844444444445,502.8887437527275,0.0,0.0,49.023090277777776
5318,146.01788194444444,121.24094618055555,1110.0822222222223,504.375196026145,0.0,0.0,48.602886284722224
5319,146.27800347222222,121.15847222222222,1082.401388888889,489.084057209675,0.0,0.0,48.314305555555556
5320,147.3734548611111,121.23873263888889,992.2798611111111,439.31883478859254,0.0,0.0,48.419696180555555
5321,147.33265625,121.22488715277778,876.1763888888889,380.2986371124417,0.0,0.0,49.283489583333335
5322,145.42297743055556,121.19014756944445,792.5807638888889,335.1477071297754,0.0,0.0,49.45184461805555
5323,145.4124826388889,121.17237847222222,408.62072916666665,160.265998748498,0.0,0.0,49.300546875
5324,0.0,0.0,0.0,0.0,0.0,0.0,-0.5084750027126737
5325,0.0,0.0,0.0,0.0,0.0,0.0,-0.275
5326,0.0,0.0,0.0,0.0,0.0,0.0,-0.275
5327,0.0,0.0,0.0,0.0,0.0,0.0,-0.275
5328,0.0,0.0,0.0,0.0,0.0,0.0,-0.275
5329,0.0,0.0,0.0,0.0,0.0,0.0,-0.275
5330,0.0,0.0,0.0,0.0,0.0,0.0,-0.275
5331,0.0,0.0,0.0,0.0,0.0,0.0,-0.275
5332,0.0,0.0,0.0,0.0,0.0,0.0,-0.275
5333,0.0,0.0,0.0,0.0,0.0,0.0,-0.275
5334,0.0,0.0,0.0,0.0,0.0,0.0,-0.275
5335,0.0,0.0,0.0,0.0,0.0,0.0,-0.275
5336,0.0,0.0,0.0,0.0,0.0,0.0,-0.275
5337,72.82344618055555,60.592495659722225,901.2685069444444,158.52565278839228,0.0,0.0,-2.921572943793403
5338,145.62021843380398,121.22773378796047,1038.4866948615181,422.40764948894054,0.0,0.0,50.32777925713195
5339,145.4872048611111,121.19035590277778,1104.6350694444445,475.47610195865917,0.0,0.0,50.00661458333333
5340,145.45738715277778,121.16439236111111,1121.003611111111,497.5147997315311,0.0,0.0,49.60681423611111
5341,145.88097222222223,121.23971354166666,1114.3159722222222,501.3523345318399,0.0,0.0,49.29682725694445
5342,146.24335069444444,121.24012152777777,1108.2485416666666,502.6306349252164,0.0,0.0,48.93438802083333
5343,146.63380208333334,121.23790798611111,1101.7227083333332,496.7690388484318,0.0,0.0,48.66200954861111
5344,146.91434027777777,121.16749131944445,1065.4664583333333,472.8041478471044,0.0,0.0,48.557118055555556
5345,147.08911458333333,121.22994791666666,978.3382638888888,425.18357896568796,0.0,0.0,48.55306857638889
5346,147.02253472222222,121.17914930555555,820.0728472222222,342.7348513309713,0.0,0.0,48.622309027777774
5347,147.12631944444445,121.24421006944445,513.1826388888888,198.67172046865497,0.0,0.0,48.74491319444444
5348,0.0,0.0,0.0,0.0,0.0,0.0,-0.5084750027126737
5349,0.0,0.0,0.0,0.0,0.0,0.0,-0.275
5350,0.0,0.0,0.0,0.0,0.0,0.0,-0.275
5351,0.0,0.0,0.0,0.0,0.0,0.0,-0.275
5352,0.0,0.0,0.0,0.0,0.0,0.0,-0.275
5353,0.0,0.0,0.0,0.0,0.0,0.0,-0.275
5354,0.0,0.0,0.0,0.0,0.0,0.0,-0.275
5355,0.0,0.0,0.0,0.0,0.0,0.0,-0.275
5356,0.0,0.0,0.0,0.0,0.0,0.0,-0.275
5357,0.0,0.0,0.0,0.0,0.0,0.0,-0.275
5358,0.0,0.0,0.0,0.0,0.0,0.0,-0.275
5359,0.0,0.0,0.0,0.0,0.0,0.0,-0.275
5360,0.0,0.0,0.0,0.0,0.0,0.0,-0.275
5361,72.83355034722223,60.62996527777778,792.2436805555556,138.99734658195396,0.0,0.0,-2.607549099392361
5362,145.50238340589735,121.16369673199124,931.619164191352,378.72305682809684,0.0,0.0,50.045844135946695
5363,145.48125868055556,121.240078125,1029.7900694444445,443.2941153232536,0.0,0.0,49.647938368055556
5364,145.40407118055555,121.17152777777778,1105.1474305555555,490.57163319547084,0.0,0.0,49.22203993055555
5365,145.74918402777777,121.240859375,1119.763125,504.15222538187044,0.0,0.0,48.815234375
5366,146.09178819444443,121.241171875,1112.4956944444446,504.94717335465424,0.0,0.0,48.51126736111111
5367,146.51215277777777,121.17345486111111,1023.6147222222222,461.5358796233922,0.0,0.0,48.247721354166664
5368,147.1602951388889,121.20741319444444,903.5336805555555,400.30787308513237,0.0,0.0,48.08529079861111
5369,148.1472048611111,121.26959201388888,717.9513888888889,309.7556167336114,0.0,0.0,48.31240885416667
5370,146.99947916666667,121.25171006944444,536.2793055555555,224.13802479956232,0.0,0.0,48.77909288194444
5371,145.15855902777778,120.29684027777778,310.94868055555554,120.82251070479546,0.0,0.0,48.224796006944445
5372,0.0,0.0,0.0,0.0,0.0,0.0,-0.5084750027126737
5373,0.0,0.0,0.0,0.0,0.0,0.0,-0.275
5374,0.0,0.0,0.0,0.0,0.0,0.0,-0.275
5375,0.0,0.0,0.0,0.0,0.0,0.0,-0.275
5376,0.0,0.0,0.0,0.0,0.0,0.0,-0.275
5377,0.0,0.0,0.0,0.0,0.0,0.0,-0.275
5378,0.0,0.0,0.0,0.0,0.0,0.0,-0.275
5379,0.0,0.0,0.0,0.0,0.0,0.0,-0.275
5380,0.0,0.0,0.0,0.0,0.0,0.0,-0.275
5381,0.0,0.0,0.0,0.0,0.0,0.0,-0.275
5382,0.0,0.0,0.0,0.0,0.0,0.0,-0.275
5383,0.0,0.0,0.0,0.0,0.0,0.0,-0.275
5384,0.0,0.0,0.0,0.0,0.0,0.0,-0.275
5385,0.0,0.0,0.0,0.0,0.0,0.0,-0.275
5386,73.41686631944444,60.58152777777778,856.2482291666666,172.30787888088778,0.0,0.0,-2.9137945556640625
5387,0.0,0.0,0.0,0.0,0.0,0.0,-0.5084750027126737
5388,14.019102647569444,10.763972439236111,205.29463324652778,10.831577894589328,0.0,0.0,-1.9826624891493057
5389,0.0,0.0,0.0,0.0,0.0,0.0,-0.5084750027126737
5390,0.0,0.0,0.0,0.0,0.0,0.0,-0.275
5391,0.0,0.0,0.0,0.0,0.0,0.0,-0.275
5392,0.0,0.0,151.49682291666667,0.0,0.0,0.0,-1.7290087890625
5393,133.44297743055554,109.53179253472223,372.9982204861111,145.729652276545,0.0,0.0,18.79258041381836
5394,146.19987847222222,121.26953125,289.99586805555555,121.79519685565622,0.0,0.0,50.55612847222222
5395,0.0,0.0,0.0,0.0,0.0,0.0,-0.5084750027126737
5396,0.0,0.0,0.0,0.0,0.0,0.0,-0.275
5397,0.0,0.0,0.0,0.0,0.0,0.0,-0.275
5398,0.0,0.0,0.0,0.0,0.0,0.0,-0.275
5399,0.0,0.0,0.0,0.0,0.0,0.0,-0.275
5400,0.0,0.0,0.0,0.0,0.0,0.0,-0.275
5401,0.0,0.0,0.0,0.0,0.0,0.0,-0.275
5402,0.0,0.0,0.0,0.0,0.0,0.0,-0.275
5403,0.0,0.0,0.0,0.0,0.0,0.0,-0.275
5404,0.0,0.0,0.0,0.0,0.0,0.0,-0.275
5405,0.0,0.0,0.0,0.0,0.0,0.0,-0.275
5406,0.0,0.0,0.0,0.0,0.0,0.0,-0.275
5407,0.0,0.0,0.0,0.0,0.0,0.0,-0.275
5408,0.0,0.0,0.0,0.0,0.0,0.0,-0.275
5409,72.88553819444445,60.58990451388889,986.9001041666667,171.83860384252904,0.0,0.0,-2.914110175238715
5410,145.75378798166912,121.23244879828559,1068.0687662082248,432.9238373547564,0.0,0.0,50.73013309220473
5411,146.07796875,121.23577256944445,1150.1407638888888,492.6903489756882,0.0,0.0,50.52631510416666
5412,146.8721875,121.25140625,1187.0172222222222,521.7402855473119,0.0,0.0,50.290750868055554
5413,148.07239583333333,121.24503472222223,1169.4081944444445,518.0323511930887,0.0,0.0,50.042591145833335
5414,149.0299652777778,121.24618055555555,1162.0868055555557,516.78032778808,0.0,0.0,49.84550347222222
5415,149.52414930555557,121.23880208333334,1149.4935416666667,507.77894124581576,0.0,0.0,49.69911892361111
5416,149.1366840277778,121.22730902777778,1095.2103472222223,478.62434700389707,0.0,0.0,49.62480034722222
5417,148.9334027777778,121.21404513888889,989.8663888888889,424.2359225058728,0.0,0.0,49.63802951388889
5418,148.61171875,121.25081597222223,831.6414583333334,343.2973906512055,0.0,0.0,49.762378472222224
5419,147.86756944444446,121.24328993055556,514.9759027777778,197.13980366505518,0.0,0.0,49.86463107638889
5420,0.0,0.0,0.0,0.0,0.0,0.0,-0.5084750027126737
5421,0.0,0.0,0.0,0.0,0.0,0.0,-0.275
5422,0.0,0.0,0.0,0.0,0.0,0.0,-0.275
5423,0.0,0.0,0.0,0.0,0.0,0.0,-0.275
5424,0.0,0.0,0.0,0.0,0.0,0.0,-0.275
5425,0.0,0.0,0.0,0.0,0.0,0.0,-0.275
5426,0.0,0.0,0.0,0.0,0.0,0.0,-0.275
5427,0.0,0.0,0.0,0.0,0.0,0.0,-0.275
5428,0.0,0.0,0.0,0.0,0.0,0.0,-0.275
5429,0.0,0.0,0.0,0.0,0.0,0.0,-0.275
5430,0.0,0.0,0.0,0.0,0.0,0.0,-0.275
5431,0.0,0.0,0.0,0.0,0.0,0.0,-0.275
5432,0.0,0.0,0.0,0.0,0.0,0.0,-0.275
5433,73.266171875,60.55465711805556,1017.7764930555555,175.62248699532915,0.0,0.0,-2.914029812282986
5434,146.89270691341824,121.24421723683675,1111.767666592068,446.7774919921773,0.0,0.0,50.90431265801191
5435,147.12703125,121.23619791666667,1161.6014583333333,493.86508795630414,0.0,0.0,50.79348958333333
5436,147.2075,121.23827256944445,1140.5946527777778,500.0174820514201,0.0,0.0,50.638645833333335
5437,147.17348958333332,121.24032118055555,1132.1946527777777,504.4854295241982,0.0,0.0,50.474921875
5438,147.15013888888888,121.24823784722223,1148.5631944444444,517.1488240611442,0.0,0.0,50.326931423611114
5439,147.24734375,121.24472222222222,1141.71375,511.9916863240045,0.0,0.0,50.1912109375
5440,147.08277777777778,121.23762152777778,1122.6889583333334,497.3920667562263,0.0,0.0,50.11016059027778
5441,147.1009375,121.281015625,1032.217013888889,447.93127174257137,0.0,0.0,50.08704861111111
5442,147.03352430555555,121.23220486111111,897.2639583333333,374.00822119254,0.0,0.0,50.12211805555555
5443,146.83541666666667,121.25091145833333,578.7107986111112,222.60934278310535,0.0,0.0,50.135555555555555
5444,0.0,0.0,0.0,0.0,0.0,0.0,-0.5084750027126737
5445,0.0,0.0,0.0,0.0,0.0,0.0,-0.275
5446,0.0,0.0,0.0,0.0,0.0,0.0,-0.275
5447,0.0,0.0,0.0,0.0,0.0,0.0,-0.275
5448,0.0,0.0,0.0,0.0,0.0,0.0,-0.275
5449,0.0,0.0,0.0,0.0,0.0,0.0,-0.275
5450,0.0,0.0,0.0,0.0,0.0,0.0,-0.275
5451,0.0,0.0,0.0,0.0,0.0,0.0,-0.275
5452,0.0,0.0,0.0,0.0,0.0,0.0,-0.275
5453,0.0,0.0,0.0,0.0,0.0,0.0,-0.275
5454,0.0,0.0,0.0,0.0,0.0,0.0,-0.275
5455,0.0,0.0,0.0,0.0,0.0,0.0,-0.275
5456,0.0,0.0,0.0,0.0,0.0,0.0,-0.275
5457,73.30782118055555,60.58959201388889,990.2438888888889,170.3041070675956,0.0,0.0,-2.914861789279514
5458,146.6931967417399,121.23401471879747,1082.9136548529732,435.3281923602656,0.0,0.0,50.90225474764903
5459,147.01960069444445,121.23995659722222,435.8971875,185.39469150203004,0.0,0.0,50.59935763888889
5460,147.49052083333333,121.24654513888889,473.7039236111111,207.2277788485405,0.0,0.0,50.49670572916666
5461,147.89211805555556,121.25616319444444,1184.1048611111112,525.0069091755381,0.0,0.0,50.51192708333333
5462,148.13324652777777,121.21789930555556,860.0100694444444,384.43895000636434,0.0,0.0,50.38271267361111
5463,148.28086805555554,121.23440104166667,1129.026111111111,502.5500474014527,0.0,0.0,50.31209635416667
5464,148.24977430555555,121.22877604166666,1108.342986111111,486.991730361084,0.0,0.0,50.249409722222225
5465,148.23506944444443,121.23392361111111,1018.895625,438.37674508641277,0.0,0.0,50.24809895833334
5466,148.20305555555555,121.21112847222223,880.6527777777778,363.823266976591,0.0,0.0,50.324535590277776
5467,148.1279861111111,121.24708333333334,591.7625694444445,225.10849268265727,0.0,0.0,50.37452690972222
5468,0.0,0.0,0.0,0.0,0.0,0.0,-0.5084750027126737
5469,0.0,0.0,0.0,0.0,0.0,0.0,-0.275
5470,0.0,0.0,0.0,0.0,0.0,0.0,-0.275
5471,0.0,0.0,0.0,0.0,0.0,0.0,-0.275
5472,0.0,0.0,0.0,0.0,0.0,0.0,-0.275
5473,0.0,0.0,0.0,0.0,0.0,0.0,-0.275
5474,0.0,0.0,0.0,0.0,0.0,0.0,-0.275
5475,0.0,0.0,0.0,0.0,0.0,0.0,-0.275
5476,0.0,0.0,0.0,0.0,0.0,0.0,-0.275
5477,0.0,0.0,0.0,0.0,0.0,0.0,-0.275
5478,0.0,0.0,0.0,0.0,0.0,0.0,-0.275
5479,0.0,0.0,0.0,0.0,0.0,0.0,-0.275
5480,0.0,0.0,0.0,0.0,0.0,0.0,-0.275
5481,73.09003472222223,60.58642795138889,986.6439236111111,169.59981202272797,0.0,0.0,-2.9152618408203126
5482,145.93093939039443,121.2378668806288,1092.5002059597439,441.06441599921135,0.0,0.0,50.98512614495225
5483,146.04597222222222,121.18049479166666,1102.909236111111,471.79739357954503,0.0,0.0,50.87411458333333
5484,146.4960590277778,121.23496527777777,1115.3002083333333,491.04212466038035,0.0,0.0,50.77984809027778
5485,146.66772569444444,121.24037326388888,1128.9721527777779,504.564704927124,0.0,0.0,50.69022135416667
5486,146.54574652777777,121.23794270833334,1101.7091666666668,497.7459235902052,0.0,0.0,50.59137586805556
5487,146.94993055555557,121.24385416666667,1137.8575694444444,510.92976929465954,0.0,0.0,50.493359375
5488,147.29116319444444,121.23657986111111,1119.0350694444444,494.7768107685561,0.0,0.0,50.42576388888889
5489,147.44475694444444,121.23680555555555,1012.9495833333333,437.94349536906134,0.0,0.0,50.550907118055555
5490,148.3713888888889,121.23548611111111,801.4122222222222,330.4962419525928,0.0,0.0,50.71118055555556
5491,148.12350694444444,121.23717881944444,511.2815277777778,194.0114211603422,0.0,0.0,50.68054253472222
5492,0.0,0.0,0.0,0.0,0.0,0.0,-0.5084750027126737
5493,0.0,0.0,0.0,0.0,0.0,0.0,-0.275
5494,0.0,0.0,0.0,0.0,0.0,0.0,-0.275
5495,0.0,0.0,0.0,0.0,0.0,0.0,-0.275
5496,0.0,0.0,0.0,0.0,0.0,0.0,-0.275
5497,0.0,0.0,0.0,0.0,0.0,0.0,-0.275
5498,0.0,0.0,0.0,0.0,0.0,0.0,-0.275
5499,0.0,0.0,0.0,0.0,0.0,0.0,-0.275
5500,0.0,0.0,0.0,0.0,0.0,0.0,-0.275
5501,0.0,0.0,0.0,0.0,0.0,0.0,-0.275
5502,0.0,0.0,0.0,0.0,0.0,0.0,-0.275
5503,0.0,0.0,0.0,0.0,0.0,0.0,-0.275
5504,0.0,0.0,0.0,0.0,0.0,0.0,-0.275
5505,73.42696180555555,60.586640625,985.7270833333333,168.07477876343395,0.0,0.0,-2.916148410373264
5506,147.415904774136,121.23532872941759,1094.0507372368706,436.80195634691773,0.0,0.0,50.968243283894324
5507,147.25220486111112,121.16122395833334,1102.5047222222222,467.50224479632897,0.0,0.0,50.85552951388889
5508,146.82112847222223,121.23834201388888,1138.3159722222222,499.95093739085655,0.0,0.0,50.76174913194444
5509,146.9059548611111,121.2453125,1151.3811805555556,513.654090540242,0.0,0.0,50.64697048611111
5510,147.00887152777779,121.25556423611111,1167.6013888888888,525.7608012884414,0.0,0.0,50.53161024305555
5511,147.2276736111111,121.24978298611111,1158.4733333333334,519.0435899323348,0.0,0.0,50.444713541666665
5512,147.74279513888888,121.2356423611111,1118.3204166666667,492.79152014273393,0.0,0.0,50.39471354166667
5513,148.07835069444445,121.27967881944444,1039.3091666666667,447.3339374587539,0.0,0.0,50.46010416666667
5514,148.48399305555554,121.22666666666667,899.0033333333333,370.1102025610769,0.0,0.0,50.468203125
5515,148.5704513888889,121.26755208333333,636.6749305555555,240.31873599220546,0.0,0.0,50.506983506944444
5516,0.0,0.0,0.0,0.0,0.0,0.0,-0.5084750027126737
5517,0.0,0.0,0.0,0.0,0.0,0.0,-0.275
5518,0.0,0.0,0.0,0.0,0.0,0.0,-0.275
5519,0.0,0.0,0.0,0.0,0.0,0.0,-0.275
5520,0.0,0.0,0.0,0.0,0.0,0.0,-0.275
5521,0.0,0.0,0.0,0.0,0.0,0.0,-0.275
5522,0.0,0.0,0.0,0.0,0.0,0.0,-0.275
5523,0.0,0.0,0.0,0.0,0.0,0.0,-0.275
5524,0.0,0.0,0.0,0.0,0.0,0.0,-0.275
5525,0.0,0.0,0.0,0.0,0.0,0.0,-0.275
5526,0.0,0.0,0.0,0.0,0.0,0.0,-0.275
5527,0.0,0.0,0.0,0.0,0.0,0.0,-0.275
5528,0.0,0.0,0.0,0.0,0.0,0.0,-0.275
5529,73.07294270833333,60.59229166666667,987.5607638888889,168.6080990425055,0.0,0.0,-2.915871107313368
5530,145.89609348720975,121.2294811545478,1060.909227159288,427.52737441246427,0.0,0.0,50.788271945781176
5531,145.69520833333334,121.1874045138889,1126.1811805555556,482.55341298293393,0.0,0.0,50.601015625
5532,145.67491319444446,121.24057291666666,1139.731736111111,504.38723459102897,0.0,0.0,50.37437934027778
5533,145.6406076388889,121.24278645833333,1132.0059027777777,509.27396145578433,0.0,0.0,50.12920138888889
5534,145.62608506944446,121.24387152777778,1125.1294444444445,511.22809766020663,0.0,0.0,49.915447048611114
5535,145.63769097222223,121.25315104166667,1159.3363194444444,524.9220008320891,0.0,0.0,49.74226996527778
5536,145.84697916666667,121.23912326388889,1119.66875,499.6483789671564,0.0,0.0,49.634800347222225
5537,146.01864583333332,121.24491319444445,1026.2169444444444,447.558573994897,0.0,0.0,49.61422743055556
5538,146.18041666666667,121.17724826388888,897.4797222222222,374.8077995172321,0.0,0.0,49.68743055555556
5539,146.81427083333332,121.25288194444444,603.3984722222223,229.84616539700613,0.0,0.0,49.79643229166667
5540,0.0,0.0,0.0,0.0,0.0,0.0,-0.5084750027126737
5541,0.0,0.0,0.0,0.0,0.0,0.0,-0.275
5542,0.0,0.0,0.0,0.0,0.0,0.0,-0.275
5543,0.0,0.0,0.0,0.0,0.0,0.0,-0.275
5544,0.0,0.0,0.0,0.0,0.0,0.0,-0.275
5545,0.0,0.0,0.0,0.0,0.0,0.0,-0.275
5546,0.0,0.0,0.0,0.0,0.0,0.0,-0.275
5547,0.0,0.0,0.0,0.0,0.0,0.0,-0.275
5548,0.0,0.0,0.0,0.0,0.0,0.0,-0.275
5549,0.0,0.0,0.0,0.0,0.0,0.0,-0.275
5550,0.0,0.0,0.0,0.0,0.0,0.0,-0.275
5551,0.0,0.0,0.0,0.0,0.0,0.0,-0.275
5552,0.0,0.0,0.0,0.0,0.0,0.0,-0.275
5553,72.88779513888889,60.589839409722224,984.0012152777778,167.7943086468735,0.0,0.0,-2.916348537868924
5554,145.8074934132894,121.23683629565768,1091.165424838596,439.5562411076902,0.0,0.0,50.50949515816238
5555,145.92763888888888,121.18348090277777,1122.5002777777777,479.99879272106324,0.0,0.0,50.21637586805556
5556,145.88020833333334,121.24001736111111,1138.11375,502.8258428126062,0.0,0.0,49.90911892361111
5557,145.79145833333334,121.24199652777777,1129.1204861111112,507.3339156618992,0.0,0.0,49.61616753472222
5558,145.58051215277777,121.24917534722222,1143.9924305555555,519.8095487743597,0.0,0.0,49.36846788194445
5559,145.57239583333333,121.25234375,1156.9632638888888,523.8847121539659,0.0,0.0,49.17893229166667
5560,145.76270833333334,121.24583333333334,1101.6148611111112,491.7355760500445,0.0,0.0,49.06832899305556
5561,145.85168402777776,121.23790798611111,1008.0686805555556,439.8727221185755,0.0,0.0,49.04993489583333
5562,145.85036458333335,121.18335069444444,854.360625,357.2846456059741,0.0,0.0,49.10752170138889
5563,145.87428819444443,121.24796875,551.6635763888889,210.90402177952225,0.0,0.0,49.17193142361111
5564,0.0,0.0,0.0,0.0,0.0,0.0,-0.5084750027126737
5565,0.0,0.0,0.0,0.0,0.0,0.0,-0.275
5566,0.0,0.0,0.0,0.0,0.0,0.0,-0.275
5567,0.0,0.0,0.0,0.0,0.0,0.0,-0.275
5568,0.0,0.0,0.0,0.0,0.0,0.0,-0.275
5569,0.0,0.0,0.0,0.0,0.0,0.0,-0.275
5570,0.0,0.0,0.0,0.0,0.0,0.0,-0.275
5571,0.0,0.0,0.0,0.0,0.0,0.0,-0.275
5572,0.0,0.0,0.0,0.0,0.0,0.0,-0.275
5573,0.0,0.0,0.0,0.0,0.0,0.0,-0.275
5574,0.0,0.0,0.0,0.0,0.0,0.0,-0.275
5575,0.0,0.0,0.0,0.0,0.0,0.0,-0.275
5576,0.0,0.0,0.0,0.0,0.0,0.0,-0.275
5577,73.174375,60.58963541666667,974.9944444444444,164.97562909886432,0.0,0.0,-2.918051011827257
5578,146.37631831698948,121.23039423624674,1070.2125134277344,428.9604902091851,0.0,0.0,50.2472252209319
5579,146.29475694444446,121.177109375,1096.3968055555556,467.4422381107124,0.0,0.0,49.7925390625
5580,146.7625,121.26651909722223,1317.8847222222223,578.7189307477134,0.0,0.0,49.41708333333333
5581,146.950625,121.23891493055555,1123.2688194444445,500.5985968002398,0.0,0.0,49.108493923611114
5582,146.93883680555555,121.25238715277777,1159.9699305555555,522.0331928203215,0.0,0.0,48.88862413194445
5583,147.17317708333334,121.24676215277778,1149.641875,514.6916921963964,0.0,0.0,48.73109375
5584,147.41736111111112,121.23284722222222,1093.3227083333334,482.33510275061633,0.0,0.0,48.65442708333333
5585,147.54651041666668,121.23318576388888,999.9247916666667,431.04016594547284,0.0,0.0,48.67270833333333
5586,147.6069097222222,121.15480034722222,856.5179166666667,353.49200944403776,0.0,0.0,48.805703125
5587,147.16362847222223,121.24583333333334,540.9445138888889,204.40575260824198,0.0,0.0,48.955173611111114
5588,0.0,0.0,0.0,0.0,0.0,0.0,-0.5084750027126737
5589,0.0,0.0,0.0,0.0,0.0,0.0,-0.275
5590,0.0,0.0,0.0,0.0,0.0,0.0,-0.275
5591,0.0,0.0,0.0,0.0,0.0,0.0,-0.275
5592,0.0,0.0,0.0,0.0,0.0,0.0,-0.275
5593,0.0,0.0,0.0,0.0,0.0,0.0,-0.275
5594,0.0,0.0,0.0,0.0,0.0,0.0,-0.275
5595,0.0,0.0,0.0,0.0,0.0,0.0,-0.275
5596,0.0,0.0,0.0,0.0,0.0,0.0,-0.275
5597,0.0,0.0,0.0,0.0,0.0,0.0,-0.275
5598,0.0,0.0,0.0,0.0,0.0,0.0,-0.275
5599,0.0,0.0,0.0,0.0,0.0,0.0,-0.275
5600,0.0,0.0,0.0,0.0,0.0,0.0,-0.275
5601,72.84136284722223,60.593272569444444,952.2213888888889,161.23503772832737,0.0,0.0,-2.92335944281684
5602,145.66535104115803,121.22758510377672,1049.1787983194988,422.1107003218338,0.0,0.0,50.26957634369532
5603,146.03899305555555,121.29988715277777,1077.129375,460.3025379501683,0.0,0.0,49.8362109375
5604,145.97359375,121.182578125,1072.3024305555555,472.96425620090474,0.0,0.0,49.434192708333335
5605,145.8584548611111,121.24166666666666,1128.0553472222223,506.3904849346902,0.0,0.0,49.140638020833336
5606,145.83520833333333,121.242421875,1120.4238194444445,507.8321128203177,0.0,0.0,48.92558159722222
5607,145.96027777777778,121.24359375,1130.5631944444444,510.147915575759,0.0,0.0,48.78631510416667
5608,146.04631944444444,121.18219618055555,1073.219236111111,477.5351719712763,0.0,0.0,48.7309765625
5609,146.37182291666667,121.22894965277777,979.0663888888889,425.16445159935387,0.0,0.0,48.772608506944444
5610,146.64645833333333,121.17058159722222,831.7088194444444,345.18986551337446,0.0,0.0,48.893155381944446
5611,147.14506944444443,121.24134548611111,502.895,189.48068347273073,0.0,0.0,49.01829861111111
5612,0.0,0.0,0.0,0.0,0.0,0.0,-0.5084750027126737
5613,0.0,0.0,0.0,0.0,0.0,0.0,-0.275
5614,0.0,0.0,0.0,0.0,0.0,0.0,-0.275
5615,0.0,0.0,0.0,0.0,0.0,0.0,-0.275
5616,0.0,0.0,0.0,0.0,0.0,0.0,-0.275
5617,0.0,0.0,0.0,0.0,0.0,0.0,-0.275
5618,0.0,0.0,0.0,0.0,0.0,0.0,-0.275
5619,0.0,0.0,0.0,0.0,0.0,0.0,-0.275
5620,0.0,0.0,0.0,0.0,0.0,0.0,-0.275
5621,0.0,0.0,0.0,0.0,0.0,0.0,-0.275
5622,0.0,0.0,0.0,0.0,0.0,0.0,-0.275
5623,0.0,0.0,0.0,0.0,0.0,0.0,-0.275
5624,0.0,0.0,0.0,0.0,0.0,0.0,-0.275
5625,73.11118055555555,60.63337673611111,926.4955555555556,155.77514704765954,0.0,0.0,-2.9141395399305554
5626,146.43498786078558,121.22543073866102,1034.2529535929361,413.44878675095697,0.0,0.0,50.20555353088511
5627,146.32315972222221,121.176015625,1078.6395138888888,459.3894846431197,0.0,0.0,49.855143229166664
5628,146.14703125,121.1809201388889,1094.239513888889,481.9252591704836,0.0,0.0,49.4712109375
5629,146.07592013888888,121.23684027777777,1107.1429166666667,496.1274794648626,0.0,0.0,49.12288628472222
5630,145.9712673611111,121.24223090277778,1121.0575694444444,507.4648363021555,0.0,0.0,48.868046875
5631,145.80765625,121.2440451388889,1131.7227083333332,511.0107105540195,0.0,0.0,48.7103125
5632,145.7865625,121.30559027777778,1037.1652777777779,462.6065868314889,0.0,0.0,48.62919704861111
5633,145.63247395833332,121.22486979166666,924.6483333333333,403.30755772632637,0.0,0.0,48.63576388888889
5634,145.64399305555557,121.19506944444444,790.7336111111111,330.15476302728496,0.0,0.0,48.71074652777778
5635,145.6653298611111,121.18651909722222,333.20940972222223,126.3728263972916,0.0,0.0,48.61251302083333
5636,0.0,0.0,0.0,0.0,0.0,0.0,-0.5084750027126737
5637,0.0,0.0,0.0,0.0,0.0,0.0,-0.275
5638,0.0,0.0,0.0,0.0,0.0,0.0,-0.275
5639,0.0,0.0,0.0,0.0,0.0,0.0,-0.275
5640,0.0,0.0,0.0,0.0,0.0,0.0,-0.275
5641,0.0,0.0,0.0,0.0,0.0,0.0,-0.275
5642,0.0,0.0,0.0,0.0,0.0,0.0,-0.275
5643,0.0,0.0,0.0,0.0,0.0,0.0,-0.275
5644,0.0,0.0,0.0,0.0,0.0,0.0,-0.275
5645,0.0,0.0,0.0,0.0,0.0,0.0,-0.275
5646,0.0,0.0,0.0,0.0,0.0,0.0,-0.275
5647,0.0,0.0,0.0,0.0,0.0,0.0,-0.275
5648,0.0,0.0,0.0,0.0,0.0,0.0,-0.275
5649,72.89760416666667,60.63115017361111,864.5538888888889,145.18081320876735,0.0,0.0,-2.702393798828125
5650,145.80531724294028,121.1661927710639,967.2550998602973,387.7015649658257,0.0,0.0,50.245752112931676
5651,145.8072048611111,121.22800347222223,989.6102083333334,422.9607830037195,0.0,0.0,49.90331163194445
5652,145.98215277777777,121.18222222222222,1064.3204166666667,469.1479324527948,0.0,0.0,49.49541232638889
5653,146.29097222222222,121.17746527777778,1057.26875,472.7385508612775,0.0,0.0,49.1170703125
5654,146.62420138888888,121.21469618055555,878.738125,395.7715526753283,0.0,0.0,48.80197048611111
5655,146.79380208333333,121.16760416666666,769.4840972222222,344.76333024867847,0.0,0.0,48.57338107638889
5656,147.11835069444444,121.25144097222223,502.40958333333333,221.87504011712096,0.0,0.0,48.39757378472222
5657,132.23637152777778,105.38808159722223,253.6182986111111,105.91330864993266,0.0,0.0,39.90829427083333
5658,0.0,0.0,0.0,0.0,0.0,0.0,-0.5084750027126737
5659,73.22747395833333,60.61881076388889,496.7466840277778,93.42595156341545,0.0,0.0,-2.2312748209635416
5660,0.0,0.0,0.0,0.0,0.0,0.0,-0.5084750027126737
5661,0.0,0.0,0.0,0.0,0.0,0.0,-0.275
5662,0.0,0.0,0.0,0.0,0.0,0.0,-0.275
5663,0.0,0.0,0.0,0.0,0.0,0.0,-0.275
5664,0.0,0.0,0.0,0.0,0.0,0.0,-0.275
5665,0.0,0.0,0.0,0.0,0.0,0.0,-0.275
5666,0.0,0.0,0.0,0.0,0.0,0.0,-0.275
5667,0.0,0.0,0.0,0.0,0.0,0.0,-0.275
5668,0.0,0.0,0.0,0.0,0.0,0.0,-0.275
5669,0.0,0.0,0.0,0.0,0.0,0.0,-0.275
5670,0.0,0.0,0.0,0.0,0.0,0.0,-0.275
5671,0.0,0.0,0.0,0.0,0.0,0.0,-0.275
5672,0.0,0.0,0.0,0.0,0.0,0.0,-0.275
5673,73.13383680555556,60.63327690972222,932.9000694444444,155.49950120772817,0.0,0.0,-2.908524373372396
5674,146.15880633036295,121.22719695621066,987.5068841552734,394.59644117204857,0.0,0.0,50.6506134673953
5675,146.23631944444443,121.29309895833333,1073.0979166666666,457.3415125673221,0.0,0.0,50.44421440972222
5676,146.19475694444444,121.178125,1046.9540972222221,460.6718846757607,0.0,0.0,50.18629340277778
5677,146.21572916666668,121.14830729166667,868.2886805555555,388.25173514211326,0.0,0.0,49.911723090277775
5678,146.0544965277778,121.17915798611111,809.893125,365.94572336938853,0.0,0.0,49.71403645833333
5679,145.87765625,121.2303125,910.9090277777777,410.7402233012251,0.0,0.0,49.59571180555555
5680,145.8085763888889,121.18559895833333,1080.4731944444445,480.9888866772083,0.0,0.0,49.5381640625
5681,145.8857638888889,121.15455729166666,881.515625,383.10863396019244,0.0,0.0,49.501827256944445
5682,145.87296875,121.19214409722223,802.9897222222222,333.9781289219955,0.0,0.0,49.56063802083333
5683,145.77418402777778,121.16359375,464.1039236111111,174.70081274318207,0.0,0.0,49.545625
5684,0.0,0.0,0.0,0.0,0.0,0.0,-0.5084750027126737
5685,0.0,0.0,0.0,0.0,0.0,0.0,-0.275
5686,0.0,0.0,0.0,0.0,0.0,0.0,-0.275
5687,0.0,0.0,0.0,0.0,0.0,0.0,-0.275
5688,0.0,0.0,0.0,0.0,0.0,0.0,-0.275
5689,0.0,0.0,0.0,0.0,0.0,0.0,-0.275
5690,0.0,0.0,0.0,0.0,0.0,0.0,-0.275
5691,0.0,0.0,0.0,0.0,0.0,0.0,-0.275
5692,0.0,0.0,0.0,0.0,0.0,0.0,-0.275
5693,0.0,0.0,0.0,0.0,0.0,0.0,-0.275
5694,0.0,0.0,0.0,0.0,0.0,0.0,-0.275
5695,0.0,0.0,0.0,0.0,0.0,0.0,-0.275
5696,0.0,0.0,0.0,0.0,0.0,0.0,-0.275
5697,73.04771701388889,60.63315538194445,934.8146527777777,155.32382041195882,0.0,0.0,-2.901947970920139
5698,146.0958456463284,121.23283479054768,991.2012243143718,395.78375368518743,0.0,0.0,50.44467846194903
5699,145.6955034722222,121.24780381944444,1055.4889583333334,451.1361455074068,0.0,0.0,50.18989583333333
5700,145.62061631944445,121.30634548611111,1048.558611111111,463.5459288331661,0.0,0.0,49.86111979166667
5701,145.51213541666667,121.2245138888889,907.8078472222222,408.03851063649284,0.0,0.0,49.60258246527778
5702,145.45625,121.18914930555556,811.2413888888889,367.95459317725175,0.0,0.0,49.376015625
5703,98.07191840277778,73.85860243055555,181.60472222222222,74.38376273485501,0.0,0.0,25.438565538194446
5704,145.41815104166668,121.1901388888889,280.19359375,125.01906519767208,0.0,0.0,48.80192708333333
5705,145.4278125,121.1900954861111,770.2391666666666,335.67224801547763,0.0,0.0,49.155308159722225
5706,145.49533854166665,121.24662326388889,502.9354513888889,209.563372723076,0.0,0.0,49.18610243055556
5707,145.46489583333334,121.24499131944444,541.8478472222222,203.8234092259171,0.0,0.0,49.398090277777776
5708,0.0,0.0,0.0,0.0,0.0,0.0,-0.5084750027126737
5709,0.0,0.0,0.0,0.0,0.0,0.0,-0.275
5710,0.0,0.0,0.0,0.0,0.0,0.0,-0.275
5711,0.0,0.0,0.0,0.0,0.0,0.0,-0.275
5712,0.0,0.0,0.0,0.0,0.0,0.0,-0.275
5713,0.0,0.0,0.0,0.0,0.0,0.0,-0.275
5714,0.0,0.0,0.0,0.0,0.0,0.0,-0.275
5715,0.0,0.0,0.0,0.0,0.0,0.0,-0.275
5716,0.0,0.0,0.0,0.0,0.0,0.0,-0.275
5717,0.0,0.0,0.0,0.0,0.0,0.0,-0.275
5718,0.0,0.0,0.0,0.0,0.0,0.0,-0.275
5719,0.0,0.0,0.0,0.0,0.0,0.0,-0.275
5720,0.0,0.0,0.0,0.0,0.0,0.0,-0.275
5721,72.94120659722222,60.63106770833333,874.8954861111112,144.92756571981116,0.0,0.0,-2.699091050889757
5722,145.79853650834826,121.22512633429633,1037.0169785732694,414.3841659848063,0.0,0.0,50.70145949357086
5723,145.7190625,121.185390625,1087.0664583333332,464.10841700705294,0.0,0.0,50.51151909722222
5724,145.6357638888889,121.18815972222222,1082.0643055555556,477.6990129224214,0.0,0.0,50.26788628472222
5725,145.58328993055557,121.18953993055555,1075.1069444444445,482.7374750515052,0.0,0.0,50.017313368055554
5726,145.57677951388888,121.24620659722223,1088.2665277777778,493.23961455504275,0.0,0.0,49.83538194444444
5727,145.44600694444443,121.16520833333334,1099.6058333333333,496.63217897240116,0.0,0.0,49.67665798611111
5728,145.54546006944443,121.30770833333334,1040.0506944444444,463.8985844469866,0.0,0.0,49.54836805555556
5729,111.699453125,87.55340277777778,214.6654340277778,88.07894791169173,0.0,0.0,32.296460503472225
5730,145.4225434027778,121.19005208333333,833.1515277777778,346.73415331350395,0.0,0.0,49.60646701388889
5731,145.39358506944444,121.17428819444444,413.5151041666667,154.97198139449966,0.0,0.0,49.50345486111111
5732,0.0,0.0,0.0,0.0,0.0,0.0,-0.5084750027126737
5733,0.0,0.0,0.0,0.0,0.0,0.0,-0.275
5734,0.0,0.0,0.0,0.0,0.0,0.0,-0.275
5735,0.0,0.0,0.0,0.0,0.0,0.0,-0.275
5736,0.0,0.0,0.0,0.0,0.0,0.0,-0.275
5737,0.0,0.0,0.0,0.0,0.0,0.0,-0.275
5738,0.0,0.0,0.0,0.0,0.0,0.0,-0.275
5739,0.0,0.0,0.0,0.0,0.0,0.0,-0.275
5740,0.0,0.0,0.0,0.0,0.0,0.0,-0.275
5741,0.0,0.0,0.0,0.0,0.0,0.0,-0.275
5742,0.0,0.0,0.0,0.0,0.0,0.0,-0.275
5743,0.0,0.0,0.0,0.0,0.0,0.0,-0.275
5744,0.0,0.0,0.0,0.0,0.0,0.0,-0.275
5745,72.90670138888889,60.63134548611111,887.9336458333333,146.48541726976606,0.0,0.0,-2.724526909722222
5746,145.7136737781101,121.23974995930989,977.6641100565593,390.44732678852915,0.0,0.0,50.62390855302413
5747,145.7229513888889,121.28716145833333,1062.4327083333333,453.7475748273372,0.0,0.0,50.352938368055554
5748,145.86977430555555,121.26104166666667,1037.62375,457.47650256275926,0.0,0.0,49.9654296875
5749,145.85914930555555,121.18477430555555,1071.0080555555555,479.84313500333366,0.0,0.0,49.598849826388886
5750,146.09190972222223,121.23902777777778,1106.5900694444445,499.553580161978,0.0,0.0,49.27374131944445
5751,146.48237847222222,121.175625,1075.2147916666668,482.0250127759917,0.0,0.0,49.034991319444444
5752,147.00329861111112,121.23884548611112,997.2281944444444,439.9425236399778,0.0,0.0,48.89930989583333
5753,147.38760416666668,121.22673611111111,978.1090277777778,420.1290442130787,0.0,0.0,48.94107638888889
5754,148.89708333333334,121.265625,697.780625,283.4233922629232,0.0,0.0,49.08471788194444
5755,137.59594618055556,112.66708333333334,308.4812847222222,113.19216707352695,0.0,0.0,44.959270833333335
5756,0.0,0.0,0.0,0.0,0.0,0.0,-0.5084750027126737
5757,0.0,0.0,0.0,0.0,0.0,0.0,-0.275
5758,0.0,0.0,0.0,0.0,0.0,0.0,-0.275
5759,0.0,0.0,0.0,0.0,0.0,0.0,-0.275
5760,0.0,0.0,0.0,0.0,0.0,0.0,-0.275
5761,0.0,0.0,0.0,0.0,0.0,0.0,-0.275
5762,0.0,0.0,0.0,0.0,0.0,0.0,-0.275
5763,0.0,0.0,0.0,0.0,0.0,0.0,-0.275
5764,0.0,0.0,0.0,0.0,0.0,0.0,-0.275
5765,0.0,0.0,0.0,0.0,0.0,0.0,-0.275
5766,0.0,0.0,0.0,0.0,0.0,0.0,-0.275
5767,0.0,0.0,0.0,0.0,0.0,0.0,-0.275
5768,0.0,0.0,0.0,0.0,0.0,0.0,-0.275
5769,73.61848090277778,60.63032552083333,844.2751736111111,137.28657840297151,0.0,0.0,-2.5960436333550345
5770,146.83954410129124,121.16636913299561,915.7764278157553,362.2392739661112,0.0,0.0,50.36565329498715
5771,146.53050347222222,121.23185763888888,1016.4416666666667,431.3135041852087,0.0,0.0,50.129557291666664
5772,145.98145833333334,121.25212673611111,1031.394513888889,454.2046225578679,0.0,0.0,49.89508680555556
5773,145.89920138888888,121.18322916666666,1045.2821527777778,468.05680552522665,0.0,0.0,49.73441840277778
5774,146.2475,121.24433159722223,1077.533888888889,485.74950446333764,0.0,0.0,49.54788194444444
5775,146.796875,121.16848090277777,1026.37875,458.92894237673465,0.0,0.0,49.43244357638889
5776,148.27940972222223,121.20960069444445,951.9382638888889,416.05398506334967,0.0,0.0,49.448984375
5777,147.33256944444443,121.15877604166667,811.2954166666667,348.1570858439694,0.0,0.0,49.68525173611111
5778,146.90411458333332,121.257265625,597.0344444444445,245.44186593570333,0.0,0.0,49.60286024305555
5779,112.12380208333333,86.7637673611111,252.3643576388889,87.28938173464948,0.0,0.0,32.55045138888889
5780,0.0,0.0,0.0,0.0,0.0,0.0,-0.5084750027126737
5781,0.0,0.0,0.0,0.0,0.0,0.0,-0.275
5782,0.0,0.0,0.0,0.0,0.0,0.0,-0.275
5783,0.0,0.0,0.0,0.0,0.0,0.0,-0.275
5784,0.0,0.0,0.0,0.0,0.0,0.0,-0.275
5785,0.0,0.0,0.0,0.0,0.0,0.0,-0.275
5786,0.0,0.0,0.0,0.0,0.0,0.0,-0.275
5787,0.0,0.0,0.0,0.0,0.0,0.0,-0.275
5788,0.0,0.0,0.0,0.0,0.0,0.0,-0.275
5789,0.0,0.0,0.0,0.0,0.0,0.0,-0.275
5790,0.0,0.0,0.0,0.0,0.0,0.0,-0.275
5791,0.0,0.0,0.0,0.0,0.0,0.0,-0.275
5792,0.0,0.0,0.0,0.0,0.0,0.0,-0.275
5793,72.93717013888889,60.6271484375,771.6278819444444,126.03271482394925,0.0,0.0,-2.455355428059896
5794,145.76231280856663,121.18344647937352,906.6618083021376,360.8566080413875,0.0,0.0,50.61982066339917
5795,0.0,0.0,0.0,0.0,0.0,0.0,-0.5084750027126737
5796,74.46446180555556,60.622309027777774,1002.6888194444444,216.32141429368085,0.0,0.0,-2.8956396484375
5797,150.33910590489705,121.2239370642768,763.4301992713081,331.7712887413038,0.0,0.0,49.79580615214176
5798,151.41706597222222,121.20089409722222,896.9673611111111,390.2488645511184,0.0,0.0,49.5611328125
5799,151.0574826388889,121.244765625,493.8208333333333,214.61952166395844,0.0,0.0,49.392578125
5800,0.0,0.0,0.0,0.0,0.0,0.0,-0.5084750027126737
5801,0.0,0.0,0.0,0.0,0.0,0.0,-0.275
5802,0.0,0.0,0.0,0.0,0.0,0.0,-0.275
5803,0.0,0.0,0.0,0.0,0.0,0.0,-0.275
5804,0.0,0.0,0.0,0.0,0.0,0.0,-0.275
5805,0.0,0.0,0.0,0.0,0.0,0.0,-0.275
5806,0.0,0.0,0.0,0.0,0.0,0.0,-0.275
5807,0.0,0.0,0.0,0.0,0.0,0.0,-0.275
5808,0.0,0.0,0.0,0.0,0.0,0.0,-0.275
5809,0.0,0.0,0.0,0.0,0.0,0.0,-0.275
5810,0.0,0.0,0.0,0.0,0.0,0.0,-0.275
5811,0.0,0.0,0.0,0.0,0.0,0.0,-0.275
5812,0.0,0.0,0.0,0.0,0.0,0.0,-0.275
5813,0.0,0.0,0.0,0.0,0.0,0.0,-0.275
5814,0.0,0.0,0.0,0.0,0.0,0.0,-0.275
5815,0.0,0.0,0.0,0.0,0.0,0.0,-0.275
5816,0.0,0.0,0.0,0.0,0.0,0.0,-0.275
5817,72.94841145833334,60.61730902777778,554.5624652777777,90.10464264312463,0.0,0.0,-2.216775648328993
5818,146.11610669453938,121.17758233176338,908.1989093017578,360.08732677186094,0.0,0.0,50.741289732787344
5819,147.2562673611111,121.23354166666667,1028.8866666666668,434.0255492703602,0.0,0.0,50.58654079861111
5820,148.40366319444445,121.15348958333334,1043.1788194444443,451.23452263012757,0.0,0.0,50.375750868055555
5821,149.02524305555556,121.299375,1035.547361111111,454.1477269099125,0.0,0.0,50.19889756944445
5822,149.08883680555556,121.22774305555555,1089.3451388888889,481.26055283197877,0.0,0.0,50.01025607638889
5823,148.87954861111112,121.22431423611111,1059.0619444444444,466.73507584369054,0.0,0.0,49.8041015625
5824,148.52293402777778,121.24723958333334,999.1293055555556,435.68689490562093,0.0,0.0,49.71730902777778
5825,147.1809201388889,121.2279079861111,899.8527777777778,386.1866356238428,0.0,0.0,49.90321614583333
5826,147.01243055555557,121.26969618055556,733.9154861111111,300.6468324178696,0.0,0.0,50.06649739583333
5827,143.41131076388888,117.91266493055555,325.4970486111111,118.4386146019114,0.0,0.0,48.32743923611111
5828,0.0,0.0,0.0,0.0,0.0,0.0,-0.5084750027126737
5829,0.0,0.0,0.0,0.0,0.0,0.0,-0.275
5830,0.0,0.0,0.0,0.0,0.0,0.0,-0.275
5831,0.0,0.0,0.0,0.0,0.0,0.0,-0.275
5832,0.0,0.0,0.0,0.0,0.0,0.0,-0.275
5833,0.0,0.0,0.0,0.0,0.0,0.0,-0.275
5834,0.0,0.0,0.0,0.0,0.0,0.0,-0.275
5835,0.0,0.0,0.0,0.0,0.0,0.0,-0.275
5836,0.0,0.0,0.0,0.0,0.0,0.0,-0.275
5837,0.0,0.0,0.0,0.0,0.0,0.0,-0.275
5838,0.0,0.0,0.0,0.0,0.0,0.0,-0.275
5839,0.0,0.0,0.0,0.0,0.0,0.0,-0.275
5840,0.0,0.0,0.0,0.0,0.0,0.0,-0.275
5841,73.00162326388889,60.63133246527778,907.2011458333334,146.43818475679996,0.0,0.0,-2.7257090250651044
5842,146.09644408755833,121.17785648557874,894.7696177334255,354.22245965291324,0.0,0.0,50.84459188176526
5843,146.0703125,121.16048611111111,921.6146527777778,391.4596845252563,0.0,0.0,50.73439670138889
5844,146.25770833333334,121.22967881944444,973.9831944444444,427.5764694694773,0.0,0.0,50.56142361111111
5845,146.18314236111112,121.1823611111111,720.4997222222222,321.70233201274385,0.0,0.0,50.38220920138889
5846,146.22539930555556,121.25626736111111,538.0860416666667,242.31135989427491,0.0,0.0,50.170581597222224
5847,136.66960069444445,111.69053819444444,253.73963541666666,112.2156276253797,0.0,0.0,44.90573350694444
5848,146.2773263888889,121.18153645833333,729.6009027777778,322.6641469388612,0.0,0.0,50.12006510416666
5849,149.77875,121.25497395833334,1049.3271527777779,442.1778865804283,0.0,0.0,50.71393663194444
5850,146.60190972222222,121.17983506944445,816.9178472222222,334.683570010126,0.0,0.0,50.99998263888889
5851,145.93944444444443,121.24168402777778,433.24100694444445,158.3756641498167,0.0,0.0,50.75619357638889
5852,0.0,0.0,0.0,0.0,0.0,0.0,-0.5084750027126737
5853,0.0,0.0,0.0,0.0,0.0,0.0,-0.275
5854,0.0,0.0,0.0,0.0,0.0,0.0,-0.275
5855,0.0,0.0,0.0,0.0,0.0,0.0,-0.275
5856,0.0,0.0,0.0,0.0,0.0,0.0,-0.275
5857,0.0,0.0,0.0,0.0,0.0,0.0,-0.275
5858,0.0,0.0,0.0,0.0,0.0,0.0,-0.275
5859,0.0,0.0,0.0,0.0,0.0,0.0,-0.275
5860,0.0,0.0,0.0,0.0,0.0,0.0,-0.275
5861,0.0,0.0,0.0,0.0,0.0,0.0,-0.275
5862,0.0,0.0,0.0,0.0,0.0,0.0,-0.275
5863,0.0,0.0,0.0,0.0,0.0,0.0,-0.275
5864,0.0,0.0,0.0,0.0,0.0,0.0,-0.275
5865,73.11216145833333,60.58655815972222,976.1674652777778,156.39949391958748,0.0,0.0,-2.9236708577473958
5866,146.57535469055176,121.22581279754638,1055.7990554809571,416.1759662288085,0.0,0.0,51.0157210239768
5867,146.26772569444444,121.17596354166666,1092.0013888888889,463.02529747038193,0.0,0.0,50.93986545138889
5868,146.19331597222222,121.17986111111111,722.5222222222222,317.0841678440365,0.0,0.0,50.780972222222225
5869,85.78276909722223,60.586375868055555,160.0046875,61.11173218503134,0.0,0.0,21.599657118055557
5870,0.0,0.0,0.0,0.0,0.0,0.0,-0.5084750027126737
5871,73.44317708333334,60.613359375,343.5779513888889,76.66067218681124,0.0,0.0,-2.176516452365451
5872,0.0,0.0,0.0,0.0,0.0,0.0,-0.5084750027126737
5873,0.0,0.0,0.0,0.0,0.0,0.0,-0.275
5874,0.0,0.0,154.2473784722222,0.0,0.0,0.0,-1.6409738498263888
5875,0.0,0.0,110.4540625,0.0,0.0,0.0,-1.0350884331597223
5876,0.0,0.0,0.0,0.0,0.0,0.0,-0.5084750027126737
5877,0.0,0.0,0.0,0.0,0.0,0.0,-0.275
5878,0.0,0.0,0.0,0.0,0.0,0.0,-0.275
5879,0.0,0.0,0.0,0.0,0.0,0.0,-0.275
5880,0.0,0.0,0.0,0.0,0.0,0.0,-0.275
5881,0.0,0.0,0.0,0.0,0.0,0.0,-0.275
5882,0.0,0.0,0.0,0.0,0.0,0.0,-0.275
5883,0.0,0.0,0.0,0.0,0.0,0.0,-0.275
5884,0.0,0.0,0.0,0.0,0.0,0.0,-0.275
5885,0.0,0.0,0.0,0.0,0.0,0.0,-0.275
5886,0.0,0.0,0.0,0.0,0.0,0.0,-0.275
5887,0.0,0.0,0.0,0.0,0.0,0.0,-0.275
5888,0.0,0.0,0.0,0.0,0.0,0.0,-0.275
5889,73.14935763888889,60.63223958333333,943.7269791666666,150.42934546983622,0.0,0.0,-2.8021141899956596
5890,146.3011325454712,121.22356653001573,1030.005721198188,406.1673369558974,0.0,0.0,50.90516515867578
5891,146.32864583333333,121.17352430555556,886.9494444444445,375.7160726638818,0.0,0.0,50.766436631944444
5892,146.1157986111111,121.17782118055555,826.1538194444445,362.61899624059294,0.0,0.0,50.64854166666667
5893,145.9677951388889,121.17940972222222,853.4841666666666,381.39886687532874,0.0,0.0,50.51917100694445
5894,145.9894965277778,121.22520833333333,920.1044444444444,414.55916249282063,0.0,0.0,50.424800347222224
5895,146.06901041666666,121.26786458333333,660.4592361111111,296.35428363623225,0.0,0.0,50.29399739583334
5896,145.94256944444444,121.1015625,794.4009722222222,351.5366946448542,0.0,0.0,50.286532118055554
5897,146.14864583333335,121.26256076388889,629.21875,271.3012500239088,0.0,0.0,50.231471354166665
5898,146.10197916666667,121.26828993055555,733.3357638888889,300.682674042559,0.0,0.0,50.299730902777775
5899,101.13909722222222,76.523984375,233.06994791666668,77.0491084194479,0.0,0.0,28.507682291666665
5900,0.0,0.0,0.0,0.0,0.0,0.0,-0.5084750027126737
5901,0.0,0.0,0.0,0.0,0.0,0.0,-0.275
5902,0.0,0.0,0.0,0.0,0.0,0.0,-0.275
5903,0.0,0.0,0.0,0.0,0.0,0.0,-0.275
5904,0.0,0.0,0.0,0.0,0.0,0.0,-0.275
5905,0.0,0.0,0.0,0.0,0.0,0.0,-0.275
5906,0.0,0.0,0.0,0.0,0.0,0.0,-0.275
5907,0.0,0.0,0.0,0.0,0.0,0.0,-0.275
5908,0.0,0.0,0.0,0.0,0.0,0.0,-0.275
5909,0.0,0.0,0.0,0.0,0.0,0.0,-0.275
5910,0.0,0.0,0.0,0.0,0.0,0.0,-0.275
5911,0.0,0.0,0.0,0.0,0.0,0.0,-0.275
5912,0.0,0.0,0.0,0.0,0.0,0.0,-0.275
5913,72.95059895833333,60.63204427083333,946.2079513888889,150.40248931818013,0.0,0.0,-2.796710476345486
5914,145.77671532524957,121.22519882837932,1049.677708062066,414.79702798949313,0.0,0.0,50.75853964719507
5915,145.79237847222223,121.296171875,1080.3113888888888,459.51993429757954,0.0,0.0,50.61779947916666
5916,145.67392361111112,121.24566840277778,1117.039513888889,491.87434275836983,0.0,0.0,50.45150173611111
5917,145.64489583333332,121.23705729166667,1108.1541666666667,496.3777931161641,0.0,0.0,50.28212673611111
5918,145.64109375,121.24628472222223,1142.1721527777777,515.7138138775465,0.0,0.0,50.1269921875
5919,145.62244791666666,121.24225694444445,1129.26875,507.9299075199282,0.0,0.0,50.01203993055555
5920,145.5553559027778,121.18965277777778,1079.2597916666666,478.9557192213599,0.0,0.0,49.94423177083333
5921,145.53134548611112,121.17264756944445,888.9853472222222,384.31595010747714,0.0,0.0,49.918185763888886
5922,145.63366319444444,121.26671006944444,717.7627083333333,294.715855695113,0.0,0.0,49.9483203125
5923,93.22457465277778,68.89781684027778,215.93284722222222,69.42309086498611,0.0,0.0,24.709791666666668
5924,0.0,0.0,0.0,0.0,0.0,0.0,-0.5084750027126737
5925,0.0,0.0,0.0,0.0,0.0,0.0,-0.275
5926,0.0,0.0,0.0,0.0,0.0,0.0,-0.275
5927,0.0,0.0,0.0,0.0,0.0,0.0,-0.275
5928,0.0,0.0,0.0,0.0,0.0,0.0,-0.275
5929,0.0,0.0,0.0,0.0,0.0,0.0,-0.275
5930,0.0,0.0,0.0,0.0,0.0,0.0,-0.275
5931,0.0,0.0,0.0,0.0,0.0,0.0,-0.275
5932,0.0,0.0,0.0,0.0,0.0,0.0,-0.275
5933,0.0,0.0,0.0,0.0,0.0,0.0,-0.275
5934,0.0,0.0,0.0,0.0,0.0,0.0,-0.275
5935,0.0,0.0,0.0,0.0,0.0,0.0,-0.275
5936,0.0,0.0,0.0,0.0,0.0,0.0,-0.275
5937,73.05183159722222,60.62091145833333,641.3805902777777,101.21546489528721,0.0,0.0,-2.2689530436197916
5938,146.01466259426542,121.1898344845242,851.2999122450087,335.24574941452966,0.0,0.0,50.62522400654024
5939,146.05682291666668,121.29540798611112,1080.8507638888889,458.6574378386335,0.0,0.0,50.42250868055555
5940,145.85946180555555,121.18505208333333,1096.6125694444445,481.84186749667253,0.0,0.0,50.157786458333334
5941,145.5849392361111,121.17037326388889,1088.751875,487.46035608681024,0.0,0.0,49.909418402777774
5942,145.62918402777777,121.24675347222222,1144.019375,516.3698245730213,0.0,0.0,49.685
5943,145.76630208333333,121.24213541666667,1129.9563888888888,507.5032805593531,0.0,0.0,49.512369791666664
5944,145.73630208333333,121.18585069444444,1048.140625,464.3028022209586,0.0,0.0,49.424045138888886
5945,145.7032986111111,121.225078125,955.484375,412.39119771432956,0.0,0.0,49.40530381944444
5946,145.7629340277778,121.26324652777778,673.1199305555556,275.62174622412476,0.0,0.0,49.428012152777775
5947,98.5704079861111,74.31135416666666,229.53736111111112,74.83650185168075,0.0,0.0,26.428643663194446
5948,0.0,0.0,0.0,0.0,0.0,0.0,-0.5084750027126737
5949,0.0,0.0,0.0,0.0,0.0,0.0,-0.275
5950,0.0,0.0,0.0,0.0,0.0,0.0,-0.275
5951,0.0,0.0,0.0,0.0,0.0,0.0,-0.275
5952,0.0,0.0,0.0,0.0,0.0,0.0,-0.275
5953,0.0,0.0,0.0,0.0,0.0,0.0,-0.275
5954,0.0,0.0,0.0,0.0,0.0,0.0,-0.275
5955,0.0,0.0,0.0,0.0,0.0,0.0,-0.275
5956,0.0,0.0,0.0,0.0,0.0,0.0,-0.275
5957,0.0,0.0,0.0,0.0,0.0,0.0,-0.275
5958,0.0,0.0,0.0,0.0,0.0,0.0,-0.275
5959,0.0,0.0,0.0,0.0,0.0,0.0,-0.275
5960,0.0,0.0,0.0,0.0,0.0,0.0,-0.275
5961,0.0,0.0,0.0,0.0,0.0,0.0,-0.275
5962,0.0,0.0,0.0,0.0,0.0,0.0,-0.275
5963,0.0,0.0,0.0,0.0,0.0,0.0,-0.275
5964,0.0,0.0,0.0,0.0,0.0,0.0,-0.275
5965,0.0,0.0,0.0,0.0,0.0,0.0,-0.275
5966,0.0,0.0,0.0,0.0,0.0,0.0,-0.275
5967,0.0,0.0,0.0,0.0,0.0,0.0,-0.275
5968,0.8126363796657986,0.5979784478081597,188.19798570421008,0.6022560722238551,0.0,0.0,-1.942604431576199
5969,0.0,0.0,0.0,0.0,0.0,0.0,-0.5084750027126737
5970,0.0,0.0,0.0,0.0,0.0,0.0,-0.275
5971,0.0,0.0,0.0,0.0,0.0,0.0,-0.275
5972,0.0,0.0,0.0,0.0,0.0,0.0,-0.275
5973,0.0,0.0,0.0,0.0,0.0,0.0,-0.275
5974,0.0,0.0,0.0,0.0,0.0,0.0,-0.275
5975,0.0,0.0,0.0,0.0,0.0,0.0,-0.275
5976,0.0,0.0,0.0,0.0,0.0,0.0,-0.275
5977,0.0,0.0,0.0,0.0,0.0,0.0,-0.275
5978,0.0,0.0,0.0,0.0,0.0,0.0,-0.275
5979,0.0,0.0,0.0,0.0,0.0,0.0,-0.275
5980,0.0,0.0,0.0,0.0,0.0,0.0,-0.275
5981,0.0,0.0,0.0,0.0,0.0,0.0,-0.275
5982,0.0,0.0,0.0,0.0,0.0,0.0,-0.275
5983,0.0,0.0,0.0,0.0,0.0,0.0,-0.275
5984,0.0,0.0,0.0,0.0,0.0,0.0,-0.275
5985,72.88188368055556,60.61845920138889,601.2142013888889,93.98116257731702,0.0,0.0,-2.232743191189236
5986,145.6587661488851,121.18794190300835,803.947033996582,316.36276461185344,0.0,0.0,50.31920039928622
5987,146.27052083333334,121.17572048611112,823.9426388888888,348.3788696136762,0.0,0.0,49.947734375
5988,147.2782986111111,121.24245659722222,1020.7427777777777,444.04171747710325,0.0,0.0,49.60709201388889
5989,148.61824652777779,121.24723090277777,936.0550694444445,410.5199847759739,0.0,0.0,49.29306857638889
5990,149.46463541666665,121.2325,946.7741666666667,415.95899389620655,0.0,0.0,49.13692708333333
5991,149.60366319444444,121.20605034722222,847.82125,370.5570843672655,0.0,0.0,49.047322048611115
5992,149.83359375,121.26510416666666,642.7693055555555,276.815230208269,0.0,0.0,49.055073784722225
5993,149.46678819444443,121.26848090277778,696.2974305555556,292.5274640499897,0.0,0.0,49.17647569444444
5994,148.95109375,121.24091145833333,504.9848958333333,201.51707056509878,0.0,0.0,49.275225694444444
5995,0.0,0.0,0.0,0.0,0.0,0.0,-0.5084750027126737
5996,0.0,0.0,0.0,0.0,0.0,0.0,-0.275
5997,0.0,0.0,0.0,0.0,0.0,0.0,-0.275
5998,0.0,0.0,0.0,0.0,0.0,0.0,-0.275
5999,0.0,0.0,0.0,0.0,0.0,0.0,-0.275
6000,0.0,0.0,0.0,0.0,0.0,0.0,-0.275
6001,0.0,0.0,0.0,0.0,0.0,0.0,-0.275
6002,0.0,0.0,0.0,0.0,0.0,0.0,-0.275
6003,0.0,0.0,0.0,0.0,0.0,0.0,-0.275
6004,0.0,0.0,0.0,0.0,0.0,0.0,-0.275
6005,0.0,0.0,0.0,0.0,0.0,0.0,-0.275
6006,0.0,0.0,0.0,0.0,0.0,0.0,-0.275
6007,0.0,0.0,0.0,0.0,0.0,0.0,-0.275
6008,0.0,0.0,0.0,0.0,0.0,0.0,-0.275
6009,73.31727430555556,60.63094184027778,923.8798263888889,142.72159004922872,0.0,0.0,-2.6708301459418404
6010,147.15728385925294,121.22911332448324,389.44766103956437,151.49613345281682,0.0,0.0,50.708747553825376
6011,147.8074826388889,121.27048611111111,715.1604166666667,299.2917872780531,0.0,0.0,50.794474826388885
6012,148.01234375,121.26788194444444,661.0659722222222,286.0909286316387,0.0,0.0,50.67600260416667
6013,148.43635416666666,121.25574652777777,580.0591319444444,254.62956661707696,0.0,0.0,50.585924479166664
6014,148.37987847222223,121.23105034722222,397.7532986111111,175.94689585532205,0.0,0.0,50.35885850694444
6015,148.5089236111111,121.23171875,872.8055555555555,384.18634234553355,0.0,0.0,50.456354166666664
6016,148.49439236111112,121.25042534722222,428.0364583333333,185.87177716386327,0.0,0.0,50.22244791666667
6017,148.62989583333334,121.23756944444445,941.3135416666667,397.2174115729761,0.0,0.0,50.42265625
6018,148.57572916666666,121.15086805555555,756.836875,301.93112874021585,0.0,0.0,50.45975260416667
6019,111.2863888888889,84.04325520833333,263.7171701388889,84.56832726732901,0.0,0.0,32.16014973958333
6020,0.0,0.0,0.0,0.0,0.0,0.0,-0.5084750027126737
6021,0.0,0.0,0.0,0.0,0.0,0.0,-0.275
6022,0.0,0.0,0.0,0.0,0.0,0.0,-0.275
6023,0.0,0.0,0.0,0.0,0.0,0.0,-0.275
6024,0.0,0.0,0.0,0.0,0.0,0.0,-0.275
6025,0.0,0.0,0.0,0.0,0.0,0.0,-0.275
6026,0.0,0.0,0.0,0.0,0.0,0.0,-0.275
6027,0.0,0.0,0.0,0.0,0.0,0.0,-0.275
6028,0.0,0.0,0.0,0.0,0.0,0.0,-0.275
6029,0.0,0.0,0.0,0.0,0.0,0.0,-0.275
6030,0.0,0.0,0.0,0.0,0.0,0.0,-0.275
6031,0.0,0.0,0.0,0.0,0.0,0.0,-0.275
6032,0.0,0.0,0.0,0.0,0.0,0.0,-0.275
6033,0.0,0.0,211.96880208333334,0.0,0.0,0.0,-1.6804435221354166
6034,134.43694878472223,111.09381510416667,566.9130338541667,202.3463561123472,0.0,0.0,20.10778820461697
6035,97.45044270833333,71.37385416666666,192.00022569444445,71.89910682352208,0.0,0.0,26.154585503472223
6036,147.79703125,121.25113715277777,515.3264930555556,223.21749358678514,0.0,0.0,50.776653645833335
6037,138.09477430555555,111.13749131944445,258.1890798611111,111.66263578558154,0.0,0.0,45.50204427083333
6038,148.38427083333335,121.25696180555556,586.1939583333333,259.2338730007793,0.0,0.0,50.777217881944445
6039,0.0,0.0,0.0,0.0,0.0,0.0,-0.5084750027126737
6040,0.0,0.0,117.22262152777778,0.0,0.0,0.0,-1.4371393500434029
6041,24.651762152777778,16.518818359375,162.09457899305556,16.674013244550142,0.0,0.0,-1.509814181857639
6042,0.0,0.0,0.0,0.0,0.0,0.0,-0.5084750027126737
6043,0.0,0.0,154.3687326388889,0.0,0.0,0.0,-1.4843714735243057
6044,0.0,0.0,0.0,0.0,0.0,0.0,-0.5084750027126737
6045,0.0,0.0,0.0,0.0,0.0,0.0,-0.275
6046,0.0,0.0,0.0,0.0,0.0,0.0,-0.275
6047,0.0,0.0,0.0,0.0,0.0,0.0,-0.275
6048,0.0,0.0,0.0,0.0,0.0,0.0,-0.275
6049,0.0,0.0,0.0,0.0,0.0,0.0,-0.275
6050,0.0,0.0,0.0,0.0,0.0,0.0,-0.275
6051,0.0,0.0,0.0,0.0,0.0,0.0,-0.275
6052,0.0,0.0,0.0,0.0,0.0,0.0,-0.275
6053,0.0,0.0,0.0,0.0,0.0,0.0,-0.275
6054,0.0,0.0,0.0,0.0,0.0,0.0,-0.275
6055,0.0,0.0,0.0,0.0,0.0,0.0,-0.275
6056,0.0,0.0,0.0,0.0,0.0,0.0,-0.275
6057,73.26527777777778,60.627513020833334,834.9313194444444,127.43341882116209,0.0,0.0,-2.4730833604600693
6058,146.41214766608346,121.20771427578396,1003.0124978298611,390.76413236758486,0.0,0.0,51.00517523450984
6059,146.44592013888888,121.23358506944444,1030.7743055555557,434.7016512915594,0.0,0.0,50.87630642361111
6060,146.62194444444444,121.24456597222222,1024.8551388888889,447.258876213108,0.0,0.0,50.74953125
6061,147.23746527777777,121.22917534722222,961.1202777777778,424.9347591308997,0.0,0.0,50.5784375
6062,148.18256944444445,121.21118055555556,825.0481944444444,365.0538228437347,0.0,0.0,50.41903645833333
6063,148.1851736111111,121.22434895833334,903.46625,398.1255540106159,0.0,0.0,50.4080078125
6064,148.17404513888889,121.22440104166667,915.9786111111111,398.04747239661253,0.0,0.0,50.415013020833335
6065,147.84088541666668,121.21532118055555,971.3135416666667,411.18440170636256,0.0,0.0,50.406566840277776
6066,147.62039930555557,121.2662673611111,703.3356944444445,281.42225727664345,0.0,0.0,50.386783854166666
6067,0.0,0.0,0.0,0.0,0.0,0.0,-0.5084750027126737
6068,0.0,0.0,0.0,0.0,0.0,0.0,-0.275
6069,0.0,0.0,0.0,0.0,0.0,0.0,-0.275
6070,0.0,0.0,0.0,0.0,0.0,0.0,-0.275
6071,0.0,0.0,0.0,0.0,0.0,0.0,-0.275
6072,0.0,0.0,0.0,0.0,0.0,0.0,-0.275
6073,0.0,0.0,0.0,0.0,0.0,0.0,-0.275
6074,0.0,0.0,0.0,0.0,0.0,0.0,-0.275
6075,0.0,0.0,0.0,0.0,0.0,0.0,-0.275
6076,0.0,0.0,0.0,0.0,0.0,0.0,-0.275
6077,0.0,0.0,0.0,0.0,0.0,0.0,-0.275
6078,0.0,0.0,0.0,0.0,0.0,0.0,-0.275
6079,0.0,0.0,0.0,0.0,0.0,0.0,-0.275
6080,0.0,0.0,0.0,0.0,0.0,0.0,-0.275
6081,72.98289930555555,60.62889756944445,883.2280555555556,134.43266391758965,0.0,0.0,-2.5497473822699654
6082,145.89653233846028,121.22412815305921,1037.0843954467773,404.80742132024113,0.0,0.0,50.81523482531309
6083,146.69243055555555,121.23230902777777,1027.7675694444445,432.4142683664865,0.0,0.0,50.64760416666667
6084,147.18703125,121.24306423611111,1024.1270833333333,445.01764472901266,0.0,0.0,50.41549479166667
6085,147.0195138888889,121.23677951388889,921.4527777777778,407.8684018814305,0.0,0.0,50.21562934027778
6086,146.86763888888888,121.23383680555555,1088.212638888889,485.67133817102797,0.0,0.0,50.0861328125
6087,146.85163194444445,121.23522569444444,957.3584722222222,425.5270710141053,0.0,0.0,49.99509548611111
6088,146.61227430555556,121.23166666666667,359.3802430555556,157.74712376063906,0.0,0.0,49.76122395833333
6089,146.23614583333332,121.16349826388888,346.89479166666666,148.2479123365332,0.0,0.0,49.78685329861111
6090,127.02386284722222,102.22576388888889,262.5306597222222,102.75096699113512,0.0,0.0,40.196688368055554
6091,0.0,0.0,0.0,0.0,0.0,0.0,-0.5084750027126737
6092,0.0,0.0,0.0,0.0,0.0,0.0,-0.275
6093,0.0,0.0,0.0,0.0,0.0,0.0,-0.275
6094,0.0,0.0,0.0,0.0,0.0,0.0,-0.275
6095,0.0,0.0,0.0,0.0,0.0,0.0,-0.275
6096,0.0,0.0,0.0,0.0,0.0,0.0,-0.275
6097,0.0,0.0,0.0,0.0,0.0,0.0,-0.275
6098,0.0,0.0,0.0,0.0,0.0,0.0,-0.275
6099,0.0,0.0,0.0,0.0,0.0,0.0,-0.275
6100,0.0,0.0,0.0,0.0,0.0,0.0,-0.275
6101,0.0,0.0,0.0,0.0,0.0,0.0,-0.275
6102,0.0,0.0,0.0,0.0,0.0,0.0,-0.275
6103,0.0,0.0,0.0,0.0,0.0,0.0,-0.275
6104,0.0,0.0,0.0,0.0,0.0,0.0,-0.275
6105,72.9752951388889,60.6294921875,907.51125,137.2031197318589,0.0,0.0,-2.585287339952257
6106,146.07880113813613,121.17736154768203,985.8348699103461,383.4835758610051,0.0,0.0,50.70808289120595
6107,146.20774305555557,121.24199652777777,1054.7204166666668,444.95656740991427,0.0,0.0,50.4965234375
6108,145.989375,121.18259548611111,1091.0170138888889,477.5111082859554,0.0,0.0,50.2519921875
6109,146.1393402777778,121.23089409722222,964.8820833333333,429.4723431821619,0.0,0.0,49.981228298611114
6110,146.28411458333332,121.24263020833334,1136.0508333333332,508.8368119897477,0.0,0.0,49.79697916666667
6111,146.28338541666668,121.1784375,1079.4350694444445,481.17416945743577,0.0,0.0,49.644596354166666
6112,146.2412673611111,121.25282118055556,1032.405763888889,454.10134561251,0.0,0.0,49.58160590277778
6113,146.23840277777776,121.17684027777777,816.7425694444445,348.7112411636912,0.0,0.0,49.560763888888886
6114,146.4398263888889,121.256484375,607.4164583333334,243.81537088873634,0.0,0.0,49.5983203125
6115,0.0,0.0,0.0,0.0,0.0,0.0,-0.5084750027126737
6116,0.0,0.0,0.0,0.0,0.0,0.0,-0.275
6117,0.0,0.0,0.0,0.0,0.0,0.0,-0.275
6118,0.0,0.0,0.0,0.0,0.0,0.0,-0.275
6119,0.0,0.0,0.0,0.0,0.0,0.0,-0.275
6120,0.0,0.0,0.0,0.0,0.0,0.0,-0.275
6121,0.0,0.0,0.0,0.0,0.0,0.0,-0.275
6122,0.0,0.0,0.0,0.0,0.0,0.0,-0.275
6123,0.0,0.0,0.0,0.0,0.0,0.0,-0.275
6124,0.0,0.0,0.0,0.0,0.0,0.0,-0.275
6125,0.0,0.0,0.0,0.0,0.0,0.0,-0.275
6126,0.0,0.0,0.0,0.0,0.0,0.0,-0.275
6127,0.0,0.0,0.0,0.0,0.0,0.0,-0.275
6128,0.0,0.0,0.0,0.0,0.0,0.0,-0.275
6129,0.0,0.0,0.0,0.0,0.0,0.0,-0.275
6130,0.0,0.0,181.38899305555555,0.0,0.0,0.0,-1.7556551106770832
6131,0.0,0.0,0.0,0.0,0.0,0.0,-0.5084750027126737
6132,0.0,0.0,0.0,0.0,0.0,0.0,-0.275
6133,0.0,0.0,0.0,0.0,0.0,0.0,-0.275
6134,0.0,0.0,0.0,0.0,0.0,0.0,-0.275
6135,0.0,0.0,0.0,0.0,0.0,0.0,-0.275
6136,0.0,0.0,0.0,0.0,0.0,0.0,-0.275
6137,0.0,0.0,0.0,0.0,0.0,0.0,-0.275
6138,0.0,0.0,0.0,0.0,0.0,0.0,-0.275
6139,0.0,0.0,0.0,0.0,0.0,0.0,-0.275
6140,0.0,0.0,0.0,0.0,0.0,0.0,-0.275
6141,0.0,0.0,0.0,0.0,0.0,0.0,-0.275
6142,0.0,0.0,0.0,0.0,0.0,0.0,-0.275
6143,0.0,0.0,0.0,0.0,0.0,0.0,-0.275
6144,0.0,0.0,0.0,0.0,0.0,0.0,-0.275
6145,0.0,0.0,0.0,0.0,0.0,0.0,-0.275
6146,0.0,0.0,0.0,0.0,0.0,0.0,-0.275
6147,0.0,0.0,0.0,0.0,0.0,0.0,-0.275
6148,0.0,0.0,0.0,0.0,0.0,0.0,-0.275
6149,0.0,0.0,0.0,0.0,0.0,0.0,-0.275
6150,0.0,0.0,0.0,0.0,0.0,0.0,-0.275
6151,0.0,0.0,0.0,0.0,0.0,0.0,-0.275
6152,0.0,0.0,0.0,0.0,0.0,0.0,-0.275
6153,0.0,0.0,0.0,0.0,0.0,0.0,-0.275
6154,0.0,0.0,0.0,0.0,0.0,0.0,-0.275
6155,0.0,0.0,0.0,0.0,0.0,0.0,-0.275
6156,0.0,0.0,0.0,0.0,0.0,0.0,-0.275
6157,0.0,0.0,0.0,0.0,0.0,0.0,-0.275
6158,0.0,0.0,0.0,0.0,0.0,0.0,-0.275
6159,0.0,0.0,94.89449652777778,0.0,0.0,0.0,-1.2778944227430555
6160,0.0,0.0,0.0,0.0,0.0,0.0,-0.5084750027126737
6161,0.0,0.0,0.0,0.0,0.0,0.0,-0.275
6162,0.0,0.0,0.0,0.0,0.0,0.0,-0.275
6163,0.0,0.0,0.0,0.0,0.0,0.0,-0.275
6164,0.0,0.0,0.0,0.0,0.0,0.0,-0.275
6165,0.0,0.0,0.0,0.0,0.0,0.0,-0.275
6166,0.0,0.0,0.0,0.0,0.0,0.0,-0.275
6167,0.0,0.0,0.0,0.0,0.0,0.0,-0.275
6168,0.0,0.0,0.0,0.0,0.0,0.0,-0.275
6169,0.0,0.0,0.0,0.0,0.0,0.0,-0.275
6170,0.0,0.0,0.0,0.0,0.0,0.0,-0.275
6171,0.0,0.0,0.0,0.0,0.0,0.0,-0.275
6172,0.0,0.0,0.0,0.0,0.0,0.0,-0.275
6173,0.0,0.0,0.0,0.0,0.0,0.0,-0.275
6174,0.0,0.0,0.0,0.0,0.0,0.0,-0.275
6175,0.0,0.0,0.0,0.0,0.0,0.0,-0.275
6176,0.0,0.0,0.0,0.0,0.0,0.0,-0.275
6177,73.69985243055555,60.62319010416667,752.7514583333333,110.27003647948312,0.0,0.0,-2.3281656901041665
6178,147.1802046034071,121.16427212609184,824.711071879069,316.57424837256804,0.0,0.0,51.20096421082815
6179,147.8467013888889,121.25813368055556,597.1558333333334,248.6235925839879,0.0,0.0,51.062738715277774
6180,0.0,0.0,0.0,0.0,0.0,0.0,-0.5084750027126737
6181,0.0,0.0,127.71251736111111,0.0,0.0,0.0,-1.5407790798611112
6182,132.1835720486111,109.2573828125,633.7895399305555,254.68577648985507,0.0,0.0,19.255118374294703
6183,146.97428819444445,121.26615451388889,641.7850694444444,284.4806608517475,0.0,0.0,50.91842447916667
6184,147.32059027777777,121.15953125,1062.8507638888889,462.76347511371984,0.0,0.0,50.98519965277778
6185,147.41414930555555,121.26477430555556,656.7109027777777,277.441084197448,0.0,0.0,50.91004774305556
6186,146.99828125,121.26733506944444,737.2324305555555,292.5356368163163,0.0,0.0,50.99664496527778
6187,0.0,0.0,0.0,0.0,0.0,0.0,-0.5084750027126737
6188,0.0,0.0,0.0,0.0,0.0,0.0,-0.275
6189,0.0,0.0,0.0,0.0,0.0,0.0,-0.275
6190,0.0,0.0,0.0,0.0,0.0,0.0,-0.275
6191,0.0,0.0,0.0,0.0,0.0,0.0,-0.275
6192,0.0,0.0,0.0,0.0,0.0,0.0,-0.275
6193,0.0,0.0,0.0,0.0,0.0,0.0,-0.275
6194,0.0,0.0,0.0,0.0,0.0,0.0,-0.275
6195,0.0,0.0,0.0,0.0,0.0,0.0,-0.275
6196,0.0,0.0,0.0,0.0,0.0,0.0,-0.275
6197,0.0,0.0,0.0,0.0,0.0,0.0,-0.275
6198,0.0,0.0,0.0,0.0,0.0,0.0,-0.275
6199,0.0,0.0,0.0,0.0,0.0,0.0,-0.275
6200,0.0,0.0,0.0,0.0,0.0,0.0,-0.275
6201,24.706167534722223,19.4487109375,333.02064236111113,19.55946652828893,0.0,0.0,-2.0181346978081596
6202,146.06765190972223,121.23561197916666,446.7915625,172.56928300089155,0.0,0.0,33.027169189453126
6203,145.96314236111112,121.18081597222222,1121.8395833333334,472.4349141155459,0.0,0.0,51.13621527777778
6204,145.94315972222222,121.23793402777778,1009.3226388888888,441.2124671592732,0.0,0.0,51.03262152777778
6205,0.0,0.0,0.0,0.0,0.0,0.0,-0.5084750027126737
6206,0.0,0.0,0.0,0.0,0.0,0.0,-0.275
6207,56.02770833333334,46.42908420138889,269.16438368055555,46.63377428597103,0.0,0.0,-2.13518798828125
6208,145.91660590277777,121.2535720486111,531.2905555555556,233.55909705861902,0.0,0.0,44.544749179416236
6209,145.87921875,121.22788194444445,994.1405555555556,423.79735428516614,0.0,0.0,50.824917534722225
6210,146.16225694444444,121.26743923611112,748.814375,298.0019722326868,0.0,0.0,50.78918402777778
6211,0.0,0.0,0.0,0.0,0.0,0.0,-0.5084750027126737
6212,0.0,0.0,0.0,0.0,0.0,0.0,-0.275
6213,0.0,0.0,0.0,0.0,0.0,0.0,-0.275
6214,0.0,0.0,0.0,0.0,0.0,0.0,-0.275
6215,0.0,0.0,0.0,0.0,0.0,0.0,-0.275
6216,0.0,0.0,0.0,0.0,0.0,0.0,-0.275
6217,0.0,0.0,0.0,0.0,0.0,0.0,-0.275
6218,0.0,0.0,0.0,0.0,0.0,0.0,-0.275
6219,0.0,0.0,0.0,0.0,0.0,0.0,-0.275
6220,0.0,0.0,0.0,0.0,0.0,0.0,-0.275
6221,0.0,0.0,0.0,0.0,0.0,0.0,-0.275
6222,0.0,0.0,0.0,0.0,0.0,0.0,-0.275
6223,0.0,0.0,0.0,0.0,0.0,0.0,-0.275
6224,0.0,0.0,0.0,0.0,0.0,0.0,-0.275
6225,73.01506944444445,60.6307421875,986.9675,143.70403707235363,0.0,0.0,-2.680729709201389
6226,145.9400662443373,121.2255220943027,1081.3361531575522,417.13270828204634,0.0,0.0,50.999972434408136
6227,146.06590277777778,121.17948784722222,1111.9159722222223,467.5488190877203,0.0,0.0,50.89622829861111
6228,146.17111111111112,121.17794270833333,1055.529375,460.2191742928912,0.0,0.0,50.82142795138889
6229,146.36793402777778,121.25861111111111,571.1467708333333,253.33665488676792,0.0,0.0,50.63542100694445
6230,146.5262326388889,121.25863715277778,566.1445486111111,252.5464970113819,0.0,0.0,50.608311631944446
6231,122.03061631944445,96.6374045138889,228.39128472222222,97.16274848134026,0.0,0.0,38.137890625
6232,146.71784722222222,121.16701388888889,880.571875,384.4306783568726,0.0,0.0,50.69977430555556
6233,146.5029861111111,121.171328125,884.6707638888889,374.9082526014602,0.0,0.0,50.713177083333335
6234,146.41557291666666,121.24638020833333,521.6905555555555,206.62779790016333,0.0,0.0,50.59921440972222
6235,0.0,0.0,0.0,0.0,0.0,0.0,-0.5084750027126737
6236,0.0,0.0,0.0,0.0,0.0,0.0,-0.275
6237,0.0,0.0,0.0,0.0,0.0,0.0,-0.275
6238,0.0,0.0,0.0,0.0,0.0,0.0,-0.275
6239,0.0,0.0,0.0,0.0,0.0,0.0,-0.275
6240,0.0,0.0,0.0,0.0,0.0,0.0,-0.275
6241,0.0,0.0,0.0,0.0,0.0,0.0,-0.275
6242,0.0,0.0,0.0,0.0,0.0,0.0,-0.275
6243,0.0,0.0,0.0,0.0,0.0,0.0,-0.275
6244,0.0,0.0,0.0,0.0,0.0,0.0,-0.275
6245,0.0,0.0,0.0,0.0,0.0,0.0,-0.275
6246,0.0,0.0,0.0,0.0,0.0,0.0,-0.275
6247,0.0,0.0,0.0,0.0,0.0,0.0,-0.275
6248,0.0,0.0,0.0,0.0,0.0,0.0,-0.275
6249,73.13381076388889,60.62888888888889,929.7449305555556,134.05668376244583,0.0,0.0,-2.547101576063368
6250,146.42395229339598,121.17220766703288,956.9135564507378,366.986356532161,0.0,0.0,50.990917575988504
6251,147.08157986111112,121.1991232638889,950.0236111111111,396.45527380375927,0.0,0.0,50.86871527777778
6252,147.7548611111111,121.16095486111111,751.6054166666667,323.9717859499494,0.0,0.0,50.721241319444445
6253,148.2579861111111,121.237890625,1094.185625,478.84129341464904,0.0,0.0,50.73401909722222
6254,148.4520138888889,121.15407986111111,1082.8058333333333,476.08874101101566,0.0,0.0,50.586640625
6255,148.4425173611111,121.15297743055555,1046.4147916666666,458.0309521028978,0.0,0.0,50.56311631944445
6256,148.40949652777778,121.2775,1031.2327777777778,445.1309619247853,0.0,0.0,50.61204427083333
6257,147.95635416666667,121.14356770833334,872.7515972222222,365.69405328209814,0.0,0.0,50.63950520833333
6258,147.66744791666667,121.25946180555556,648.1086805555556,253.80300833487007,0.0,0.0,50.613376736111114
6259,0.0,0.0,0.0,0.0,0.0,0.0,-0.5084750027126737
6260,0.0,0.0,0.0,0.0,0.0,0.0,-0.275
6261,0.0,0.0,0.0,0.0,0.0,0.0,-0.275
6262,0.0,0.0,0.0,0.0,0.0,0.0,-0.275
6263,0.0,0.0,0.0,0.0,0.0,0.0,-0.275
6264,0.0,0.0,0.0,0.0,0.0,0.0,-0.275
6265,0.0,0.0,0.0,0.0,0.0,0.0,-0.275
6266,0.0,0.0,0.0,0.0,0.0,0.0,-0.275
6267,0.0,0.0,0.0,0.0,0.0,0.0,-0.275
6268,0.0,0.0,0.0,0.0,0.0,0.0,-0.275
6269,0.0,0.0,0.0,0.0,0.0,0.0,-0.275
6270,0.0,0.0,0.0,0.0,0.0,0.0,-0.275
6271,0.0,0.0,0.0,0.0,0.0,0.0,-0.275
6272,0.0,0.0,0.0,0.0,0.0,0.0,-0.275
6273,73.353203125,60.62928819444444,949.5247222222222,135.3702953999027,0.0,0.0,-2.5666876220703125
6274,146.65002133263482,121.22782953474257,1048.8956455145942,400.9661545553501,0.0,0.0,51.09174923489491
6275,146.35857638888888,121.1744704861111,1103.569861111111,462.3210043584722,0.0,0.0,51.047534722222224
6276,146.03041666666667,121.18113715277778,1100.6170138888888,479.82162039031704,0.0,0.0,50.843450520833336
6277,145.8567013888889,121.23618923611112,1111.64625,494.2527967076383,0.0,0.0,50.74981770833333
6278,145.83637152777777,121.24930555555555,1162.8148611111112,520.5573872195722,0.0,0.0,50.648602430555556
6279,146.03913194444445,121.24480034722222,1153.7002777777777,513.3799171984714,0.0,0.0,50.55845920138889
6280,146.29222222222222,121.17666666666666,1076.5226388888889,470.6458710876991,0.0,0.0,50.51665364583334
6281,146.65788194444445,121.16926215277778,870.7290972222222,367.6982376418212,0.0,0.0,50.51267361111111
6282,147.26151041666665,121.25948784722222,652.01875,255.26545368561042,0.0,0.0,50.545338541666666
6283,0.0,0.0,0.0,0.0,0.0,0.0,-0.5084750027126737
6284,0.0,0.0,0.0,0.0,0.0,0.0,-0.275
6285,0.0,0.0,0.0,0.0,0.0,0.0,-0.275
6286,0.0,0.0,0.0,0.0,0.0,0.0,-0.275
6287,0.0,0.0,0.0,0.0,0.0,0.0,-0.275
6288,0.0,0.0,0.0,0.0,0.0,0.0,-0.275
6289,0.0,0.0,0.0,0.0,0.0,0.0,-0.275
6290,0.0,0.0,0.0,0.0,0.0,0.0,-0.275
6291,0.0,0.0,0.0,0.0,0.0,0.0,-0.275
6292,0.0,0.0,0.0,0.0,0.0,0.0,-0.275
6293,0.0,0.0,0.0,0.0,0.0,0.0,-0.275
6294,0.0,0.0,0.0,0.0,0.0,0.0,-0.275
6295,0.0,0.0,0.0,0.0,0.0,0.0,-0.275
6296,0.0,0.0,0.0,0.0,0.0,0.0,-0.275
6297,73.06301215277777,60.62822048611111,927.2370833333333,131.57690173141197,0.0,0.0,-2.5165308973524305
6298,145.961517868042,121.17901869455973,977.1651884969076,374.33213748281776,0.0,0.0,51.06928136355347
6299,145.91722222222222,121.22706597222222,1004.2529166666667,421.79930232047957,0.0,0.0,50.9319140625
6300,145.89644097222222,121.30355034722223,1058.724861111111,462.1818357020751,0.0,0.0,50.82803385416667
6301,145.84291666666667,121.25113715277777,1176.95875,523.1505248122736,0.0,0.0,50.74923177083333
6302,146.2162326388889,121.27178819444444,1212.014861111111,540.9720245674537,0.0,0.0,50.64881076388889
6303,146.32262152777778,121.17606770833333,1062.9855555555555,471.5422278524486,0.0,0.0,50.567417534722225
6304,146.69180555555556,121.28407986111111,1032.9585416666666,450.4022341439293,0.0,0.0,50.55355034722222
6305,146.89008680555557,121.16552083333333,872.1449305555556,367.23128929007595,0.0,0.0,50.55673177083333
6306,147.39392361111112,121.25642361111112,623.0434722222222,242.9398472074724,0.0,0.0,50.557170138888885
6307,0.0,0.0,0.0,0.0,0.0,0.0,-0.5084750027126737
6308,0.0,0.0,0.0,0.0,0.0,0.0,-0.275
6309,0.0,0.0,0.0,0.0,0.0,0.0,-0.275
6310,0.0,0.0,0.0,0.0,0.0,0.0,-0.275
6311,0.0,0.0,0.0,0.0,0.0,0.0,-0.275
6312,0.0,0.0,0.0,0.0,0.0,0.0,-0.275
6313,0.0,0.0,0.0,0.0,0.0,0.0,-0.275
6314,0.0,0.0,0.0,0.0,0.0,0.0,-0.275
6315,0.0,0.0,0.0,0.0,0.0,0.0,-0.275
6316,0.0,0.0,0.0,0.0,0.0,0.0,-0.275
6317,0.0,0.0,0.0,0.0,0.0,0.0,-0.275
6318,0.0,0.0,0.0,0.0,0.0,0.0,-0.275
6319,0.0,0.0,0.0,0.0,0.0,0.0,-0.275
6320,0.0,0.0,0.0,0.0,0.0,0.0,-0.275
6321,74.46112847222223,60.62564670138889,898.0865277777777,123.93982661755521,0.0,0.0,-2.448922661675347
6322,148.82363408618502,121.20946728600396,982.8416617329915,368.52703123158756,0.0,0.0,51.29358946040273
6323,148.44541666666666,121.23672743055556,956.6977777777778,394.658372207691,0.0,0.0,51.16170572916667
6324,148.4215451388889,121.15438368055555,1111.619375,476.155215641343,0.0,0.0,51.10883246527778
6325,148.48194444444445,121.25306423611111,1164.3789583333332,508.1161107841649,0.0,0.0,51.04116753472222
6326,148.45543402777778,121.25645833333333,1167.668888888889,512.9638426289935,0.0,0.0,50.984791666666666
6327,148.64355902777777,121.13651909722222,1092.419375,476.57810874805256,0.0,0.0,50.95395833333333
6328,149.02043402777778,121.19227430555556,978.8640972222222,419.4787193277246,0.0,0.0,50.936840277777776
6329,148.56840277777778,121.25676215277778,494.2522916666667,205.64535451870714,0.0,0.0,50.77055555555555
6330,148.14413194444444,121.25170138888889,626.5490972222223,242.28210015258767,0.0,0.0,50.9303515625
6331,0.0,0.0,0.0,0.0,0.0,0.0,-0.5084750027126737
6332,0.0,0.0,0.0,0.0,0.0,0.0,-0.275
6333,0.0,0.0,0.0,0.0,0.0,0.0,-0.275
6334,0.0,0.0,0.0,0.0,0.0,0.0,-0.275
6335,0.0,0.0,0.0,0.0,0.0,0.0,-0.275
6336,0.0,0.0,0.0,0.0,0.0,0.0,-0.275
6337,0.0,0.0,0.0,0.0,0.0,0.0,-0.275
6338,0.0,0.0,0.0,0.0,0.0,0.0,-0.275
6339,0.0,0.0,0.0,0.0,0.0,0.0,-0.275
6340,0.0,0.0,0.0,0.0,0.0,0.0,-0.275
6341,0.0,0.0,0.0,0.0,0.0,0.0,-0.275
6342,0.0,0.0,0.0,0.0,0.0,0.0,-0.275
6343,0.0,0.0,0.0,0.0,0.0,0.0,-0.275
6344,0.0,0.0,0.0,0.0,0.0,0.0,-0.275
6345,73.84996527777778,60.62445746527778,832.0999305555556,114.72421638827375,0.0,0.0,-2.3621324327256943
6346,147.61096704271105,121.2299735599094,362.1038233100043,136.59826189317022,0.0,0.0,50.91484708375401
6347,147.12465277777778,121.160546875,873.3853472222222,362.95800784187264,0.0,0.0,51.13389756944444
6348,0.0,0.0,0.0,0.0,0.0,0.0,-0.5084750027126737
6349,73.16917534722222,60.58516493055556,806.2122569444444,178.267766124777,0.0,0.0,-2.9130509440104166
6350,146.38714137183297,121.25833231184218,566.7916891988118,252.37096440867026,0.0,0.0,50.77729783213801
6351,0.0,0.0,0.0,0.0,0.0,0.0,-0.5084750027126737
6352,73.19835069444444,60.61752170138889,1146.1227430555555,249.84882497071914,0.0,0.0,-2.885874972873264
6353,0.0,0.0,0.0,0.0,0.0,0.0,-0.5084750027126737
6354,45.18357638888889,36.78584201388889,287.12394965277775,36.96208040160068,0.0,0.0,-2.091893513997396
6355,0.0,0.0,0.0,0.0,0.0,0.0,-0.5084750027126737
6356,0.0,0.0,0.0,0.0,0.0,0.0,-0.275
6357,0.0,0.0,0.0,0.0,0.0,0.0,-0.275
6358,0.0,0.0,0.0,0.0,0.0,0.0,-0.275
6359,0.0,0.0,0.0,0.0,0.0,0.0,-0.275
6360,0.0,0.0,0.0,0.0,0.0,0.0,-0.275
6361,0.0,0.0,0.0,0.0,0.0,0.0,-0.275
6362,0.0,0.0,0.0,0.0,0.0,0.0,-0.275
6363,0.0,0.0,0.0,0.0,0.0,0.0,-0.275
6364,0.0,0.0,0.0,0.0,0.0,0.0,-0.275
6365,0.0,0.0,0.0,0.0,0.0,0.0,-0.275
6366,0.0,0.0,0.0,0.0,0.0,0.0,-0.275
6367,0.0,0.0,0.0,0.0,0.0,0.0,-0.275
6368,0.0,0.0,0.0,0.0,0.0,0.0,-0.275
6369,74.3854861111111,60.62713541666667,952.2483333333333,129.1156794757337,0.0,0.0,-2.503639662000868
6370,150.40700532277424,121.20418750021193,1032.904631254408,381.4170502960759,0.0,0.0,51.127607760777074
6371,150.37109375,121.22363715277778,1016.1450694444444,412.98162070141814,0.0,0.0,51.078098958333335
6372,150.09298611111112,121.2297482638889,1165.8081944444446,493.5081075086852,0.0,0.0,50.97434027777778
6373,150.4204513888889,121.20859375,910.855,391.8070426134076,0.0,0.0,50.885334201388886
6374,151.15758680555555,121.23328125,1163.880138888889,501.477649891906,0.0,0.0,50.838580729166665
6375,151.2776388888889,121.19738715277778,884.2393055555556,378.74437850871084,0.0,0.0,50.75433159722222
6376,0.0,0.0,0.0,0.0,0.0,0.0,-0.5084750027126737
6377,0.0,0.0,93.04730902777777,0.0,0.0,0.0,-1.1732447645399307
6378,72.98419270833334,58.79782986111111,317.1239756944444,59.056451840439685,0.0,0.0,-1.9183917236328125
6379,0.0,0.0,0.0,0.0,0.0,0.0,-0.5084750027126737
6380,0.0,0.0,0.0,0.0,0.0,0.0,-0.275
6381,0.0,0.0,0.0,0.0,0.0,0.0,-0.275
6382,0.0,0.0,0.0,0.0,0.0,0.0,-0.275
6383,0.0,0.0,0.0,0.0,0.0,0.0,-0.275
6384,0.0,0.0,0.0,0.0,0.0,0.0,-0.275
6385,0.0,0.0,0.0,0.0,0.0,0.0,-0.275
6386,0.0,0.0,0.0,0.0,0.0,0.0,-0.275
6387,0.0,0.0,0.0,0.0,0.0,0.0,-0.275
6388,0.0,0.0,0.0,0.0,0.0,0.0,-0.275
6389,0.0,0.0,0.0,0.0,0.0,0.0,-0.275
6390,0.0,0.0,0.0,0.0,0.0,0.0,-0.275
6391,0.0,0.0,0.0,0.0,0.0,0.0,-0.275
6392,0.0,0.0,0.0,0.0,0.0,0.0,-0.275
6393,0.0,0.0,168.4047048611111,0.0,0.0,0.0,-1.3643111165364583
6394,121.99204427083333,100.63778645833334,641.3670746527778,200.7420443508524,0.0,0.0,15.475972934299046
6395,146.91338541666667,121.22594618055555,329.2992708333333,136.8507990964959,0.0,0.0,50.66095486111111
6396,0.0,0.0,0.0,0.0,0.0,0.0,-0.5084750027126737
6397,0.0,0.0,114.7012673611111,0.0,0.0,0.0,-1.43547607421875
6398,0.0,0.0,0.0,0.0,0.0,0.0,-0.5084750027126737
6399,0.0,0.0,85.41583333333334,0.0,0.0,0.0,-1.1699300130208334
6400,0.0,0.0,0.0,0.0,0.0,0.0,-0.5084750027126737
6401,74.06227430555556,60.61529079861111,442.92189236111113,92.00953498767828,0.0,0.0,-2.2272629801432293
6402,96.79142041312323,70.96879084057278,207.86992206361558,71.49403969005118,0.0,0.0,26.261570186465978
6403,0.0,0.0,0.0,0.0,0.0,0.0,-0.5084750027126737
6404,0.0,0.0,0.0,0.0,0.0,0.0,-0.275
6405,0.0,0.0,0.0,0.0,0.0,0.0,-0.275
6406,0.0,0.0,0.0,0.0,0.0,0.0,-0.275
6407,0.0,0.0,0.0,0.0,0.0,0.0,-0.275
6408,0.0,0.0,0.0,0.0,0.0,0.0,-0.275
6409,0.0,0.0,0.0,0.0,0.0,0.0,-0.275
6410,0.0,0.0,0.0,0.0,0.0,0.0,-0.275
6411,0.0,0.0,0.0,0.0,0.0,0.0,-0.275
6412,0.0,0.0,0.0,0.0,0.0,0.0,-0.275
6413,0.0,0.0,0.0,0.0,0.0,0.0,-0.275
6414,0.0,0.0,0.0,0.0,0.0,0.0,-0.275
6415,0.0,0.0,0.0,0.0,0.0,0.0,-0.275
6416,0.0,0.0,0.0,0.0,0.0,0.0,-0.275
6417,50.9951953125,41.693194444444444,431.2319791666667,41.884373802567616,0.0,0.0,-2.1136343722873265
6418,0.0,0.0,0.0,0.0,0.0,0.0,-0.5084750027126737
6419,49.977825520833335,40.47499131944444,279.2497829861111,40.66259116062293,0.0,0.0,-2.1082076687282987
6420,148.0621506076389,121.25798828125,620.6030034722222,266.0399088607546,0.0,0.0,42.25037489149305
6421,148.45208333333332,121.24483506944445,987.4528472222222,430.04987661267364,0.0,0.0,50.995646701388885
6422,148.53744791666668,121.35241319444444,1072.80125,470.28338300742286,0.0,0.0,50.95660590277778
6423,148.1287673611111,121.28388020833333,1032.702361111111,451.456682188877,0.0,0.0,50.911098090277775
6424,148.04574652777777,121.22961805555556,1009.2147222222222,433.94313315239634,0.0,0.0,50.88109375
6425,147.86026041666668,121.17289930555556,839.8527083333333,348.88309553101163,0.0,0.0,50.82174479166667
6426,147.64477430555556,121.23638020833333,459.22302083333335,175.70793746584303,0.0,0.0,50.69879774305556
6427,0.0,0.0,0.0,0.0,0.0,0.0,-0.5084750027126737
6428,0.0,0.0,0.0,0.0,0.0,0.0,-0.275
6429,0.0,0.0,0.0,0.0,0.0,0.0,-0.275
6430,0.0,0.0,0.0,0.0,0.0,0.0,-0.275
6431,0.0,0.0,0.0,0.0,0.0,0.0,-0.275
6432,0.0,0.0,0.0,0.0,0.0,0.0,-0.275
6433,0.0,0.0,0.0,0.0,0.0,0.0,-0.275
6434,0.0,0.0,0.0,0.0,0.0,0.0,-0.275
6435,0.0,0.0,0.0,0.0,0.0,0.0,-0.275
6436,0.0,0.0,0.0,0.0,0.0,0.0,-0.275
6437,0.0,0.0,0.0,0.0,0.0,0.0,-0.275
6438,0.0,0.0,0.0,0.0,0.0,0.0,-0.275
6439,0.0,0.0,0.0,0.0,0.0,0.0,-0.275
6440,0.0,0.0,0.0,0.0,0.0,0.0,-0.275
6441,73.07676215277777,60.61705295138889,674.4682638888889,90.30119575463598,0.0,0.0,-2.217856920030382
6442,146.02173592037624,121.17822822570801,905.7719461568197,341.9150131332435,0.0,0.0,51.13551034235292
6443,146.0014236111111,121.22452256944445,990.8641666666666,413.4884768012374,0.0,0.0,51.099262152777776
6444,145.94463541666667,121.25092881944444,1045.3900694444444,454.31820777573284,0.0,0.0,51.00785590277778
6445,145.81262152777776,121.16619791666666,1098.5406944444444,486.4992143589419,0.0,0.0,50.89516493055555
6446,145.76911458333333,121.16123263888889,1107.1294444444445,493.47203682759823,0.0,0.0,50.815264756944444
6447,145.83003472222222,121.22710069444445,949.7,421.2324769812393,0.0,0.0,50.72724826388889
6448,145.83864583333335,121.22505208333334,949.8888194444445,414.2211846976589,0.0,0.0,50.68392361111111
6449,145.98005208333333,121.1797829861111,788.7920138888888,331.40279477242717,0.0,0.0,50.65223524305556
6450,146.04491319444443,121.24973958333334,568.6658680555555,219.1700554149431,0.0,0.0,50.60123263888889
6451,0.0,0.0,0.0,0.0,0.0,0.0,-0.5084750027126737
6452,0.0,0.0,0.0,0.0,0.0,0.0,-0.275
6453,0.0,0.0,0.0,0.0,0.0,0.0,-0.275
6454,0.0,0.0,0.0,0.0,0.0,0.0,-0.275
6455,0.0,0.0,0.0,0.0,0.0,0.0,-0.275
6456,0.0,0.0,0.0,0.0,0.0,0.0,-0.275
6457,0.0,0.0,0.0,0.0,0.0,0.0,-0.275
6458,0.0,0.0,0.0,0.0,0.0,0.0,-0.275
6459,0.0,0.0,0.0,0.0,0.0,0.0,-0.275
6460,0.0,0.0,0.0,0.0,0.0,0.0,-0.275
6461,0.0,0.0,0.0,0.0,0.0,0.0,-0.275
6462,0.0,0.0,0.0,0.0,0.0,0.0,-0.275
6463,0.0,0.0,0.0,0.0,0.0,0.0,-0.275
6464,0.0,0.0,0.0,0.0,0.0,0.0,-0.275
6465,64.19009114583334,53.25367621527778,486.8230555555556,56.68358318084904,0.0,0.0,-2.154087660047743
6466,145.9408056640625,121.1796609157986,970.5585243055556,365.64567591375305,0.0,0.0,47.87336573282877
6467,145.96302083333333,121.282109375,1081.214861111111,451.0296860876242,0.0,0.0,50.93949652777778
6468,145.83309027777779,121.24572048611111,1034.8057638888888,449.7425676198676,0.0,0.0,50.82224392361111
6469,145.7448784722222,121.18512152777778,1066.0057638888889,472.1097790235156,0.0,0.0,50.72255642361111
6470,145.77756944444445,121.24166666666666,1138.2486111111111,507.33060590060995,0.0,0.0,50.598971354166665
6471,145.75958333333332,121.24552951388888,1160.8868055555556,514.8696148517439,0.0,0.0,50.50991753472222
6472,145.7306076388889,121.23991319444444,1016.4416666666667,443.21096907296493,0.0,0.0,50.45768663194445
6473,145.78633680555555,121.267421875,709.6188194444444,298.27974224372724,0.0,0.0,50.40931423611111
6474,145.76498263888888,121.25153645833333,587.4075,225.96142753923084,0.0,0.0,50.41663628472222
6475,0.0,0.0,0.0,0.0,0.0,0.0,-0.5084750027126737
6476,0.0,0.0,0.0,0.0,0.0,0.0,-0.275
6477,0.0,0.0,0.0,0.0,0.0,0.0,-0.275
6478,0.0,0.0,0.0,0.0,0.0,0.0,-0.275
6479,0.0,0.0,0.0,0.0,0.0,0.0,-0.275
6480,0.0,0.0,0.0,0.0,0.0,0.0,-0.275
6481,0.0,0.0,0.0,0.0,0.0,0.0,-0.275
6482,0.0,0.0,0.0,0.0,0.0,0.0,-0.275
6483,0.0,0.0,0.0,0.0,0.0,0.0,-0.275
6484,0.0,0.0,0.0,0.0,0.0,0.0,-0.275
6485,0.0,0.0,0.0,0.0,0.0,0.0,-0.275
6486,0.0,0.0,0.0,0.0,0.0,0.0,-0.275
6487,0.0,0.0,0.0,0.0,0.0,0.0,-0.275
6488,0.0,0.0,0.0,0.0,0.0,0.0,-0.275
6489,73.058125,60.62342013888889,849.6954166666667,111.33402060212737,0.0,0.0,-2.331984117296007
6490,146.2059956020779,121.17244806925456,934.8550483534071,350.623731130226,0.0,0.0,51.00073622730043
6491,146.54164930555555,121.23219618055556,1042.8147222222221,432.627181283158,0.0,0.0,50.87828125
6492,146.4685590277778,121.15697916666667,1122.9047222222223,485.2307179374298,0.0,0.0,50.78935763888889
6493,146.51512152777778,121.23841145833333,1134.4867361111112,499.71958914424096,0.0,0.0,50.69155815972222
6494,146.683125,121.24517361111111,1160.53625,513.7592566588056,0.0,0.0,50.582348090277776
6495,146.7955902777778,121.168828125,1077.6822916666667,473.95834867356336,0.0,0.0,50.49696180555556
6496,146.96114583333335,121.23817708333333,1018.8821527777778,440.13090893916586,0.0,0.0,50.466870659722225
6497,147.0323263888889,121.16306423611111,828.3785416666667,344.39441244071514,0.0,0.0,50.46828559027778
6498,146.99265625,121.240078125,489.2770138888889,185.8893420871667,0.0,0.0,50.41490885416667
6499,0.0,0.0,0.0,0.0,0.0,0.0,-0.5084750027126737
6500,0.0,0.0,0.0,0.0,0.0,0.0,-0.275
6501,0.0,0.0,0.0,0.0,0.0,0.0,-0.275
6502,0.0,0.0,0.0,0.0,0.0,0.0,-0.275
6503,0.0,0.0,0.0,0.0,0.0,0.0,-0.275
6504,0.0,0.0,0.0,0.0,0.0,0.0,-0.275
6505,0.0,0.0,0.0,0.0,0.0,0.0,-0.275
6506,0.0,0.0,0.0,0.0,0.0,0.0,-0.275
6507,0.0,0.0,0.0,0.0,0.0,0.0,-0.275
6508,0.0,0.0,0.0,0.0,0.0,0.0,-0.275
6509,0.0,0.0,0.0,0.0,0.0,0.0,-0.275
6510,0.0,0.0,0.0,0.0,0.0,0.0,-0.275
6511,0.0,0.0,0.0,0.0,0.0,0.0,-0.275
6512,0.0,0.0,0.0,0.0,0.0,0.0,-0.275
6513,73.06817708333334,60.62355902777778,864.1628125,111.92298884754979,0.0,0.0,-2.336225857204861
6514,145.9559758207533,121.17879028320313,1013.2596831936306,379.6926036273003,0.0,0.0,51.034934505754045
6515,145.97796875,121.28572916666667,1087.7002083333334,452.66223686012205,0.0,0.0,50.90486111111111
6516,145.89855902777776,121.30354166666666,1064.9136805555556,462.20455259826673,0.0,0.0,50.802899305555556
6517,145.71925347222222,121.16206597222222,1116.190138888889,493.7348298329959,0.0,0.0,50.708819444444444
6518,145.76854166666666,121.24546006944445,1102.7879166666667,490.93944610010504,0.0,0.0,50.58836371527778
6519,145.68138888888888,121.16888888888889,1098.8372916666667,486.6044953735763,0.0,0.0,50.500286458333335
6520,145.78300347222222,121.23313368055555,997.57875,433.9729355327824,0.0,0.0,50.448628472222225
6521,146.25585069444443,121.26935763888889,731.7177777777778,305.5796811236651,0.0,0.0,50.41580729166667
6522,146.66539930555555,121.23921006944444,480.2702777777778,182.13581716228745,0.0,0.0,50.37280381944444
6523,0.0,0.0,0.0,0.0,0.0,0.0,-0.5084750027126737
6524,0.0,0.0,0.0,0.0,0.0,0.0,-0.275
6525,0.0,0.0,0.0,0.0,0.0,0.0,-0.275
6526,0.0,0.0,0.0,0.0,0.0,0.0,-0.275
6527,0.0,0.0,0.0,0.0,0.0,0.0,-0.275
6528,0.0,0.0,0.0,0.0,0.0,0.0,-0.275
6529,0.0,0.0,0.0,0.0,0.0,0.0,-0.275
6530,0.0,0.0,0.0,0.0,0.0,0.0,-0.275
6531,0.0,0.0,0.0,0.0,0.0,0.0,-0.275
6532,0.0,0.0,0.0,0.0,0.0,0.0,-0.275
6533,0.0,0.0,0.0,0.0,0.0,0.0,-0.275
6534,0.0,0.0,0.0,0.0,0.0,0.0,-0.275
6535,0.0,0.0,0.0,0.0,0.0,0.0,-0.275
6536,0.0,0.0,0.0,0.0,0.0,0.0,-0.275
6537,73.07603298611112,60.62227430555556,836.4414583333333,107.04253672102594,0.0,0.0,-2.3033683946397567
6538,146.01597049713135,121.21740151723226,1032.6214670477973,385.8608768576767,0.0,0.0,51.078743304246004
6539,145.900625,121.18186631944444,1127.0170833333334,468.3103105516457,0.0,0.0,50.944453125
6540,145.7980902777778,121.18394097222222,1074.7698611111111,466.01517694999353,0.0,0.0,50.80704427083333
6541,145.8075173611111,121.2298263888889,968.145,427.96139197237386,0.0,0.0,50.67897135416667
6542,145.79194444444445,121.23655381944444,1113.9384027777778,495.4600379850745,0.0,0.0,50.58265625
6543,145.7775,121.23940972222222,1133.1519444444446,501.38924976056717,0.0,0.0,50.507816840277776
6544,145.9401736111111,121.22672743055556,967.8348611111111,420.14684996441304,0.0,0.0,50.44533420138889
6545,145.74432291666668,121.18372395833333,806.8729166666667,337.33117287786087,0.0,0.0,50.56816840277778
6546,145.8073611111111,121.23870659722222,479.6095486111111,182.20186350630368,0.0,0.0,50.52115017361111
6547,0.0,0.0,0.0,0.0,0.0,0.0,-0.5084750027126737
6548,0.0,0.0,0.0,0.0,0.0,0.0,-0.275
6549,0.0,0.0,0.0,0.0,0.0,0.0,-0.275
6550,0.0,0.0,0.0,0.0,0.0,0.0,-0.275
6551,0.0,0.0,0.0,0.0,0.0,0.0,-0.275
6552,0.0,0.0,0.0,0.0,0.0,0.0,-0.275
6553,0.0,0.0,0.0,0.0,0.0,0.0,-0.275
6554,0.0,0.0,0.0,0.0,0.0,0.0,-0.275
6555,0.0,0.0,0.0,0.0,0.0,0.0,-0.275
6556,0.0,0.0,0.0,0.0,0.0,0.0,-0.275
6557,0.0,0.0,0.0,0.0,0.0,0.0,-0.275
6558,0.0,0.0,0.0,0.0,0.0,0.0,-0.275
6559,0.0,0.0,0.0,0.0,0.0,0.0,-0.275
6560,0.0,0.0,0.0,0.0,0.0,0.0,-0.275
6561,73.82669270833334,60.625147569444444,929.8663194444445,117.16815518169764,0.0,0.0,-2.3817366536458335
6562,147.56217421213785,121.22921357048882,1062.4192971462674,392.3988835315106,0.0,0.0,51.12417285992039
6563,147.68244791666666,121.154609375,1154.4688194444445,473.57102771052666,0.0,0.0,51.064166666666665
6564,148.43157986111112,121.25764756944444,1244.8059722222222,530.3178121934145,0.0,0.0,50.97409722222222
6565,148.58097222222221,121.15110243055555,1240.1947222222223,537.4924428818028,0.0,0.0,50.82632378472222
6566,148.82357638888888,121.25475694444444,1206.7295833333333,525.7228399594152,0.0,0.0,50.78993923611111
6567,148.6068923611111,121.247890625,1146.5677083333333,497.5421733668546,0.0,0.0,50.69063802083333
6568,148.59458333333333,121.25091145833333,1015.8215277777778,433.00487045883466,0.0,0.0,50.66072916666667
6569,148.55131944444443,121.17453993055555,852.1088888888889,349.224095017328,0.0,0.0,50.6752734375
6570,148.98677083333334,121.24420138888888,572.7242708333333,212.56154614362623,0.0,0.0,50.6743359375
6571,0.0,0.0,0.0,0.0,0.0,0.0,-0.5084750027126737
6572,0.0,0.0,0.0,0.0,0.0,0.0,-0.275
6573,0.0,0.0,0.0,0.0,0.0,0.0,-0.275
6574,0.0,0.0,0.0,0.0,0.0,0.0,-0.275
6575,0.0,0.0,0.0,0.0,0.0,0.0,-0.275
6576,0.0,0.0,0.0,0.0,0.0,0.0,-0.275
6577,0.0,0.0,0.0,0.0,0.0,0.0,-0.275
6578,0.0,0.0,0.0,0.0,0.0,0.0,-0.275
6579,0.0,0.0,0.0,0.0,0.0,0.0,-0.275
6580,0.0,0.0,0.0,0.0,0.0,0.0,-0.275
6581,0.0,0.0,0.0,0.0,0.0,0.0,-0.275
6582,0.0,0.0,0.0,0.0,0.0,0.0,-0.275
6583,0.0,0.0,0.0,0.0,0.0,0.0,-0.275
6584,0.0,0.0,0.0,0.0,0.0,0.0,-0.275
6585,0.0,0.0,0.0,0.0,0.0,0.0,-0.275
6586,73.35395833333334,60.611180555555556,1125.7361805555556,208.49400750562114,0.0,0.0,-2.8984619140625
6587,146.41679239484998,121.23227688683404,1047.2641695488824,433.04037934532965,0.0,0.0,51.040719467964436
6588,146.00901041666665,121.27267361111112,1265.2869444444445,547.6561978658236,0.0,0.0,50.93405381944444
6589,145.89277777777778,121.24887152777778,1178.6306944444445,520.3049078734433,0.0,0.0,50.819118923611114
6590,145.83875,121.25155381944444,1178.7519444444445,523.6779869258141,0.0,0.0,50.738355034722225
6591,145.80184027777779,121.26927951388889,1255.47125,554.9556392435167,0.0,0.0,50.662960069444445
6592,145.73390625,121.22990451388888,941.9606944444445,408.92288125423073,0.0,0.0,50.5906640625
6593,145.71545138888888,121.19119791666667,787.9964583333333,328.69007674242084,0.0,0.0,50.573980034722226
6594,145.77807291666667,121.24834201388889,565.7130555555556,213.6894610653558,0.0,0.0,50.534175347222224
6595,0.0,0.0,0.0,0.0,0.0,0.0,-0.5084750027126737
6596,0.0,0.0,0.0,0.0,0.0,0.0,-0.275
6597,0.0,0.0,0.0,0.0,0.0,0.0,-0.275
6598,0.0,0.0,0.0,0.0,0.0,0.0,-0.275
6599,0.0,0.0,0.0,0.0,0.0,0.0,-0.275
6600,0.0,0.0,0.0,0.0,0.0,0.0,-0.275
6601,0.0,0.0,0.0,0.0,0.0,0.0,-0.275
6602,0.0,0.0,0.0,0.0,0.0,0.0,-0.275
6603,0.0,0.0,0.0,0.0,0.0,0.0,-0.275
6604,0.0,0.0,0.0,0.0,0.0,0.0,-0.275
6605,0.0,0.0,0.0,0.0,0.0,0.0,-0.275
6606,0.0,0.0,0.0,0.0,0.0,0.0,-0.275
6607,0.0,0.0,0.0,0.0,0.0,0.0,-0.275
6608,0.0,0.0,0.0,0.0,0.0,0.0,-0.275
6609,73.06822048611112,60.62349826388889,899.960625,111.72028808156688,0.0,0.0,-2.3347791883680555
6610,145.98355931599934,121.22317167917888,1079.9743227471245,400.86486768888614,0.0,0.0,51.06373884075218
6611,145.84807291666667,121.16569444444444,1172.9677777777779,486.0141619952556,0.0,0.0,50.930950520833335
6612,145.87555555555556,121.26802951388889,1246.5454166666666,539.6118882260125,0.0,0.0,50.817044270833335
6613,145.8635763888889,121.27010416666667,1240.9902777777777,547.67869545215,0.0,0.0,50.705638020833334
6614,145.83760416666667,121.25080729166666,1177.3093055555555,522.6776303612489,0.0,0.0,50.58361979166666
6615,146.02795138888888,121.22509548611112,940.6123611111111,414.6640677090338,0.0,0.0,50.4890234375
6616,146.19680555555556,121.22381944444444,938.2663194444444,405.5986939056519,0.0,0.0,50.46249565972222
6617,146.33043402777778,121.17433159722222,817.6729166666667,338.9660449274232,0.0,0.0,50.472721354166666
6618,146.58760416666667,121.2499826388889,588.4726388888889,220.12160284383233,0.0,0.0,50.465481770833335
6619,0.0,0.0,0.0,0.0,0.0,0.0,-0.5084750027126737
6620,0.0,0.0,0.0,0.0,0.0,0.0,-0.275
6621,0.0,0.0,0.0,0.0,0.0,0.0,-0.275
6622,0.0,0.0,0.0,0.0,0.0,0.0,-0.275
6623,0.0,0.0,0.0,0.0,0.0,0.0,-0.275
6624,0.0,0.0,0.0,0.0,0.0,0.0,-0.275
6625,0.0,0.0,0.0,0.0,0.0,0.0,-0.275
6626,0.0,0.0,0.0,0.0,0.0,0.0,-0.275
6627,0.0,0.0,0.0,0.0,0.0,0.0,-0.275
6628,0.0,0.0,0.0,0.0,0.0,0.0,-0.275
6629,0.0,0.0,0.0,0.0,0.0,0.0,-0.275
6630,0.0,0.0,0.0,0.0,0.0,0.0,-0.275
6631,0.0,0.0,0.0,0.0,0.0,0.0,-0.275
6632,0.0,0.0,0.0,0.0,0.0,0.0,-0.275
6633,73.08586805555555,60.62394097222222,926.9809375,113.53930969634986,0.0,0.0,-2.348132595486111
6634,145.93974413553875,121.16699931250677,1059.399000515408,391.98555636851864,0.0,0.0,51.01170249134302
6635,146.12842013888888,121.17824652777777,1117.2552777777778,461.47508365177185,0.0,0.0,50.835078125
6636,146.36003472222222,121.24090277777778,1174.5722222222223,506.270558299603,0.0,0.0,50.6970703125
6637,146.69776041666665,121.25607638888889,1202.725138888889,527.3591020069455,0.0,0.0,50.546840277777775
6638,146.8814236111111,121.25166666666667,1185.5340277777777,522.2271278604734,0.0,0.0,50.441592881944445
6639,147.08046875,121.23580729166666,1124.46875,491.82631664040116,0.0,0.0,50.377651909722225
6640,147.33029513888889,121.244140625,1040.4821527777779,445.9404604479022,0.0,0.0,50.36399739583333
6641,147.27432291666668,121.15908854166666,886.4909722222222,364.40647075339984,0.0,0.0,50.388576388888886
6642,146.99192708333334,121.24993923611112,591.8838888888889,219.8280769165861,0.0,0.0,50.38523003472222
6643,0.0,0.0,0.0,0.0,0.0,0.0,-0.5084750027126737
6644,0.0,0.0,0.0,0.0,0.0,0.0,-0.275
6645,0.0,0.0,0.0,0.0,0.0,0.0,-0.275
6646,0.0,0.0,0.0,0.0,0.0,0.0,-0.275
6647,0.0,0.0,0.0,0.0,0.0,0.0,-0.275
6648,0.0,0.0,0.0,0.0,0.0,0.0,-0.275
6649,0.0,0.0,0.0,0.0,0.0,0.0,-0.275
6650,0.0,0.0,0.0,0.0,0.0,0.0,-0.275
6651,0.0,0.0,0.0,0.0,0.0,0.0,-0.275
6652,0.0,0.0,0.0,0.0,0.0,0.0,-0.275
6653,0.0,0.0,0.0,0.0,0.0,0.0,-0.275
6654,0.0,0.0,0.0,0.0,0.0,0.0,-0.275
6655,0.0,0.0,0.0,0.0,0.0,0.0,-0.275
6656,0.0,0.0,0.0,0.0,0.0,0.0,-0.275
6657,73.05122395833334,60.62342013888889,921.1831597222222,111.35346769192034,0.0,0.0,-2.332080620659722
6658,145.87351901160346,121.1517013613383,1035.99222720676,382.26649050979074,0.0,0.0,50.99328992621766
6659,145.89090277777777,121.23725694444444,1065.129375,440.27156833902694,0.0,0.0,50.83889756944444
6660,145.86645833333333,121.2925,1059.8439583333334,458.197874184558,0.0,0.0,50.71905381944445
6661,145.80675347222223,121.23888020833333,1134.2980555555555,499.98130260705017,0.0,0.0,50.58240017361111
6662,146.1612673611111,121.25144097222223,1182.2306944444445,522.9635604378087,0.0,0.0,50.46729166666667
6663,146.29038194444445,121.17794270833333,1096.1676388888889,481.42269065110844,0.0,0.0,50.39819444444444
6664,146.72210069444444,121.24239583333333,1034.940625,444.9303658633482,0.0,0.0,50.37591579861111
6665,146.9870659722222,121.25322916666667,849.7628472222223,349.5850766591119,0.0,0.0,50.385746527777776
6666,146.98909722222223,121.24888020833333,584.4142361111111,216.0871145804321,0.0,0.0,50.387018229166664
6667,0.0,0.0,0.0,0.0,0.0,0.0,-0.5084750027126737
6668,0.0,0.0,0.0,0.0,0.0,0.0,-0.275
6669,0.0,0.0,0.0,0.0,0.0,0.0,-0.275
6670,0.0,0.0,0.0,0.0,0.0,0.0,-0.275
6671,0.0,0.0,0.0,0.0,0.0,0.0,-0.275
6672,0.0,0.0,0.0,0.0,0.0,0.0,-0.275
6673,0.0,0.0,0.0,0.0,0.0,0.0,-0.275
6674,0.0,0.0,0.0,0.0,0.0,0.0,-0.275
6675,0.0,0.0,0.0,0.0,0.0,0.0,-0.275
6676,0.0,0.0,0.0,0.0,0.0,0.0,-0.275
6677,0.0,0.0,0.0,0.0,0.0,0.0,-0.275
6678,0.0,0.0,0.0,0.0,0.0,0.0,-0.275
6679,0.0,0.0,0.0,0.0,0.0,0.0,-0.275
6680,0.0,0.0,0.0,0.0,0.0,0.0,-0.275
6681,73.05097222222223,60.62330295138889,930.3517361111111,110.89760080117514,0.0,0.0,-2.3288821750217013
6682,145.8903107155694,121.16865254720052,1064.6304908243815,391.59259141728586,0.0,0.0,50.999154973791704
6683,145.8340625,121.18329861111111,1140.2575694444445,470.63756798362897,0.0,0.0,50.838793402777775
6684,145.84256944444445,121.24577256944444,1139.354236111111,492.0657565349901,0.0,0.0,50.68014756944444
6685,146.30651041666667,121.25114583333334,1190.226111111111,522.5292876205694,0.0,0.0,50.51123697916667
6686,146.76232638888888,121.27055555555556,1224.015,538.9241334005355,0.0,0.0,50.404444444444444
6687,146.94095486111112,121.24517361111111,1174.815,513.545960435326,0.0,0.0,50.34232204861111
6688,147.3009722222222,121.24328125,1040.6709722222222,445.1632219275648,0.0,0.0,50.320638020833336
6689,147.51663194444444,121.155390625,868.7471527777777,355.1210217313566,0.0,0.0,50.34426215277778
6690,147.07789930555555,121.242734375,530.0365972222222,194.9532821037903,0.0,0.0,50.32266059027778
6691,0.0,0.0,0.0,0.0,0.0,0.0,-0.5084750027126737
6692,0.0,0.0,0.0,0.0,0.0,0.0,-0.275
6693,0.0,0.0,0.0,0.0,0.0,0.0,-0.275
6694,0.0,0.0,0.0,0.0,0.0,0.0,-0.275
6695,0.0,0.0,0.0,0.0,0.0,0.0,-0.275
6696,0.0,0.0,0.0,0.0,0.0,0.0,-0.275
6697,0.0,0.0,0.0,0.0,0.0,0.0,-0.275
6698,0.0,0.0,0.0,0.0,0.0,0.0,-0.275
6699,0.0,0.0,0.0,0.0,0.0,0.0,-0.275
6700,0.0,0.0,0.0,0.0,0.0,0.0,-0.275
6701,0.0,0.0,0.0,0.0,0.0,0.0,-0.275
6702,0.0,0.0,0.0,0.0,0.0,0.0,-0.275
6703,0.0,0.0,0.0,0.0,0.0,0.0,-0.275
6704,0.0,0.0,0.0,0.0,0.0,0.0,-0.275
6705,0.0,0.0,0.0,0.0,0.0,0.0,-0.275
6706,73.08206597222222,60.588276909722225,867.1021527777777,158.6535448298513,0.0,0.0,-2.9215023464626735
6707,146.41919453938803,121.17218778398302,896.7651163228353,368.0915750741208,0.0,0.0,50.88661197076241
6708,146.69345486111112,121.17034722222222,1106.0372916666668,474.21901995730906,0.0,0.0,50.84282552083334
6709,147.29133680555555,121.22513020833334,957.2775694444445,417.0652631791224,0.0,0.0,50.739010416666666
6710,148.32612847222222,121.25847222222222,610.490625,265.73648662513403,0.0,0.0,50.66808159722222
6711,146.3040625,118.3886892361111,277.5913541666667,118.91377444797162,0.0,0.0,49.119526909722225
6712,0.0,0.0,0.0,0.0,0.0,0.0,-0.5084750027126737
6713,0.0,0.0,0.0,0.0,0.0,0.0,-0.275
6714,74.80141493055555,60.6148046875,506.57588541666667,91.14477588082026,0.0,0.0,-2.2254514567057293
6715,0.0,0.0,0.0,0.0,0.0,0.0,-0.5084750027126737
6716,0.0,0.0,0.0,0.0,0.0,0.0,-0.275
6717,0.0,0.0,0.0,0.0,0.0,0.0,-0.275
6718,0.0,0.0,0.0,0.0,0.0,0.0,-0.275
6719,0.0,0.0,0.0,0.0,0.0,0.0,-0.275
6720,0.0,0.0,0.0,0.0,0.0,0.0,-0.275
6721,0.0,0.0,0.0,0.0,0.0,0.0,-0.275
6722,0.0,0.0,0.0,0.0,0.0,0.0,-0.275
6723,0.0,0.0,0.0,0.0,0.0,0.0,-0.275
6724,0.0,0.0,0.0,0.0,0.0,0.0,-0.275
6725,0.0,0.0,0.0,0.0,0.0,0.0,-0.275
6726,0.0,0.0,0.0,0.0,0.0,0.0,-0.275
6727,0.0,0.0,0.0,0.0,0.0,0.0,-0.275
6728,0.0,0.0,0.0,0.0,0.0,0.0,-0.275
6729,0.0,0.0,0.0,0.0,0.0,0.0,-0.275
6730,74.93145833333334,60.61039496527778,932.1719097222223,165.8495801836478,0.0,0.0,-2.9173523627387152
6731,149.45639614423115,121.23325377570258,1038.8102713860405,417.3196055357577,0.0,0.0,51.25165991913941
6732,148.72739583333333,121.24298611111111,1015.9968055555555,429.54495376598953,0.0,0.0,51.28919270833333
6733,147.78671875,121.15177951388888,1063.9429166666666,461.3705199394698,0.0,0.0,51.177434895833336
6734,147.8242361111111,121.2356076388889,1132.342986111111,494.1056310597337,0.0,0.0,51.11741753472222
6735,147.84815972222222,121.15151041666667,1088.0372916666668,471.5466643006236,0.0,0.0,51.09666232638889
6736,147.90682291666667,121.23434027777778,982.4640972222222,417.59242618629554,0.0,0.0,51.06671006944445
6737,147.86126736111112,121.16514756944444,844.9358333333333,343.19647197412525,0.0,0.0,51.05010850694445
6738,147.94125,121.244140625,556.5444791666666,201.56603829221163,0.0,0.0,50.940646701388886
6739,0.0,0.0,0.0,0.0,0.0,0.0,-0.5084750027126737
6740,0.0,0.0,0.0,0.0,0.0,0.0,-0.275
6741,0.0,0.0,0.0,0.0,0.0,0.0,-0.275
6742,0.0,0.0,0.0,0.0,0.0,0.0,-0.275
6743,0.0,0.0,0.0,0.0,0.0,0.0,-0.275
6744,0.0,0.0,0.0,0.0,0.0,0.0,-0.275
6745,0.0,0.0,0.0,0.0,0.0,0.0,-0.275
6746,0.0,0.0,0.0,0.0,0.0,0.0,-0.275
6747,0.0,0.0,0.0,0.0,0.0,0.0,-0.275
6748,0.0,0.0,0.0,0.0,0.0,0.0,-0.275
6749,0.0,0.0,0.0,0.0,0.0,0.0,-0.275
6750,0.0,0.0,0.0,0.0,0.0,0.0,-0.275
6751,0.0,0.0,0.0,0.0,0.0,0.0,-0.275
6752,0.0,0.0,0.0,0.0,0.0,0.0,-0.275
6753,0.0,0.0,0.0,0.0,0.0,0.0,-0.275
6754,73.46377604166666,60.57987847222222,998.3203125,180.4448136532372,0.0,0.0,-2.912136433919271
6755,146.73389255523682,121.23021422915988,1052.374312845866,429.9465902637788,0.0,0.0,51.24858690487014
6756,146.5927951388889,121.17002604166667,1067.556388888889,457.24344302913863,0.0,0.0,51.149539930555555
6757,146.48588541666666,121.23807291666667,1141.552013888889,499.4040144419097,0.0,0.0,51.080928819444445
6758,146.52413194444443,121.24933159722222,1182.7565277777778,520.3452201930658,0.0,0.0,51.00319878472222
6759,146.55489583333335,121.23436631944445,1118.1317361111112,488.78066000177716,0.0,0.0,50.92023003472222
6760,146.61956597222223,121.23802951388889,1028.9809722222221,440.7155570318349,0.0,0.0,50.889453125
6761,146.7785763888889,121.18033854166667,832.2617361111111,339.85818865961824,0.0,0.0,50.859913194444445
6762,146.9495138888889,121.24197048611111,531.6545833333333,192.87349944896272,0.0,0.0,50.79361111111111
6763,0.0,0.0,0.0,0.0,0.0,0.0,-0.5084750027126737
6764,0.0,0.0,0.0,0.0,0.0,0.0,-0.275
6765,0.0,0.0,0.0,0.0,0.0,0.0,-0.275
6766,0.0,0.0,0.0,0.0,0.0,0.0,-0.275
6767,0.0,0.0,0.0,0.0,0.0,0.0,-0.275
6768,0.0,0.0,0.0,0.0,0.0,0.0,-0.275
6769,0.0,0.0,0.0,0.0,0.0,0.0,-0.275
6770,0.0,0.0,0.0,0.0,0.0,0.0,-0.275
6771,0.0,0.0,0.0,0.0,0.0,0.0,-0.275
6772,0.0,0.0,0.0,0.0,0.0,0.0,-0.275
6773,0.0,0.0,0.0,0.0,0.0,0.0,-0.275
6774,0.0,0.0,0.0,0.0,0.0,0.0,-0.275
6775,0.0,0.0,0.0,0.0,0.0,0.0,-0.275
6776,0.0,0.0,0.0,0.0,0.0,0.0,-0.275
6777,0.0,0.0,0.0,0.0,0.0,0.0,-0.275
6778,73.0096701388889,60.587421875,995.4214583333334,180.4080991361556,0.0,0.0,-2.912183566623264
6779,145.97144436730278,121.23549075232611,1068.3518369547526,438.08299517778653,0.0,0.0,50.98337725549936
6780,145.91664930555555,121.24484375,1043.0709027777777,448.69760299272724,0.0,0.0,50.839144965277775
6781,145.84487847222223,121.24525173611111,1116.6350694444445,490.30861731250855,0.0,0.0,50.74349826388889
6782,145.80461805555555,121.24943576388888,1179.3856944444444,521.0200956976836,0.0,0.0,50.6386328125
6783,145.75996527777778,121.24491319444445,1114.0058333333334,489.2513095484779,0.0,0.0,50.5575
6784,145.72973958333333,121.24286458333333,1037.7450694444444,446.6816345334263,0.0,0.0,50.52284288194444
6785,145.69006944444445,121.18477430555555,842.5897916666667,345.90253486316954,0.0,0.0,50.511401909722224
6786,145.74526041666667,121.2390625,503.86579861111113,183.34379810710269,0.0,0.0,50.43881944444445
6787,0.0,0.0,0.0,0.0,0.0,0.0,-0.5084750027126737
6788,0.0,0.0,0.0,0.0,0.0,0.0,-0.275
6789,0.0,0.0,0.0,0.0,0.0,0.0,-0.275
6790,0.0,0.0,0.0,0.0,0.0,0.0,-0.275
6791,0.0,0.0,0.0,0.0,0.0,0.0,-0.275
6792,0.0,0.0,0.0,0.0,0.0,0.0,-0.275
6793,0.0,0.0,0.0,0.0,0.0,0.0,-0.275
6794,0.0,0.0,0.0,0.0,0.0,0.0,-0.275
6795,0.0,0.0,0.0,0.0,0.0,0.0,-0.275
6796,0.0,0.0,0.0,0.0,0.0,0.0,-0.275
6797,0.0,0.0,0.0,0.0,0.0,0.0,-0.275
6798,0.0,0.0,0.0,0.0,0.0,0.0,-0.275
6799,0.0,0.0,0.0,0.0,0.0,0.0,-0.275
6800,0.0,0.0,0.0,0.0,0.0,0.0,-0.275
6801,0.0,0.0,0.0,0.0,0.0,0.0,-0.275
6802,72.97626736111111,60.58808159722222,987.1022916666667,178.319023927443,0.0,0.0,-2.9130389404296877
6803,145.90897730085584,121.22608531104194,1022.8731736924913,418.9049299526113,0.0,0.0,50.8712094796035
6804,145.84309027777778,121.23559027777777,1018.3023611111112,437.8256972586154,0.0,0.0,50.73970052083333
6805,145.68571180555554,121.16803819444445,1110.7025,487.55199494963745,0.0,0.0,50.58508246527778
6806,145.7227951388889,121.243046875,1155.6284027777779,510.38429868546024,0.0,0.0,50.46111545138889
6807,145.63299479166668,121.17035590277777,1107.439513888889,486.06674322527147,0.0,0.0,50.38379774305555
6808,145.69090277777778,121.23425347222222,1013.4888888888889,435.809610906117,0.0,0.0,50.35331597222222
6809,145.7028125,121.18947916666667,786.081875,321.96989193023705,0.0,0.0,50.343172743055554
6810,145.71277777777777,121.16311631944444,487.52416666666664,176.3825006292429,0.0,0.0,50.29861979166667
6811,0.0,0.0,0.0,0.0,0.0,0.0,-0.5084750027126737
6812,0.0,0.0,0.0,0.0,0.0,0.0,-0.275
6813,0.0,0.0,0.0,0.0,0.0,0.0,-0.275
6814,0.0,0.0,0.0,0.0,0.0,0.0,-0.275
6815,0.0,0.0,0.0,0.0,0.0,0.0,-0.275
6816,0.0,0.0,0.0,0.0,0.0,0.0,-0.275
6817,0.0,0.0,0.0,0.0,0.0,0.0,-0.275
6818,0.0,0.0,0.0,0.0,0.0,0.0,-0.275
6819,0.0,0.0,0.0,0.0,0.0,0.0,-0.275
6820,0.0,0.0,0.0,0.0,0.0,0.0,-0.275
6821,0.0,0.0,0.0,0.0,0.0,0.0,-0.275
6822,0.0,0.0,0.0,0.0,0.0,0.0,-0.275
6823,0.0,0.0,0.0,0.0,0.0,0.0,-0.275
6824,0.0,0.0,0.0,0.0,0.0,0.0,-0.275
6825,0.0,0.0,0.0,0.0,0.0,0.0,-0.275
6826,72.93894965277778,60.58869791666667,1028.0372569444444,185.0983337331726,0.0,0.0,-2.91035637749566
6827,145.85464601304795,121.24043485005697,1085.5833786349826,444.0681487880329,0.0,0.0,50.738509463502304
6828,145.73902777777778,121.18487847222222,1080.9720833333333,464.46740655756935,0.0,0.0,50.54099392361111
6829,145.66027777777776,121.18676215277777,1069.7136805555556,469.34629539652906,0.0,0.0,50.3634765625
6830,145.62722222222223,121.17223958333334,1096.6529861111112,483.9885573837147,0.0,0.0,50.23275607638889
6831,145.64765625,121.18708333333333,1070.1046527777778,469.2794832476018,0.0,0.0,50.15983506944445
6832,145.91555555555556,121.23065972222223,961.1472222222222,412.15452630943855,0.0,0.0,50.14133246527778
6833,146.10640625,121.27033854166666,766.436875,312.55103464418596,0.0,0.0,50.171336805555555
6834,146.0861111111111,121.23635416666667,484.6253125,174.03326372916214,0.0,0.0,50.18510416666667
6835,0.0,0.0,0.0,0.0,0.0,0.0,-0.5084750027126737
6836,0.0,0.0,0.0,0.0,0.0,0.0,-0.275
6837,0.0,0.0,0.0,0.0,0.0,0.0,-0.275
6838,0.0,0.0,0.0,0.0,0.0,0.0,-0.275
6839,0.0,0.0,0.0,0.0,0.0,0.0,-0.275
6840,0.0,0.0,0.0,0.0,0.0,0.0,-0.275
6841,0.0,0.0,0.0,0.0,0.0,0.0,-0.275
6842,0.0,0.0,0.0,0.0,0.0,0.0,-0.275
6843,0.0,0.0,0.0,0.0,0.0,0.0,-0.275
6844,0.0,0.0,0.0,0.0,0.0,0.0,-0.275
6845,0.0,0.0,0.0,0.0,0.0,0.0,-0.275
6846,0.0,0.0,0.0,0.0,0.0,0.0,-0.275
6847,0.0,0.0,0.0,0.0,0.0,0.0,-0.275
6848,0.0,0.0,0.0,0.0,0.0,0.0,-0.275
6849,0.0,0.0,0.0,0.0,0.0,0.0,-0.275
6850,72.92401041666666,60.589114583333334,937.0393055555555,168.08406719998356,0.0,0.0,-2.91616943359375
6851,145.78579464382597,121.2266683154636,1028.482138671875,420.1457513238398,0.0,0.0,50.707916651235685
6852,145.71887152777776,121.23204861111111,1005.9653472222222,432.0438005522753,0.0,0.0,50.473203125
6853,145.71310763888889,121.30012152777778,1051.6597222222222,461.31945493150477,0.0,0.0,50.30874565972222
6854,145.5745920138889,121.17269097222223,1098.756388888889,484.70248441302095,0.0,0.0,50.19453125
6855,145.60452256944444,121.18790798611111,1072.4911805555555,470.0440395280403,0.0,0.0,50.130360243055556
6856,145.84364583333334,121.22697916666667,981.6147222222222,420.6054256775088,0.0,0.0,50.11868055555556
6857,146.0726736111111,121.1849045138889,795.681875,323.56998967421237,0.0,0.0,50.152126736111114
6858,146.07364583333333,121.24221354166667,447.91069444444446,159.96651920614755,0.0,0.0,50.128315972222225
6859,0.0,0.0,0.0,0.0,0.0,0.0,-0.5084750027126737
6860,0.0,0.0,0.0,0.0,0.0,0.0,-0.275
6861,0.0,0.0,0.0,0.0,0.0,0.0,-0.275
6862,0.0,0.0,0.0,0.0,0.0,0.0,-0.275
6863,0.0,0.0,0.0,0.0,0.0,0.0,-0.275
6864,0.0,0.0,0.0,0.0,0.0,0.0,-0.275
6865,0.0,0.0,0.0,0.0,0.0,0.0,-0.275
6866,0.0,0.0,0.0,0.0,0.0,0.0,-0.275
6867,0.0,0.0,0.0,0.0,0.0,0.0,-0.275
6868,0.0,0.0,0.0,0.0,0.0,0.0,-0.275
6869,0.0,0.0,0.0,0.0,0.0,0.0,-0.275
6870,0.0,0.0,0.0,0.0,0.0,0.0,-0.275
6871,0.0,0.0,0.0,0.0,0.0,0.0,-0.275
6872,0.0,0.0,0.0,0.0,0.0,0.0,-0.275
6873,0.0,0.0,0.0,0.0,0.0,0.0,-0.275
6874,72.93355034722222,60.58898003472222,975.5472916666666,174.25818314971698,0.0,0.0,-2.9127647569444446
6875,145.81402612898086,121.22645487043593,1029.156258477105,419.60516456271466,0.0,0.0,50.773096604512794
6876,145.75756944444444,121.22818576388889,988.5989583333334,424.0328000903407,0.0,0.0,50.576145833333335
6877,145.68618055555555,121.18650173611111,1076.7519444444445,471.5904739420308,0.0,0.0,50.4078125
6878,146.0660763888889,121.23588541666666,1121.69125,493.0075832934444,0.0,0.0,50.301380208333335
6879,146.21784722222222,121.17895833333333,1094.09125,477.02806861950205,0.0,0.0,50.24439236111111
6880,146.53204861111112,121.224140625,961.9022916666667,409.695226408687,0.0,0.0,50.24618489583333
6881,146.62140625,121.173125,780.2975694444444,315.34537961124795,0.0,0.0,50.29162760416666
6882,146.41961805555556,121.15764756944445,441.45222222222225,156.27406334566766,0.0,0.0,50.247157118055554
6883,0.0,0.0,0.0,0.0,0.0,0.0,-0.5084750027126737
6884,0.0,0.0,0.0,0.0,0.0,0.0,-0.275
6885,0.0,0.0,0.0,0.0,0.0,0.0,-0.275
6886,0.0,0.0,0.0,0.0,0.0,0.0,-0.275
6887,0.0,0.0,0.0,0.0,0.0,0.0,-0.275
6888,0.0,0.0,0.0,0.0,0.0,0.0,-0.275
6889,0.0,0.0,0.0,0.0,0.0,0.0,-0.275
6890,0.0,0.0,0.0,0.0,0.0,0.0,-0.275
6891,0.0,0.0,0.0,0.0,0.0,0.0,-0.275
6892,0.0,0.0,0.0,0.0,0.0,0.0,-0.275
6893,0.0,0.0,0.0,0.0,0.0,0.0,-0.275
6894,0.0,0.0,0.0,0.0,0.0,0.0,-0.275
6895,0.0,0.0,0.0,0.0,0.0,0.0,-0.275
6896,0.0,0.0,0.0,0.0,0.0,0.0,-0.275
6897,0.0,0.0,0.0,0.0,0.0,0.0,-0.275
6898,73.02454861111111,60.587213541666664,964.1675,171.2905924063198,0.0,0.0,-2.914284396701389
6899,145.99011402977837,121.22548490312364,979.9562586805556,398.34619981769646,0.0,0.0,51.05462860931953
6900,145.99255208333332,121.301015625,1076.8597222222222,460.94611814121487,0.0,0.0,50.94631076388889
6901,145.83293402777778,121.23611979166667,1130.0104166666667,494.21209223976643,0.0,0.0,50.8579296875
6902,145.80005208333333,121.24118055555556,1151.2597916666666,506.5286014262544,0.0,0.0,50.78504774305556
6903,145.83086805555556,121.28422743055556,1041.0080555555555,455.0591431135632,0.0,0.0,50.72153645833333
6904,145.78885416666665,121.2245138888889,947.9606944444445,405.2923381743739,0.0,0.0,50.68115017361111
6905,146.163125,121.26651041666666,722.8997916666667,292.5792621594425,0.0,0.0,50.64224392361111
6906,146.28119791666666,121.17498263888889,377.2049652777778,132.89096143166785,0.0,0.0,50.44207465277778
6907,0.0,0.0,0.0,0.0,0.0,0.0,-0.5084750027126737
6908,0.0,0.0,0.0,0.0,0.0,0.0,-0.275
6909,0.0,0.0,0.0,0.0,0.0,0.0,-0.275
6910,0.0,0.0,0.0,0.0,0.0,0.0,-0.275
6911,0.0,0.0,0.0,0.0,0.0,0.0,-0.275
6912,0.0,0.0,0.0,0.0,0.0,0.0,-0.275
6913,0.0,0.0,0.0,0.0,0.0,0.0,-0.275
6914,0.0,0.0,0.0,0.0,0.0,0.0,-0.275
6915,0.0,0.0,0.0,0.0,0.0,0.0,-0.275
6916,0.0,0.0,0.0,0.0,0.0,0.0,-0.275
6917,0.0,0.0,0.0,0.0,0.0,0.0,-0.275
6918,0.0,0.0,0.0,0.0,0.0,0.0,-0.275
6919,0.0,0.0,0.0,0.0,0.0,0.0,-0.275
6920,0.0,0.0,0.0,0.0,0.0,0.0,-0.275
6921,0.0,0.0,0.0,0.0,0.0,0.0,-0.275
6922,73.01105902777778,60.587413194444444,969.6550694444444,171.56082220426285,0.0,0.0,-2.9142412651909724
6923,146.00043336232503,121.22542510138618,1028.3203446451823,417.20655215339264,0.0,0.0,51.091200243698225
6924,145.89085069444445,121.1822482638889,1108.963125,474.0508963680131,0.0,0.0,51.01275607638889
6925,145.86784722222222,121.24079861111112,1158.0284027777777,505.93863954148463,0.0,0.0,50.90783854166666
6926,145.8490451388889,121.24174479166666,1155.9115277777778,507.97989077966173,0.0,0.0,50.83872829861111
6927,145.7879513888889,121.1842013888889,1069.9563194444445,467.0275137124185,0.0,0.0,50.79173611111111
6928,145.89668402777778,121.25808159722222,594.701875,253.80604516610552,0.0,0.0,50.67429253472222
6929,146.18352430555555,121.17660590277778,884.1988888888889,356.6635128652937,0.0,0.0,50.76262586805556
6930,146.39177083333334,121.23879340277777,424.6387152777778,148.6725001969531,0.0,0.0,50.5678515625
6931,0.0,0.0,0.0,0.0,0.0,0.0,-0.5084750027126737
6932,0.0,0.0,0.0,0.0,0.0,0.0,-0.275
6933,0.0,0.0,0.0,0.0,0.0,0.0,-0.275
6934,0.0,0.0,0.0,0.0,0.0,0.0,-0.275
6935,0.0,0.0,0.0,0.0,0.0,0.0,-0.275
6936,0.0,0.0,0.0,0.0,0.0,0.0,-0.275
6937,0.0,0.0,0.0,0.0,0.0,0.0,-0.275
6938,0.0,0.0,0.0,0.0,0.0,0.0,-0.275
6939,0.0,0.0,0.0,0.0,0.0,0.0,-0.275
6940,0.0,0.0,0.0,0.0,0.0,0.0,-0.275
6941,0.0,0.0,0.0,0.0,0.0,0.0,-0.275
6942,0.0,0.0,0.0,0.0,0.0,0.0,-0.275
6943,0.0,0.0,0.0,0.0,0.0,0.0,-0.275
6944,0.0,0.0,0.0,0.0,0.0,0.0,-0.275
6945,0.0,0.0,0.0,0.0,0.0,0.0,-0.275
6946,73.03671006944444,60.58684461805556,1038.1900347222222,182.81715181682233,0.0,0.0,-2.911224907769097
6947,146.04024122450087,121.21650641971165,953.1248044840495,385.83327940508144,0.0,0.0,51.100486798716915
6948,145.99690972222223,121.24309895833333,1197.2777777777778,511.1260916183657,0.0,0.0,51.08012586805555
6949,145.91828125,121.26073784722222,1222.693611111111,533.6365817405907,0.0,0.0,50.97122829861111
6950,145.82246527777778,121.18370659722223,1077.5609027777778,473.00641693474756,0.0,0.0,50.90818142361111
6951,145.83276041666667,121.18161458333333,862.760625,376.1057618384063,0.0,0.0,50.834973958333336
6952,145.9468576388889,121.22868923611111,999.7360416666667,425.83959472498253,0.0,0.0,50.860638020833335
6953,103.72684027777778,78.78809895833334,214.6249652777778,79.31319551636038,0.0,0.0,29.68185763888889
6954,91.09348958333334,65.95650607638889,217.72611111111112,66.4818821535873,0.0,0.0,23.693739149305557
6955,0.0,0.0,0.0,0.0,0.0,0.0,-0.5084750027126737
6956,0.0,0.0,0.0,0.0,0.0,0.0,-0.275
6957,0.0,0.0,0.0,0.0,0.0,0.0,-0.275
6958,0.0,0.0,0.0,0.0,0.0,0.0,-0.275
6959,0.0,0.0,0.0,0.0,0.0,0.0,-0.275
6960,0.0,0.0,0.0,0.0,0.0,0.0,-0.275
6961,0.0,0.0,0.0,0.0,0.0,0.0,-0.275
6962,0.0,0.0,0.0,0.0,0.0,0.0,-0.275
6963,0.0,0.0,0.0,0.0,0.0,0.0,-0.275
6964,0.0,0.0,0.0,0.0,0.0,0.0,-0.275
6965,0.0,0.0,0.0,0.0,0.0,0.0,-0.275
6966,0.0,0.0,0.0,0.0,0.0,0.0,-0.275
6967,0.0,0.0,0.0,0.0,0.0,0.0,-0.275
6968,0.0,0.0,0.0,0.0,0.0,0.0,-0.275
6969,0.0,0.0,0.0,0.0,0.0,0.0,-0.275
6970,73.03540798611111,60.58693142361111,972.3786805555555,170.47077138093871,0.0,0.0,-2.9147513156467015
6971,146.050376663208,121.22421462164985,1009.0394482421875,407.6709326043151,0.0,0.0,51.13740371005402
6972,146.044375,121.2427951388889,1047.79,446.65621638363643,0.0,0.0,51.09860243055556
6973,145.97838541666667,121.23856770833333,1014.4056944444444,442.0825268289366,0.0,0.0,51.029283854166664
6974,146.1512673611111,121.1764670138889,852.0145138888889,372.8176008352732,0.0,0.0,51.01799045138889
6975,146.4126388888889,121.26877604166667,698.9940972222222,303.4318699941929,0.0,0.0,50.864375
6976,146.57623263888888,121.16988715277778,815.2459722222222,345.11884527787447,0.0,0.0,50.8825
6977,146.94303819444445,121.243203125,492.3646527777778,196.68251869511792,0.0,0.0,50.798489583333335
6978,117.55071180555555,91.80028645833333,282.67449652777776,92.32577784628751,0.0,0.0,35.945590277777775
6979,0.0,0.0,0.0,0.0,0.0,0.0,-0.5084750027126737
6980,0.0,0.0,0.0,0.0,0.0,0.0,-0.275
6981,0.0,0.0,0.0,0.0,0.0,0.0,-0.275
6982,0.0,0.0,0.0,0.0,0.0,0.0,-0.275
6983,0.0,0.0,0.0,0.0,0.0,0.0,-0.275
6984,0.0,0.0,0.0,0.0,0.0,0.0,-0.275
6985,0.0,0.0,0.0,0.0,0.0,0.0,-0.275
6986,0.0,0.0,0.0,0.0,0.0,0.0,-0.275
6987,0.0,0.0,0.0,0.0,0.0,0.0,-0.275
6988,0.0,0.0,0.0,0.0,0.0,0.0,-0.275
6989,0.0,0.0,0.0,0.0,0.0,0.0,-0.275
6990,0.0,0.0,0.0,0.0,0.0,0.0,-0.275
6991,0.0,0.0,0.0,0.0,0.0,0.0,-0.275
6992,0.0,0.0,0.0,0.0,0.0,0.0,-0.275
6993,0.0,0.0,0.0,0.0,0.0,0.0,-0.275
6994,73.23832465277778,60.58435763888889,1007.3136111111111,175.30641582967704,0.0,0.0,-2.9143030463324653
6995,146.4613472366333,121.2410741212633,1105.5519627549913,444.5813990345613,0.0,0.0,51.102703227632574
6996,146.38463541666667,121.156015625,1147.4171527777778,487.07222857264367,0.0,0.0,51.048854166666665
6997,146.49319444444444,121.27072916666667,1254.702638888889,544.5442036575785,0.0,0.0,50.95368055555556
6998,146.52144097222222,121.24953993055556,1036.04625,452.07930399811005,0.0,0.0,50.8744921875
6999,146.5775,121.24360243055555,1114.5586805555556,482.7102347605378,0.0,0.0,50.85519965277778
7000,146.76513888888888,121.22155381944444,947.6236111111111,400.2441146615273,0.0,0.0,50.82450086805556
7001,146.80815972222223,121.16655381944445,870.338125,346.85594306032976,0.0,0.0,50.82401475694444
7002,0.0,0.0,0.0,0.0,0.0,0.0,-0.5084750027126737
7003,0.0,0.0,0.0,0.0,0.0,0.0,-0.275
7004,0.0,0.0,0.0,0.0,0.0,0.0,-0.275
7005,0.0,0.0,0.0,0.0,0.0,0.0,-0.275
7006,0.0,0.0,0.0,0.0,0.0,0.0,-0.275
7007,0.0,0.0,0.0,0.0,0.0,0.0,-0.275
7008,0.0,0.0,0.0,0.0,0.0,0.0,-0.275
7009,0.0,0.0,0.0,0.0,0.0,0.0,-0.275
7010,0.0,0.0,0.0,0.0,0.0,0.0,-0.275
7011,0.0,0.0,0.0,0.0,0.0,0.0,-0.275
7012,0.0,0.0,0.0,0.0,0.0,0.0,-0.275
7013,0.0,0.0,0.0,0.0,0.0,0.0,-0.275
7014,0.0,0.0,0.0,0.0,0.0,0.0,-0.275
7015,0.0,0.0,0.0,0.0,0.0,0.0,-0.275
7016,0.0,0.0,0.0,0.0,0.0,0.0,-0.275
7017,0.0,0.0,0.0,0.0,0.0,0.0,-0.275
7018,73.59245659722222,60.58440538194444,981.2236458333333,169.1635845190625,0.0,0.0,-2.9154819742838542
7019,146.95814736260309,121.23228415171306,1083.4529843817818,433.29900046223395,0.0,0.0,51.23190956095854
7020,146.70802083333334,121.2356423611111,1159.9160416666666,491.0246278338585,0.0,0.0,51.157890625
7021,146.54307291666666,121.24465277777777,1185.615,513.8104779965005,0.0,0.0,51.09802951388889
7022,146.50071180555557,121.24134548611111,1164.0822916666666,507.54029937689404,0.0,0.0,51.035190972222225
7023,146.41039930555556,121.174140625,1079.1788888888889,467.1896220301448,0.0,0.0,50.999097222222225
7024,146.63871527777778,121.21610243055555,959.0304166666666,404.80714353368126,0.0,0.0,50.97394097222222
7025,146.98284722222223,121.266640625,728.3873611111111,289.4009060266367,0.0,0.0,50.941128472222225
7026,103.72390625,78.03862847222223,252.56661458333335,78.56374436026853,0.0,0.0,29.209674479166665
7027,0.0,0.0,0.0,0.0,0.0,0.0,-0.5084750027126737
7028,0.0,0.0,0.0,0.0,0.0,0.0,-0.275
7029,0.0,0.0,0.0,0.0,0.0,0.0,-0.275
7030,0.0,0.0,0.0,0.0,0.0,0.0,-0.275
7031,0.0,0.0,0.0,0.0,0.0,0.0,-0.275
7032,0.0,0.0,0.0,0.0,0.0,0.0,-0.275
7033,0.0,0.0,0.0,0.0,0.0,0.0,-0.275
7034,0.0,0.0,0.0,0.0,0.0,0.0,-0.275
7035,0.0,0.0,0.0,0.0,0.0,0.0,-0.275
7036,0.0,0.0,0.0,0.0,0.0,0.0,-0.275
7037,0.0,0.0,0.0,0.0,0.0,0.0,-0.275
7038,0.0,0.0,0.0,0.0,0.0,0.0,-0.275
7039,0.0,0.0,0.0,0.0,0.0,0.0,-0.275
7040,0.0,0.0,0.0,0.0,0.0,0.0,-0.275
7041,0.0,0.0,0.0,0.0,0.0,0.0,-0.275
7042,73.07705729166666,60.59069878472222,963.5742708333333,166.51553374814907,0.0,0.0,-2.917105916341146
7043,146.12403810289172,121.22550871107313,1042.046160820855,418.20798143233475,0.0,0.0,51.22877142651213
7044,146.00736111111112,121.18083333333334,1125.8710416666668,478.09313602541675,0.0,0.0,51.15315104166667
7045,145.961875,121.2388888888889,1152.8238888888889,501.103524195938,0.0,0.0,51.098515625
7046,145.91241319444444,121.23628472222222,1133.7047916666668,495.82652029465527,0.0,0.0,51.03987847222222
7047,145.83338541666666,121.18335069444444,1078.8822222222223,468.47203740045995,0.0,0.0,51.00508246527778
7048,145.90019097222222,121.23058159722223,1014.7159027777777,429.8964051929191,0.0,0.0,50.99546875
7049,145.93885416666666,121.26494791666667,719.8120833333334,287.2482604626426,0.0,0.0,50.94957465277778
7050,126.32644965277778,101.68758680555555,309.61385416666667,102.21279257266521,0.0,0.0,40.96537760416667
7051,0.0,0.0,0.0,0.0,0.0,0.0,-0.5084750027126737
7052,0.0,0.0,0.0,0.0,0.0,0.0,-0.275
7053,0.0,0.0,0.0,0.0,0.0,0.0,-0.275
7054,0.0,0.0,0.0,0.0,0.0,0.0,-0.275
7055,0.0,0.0,0.0,0.0,0.0,0.0,-0.275
7056,0.0,0.0,0.0,0.0,0.0,0.0,-0.275
7057,0.0,0.0,0.0,0.0,0.0,0.0,-0.275
7058,0.0,0.0,0.0,0.0,0.0,0.0,-0.275
7059,0.0,0.0,0.0,0.0,0.0,0.0,-0.275
7060,0.0,0.0,0.0,0.0,0.0,0.0,-0.275
7061,0.0,0.0,0.0,0.0,0.0,0.0,-0.275
7062,0.0,0.0,0.0,0.0,0.0,0.0,-0.275
7063,0.0,0.0,0.0,0.0,0.0,0.0,-0.275
7064,0.0,0.0,0.0,0.0,0.0,0.0,-0.275
7065,0.0,0.0,0.0,0.0,0.0,0.0,-0.275
7066,73.10147569444445,60.589344618055556,945.6281597222222,162.55470325465473,0.0,0.0,-2.9195751953125
7067,146.15739677005345,121.22887120988634,1066.9900512695312,427.20147479560075,0.0,0.0,51.2460021897157
7068,146.00697916666667,121.15853298611111,1157.6509027777777,490.87730830956906,0.0,0.0,51.191623263888886
7069,146.00753472222223,121.24098958333333,1167.5609722222223,506.8842840863012,0.0,0.0,51.12822482638889
7070,0.0,0.0,0.0,0.0,0.0,0.0,-0.5084750027126737
7071,0.0,0.0,0.0,0.0,0.0,0.0,-0.275
7072,0.0,0.0,0.0,0.0,0.0,0.0,-0.275
7073,0.0,0.0,0.0,0.0,0.0,0.0,-0.275
7074,0.0,0.0,0.0,0.0,0.0,0.0,-0.275
7075,0.0,0.0,0.0,0.0,0.0,0.0,-0.275
7076,0.0,0.0,0.0,0.0,0.0,0.0,-0.275
7077,0.0,0.0,0.0,0.0,0.0,0.0,-0.275
7078,0.0,0.0,0.0,0.0,0.0,0.0,-0.275
7079,0.0,0.0,0.0,0.0,0.0,0.0,-0.275
7080,0.0,0.0,0.0,0.0,0.0,0.0,-0.275
7081,0.0,0.0,0.0,0.0,0.0,0.0,-0.275
7082,0.0,0.0,0.0,0.0,0.0,0.0,-0.275
7083,0.0,0.0,0.0,0.0,0.0,0.0,-0.275
7084,0.0,0.0,0.0,0.0,0.0,0.0,-0.275
7085,0.0,0.0,0.0,0.0,0.0,0.0,-0.275
7086,0.0,0.0,0.0,0.0,0.0,0.0,-0.275
7087,0.0,0.0,0.0,0.0,0.0,0.0,-0.275
7088,0.0,0.0,0.0,0.0,0.0,0.0,-0.275
7089,0.0,0.0,0.0,0.0,0.0,0.0,-0.275
7090,73.55196180555555,60.578763020833335,999.8709027777778,169.92844470071537,0.0,0.0,-2.9150118001302086
7091,147.58379096137153,121.2283380932278,378.5802350955539,149.7745823961342,0.0,0.0,50.96365431990888
7092,148.86097222222222,121.21809027777778,942.0145833333333,391.46393486221893,0.0,0.0,51.203203125
7093,150.7657986111111,121.22166666666666,345.07458333333335,144.92034772588764,0.0,0.0,50.88509982638889
7094,150.97543402777777,121.26239583333333,633.8974305555555,267.5084959087756,0.0,0.0,51.053671875
7095,90.58234375,60.544926215277776,174.45864583333332,61.07003217851547,0.0,0.0,20.752105034722224
7096,151.0104513888889,121.25775173611112,618.7827777777778,252.57310701174018,0.0,0.0,51.08491319444445
7097,151.20975694444445,121.25021701388889,604.3422916666667,231.4272444169639,0.0,0.0,51.11236111111111
7098,0.0,0.0,0.0,0.0,0.0,0.0,-0.5084750027126737
7099,0.0,0.0,0.0,0.0,0.0,0.0,-0.275
7100,0.0,0.0,0.0,0.0,0.0,0.0,-0.275
7101,0.0,0.0,0.0,0.0,0.0,0.0,-0.275
7102,0.0,0.0,0.0,0.0,0.0,0.0,-0.275
7103,0.0,0.0,0.0,0.0,0.0,0.0,-0.275
7104,0.0,0.0,0.0,0.0,0.0,0.0,-0.275
7105,0.0,0.0,0.0,0.0,0.0,0.0,-0.275
7106,0.0,0.0,0.0,0.0,0.0,0.0,-0.275
7107,0.0,0.0,0.0,0.0,0.0,0.0,-0.275
7108,0.0,0.0,0.0,0.0,0.0,0.0,-0.275
7109,0.0,0.0,0.0,0.0,0.0,0.0,-0.275
7110,0.0,0.0,0.0,0.0,0.0,0.0,-0.275
7111,0.0,0.0,0.0,0.0,0.0,0.0,-0.275
7112,0.0,0.0,0.0,0.0,0.0,0.0,-0.275
7113,0.0,0.0,0.0,0.0,0.0,0.0,-0.275
7114,0.0,0.0,0.0,0.0,0.0,0.0,-0.275
7115,0.0,0.0,0.0,0.0,0.0,0.0,-0.275
7116,0.0,0.0,0.0,0.0,0.0,0.0,-0.275
7117,0.0,0.0,0.0,0.0,0.0,0.0,-0.275
7118,0.0,0.0,0.0,0.0,0.0,0.0,-0.275
7119,74.42819444444444,60.57198350694444,796.2751736111111,168.78323939145855,0.0,0.0,-2.9154532199435765
7120,148.18764466285705,121.24610096295675,538.3152674908108,223.54514118477823,0.0,0.0,51.201520796385076
7121,148.3318576388889,121.26618055555555,777.1155555555556,302.5260772523367,0.0,0.0,51.27345920138889
7122,0.0,0.0,0.0,0.0,0.0,0.0,-0.5084750027126737
7123,0.0,0.0,0.0,0.0,0.0,0.0,-0.275
7124,0.0,0.0,0.0,0.0,0.0,0.0,-0.275
7125,0.0,0.0,0.0,0.0,0.0,0.0,-0.275
7126,0.0,0.0,0.0,0.0,0.0,0.0,-0.275
7127,0.0,0.0,0.0,0.0,0.0,0.0,-0.275
7128,0.0,0.0,0.0,0.0,0.0,0.0,-0.275
7129,0.0,0.0,0.0,0.0,0.0,0.0,-0.275
7130,0.0,0.0,0.0,0.0,0.0,0.0,-0.275
7131,0.0,0.0,0.0,0.0,0.0,0.0,-0.275
7132,0.0,0.0,0.0,0.0,0.0,0.0,-0.275
7133,0.0,0.0,0.0,0.0,0.0,0.0,-0.275
7134,0.0,0.0,0.0,0.0,0.0,0.0,-0.275
7135,0.0,0.0,0.0,0.0,0.0,0.0,-0.275
7136,0.0,0.0,0.0,0.0,0.0,0.0,-0.275
7137,0.0,0.0,0.0,0.0,0.0,0.0,-0.275
7138,74.04394965277778,60.60649305555555,1139.259826388889,190.35464915503897,0.0,0.0,-2.9083048502604165
7139,149.98554970264433,121.22604338592953,1225.1071198738946,474.680996555439,0.0,0.0,51.41777431720661
7140,150.69845486111112,121.21269965277777,328.1801736111111,134.34745722323444,0.0,0.0,51.06743489583334
7141,147.42253472222222,118.37144097222222,284.0228125,118.89656296180175,0.0,0.0,49.697291666666665
7142,0.0,0.0,0.0,0.0,0.0,0.0,-0.5084750027126737
7143,0.0,0.0,0.0,0.0,0.0,0.0,-0.275
7144,74.79939236111112,60.632413194444446,719.3267361111111,147.73407420610897,0.0,0.0,-2.789213121202257
7145,130.93408740467495,103.49989622857835,276.9711291673448,104.02518825820762,0.0,0.0,41.70176348818673
7146,0.0,0.0,0.0,0.0,0.0,0.0,-0.5084750027126737
7147,0.0,0.0,0.0,0.0,0.0,0.0,-0.275
7148,0.0,0.0,0.0,0.0,0.0,0.0,-0.275
7149,0.0,0.0,0.0,0.0,0.0,0.0,-0.275
7150,0.0,0.0,0.0,0.0,0.0,0.0,-0.275
7151,0.0,0.0,0.0,0.0,0.0,0.0,-0.275
7152,0.0,0.0,0.0,0.0,0.0,0.0,-0.275
7153,0.0,0.0,0.0,0.0,0.0,0.0,-0.275
7154,0.0,0.0,0.0,0.0,0.0,0.0,-0.275
7155,0.0,0.0,0.0,0.0,0.0,0.0,-0.275
7156,0.0,0.0,0.0,0.0,0.0,0.0,-0.275
7157,0.0,0.0,0.0,0.0,0.0,0.0,-0.275
7158,0.0,0.0,0.0,0.0,0.0,0.0,-0.275
7159,0.0,0.0,0.0,0.0,0.0,0.0,-0.275
7160,0.0,0.0,0.0,0.0,0.0,0.0,-0.275
7161,0.0,0.0,0.0,0.0,0.0,0.0,-0.275
7162,72.6008420138889,59.92890190972222,419.73083333333335,69.52127213725774,0.0,0.0,-2.1653679741753473
7163,147.49339348687067,121.23507412380643,368.0499065483941,144.67219292992897,0.0,0.0,50.7061999130249
7164,130.50658854166667,103.67042534722222,257.89244791666664,104.19569034484442,0.0,0.0,41.943988715277776
7165,148.5635763888889,121.15071180555556,602.3872222222222,255.8256639736162,0.0,0.0,51.142795138888886
7166,148.64753472222222,121.2520486111111,447.9915625,191.46023736359322,0.0,0.0,51.03230902777778
7167,148.79788194444444,121.24644965277778,519.2770486111111,219.94499727820443,0.0,0.0,51.09813802083333
7168,101.67263888888888,73.95600694444444,201.82946180555555,74.48122022388563,0.0,0.0,26.59507378472222
7169,148.79569444444445,121.23425347222222,475.4837152777778,183.3843572638562,0.0,0.0,51.068324652777775
7170,0.0,0.0,0.0,0.0,0.0,0.0,-0.5084750027126737
7171,0.0,0.0,0.0,0.0,0.0,0.0,-0.275
7172,0.0,0.0,0.0,0.0,0.0,0.0,-0.275
7173,0.0,0.0,0.0,0.0,0.0,0.0,-0.275
7174,0.0,0.0,0.0,0.0,0.0,0.0,-0.275
7175,0.0,0.0,0.0,0.0,0.0,0.0,-0.275
7176,0.0,0.0,0.0,0.0,0.0,0.0,-0.275
7177,0.0,0.0,0.0,0.0,0.0,0.0,-0.275
7178,0.0,0.0,0.0,0.0,0.0,0.0,-0.275
7179,0.0,0.0,0.0,0.0,0.0,0.0,-0.275
7180,0.0,0.0,0.0,0.0,0.0,0.0,-0.275
7181,0.0,0.0,0.0,0.0,0.0,0.0,-0.275
7182,0.0,0.0,0.0,0.0,0.0,0.0,-0.275
7183,0.0,0.0,0.0,0.0,0.0,0.0,-0.275
7184,0.0,0.0,0.0,0.0,0.0,0.0,-0.275
7185,0.0,0.0,0.0,0.0,0.0,0.0,-0.275
7186,0.0,0.0,0.0,0.0,0.0,0.0,-0.275
7187,74.21974826388889,60.629405381944444,575.2861111111112,112.08174920524543,0.0,0.0,-2.3442030164930556
7188,0.0,0.0,0.0,0.0,0.0,0.0,-0.5084750027126737
7189,0.0,0.0,0.0,0.0,0.0,0.0,-0.275
7190,74.65728298611111,60.61208333333333,843.2370138888889,179.16339469321937,0.0,0.0,-2.9126524522569444
7191,0.0,0.0,0.0,0.0,0.0,0.0,-0.5084750027126737
7192,74.37206597222222,60.6103125,973.9562152777778,200.4603867747423,0.0,0.0,-2.904848971896701
7193,104.79613338682387,78.44815993626912,223.02500184800888,78.97328358161448,0.0,0.0,29.133368134697278
7194,0.0,0.0,0.0,0.0,0.0,0.0,-0.5084750027126737
7195,0.0,0.0,0.0,0.0,0.0,0.0,-0.275
7196,0.0,0.0,0.0,0.0,0.0,0.0,-0.275
7197,0.0,0.0,0.0,0.0,0.0,0.0,-0.275
7198,0.0,0.0,0.0,0.0,0.0,0.0,-0.275
7199,0.0,0.0,0.0,0.0,0.0,0.0,-0.275
7200,0.0,0.0,0.0,0.0,0.0,0.0,-0.275
7201,0.0,0.0,0.0,0.0,0.0,0.0,-0.275
7202,0.0,0.0,0.0,0.0,0.0,0.0,-0.275
7203,0.0,0.0,0.0,0.0,0.0,0.0,-0.275
7204,0.0,0.0,0.0,0.0,0.0,0.0,-0.275
7205,0.0,0.0,0.0,0.0,0.0,0.0,-0.275
7206,0.0,0.0,0.0,0.0,0.0,0.0,-0.275
7207,0.0,0.0,0.0,0.0,0.0,0.0,-0.275
7208,0.0,0.0,0.0,0.0,0.0,0.0,-0.275
7209,0.0,0.0,0.0,0.0,0.0,0.0,-0.275
7210,74.44359375,60.60770399305556,450.31067708333336,73.50732269632907,0.0,0.0,-2.1710447862413194
7211,149.20607965893217,121.27607160144382,1152.5272203063964,445.6995205854981,0.0,0.0,51.388226972983944
7212,148.9125173611111,121.21855034722222,953.2595833333334,393.24727874259156,0.0,0.0,51.30633246527778
7213,148.41085069444443,121.24625,1163.9340277777778,494.18109791546317,0.0,0.0,51.24169704861111
7214,88.26387152777778,61.21710503472222,169.52380208333332,61.74247990846685,0.0,0.0,22.011612413194445
7215,0.0,0.0,0.0,0.0,0.0,0.0,-0.5084750027126737
7216,74.11900173611112,60.622734375,564.8501215277778,116.48758661694787,0.0,0.0,-2.3780919731987846
7217,0.0,0.0,0.0,0.0,0.0,0.0,-0.5084750027126737
7218,0.0,0.0,0.0,0.0,0.0,0.0,-0.275
7219,0.0,0.0,0.0,0.0,0.0,0.0,-0.275
7220,0.0,0.0,0.0,0.0,0.0,0.0,-0.275
7221,0.0,0.0,0.0,0.0,0.0,0.0,-0.275
7222,0.0,0.0,0.0,0.0,0.0,0.0,-0.275
7223,0.0,0.0,0.0,0.0,0.0,0.0,-0.275
7224,0.0,0.0,0.0,0.0,0.0,0.0,-0.275
7225,0.0,0.0,0.0,0.0,0.0,0.0,-0.275
7226,0.0,0.0,0.0,0.0,0.0,0.0,-0.275
7227,0.0,0.0,0.0,0.0,0.0,0.0,-0.275
7228,0.0,0.0,0.0,0.0,0.0,0.0,-0.275
7229,0.0,0.0,0.0,0.0,0.0,0.0,-0.275
7230,0.0,0.0,0.0,0.0,0.0,0.0,-0.275
7231,0.0,0.0,0.0,0.0,0.0,0.0,-0.275
7232,0.0,0.0,0.0,0.0,0.0,0.0,-0.275
7233,0.0,0.0,0.0,0.0,0.0,0.0,-0.275
7234,73.45032986111111,60.58006076388889,1073.0709722222223,176.2993920006417,0.0,0.0,-2.913862847222222
7235,147.44037898169623,121.15656613243951,1177.2958527289497,459.0548620608931,0.0,0.0,51.27779791673024
7236,148.12151041666667,121.23660590277778,1226.549861111111,508.00619544795563,0.0,0.0,51.25508680555556
7237,0.0,0.0,0.0,0.0,0.0,0.0,-0.5084750027126737
7238,73.93000868055556,60.61716579861111,1022.9001388888889,219.06215362387232,0.0,0.0,-2.8948328314887153
7239,147.56332955254447,121.22634778340658,982.181023050944,418.0385301556177,0.0,0.0,51.181397324005765
7240,147.35840277777777,121.23032986111112,990.1090972222222,410.0971968038072,0.0,0.0,51.220052083333336
7241,147.38645833333334,121.26758680555555,758.9402777777777,292.8523510360194,0.0,0.0,51.17078993055556
7242,0.0,0.0,0.0,0.0,0.0,0.0,-0.5084750027126737
7243,0.0,0.0,0.0,0.0,0.0,0.0,-0.275
7244,0.0,0.0,0.0,0.0,0.0,0.0,-0.275
7245,0.0,0.0,0.0,0.0,0.0,0.0,-0.275
7246,0.0,0.0,0.0,0.0,0.0,0.0,-0.275
7247,0.0,0.0,0.0,0.0,0.0,0.0,-0.275
7248,0.0,0.0,0.0,0.0,0.0,0.0,-0.275
7249,0.0,0.0,0.0,0.0,0.0,0.0,-0.275
7250,0.0,0.0,0.0,0.0,0.0,0.0,-0.275
7251,0.0,0.0,0.0,0.0,0.0,0.0,-0.275
7252,0.0,0.0,0.0,0.0,0.0,0.0,-0.275
7253,0.0,0.0,0.0,0.0,0.0,0.0,-0.275
7254,0.0,0.0,0.0,0.0,0.0,0.0,-0.275
7255,0.0,0.0,0.0,0.0,0.0,0.0,-0.275
7256,0.0,0.0,0.0,0.0,0.0,0.0,-0.275
7257,0.0,0.0,0.0,0.0,0.0,0.0,-0.275
7258,73.61756944444444,60.60603298611111,1074.2844791666666,174.97215993879095,0.0,0.0,-2.914561021592882
7259,147.13500530666775,121.1615357208252,1176.9183165486654,458.61605144285255,0.0,0.0,51.27010345439116
7260,147.27434027777778,121.24325520833334,1229.0981944444445,511.2428679730857,0.0,0.0,51.24663628472222
7261,147.48255208333333,121.25807291666666,1239.1161111111112,528.3321845482275,0.0,0.0,51.182430555555555
7262,147.2658159722222,121.23671006944444,1156.0733333333333,496.68587262500154,0.0,0.0,51.125447048611115
7263,147.04855902777777,121.26965277777778,713.5289583333333,304.5201296817138,0.0,0.0,51.050243055555555
7264,146.82078125,121.22369791666667,990.6484027777777,411.1122262840705,0.0,0.0,51.104939236111115
7265,146.50260416666666,121.25150173611111,586.4231944444444,226.8897373823709,0.0,0.0,50.97636284722222
7266,0.0,0.0,0.0,0.0,0.0,0.0,-0.5084750027126737
7267,0.0,0.0,0.0,0.0,0.0,0.0,-0.275
7268,0.0,0.0,0.0,0.0,0.0,0.0,-0.275
7269,0.0,0.0,0.0,0.0,0.0,0.0,-0.275
7270,0.0,0.0,0.0,0.0,0.0,0.0,-0.275
7271,0.0,0.0,0.0,0.0,0.0,0.0,-0.275
7272,0.0,0.0,0.0,0.0,0.0,0.0,-0.275
7273,0.0,0.0,0.0,0.0,0.0,0.0,-0.275
7274,0.0,0.0,0.0,0.0,0.0,0.0,-0.275
7275,0.0,0.0,0.0,0.0,0.0,0.0,-0.275
7276,0.0,0.0,0.0,0.0,0.0,0.0,-0.275
7277,0.0,0.0,0.0,0.0,0.0,0.0,-0.275
7278,0.0,0.0,0.0,0.0,0.0,0.0,-0.275
7279,0.0,0.0,0.0,0.0,0.0,0.0,-0.275
7280,0.0,0.0,0.0,0.0,0.0,0.0,-0.275
7281,0.0,0.0,0.0,0.0,0.0,0.0,-0.275
7282,73.09580729166667,60.585850694444446,1052.6305208333333,171.38083907809164,0.0,0.0,-2.9143292236328127
7283,146.3330773078071,121.17424635569255,1181.6778633287217,461.733349777472,0.0,0.0,51.2863484867745
7284,146.370625,121.24497395833333,1231.6330555555555,514.6671752591512,0.0,0.0,51.2656640625
7285,146.50630208333334,121.24118923611111,1183.6733333333334,507.42733076157833,0.0,0.0,51.21476128472222
7286,0.0,0.0,0.0,0.0,0.0,0.0,-0.5084750027126737
7287,73.36256944444445,60.5885546875,795.6683680555556,169.83338703035824,0.0,0.0,-2.915122273763021
7288,146.6878484302097,121.23791293674046,348.18917033725313,144.40041438988612,0.0,0.0,50.86112946357992
7289,146.16149305555555,121.26578125,755.5964583333333,292.11039610902316,0.0,0.0,51.16867621527778
7290,0.0,0.0,0.0,0.0,0.0,0.0,-0.5084750027126737
7291,0.0,0.0,0.0,0.0,0.0,0.0,-0.275
7292,0.0,0.0,0.0,0.0,0.0,0.0,-0.275
7293,0.0,0.0,0.0,0.0,0.0,0.0,-0.275
7294,0.0,0.0,0.0,0.0,0.0,0.0,-0.275
7295,0.0,0.0,0.0,0.0,0.0,0.0,-0.275
7296,0.0,0.0,0.0,0.0,0.0,0.0,-0.275
7297,0.0,0.0,0.0,0.0,0.0,0.0,-0.275
7298,0.0,0.0,0.0,0.0,0.0,0.0,-0.275
7299,0.0,0.0,0.0,0.0,0.0,0.0,-0.275
7300,0.0,0.0,0.0,0.0,0.0,0.0,-0.275
7301,0.0,0.0,0.0,0.0,0.0,0.0,-0.275
7302,0.0,0.0,0.0,0.0,0.0,0.0,-0.275
7303,0.0,0.0,0.0,0.0,0.0,0.0,-0.275
7304,0.0,0.0,0.0,0.0,0.0,0.0,-0.275
7305,0.0,0.0,0.0,0.0,0.0,0.0,-0.275
7306,73.98246527777778,60.61456597222222,568.0995659722222,90.57924711313719,0.0,0.0,-2.2210557725694446
7307,148.16830645508236,121.35359331501854,1225.4171637090046,471.87563785927847,0.0,0.0,51.04466731079751
7308,149.71647569444445,121.25282118055556,1284.9048611111111,523.9284868145465,0.0,0.0,51.430902777777774
7309,151.02161458333333,121.3209375,1296.0690277777778,538.6004659223422,0.0,0.0,51.38702690972222
7310,149.5911111111111,121.22610243055556,973.1202777777778,410.6012564798216,0.0,0.0,51.347903645833334
7311,0.0,0.0,0.0,0.0,0.0,0.0,-0.5084750027126737
7312,0.0,0.0,0.0,0.0,0.0,0.0,-0.275
7313,0.0,0.0,0.0,0.0,0.0,0.0,-0.275
7314,0.0,0.0,0.0,0.0,0.0,0.0,-0.275
7315,0.0,0.0,0.0,0.0,0.0,0.0,-0.275
7316,0.0,0.0,0.0,0.0,0.0,0.0,-0.275
7317,0.0,0.0,0.0,0.0,0.0,0.0,-0.275
7318,0.0,0.0,0.0,0.0,0.0,0.0,-0.275
7319,0.0,0.0,0.0,0.0,0.0,0.0,-0.275
7320,0.0,0.0,0.0,0.0,0.0,0.0,-0.275
7321,0.0,0.0,0.0,0.0,0.0,0.0,-0.275
7322,0.0,0.0,0.0,0.0,0.0,0.0,-0.275
7323,0.0,0.0,0.0,0.0,0.0,0.0,-0.275
7324,0.0,0.0,0.0,0.0,0.0,0.0,-0.275
7325,0.0,0.0,0.0,0.0,0.0,0.0,-0.275
7326,0.0,0.0,0.0,0.0,0.0,0.0,-0.275
7327,0.0,0.0,0.0,0.0,0.0,0.0,-0.275
7328,0.0,0.0,0.0,0.0,0.0,0.0,-0.275
7329,0.0,0.0,0.0,0.0,0.0,0.0,-0.275
7330,73.99667534722222,60.576184895833336,1061.3136458333333,167.73867743789677,0.0,0.0,-2.9161182996961807
7331,148.80400905450185,121.27787247604795,1170.365454266866,447.12121308036615,0.0,0.0,51.419323192139466
7332,148.55881944444445,121.24844618055556,1218.068888888889,499.7236587017083,0.0,0.0,51.35948784722222
7333,148.33210069444445,121.21379340277778,979.3495138888889,413.5304123728923,0.0,0.0,51.29771267361111
7334,148.92463541666666,121.23513888888888,1188.5543055555556,503.2585811908204,0.0,0.0,51.335529513888886
7335,149.26553819444445,121.2168923611111,1024.0731944444444,428.7585136320028,0.0,0.0,51.304309895833335
7336,148.43789930555556,121.22723090277778,912.783125,372.62706481667163,0.0,0.0,51.24569010416667
7337,147.383125,121.23958333333333,490.5309375,186.62974545874428,0.0,0.0,51.09505642361111
7338,0.0,0.0,0.0,0.0,0.0,0.0,-0.5084750027126737
7339,0.0,0.0,0.0,0.0,0.0,0.0,-0.275
7340,0.0,0.0,0.0,0.0,0.0,0.0,-0.275
7341,0.0,0.0,0.0,0.0,0.0,0.0,-0.275
7342,0.0,0.0,0.0,0.0,0.0,0.0,-0.275
7343,0.0,0.0,0.0,0.0,0.0,0.0,-0.275
7344,0.0,0.0,0.0,0.0,0.0,0.0,-0.275
7345,0.0,0.0,0.0,0.0,0.0,0.0,-0.275
7346,0.0,0.0,0.0,0.0,0.0,0.0,-0.275
7347,0.0,0.0,0.0,0.0,0.0,0.0,-0.275
7348,0.0,0.0,0.0,0.0,0.0,0.0,-0.275
7349,0.0,0.0,0.0,0.0,0.0,0.0,-0.275
7350,0.0,0.0,0.0,0.0,0.0,0.0,-0.275
7351,0.0,0.0,0.0,0.0,0.0,0.0,-0.275
7352,0.0,0.0,0.0,0.0,0.0,0.0,-0.275
7353,0.0,0.0,0.0,0.0,0.0,0.0,-0.275
7354,73.20958333333333,60.587313368055554,1025.2866319444445,162.45150205023188,0.0,0.0,-2.9196087646484377
7355,146.75795200771756,121.23871862623426,1146.0283222113715,442.4099432842343,0.0,0.0,51.326638493107424
7356,146.92996527777777,121.16490451388889,1140.7699305555554,472.09738209437756,0.0,0.0,51.27640625
7357,147.35578125,121.2342795138889,1148.859861111111,487.8381884625245,0.0,0.0,51.31282118055555
7358,147.39378472222222,121.23473958333334,1146.7564583333333,490.0887725000441,0.0,0.0,51.26686197916667
7359,147.3281423611111,121.15853298611111,1087.9429166666666,460.7251674051419,0.0,0.0,51.23432291666666
7360,147.38774305555555,121.228671875,998.8191666666667,409.95695327965694,0.0,0.0,51.21917100694444
7361,146.90185763888888,121.26096354166667,698.1716666666666,265.64470856230554,0.0,0.0,51.17491753472222
7362,0.0,0.0,0.0,0.0,0.0,0.0,-0.5084750027126737
7363,0.0,0.0,0.0,0.0,0.0,0.0,-0.275
7364,0.0,0.0,0.0,0.0,0.0,0.0,-0.275
7365,0.0,0.0,0.0,0.0,0.0,0.0,-0.275
7366,0.0,0.0,0.0,0.0,0.0,0.0,-0.275
7367,0.0,0.0,0.0,0.0,0.0,0.0,-0.275
7368,0.0,0.0,0.0,0.0,0.0,0.0,-0.275
7369,0.0,0.0,0.0,0.0,0.0,0.0,-0.275
7370,0.0,0.0,0.0,0.0,0.0,0.0,-0.275
7371,0.0,0.0,0.0,0.0,0.0,0.0,-0.275
7372,0.0,0.0,0.0,0.0,0.0,0.0,-0.275
7373,0.0,0.0,0.0,0.0,0.0,0.0,-0.275
7374,0.0,0.0,0.0,0.0,0.0,0.0,-0.275
7375,0.0,0.0,0.0,0.0,0.0,0.0,-0.275
7376,0.0,0.0,0.0,0.0,0.0,0.0,-0.275
7377,0.0,0.0,0.0,0.0,0.0,0.0,-0.275
7378,73.20224826388889,60.632565104166666,978.2439236111111,153.7640348457883,0.0,0.0,-2.8719794379340278
7379,146.24608832889132,121.22798094431559,1102.5721499294705,425.72128664786806,0.0,0.0,51.23101403690047
7380,146.22119791666665,121.28357638888889,1085.8260416666667,451.2234162882983,0.0,0.0,51.26455729166667
7381,146.13020833333334,121.24452256944444,1139.0440277777777,487.19474656486585,0.0,0.0,51.20225694444444
7382,146.03366319444444,121.18002604166666,1116.4597916666667,480.856178444718,0.0,0.0,51.15104600694445
7383,146.1199826388889,121.28331597222223,1056.9855555555555,451.23845985428903,0.0,0.0,51.11654079861111
7384,146.06930555555556,121.22299479166666,970.35625,401.16288879094884,0.0,0.0,51.0967578125
7385,146.0946701388889,121.25784722222222,666.3783333333333,254.07011167819093,0.0,0.0,51.0388671875
7386,0.0,0.0,0.0,0.0,0.0,0.0,-0.5084750027126737
7387,0.0,0.0,0.0,0.0,0.0,0.0,-0.275
7388,0.0,0.0,0.0,0.0,0.0,0.0,-0.275
7389,0.0,0.0,0.0,0.0,0.0,0.0,-0.275
7390,0.0,0.0,0.0,0.0,0.0,0.0,-0.275
7391,0.0,0.0,0.0,0.0,0.0,0.0,-0.275
7392,0.0,0.0,0.0,0.0,0.0,0.0,-0.275
7393,0.0,0.0,0.0,0.0,0.0,0.0,-0.275
7394,0.0,0.0,0.0,0.0,0.0,0.0,-0.275
7395,0.0,0.0,0.0,0.0,0.0,0.0,-0.275
7396,0.0,0.0,0.0,0.0,0.0,0.0,-0.275
7397,0.0,0.0,0.0,0.0,0.0,0.0,-0.275
7398,0.0,0.0,0.0,0.0,0.0,0.0,-0.275
7399,0.0,0.0,0.0,0.0,0.0,0.0,-0.275
7400,0.0,0.0,0.0,0.0,0.0,0.0,-0.275
7401,0.0,0.0,0.0,0.0,0.0,0.0,-0.275
7402,73.21059027777778,60.63172743055556,957.6955208333334,149.11465773906295,0.0,0.0,-2.7784430609809028
7403,146.4497764714559,121.21239867740208,1023.4125046115452,393.2598556525597,0.0,0.0,51.170787749985855
7404,146.45894097222222,121.22756944444444,1025.205763888889,424.4270914280735,0.0,0.0,51.242039930555556
7405,146.66819444444445,121.28118923611112,1054.8147916666667,449.1140114086514,0.0,0.0,51.19756076388889
7406,146.8789409722222,121.26967881944445,712.1671527777778,304.8618726295836,0.0,0.0,51.103641493055555
7407,147.35015625,121.22649305555555,996.0147222222222,420.95638985355504,0.0,0.0,51.15071180555555
7408,147.73192708333335,121.22739583333333,957.2371527777777,390.63576603788835,0.0,0.0,51.15261284722222
7409,147.5204513888889,121.26145833333334,704.0772916666666,264.94127627685697,0.0,0.0,51.126796875
7410,0.0,0.0,0.0,0.0,0.0,0.0,-0.5084750027126737
7411,0.0,0.0,0.0,0.0,0.0,0.0,-0.275
7412,0.0,0.0,0.0,0.0,0.0,0.0,-0.275
7413,0.0,0.0,0.0,0.0,0.0,0.0,-0.275
7414,0.0,0.0,0.0,0.0,0.0,0.0,-0.275
7415,0.0,0.0,0.0,0.0,0.0,0.0,-0.275
7416,0.0,0.0,0.0,0.0,0.0,0.0,-0.275
7417,0.0,0.0,0.0,0.0,0.0,0.0,-0.275
7418,0.0,0.0,0.0,0.0,0.0,0.0,-0.275
7419,0.0,0.0,0.0,0.0,0.0,0.0,-0.275
7420,0.0,0.0,0.0,0.0,0.0,0.0,-0.275
7421,0.0,0.0,0.0,0.0,0.0,0.0,-0.275
7422,0.0,0.0,0.0,0.0,0.0,0.0,-0.275
7423,0.0,0.0,0.0,0.0,0.0,0.0,-0.275
7424,0.0,0.0,0.0,0.0,0.0,0.0,-0.275
7425,0.0,0.0,0.0,0.0,0.0,0.0,-0.275
7426,73.23903645833333,60.62999131944444,912.31125,140.5935742746931,0.0,0.0,-2.63704833984375
7427,146.3141740544637,121.20725647820366,1015.9697791544596,389.4278395931758,0.0,0.0,51.32988359206253
7428,146.26538194444444,121.23396701388889,1054.6664583333334,436.47868690167337,0.0,0.0,51.28921875
7429,146.1653298611111,121.17644097222222,1086.014861111111,463.0309468393889,0.0,0.0,51.21755208333333
7430,146.1417361111111,121.17706597222222,1086.4731944444445,466.58204664726367,0.0,0.0,51.30638454861111
7431,146.18296875,121.23496527777777,1028.3877083333334,437.60754199014224,0.0,0.0,51.280034722222226
7432,146.1304513888889,121.17620659722222,861.5336111111111,354.68524018355345,0.0,0.0,51.24924479166667
7433,146.2259375,121.24782118055556,565.3489930555555,213.85118170868702,0.0,0.0,51.156888020833335
7434,0.0,0.0,0.0,0.0,0.0,0.0,-0.5084750027126737
7435,0.0,0.0,0.0,0.0,0.0,0.0,-0.275
7436,0.0,0.0,0.0,0.0,0.0,0.0,-0.275
7437,0.0,0.0,0.0,0.0,0.0,0.0,-0.275
7438,0.0,0.0,0.0,0.0,0.0,0.0,-0.275
7439,0.0,0.0,0.0,0.0,0.0,0.0,-0.275
7440,0.0,0.0,0.0,0.0,0.0,0.0,-0.275
7441,0.0,0.0,0.0,0.0,0.0,0.0,-0.275
7442,0.0,0.0,0.0,0.0,0.0,0.0,-0.275
7443,0.0,0.0,0.0,0.0,0.0,0.0,-0.275
7444,0.0,0.0,0.0,0.0,0.0,0.0,-0.275
7445,0.0,0.0,0.0,0.0,0.0,0.0,-0.275
7446,0.0,0.0,0.0,0.0,0.0,0.0,-0.275
7447,0.0,0.0,0.0,0.0,0.0,0.0,-0.275
7448,0.0,0.0,0.0,0.0,0.0,0.0,-0.275
7449,0.0,0.0,0.0,0.0,0.0,0.0,-0.275
7450,73.46377604166666,60.63134548611111,957.3989583333333,145.5376586087494,0.0,0.0,-2.719862128363715
7451,147.4533350329929,121.15497497982449,950.967470058865,360.284872809789,0.0,0.0,51.314428582721284
7452,147.8710763888889,121.22481770833333,881.6235416666667,360.2563514424706,0.0,0.0,51.30119357638889
7453,147.79114583333333,121.15880208333333,767.0031944444445,322.97892620878827,0.0,0.0,51.268368055555555
7454,147.85220486111112,121.23208333333334,944.1449305555556,400.5191917816362,0.0,0.0,51.299014756944445
7455,147.99057291666668,121.24698784722223,539.52875,226.5244951774682,0.0,0.0,51.22108506944444
7456,147.96194444444444,121.22838541666667,410.75107638888886,166.79982294392383,0.0,0.0,51.12922743055555
7457,0.0,0.0,0.0,0.0,0.0,0.0,-0.5084750027126737
7458,0.0,0.0,0.0,0.0,0.0,0.0,-0.275
7459,0.0,0.0,0.0,0.0,0.0,0.0,-0.275
7460,0.0,0.0,0.0,0.0,0.0,0.0,-0.275
7461,0.0,0.0,0.0,0.0,0.0,0.0,-0.275
7462,0.0,0.0,0.0,0.0,0.0,0.0,-0.275
7463,0.0,0.0,0.0,0.0,0.0,0.0,-0.275
7464,0.0,0.0,0.0,0.0,0.0,0.0,-0.275
7465,0.0,0.0,0.0,0.0,0.0,0.0,-0.275
7466,0.0,0.0,0.0,0.0,0.0,0.0,-0.275
7467,0.0,0.0,0.0,0.0,0.0,0.0,-0.275
7468,0.0,0.0,0.0,0.0,0.0,0.0,-0.275
7469,0.0,0.0,0.0,0.0,0.0,0.0,-0.275
7470,0.0,0.0,0.0,0.0,0.0,0.0,-0.275
7471,0.0,0.0,0.0,0.0,0.0,0.0,-0.275
7472,0.0,0.0,0.0,0.0,0.0,0.0,-0.275
7473,0.0,0.0,0.0,0.0,0.0,0.0,-0.275
7474,75.26769965277778,60.63040364583333,950.050625,139.35656221197357,0.0,0.0,-2.652668185763889
7475,151.98339583290948,121.21994125048319,945.3988625759548,346.4455343989869,0.0,0.0,50.99163038311733
7476,0.0,0.0,0.0,0.0,0.0,0.0,-0.5084750027126737
7477,0.0,0.0,0.0,0.0,0.0,0.0,-0.275
7478,0.0,0.0,0.0,0.0,0.0,0.0,-0.275
7479,0.0,0.0,0.0,0.0,0.0,0.0,-0.275
7480,0.0,0.0,0.0,0.0,0.0,0.0,-0.275
7481,0.0,0.0,0.0,0.0,0.0,0.0,-0.275
7482,0.0,0.0,0.0,0.0,0.0,0.0,-0.275
7483,0.0,0.0,0.0,0.0,0.0,0.0,-0.275
7484,0.0,0.0,0.0,0.0,0.0,0.0,-0.275
7485,0.0,0.0,0.0,0.0,0.0,0.0,-0.275
7486,0.0,0.0,0.0,0.0,0.0,0.0,-0.275
7487,0.0,0.0,0.0,0.0,0.0,0.0,-0.275
7488,0.0,0.0,0.0,0.0,0.0,0.0,-0.275
7489,0.0,0.0,0.0,0.0,0.0,0.0,-0.275
7490,0.0,0.0,0.0,0.0,0.0,0.0,-0.275
7491,0.0,0.0,0.0,0.0,0.0,0.0,-0.275
7492,0.0,0.0,0.0,0.0,0.0,0.0,-0.275
7493,0.0,0.0,0.0,0.0,0.0,0.0,-0.275
7494,0.0,0.0,0.0,0.0,0.0,0.0,-0.275
7495,0.0,0.0,0.0,0.0,0.0,0.0,-0.275
7496,0.0,0.0,0.0,0.0,0.0,0.0,-0.275
7497,0.0,0.0,0.0,0.0,0.0,0.0,-0.275
7498,0.0,0.0,0.0,0.0,0.0,0.0,-0.275
7499,0.0,0.0,0.0,0.0,0.0,0.0,-0.275
7500,0.0,0.0,0.0,0.0,0.0,0.0,-0.275
7501,0.0,0.0,183.84293402777777,0.0,0.0,0.0,-1.7856441243489583
7502,148.45279079861112,117.09537760416667,1221.0891449652777,480.2549746285042,0.0,0.0,22.83997068617079
7503,152.83265625,121.2181423611111,767.0840277777778,311.0219240425906,0.0,0.0,50.971705729166665
7504,153.24854166666665,121.25950520833334,649.0120138888889,253.67688533245504,0.0,0.0,50.92365451388889
7505,152.4025,121.22922743055555,506.6298263888889,181.9093045516505,0.0,0.0,50.82855034722222
7506,0.0,0.0,0.0,0.0,0.0,0.0,-0.5084750027126737
7507,0.0,0.0,0.0,0.0,0.0,0.0,-0.275
7508,0.0,0.0,0.0,0.0,0.0,0.0,-0.275
7509,0.0,0.0,0.0,0.0,0.0,0.0,-0.275
7510,0.0,0.0,0.0,0.0,0.0,0.0,-0.275
7511,0.0,0.0,0.0,0.0,0.0,0.0,-0.275
7512,0.0,0.0,0.0,0.0,0.0,0.0,-0.275
7513,0.0,0.0,0.0,0.0,0.0,0.0,-0.275
7514,0.0,0.0,0.0,0.0,0.0,0.0,-0.275
7515,0.0,0.0,0.0,0.0,0.0,0.0,-0.275
7516,0.0,0.0,0.0,0.0,0.0,0.0,-0.275
7517,0.0,0.0,0.0,0.0,0.0,0.0,-0.275
7518,0.0,0.0,0.0,0.0,0.0,0.0,-0.275
7519,0.0,0.0,0.0,0.0,0.0,0.0,-0.275
7520,0.0,0.0,0.0,0.0,0.0,0.0,-0.275
7521,0.0,0.0,0.0,0.0,0.0,0.0,-0.275
7522,0.0,0.0,0.0,0.0,0.0,0.0,-0.275
7523,0.0,0.0,0.0,0.0,0.0,0.0,-0.275
7524,76.09256944444445,60.601215277777776,1025.5697916666666,202.495188749556,0.0,0.0,-2.903858167860243
7525,0.0,0.0,0.0,0.0,0.0,0.0,-0.5084750027126737
7526,75.68427083333333,60.61412326388889,446.8859548611111,92.27737452832464,0.0,0.0,-2.23273193359375
7527,150.98639085027907,121.24353363778856,1054.8012788221572,432.4647799076984,0.0,0.0,51.42792544793752
7528,0.0,0.0,0.0,0.0,0.0,0.0,-0.5084750027126737
7529,74.93568576388888,60.61730034722222,543.2096701388889,98.81947484777,0.0,0.0,-2.2628748236762153
7530,0.0,0.0,0.0,0.0,0.0,0.0,-0.5084750027126737
7531,0.0,0.0,0.0,0.0,0.0,0.0,-0.275
7532,0.0,0.0,0.0,0.0,0.0,0.0,-0.275
7533,0.0,0.0,0.0,0.0,0.0,0.0,-0.275
7534,0.0,0.0,0.0,0.0,0.0,0.0,-0.275
7535,0.0,0.0,0.0,0.0,0.0,0.0,-0.275
7536,0.0,0.0,0.0,0.0,0.0,0.0,-0.275
7537,0.0,0.0,0.0,0.0,0.0,0.0,-0.275
7538,0.0,0.0,0.0,0.0,0.0,0.0,-0.275
7539,0.0,0.0,0.0,0.0,0.0,0.0,-0.275
7540,0.0,0.0,0.0,0.0,0.0,0.0,-0.275
7541,0.0,0.0,0.0,0.0,0.0,0.0,-0.275
7542,0.0,0.0,0.0,0.0,0.0,0.0,-0.275
7543,0.0,0.0,0.0,0.0,0.0,0.0,-0.275
7544,0.0,0.0,0.0,0.0,0.0,0.0,-0.275
7545,0.0,0.0,0.0,0.0,0.0,0.0,-0.275
7546,73.44059027777777,60.627109375,878.8189930555556,127.0359739475178,0.0,0.0,-2.470736829969618
7547,0.0,0.0,0.0,0.0,0.0,0.0,-0.5084750027126737
7548,73.84059027777778,60.61138020833334,893.9201736111111,181.5922881297695,0.0,0.0,-2.911817626953125
7549,147.82204922146266,121.14532218933105,1097.2732810465495,459.57789916437423,0.0,0.0,51.404012050562436
7550,148.161875,121.24391493055556,1053.0215277777777,443.86773530031513,0.0,0.0,51.4004296875
7551,148.13234375,121.23295138888889,1051.2013194444444,438.70992628182097,0.0,0.0,51.38913628472222
7552,148.10541666666666,121.21265625,923.1921527777778,371.9833073013734,0.0,0.0,51.36760850694444
7553,147.3946701388889,121.25043402777777,607.7535416666667,224.0772282054369,0.0,0.0,51.23217881944444
7554,0.0,0.0,0.0,0.0,0.0,0.0,-0.5084750027126737
7555,0.0,0.0,0.0,0.0,0.0,0.0,-0.275
7556,0.0,0.0,0.0,0.0,0.0,0.0,-0.275
7557,0.0,0.0,0.0,0.0,0.0,0.0,-0.275
7558,0.0,0.0,0.0,0.0,0.0,0.0,-0.275
7559,0.0,0.0,0.0,0.0,0.0,0.0,-0.275
7560,0.0,0.0,0.0,0.0,0.0,0.0,-0.275
7561,0.0,0.0,0.0,0.0,0.0,0.0,-0.275
7562,0.0,0.0,0.0,0.0,0.0,0.0,-0.275
7563,0.0,0.0,0.0,0.0,0.0,0.0,-0.275
7564,0.0,0.0,0.0,0.0,0.0,0.0,-0.275
7565,0.0,0.0,0.0,0.0,0.0,0.0,-0.275
7566,0.0,0.0,0.0,0.0,0.0,0.0,-0.275
7567,0.0,0.0,0.0,0.0,0.0,0.0,-0.275
7568,0.0,0.0,0.0,0.0,0.0,0.0,-0.275
7569,0.0,0.0,0.0,0.0,0.0,0.0,-0.275
7570,73.2657204861111,60.629444444444445,966.6483680555556,138.08002142373454,0.0,0.0,-2.601585150824653
7571,146.3755884085761,121.17050109015571,1007.0843803914388,377.26924142126506,0.0,0.0,50.960508507854406
7572,146.3115625,121.17214409722222,900.68875,368.5481460877994,0.0,0.0,51.354639756944444
7573,146.3150347222222,121.22723958333333,1002.6754166666667,424.0209727238102,0.0,0.0,51.334140625
7574,146.26784722222223,121.22852430555555,1000.7742361111111,426.7818196253969,0.0,0.0,51.296688368055555
7575,146.22414930555556,121.22328993055555,960.3382638888888,405.48548896734036,0.0,0.0,51.26134548611111
7576,146.16109375,121.17496527777777,919.8078472222222,374.8058467041149,0.0,0.0,51.240199652777775
7577,146.2397222222222,121.24918402777777,592.4771527777777,219.3835713950284,0.0,0.0,51.138333333333335
7578,0.0,0.0,0.0,0.0,0.0,0.0,-0.5084750027126737
7579,0.0,0.0,0.0,0.0,0.0,0.0,-0.275
7580,0.0,0.0,0.0,0.0,0.0,0.0,-0.275
7581,0.0,0.0,0.0,0.0,0.0,0.0,-0.275
7582,0.0,0.0,0.0,0.0,0.0,0.0,-0.275
7583,0.0,0.0,0.0,0.0,0.0,0.0,-0.275
7584,0.0,0.0,0.0,0.0,0.0,0.0,-0.275
7585,0.0,0.0,0.0,0.0,0.0,0.0,-0.275
7586,0.0,0.0,0.0,0.0,0.0,0.0,-0.275
7587,0.0,0.0,0.0,0.0,0.0,0.0,-0.275
7588,0.0,0.0,0.0,0.0,0.0,0.0,-0.275
7589,0.0,0.0,0.0,0.0,0.0,0.0,-0.275
7590,0.0,0.0,0.0,0.0,0.0,0.0,-0.275
7591,0.0,0.0,0.0,0.0,0.0,0.0,-0.275
7592,0.0,0.0,0.0,0.0,0.0,0.0,-0.275
7593,0.0,0.0,0.0,0.0,0.0,0.0,-0.275
7594,0.0,0.0,187.9687673611111,0.0,0.0,0.0,-1.4871880425347221
7595,0.0,0.0,0.0,0.0,0.0,0.0,-0.5084750027126737
7596,0.0,0.0,0.0,0.0,0.0,0.0,-0.275
7597,0.0,0.0,0.0,0.0,0.0,0.0,-0.275
7598,0.0,0.0,0.0,0.0,0.0,0.0,-0.275
7599,0.0,0.0,0.0,0.0,0.0,0.0,-0.275
7600,0.0,0.0,88.50348090277778,0.0,0.0,0.0,-1.180131564670139
7601,0.0,0.0,167.28559027777777,0.0,0.0,0.0,-1.3911637369791667
7602,0.0,0.0,0.0,0.0,0.0,0.0,-0.5084750027126737
7603,0.0,0.0,0.0,0.0,0.0,0.0,-0.275
7604,0.0,0.0,0.0,0.0,0.0,0.0,-0.275
7605,0.0,0.0,0.0,0.0,0.0,0.0,-0.275
7606,0.0,0.0,0.0,0.0,0.0,0.0,-0.275
7607,0.0,0.0,0.0,0.0,0.0,0.0,-0.275
7608,0.0,0.0,0.0,0.0,0.0,0.0,-0.275
7609,0.0,0.0,0.0,0.0,0.0,0.0,-0.275
7610,0.0,0.0,0.0,0.0,0.0,0.0,-0.275
7611,0.0,0.0,0.0,0.0,0.0,0.0,-0.275
7612,0.0,0.0,0.0,0.0,0.0,0.0,-0.275
7613,0.0,0.0,0.0,0.0,0.0,0.0,-0.275
7614,0.0,0.0,0.0,0.0,0.0,0.0,-0.275
7615,0.0,0.0,0.0,0.0,0.0,0.0,-0.275
7616,0.0,0.0,0.0,0.0,0.0,0.0,-0.275
7617,0.0,0.0,0.0,0.0,0.0,0.0,-0.275
7618,0.0,0.0,0.0,0.0,0.0,0.0,-0.275
7619,0.0,0.0,0.0,0.0,0.0,0.0,-0.275
7620,0.0,0.0,140.06309027777777,0.0,0.0,0.0,-1.5017963324652779
7621,0.0,0.0,0.0,0.0,0.0,0.0,-0.5084750027126737
7622,0.0,0.0,0.0,0.0,0.0,0.0,-0.275
7623,0.0,0.0,0.0,0.0,0.0,0.0,-0.275
7624,0.0,0.0,0.0,0.0,0.0,0.0,-0.275
7625,74.16821180555556,60.611805555555556,454.6927083333333,82.3861032829193,0.0,0.0,-2.1922537570529514
7626,0.0,0.0,0.0,0.0,0.0,0.0,-0.5084750027126737
7627,0.0,0.0,0.0,0.0,0.0,0.0,-0.275
7628,0.0,0.0,0.0,0.0,0.0,0.0,-0.275
7629,0.0,0.0,0.0,0.0,0.0,0.0,-0.275
7630,0.0,0.0,0.0,0.0,0.0,0.0,-0.275
7631,0.0,0.0,0.0,0.0,0.0,0.0,-0.275
7632,0.0,0.0,0.0,0.0,0.0,0.0,-0.275
7633,0.0,0.0,0.0,0.0,0.0,0.0,-0.275
7634,0.0,0.0,0.0,0.0,0.0,0.0,-0.275
7635,0.0,0.0,0.0,0.0,0.0,0.0,-0.275
7636,0.0,0.0,0.0,0.0,0.0,0.0,-0.275
7637,0.0,0.0,0.0,0.0,0.0,0.0,-0.275
7638,0.0,0.0,0.0,0.0,0.0,0.0,-0.275
7639,0.0,0.0,0.0,0.0,0.0,0.0,-0.275
7640,0.0,0.0,0.0,0.0,0.0,0.0,-0.275
7641,0.0,0.0,0.0,0.0,0.0,0.0,-0.275
7642,74.16471354166667,60.630069444444445,1095.4395486111111,147.68653809378273,0.0,0.0,-2.7736526150173613
7643,147.78574107752905,121.14518232080671,1220.657718565199,447.28740308233444,0.0,0.0,51.05697362727589
7644,147.82447916666666,121.2395920138889,1254.5408333333332,505.5292129377659,0.0,0.0,51.02174479166667
7645,148.32862847222222,121.26652777777778,1312.9634722222222,545.7143089981416,0.0,0.0,51.071193576388886
7646,148.54539930555555,121.24572048611111,1176.7159722222223,492.5337302712042,0.0,0.0,51.008802083333336
7647,149.06944444444446,121.30949652777778,1110.5406944444444,458.5721932881455,0.0,0.0,51.037769097222224
7648,149.81684027777777,121.219375,1020.4056944444444,403.76585688651573,0.0,0.0,51.01806423611111
7649,149.00505208333334,121.25486111111111,694.9761111111111,249.91064842525637,0.0,0.0,50.92575086805556
7650,0.0,0.0,0.0,0.0,0.0,0.0,-0.5084750027126737
7651,0.0,0.0,0.0,0.0,0.0,0.0,-0.275
7652,0.0,0.0,0.0,0.0,0.0,0.0,-0.275
7653,0.0,0.0,0.0,0.0,0.0,0.0,-0.275
7654,0.0,0.0,0.0,0.0,0.0,0.0,-0.275
7655,0.0,0.0,0.0,0.0,0.0,0.0,-0.275
7656,0.0,0.0,0.0,0.0,0.0,0.0,-0.275
7657,0.0,0.0,0.0,0.0,0.0,0.0,-0.275
7658,0.0,0.0,0.0,0.0,0.0,0.0,-0.275
7659,0.0,0.0,0.0,0.0,0.0,0.0,-0.275
7660,0.0,0.0,0.0,0.0,0.0,0.0,-0.275
7661,0.0,0.0,0.0,0.0,0.0,0.0,-0.275
7662,0.0,0.0,0.0,0.0,0.0,0.0,-0.275
7663,0.0,0.0,0.0,0.0,0.0,0.0,-0.275
7664,0.0,0.0,0.0,0.0,0.0,0.0,-0.275
7665,0.0,0.0,0.0,0.0,0.0,0.0,-0.275
7666,73.32791666666667,60.62942274305556,1029.9653472222221,138.21471434816416,0.0,0.0,-2.6044152153862847
7667,146.52270578596327,121.2080680041843,1065.7631299845377,392.4261574677202,0.0,0.0,50.97635776175393
7668,146.4387847222222,121.17166666666667,1168.1543055555555,473.992827558284,0.0,0.0,51.01513020833333
7669,146.41677083333335,121.17192708333333,1121.3002777777779,471.1444751053981,0.0,0.0,51.010013020833334
7670,146.39390625,121.17215277777778,1099.0530555555556,465.9792197536503,0.0,0.0,51.41602430555555
7671,146.42767361111112,121.22380208333334,977.906875,410.2965765538927,0.0,0.0,51.38884982638889
7672,146.39600694444445,121.17077256944444,911.8123611111112,368.46700615252524,0.0,0.0,51.372035590277775
7673,146.46399305555556,121.26227430555555,757.0390972222223,276.0029485260136,0.0,0.0,50.91485677083333
7674,0.0,0.0,0.0,0.0,0.0,0.0,-0.5084750027126737
7675,0.0,0.0,0.0,0.0,0.0,0.0,-0.275
7676,0.0,0.0,0.0,0.0,0.0,0.0,-0.275
7677,0.0,0.0,0.0,0.0,0.0,0.0,-0.275
7678,0.0,0.0,0.0,0.0,0.0,0.0,-0.275
7679,0.0,0.0,0.0,0.0,0.0,0.0,-0.275
7680,0.0,0.0,0.0,0.0,0.0,0.0,-0.275
7681,0.0,0.0,0.0,0.0,0.0,0.0,-0.275
7682,0.0,0.0,0.0,0.0,0.0,0.0,-0.275
7683,0.0,0.0,0.0,0.0,0.0,0.0,-0.275
7684,0.0,0.0,0.0,0.0,0.0,0.0,-0.275
7685,0.0,0.0,0.0,0.0,0.0,0.0,-0.275
7686,0.0,0.0,0.0,0.0,0.0,0.0,-0.275
7687,0.0,0.0,0.0,0.0,0.0,0.0,-0.275
7688,0.0,0.0,0.0,0.0,0.0,0.0,-0.275
7689,0.0,0.0,0.0,0.0,0.0,0.0,-0.275
7690,0.0,0.0,0.0,0.0,0.0,0.0,-0.275
7691,0.0,0.0,0.0,0.0,0.0,0.0,-0.275
7692,0.0,0.0,0.0,0.0,0.0,0.0,-0.275
7693,0.0,0.0,0.0,0.0,0.0,0.0,-0.275
7694,0.0,0.0,0.0,0.0,0.0,0.0,-0.275
7695,0.0,0.0,0.0,0.0,0.0,0.0,-0.275
7696,0.0,0.0,0.0,0.0,0.0,0.0,-0.275
7697,0.0,0.0,0.0,0.0,0.0,0.0,-0.275
7698,0.0,0.0,0.0,0.0,0.0,0.0,-0.275
7699,0.0,0.0,0.0,0.0,0.0,0.0,-0.275
7700,0.0,0.0,0.0,0.0,0.0,0.0,-0.275
7701,0.0,0.0,0.0,0.0,0.0,0.0,-0.275
7702,0.0,0.0,0.0,0.0,0.0,0.0,-0.275
7703,0.0,0.0,0.0,0.0,0.0,0.0,-0.275
7704,0.0,0.0,0.0,0.0,0.0,0.0,-0.275
7705,0.0,0.0,0.0,0.0,0.0,0.0,-0.275
7706,0.0,0.0,0.0,0.0,0.0,0.0,-0.275
7707,0.0,0.0,0.0,0.0,0.0,0.0,-0.275
7708,0.0,0.0,0.0,0.0,0.0,0.0,-0.275
7709,0.0,0.0,0.0,0.0,0.0,0.0,-0.275
7710,0.0,0.0,0.0,0.0,0.0,0.0,-0.275
7711,0.0,0.0,0.0,0.0,0.0,0.0,-0.275
7712,0.0,0.0,0.0,0.0,0.0,0.0,-0.275
7713,0.0,0.0,0.0,0.0,0.0,0.0,-0.275
7714,73.37541666666667,60.63006510416667,1088.900173611111,141.29081133614386,0.0,0.0,-2.649816623263889
7715,146.83843963199192,121.21168117523193,1092.9317190551758,398.0803116176421,0.0,0.0,50.98638739493158
7716,146.81222222222223,121.16564236111111,1172.0644444444445,472.48151871477074,0.0,0.0,51.024500868055554
7717,146.83085069444445,121.22738715277778,915.2640277777778,382.6321364950979,0.0,0.0,50.9884375
7718,146.93809027777777,121.25235243055556,548.8051736111111,231.45213235807154,0.0,0.0,50.87697482638889
7719,146.82977430555556,121.165234375,1106.226111111111,461.51305969472065,0.0,0.0,51.01053819444444
7720,0.0,0.0,0.0,0.0,0.0,0.0,-0.5084750027126737
7721,73.37707465277778,60.61937065972222,539.9602083333333,97.5404178727546,0.0,0.0,-2.2509840223524304
7722,0.0,0.0,0.0,0.0,0.0,0.0,-0.5084750027126737
7723,0.0,0.0,0.0,0.0,0.0,0.0,-0.275
7724,0.0,0.0,0.0,0.0,0.0,0.0,-0.275
7725,0.0,0.0,0.0,0.0,0.0,0.0,-0.275
7726,0.0,0.0,0.0,0.0,0.0,0.0,-0.275
7727,0.0,0.0,0.0,0.0,0.0,0.0,-0.275
7728,0.0,0.0,0.0,0.0,0.0,0.0,-0.275
7729,0.0,0.0,0.0,0.0,0.0,0.0,-0.275
7730,0.0,0.0,0.0,0.0,0.0,0.0,-0.275
7731,0.0,0.0,0.0,0.0,0.0,0.0,-0.275
7732,0.0,0.0,0.0,0.0,0.0,0.0,-0.275
7733,0.0,0.0,0.0,0.0,0.0,0.0,-0.275
7734,0.0,0.0,0.0,0.0,0.0,0.0,-0.275
7735,0.0,0.0,0.0,0.0,0.0,0.0,-0.275
7736,0.0,0.0,0.0,0.0,0.0,0.0,-0.275
7737,0.0,0.0,0.0,0.0,0.0,0.0,-0.275
7738,0.0,0.0,0.0,0.0,0.0,0.0,-0.275
7739,73.313984375,60.617261284722225,496.55791666666664,90.17013472438562,0.0,0.0,-2.2179137505425346
7740,146.86590940263537,121.24771575927734,533.4343508232964,214.670981058296,0.0,0.0,50.84002551721202
7741,146.94329861111112,121.26510416666666,683.2997222222223,285.1412897070956,0.0,0.0,50.921085069444445
7742,147.63453125,121.23987847222222,1205.9475,505.57247355025095,0.0,0.0,51.41344184027778
7743,148.12899305555555,121.23739583333334,1150.1272916666667,475.32332626208057,0.0,0.0,51.43994791666667
7744,148.42336805555556,121.26771701388888,613.9693055555556,243.70663749507463,0.0,0.0,51.27294704861111
7745,0.0,0.0,0.0,0.0,0.0,0.0,-0.5084750027126737
7746,0.0,0.0,0.0,0.0,0.0,0.0,-0.275
7747,0.0,0.0,0.0,0.0,0.0,0.0,-0.275
7748,0.0,0.0,0.0,0.0,0.0,0.0,-0.275
7749,0.0,0.0,0.0,0.0,0.0,0.0,-0.275
7750,0.0,0.0,0.0,0.0,0.0,0.0,-0.275
7751,0.0,0.0,0.0,0.0,0.0,0.0,-0.275
7752,0.0,0.0,0.0,0.0,0.0,0.0,-0.275
7753,0.0,0.0,0.0,0.0,0.0,0.0,-0.275
7754,0.0,0.0,0.0,0.0,0.0,0.0,-0.275
7755,0.0,0.0,0.0,0.0,0.0,0.0,-0.275
7756,0.0,0.0,0.0,0.0,0.0,0.0,-0.275
7757,0.0,0.0,0.0,0.0,0.0,0.0,-0.275
7758,0.0,0.0,0.0,0.0,0.0,0.0,-0.275
7759,0.0,0.0,0.0,0.0,0.0,0.0,-0.275
7760,0.0,0.0,0.0,0.0,0.0,0.0,-0.275
7761,0.0,0.0,0.0,0.0,0.0,0.0,-0.275
7762,0.0,0.0,0.0,0.0,0.0,0.0,-0.275
7763,0.0,0.0,0.0,0.0,0.0,0.0,-0.275
7764,0.0,0.0,0.0,0.0,0.0,0.0,-0.275
7765,0.0,0.0,0.0,0.0,0.0,0.0,-0.275
7766,0.0,0.0,0.0,0.0,0.0,0.0,-0.275
7767,0.0,0.0,0.0,0.0,0.0,0.0,-0.275
7768,0.0,0.0,0.0,0.0,0.0,0.0,-0.275
7769,19.61642144097222,15.14272677951389,263.43403211805554,15.233213154178076,0.0,0.0,-2.0005127970377603
7770,0.0,0.0,0.0,0.0,0.0,0.0,-0.5084750027126737
7771,0.0,0.0,0.0,0.0,0.0,0.0,-0.275
7772,0.0,0.0,0.0,0.0,0.0,0.0,-0.275
7773,0.0,0.0,0.0,0.0,0.0,0.0,-0.275
7774,0.0,0.0,0.0,0.0,0.0,0.0,-0.275
7775,0.0,0.0,0.0,0.0,0.0,0.0,-0.275
7776,0.0,0.0,0.0,0.0,0.0,0.0,-0.275
7777,0.0,0.0,0.0,0.0,0.0,0.0,-0.275
7778,0.0,0.0,0.0,0.0,0.0,0.0,-0.275
7779,0.0,0.0,0.0,0.0,0.0,0.0,-0.275
7780,0.0,0.0,0.0,0.0,0.0,0.0,-0.275
7781,0.0,0.0,0.0,0.0,0.0,0.0,-0.275
7782,0.0,0.0,0.0,0.0,0.0,0.0,-0.275
7783,0.0,0.0,0.0,0.0,0.0,0.0,-0.275
7784,0.0,0.0,0.0,0.0,0.0,0.0,-0.275
7785,0.0,0.0,0.0,0.0,0.0,0.0,-0.275
7786,0.0,0.0,238.28793402777777,0.0,0.0,0.0,-1.5138669162326388
7787,0.0,0.0,0.0,0.0,0.0,0.0,-0.5084750027126737
7788,0.0,0.0,0.0,0.0,0.0,0.0,-0.275
7789,0.0,0.0,0.0,0.0,0.0,0.0,-0.275
7790,0.0,0.0,0.0,0.0,0.0,0.0,-0.275
7791,0.0,0.0,0.0,0.0,0.0,0.0,-0.275
7792,0.0,0.0,0.0,0.0,0.0,0.0,-0.275
7793,1.1773139105902777,0.8539630126953125,235.57781928168401,0.860050917026763,0.0,0.0,-1.9436036788092719
7794,0.0,0.0,0.0,0.0,0.0,0.0,-0.5084750027126737
7795,0.0,0.0,0.0,0.0,0.0,0.0,-0.275
7796,0.0,0.0,0.0,0.0,0.0,0.0,-0.275
7797,0.0,0.0,0.0,0.0,0.0,0.0,-0.275
7798,0.0,0.0,0.0,0.0,0.0,0.0,-0.275
7799,0.0,0.0,0.0,0.0,0.0,0.0,-0.275
7800,0.0,0.0,0.0,0.0,0.0,0.0,-0.275
7801,0.0,0.0,0.0,0.0,0.0,0.0,-0.275
7802,0.0,0.0,0.0,0.0,0.0,0.0,-0.275
7803,0.0,0.0,0.0,0.0,0.0,0.0,-0.275
7804,0.0,0.0,0.0,0.0,0.0,0.0,-0.275
7805,0.0,0.0,0.0,0.0,0.0,0.0,-0.275
7806,0.0,0.0,0.0,0.0,0.0,0.0,-0.275
7807,0.0,0.0,0.0,0.0,0.0,0.0,-0.275
7808,0.0,0.0,0.0,0.0,0.0,0.0,-0.275
7809,0.0,0.0,0.0,0.0,0.0,0.0,-0.275
7810,0.0,0.0,157.84737847222223,0.0,0.0,0.0,-1.196654052734375
7811,0.0,0.0,186.20248263888888,0.0,0.0,0.0,-1.4436140950520833
7812,0.0,0.0,0.0,0.0,0.0,0.0,-0.5084750027126737
7813,0.0,0.0,0.0,0.0,0.0,0.0,-0.275
7814,0.0,0.0,0.0,0.0,0.0,0.0,-0.275
7815,0.0,0.0,0.0,0.0,0.0,0.0,-0.275
7816,0.0,0.0,0.0,0.0,0.0,0.0,-0.275
7817,0.0,0.0,174.01369791666667,0.0,0.0,0.0,-1.6101786295572917
7818,0.0,0.0,0.0,0.0,0.0,0.0,-0.5084750027126737
7819,0.0,0.0,0.0,0.0,0.0,0.0,-0.275
7820,0.0,0.0,0.0,0.0,0.0,0.0,-0.275
7821,0.0,0.0,0.0,0.0,0.0,0.0,-0.275
7822,0.0,0.0,0.0,0.0,0.0,0.0,-0.275
7823,0.0,0.0,0.0,0.0,0.0,0.0,-0.275
7824,0.0,0.0,0.0,0.0,0.0,0.0,-0.275
7825,0.0,0.0,0.0,0.0,0.0,0.0,-0.275
7826,0.0,0.0,0.0,0.0,0.0,0.0,-0.275
7827,0.0,0.0,0.0,0.0,0.0,0.0,-0.275
7828,0.0,0.0,0.0,0.0,0.0,0.0,-0.275
7829,0.0,0.0,0.0,0.0,0.0,0.0,-0.275
7830,0.0,0.0,0.0,0.0,0.0,0.0,-0.275
7831,0.0,0.0,0.0,0.0,0.0,0.0,-0.275
7832,0.0,0.0,0.0,0.0,0.0,0.0,-0.275
7833,0.0,0.0,0.0,0.0,0.0,0.0,-0.275
7834,11.651247829861111,8.88111328125,373.76672309027776,8.938248576928412,0.0,0.0,-1.9752762349446615
7835,146.9205251736111,121.203515625,1113.7901041666667,396.19313099457395,0.0,0.0,28.510325792100694
7836,147.23362847222222,121.15928819444444,1169.9744444444445,465.4386576849741,0.0,0.0,51.0127734375
7837,147.18253472222221,120.91314236111111,293.9194791666667,121.4391081042872,0.0,0.0,50.49207465277778
7838,127.64908854166667,101.44670138888888,252.25647569444445,101.97198641355162,0.0,0.0,40.68302083333333
7839,0.0,0.0,0.0,0.0,0.0,0.0,-0.5084750027126737
7840,73.72713541666667,60.622578125,547.4029166666667,108.64211233206039,0.0,0.0,-2.31713860405816
7841,146.84832301245797,121.2510588285658,640.2479708014595,227.4688127388329,0.0,0.0,50.85125616550445
7842,0.0,0.0,0.0,0.0,0.0,0.0,-0.5084750027126737
7843,0.0,0.0,0.0,0.0,0.0,0.0,-0.275
7844,0.0,0.0,0.0,0.0,0.0,0.0,-0.275
7845,0.0,0.0,0.0,0.0,0.0,0.0,-0.275
7846,0.0,0.0,0.0,0.0,0.0,0.0,-0.275
7847,0.0,0.0,0.0,0.0,0.0,0.0,-0.275
7848,0.0,0.0,0.0,0.0,0.0,0.0,-0.275
7849,0.0,0.0,0.0,0.0,0.0,0.0,-0.275
7850,0.0,0.0,0.0,0.0,0.0,0.0,-0.275
7851,0.0,0.0,0.0,0.0,0.0,0.0,-0.275
7852,0.0,0.0,0.0,0.0,0.0,0.0,-0.275
7853,0.0,0.0,0.0,0.0,0.0,0.0,-0.275
7854,0.0,0.0,0.0,0.0,0.0,0.0,-0.275
7855,0.0,0.0,0.0,0.0,0.0,0.0,-0.275
7856,0.0,0.0,0.0,0.0,0.0,0.0,-0.275
7857,0.0,0.0,0.0,0.0,0.0,0.0,-0.275
7858,0.0,0.0,0.0,0.0,0.0,0.0,-0.275
7859,0.0,0.0,0.0,0.0,0.0,0.0,-0.275
7860,0.0,0.0,0.0,0.0,0.0,0.0,-0.275
7861,0.0,0.0,0.0,0.0,0.0,0.0,-0.275
7862,0.0,0.0,0.0,0.0,0.0,0.0,-0.275
7863,0.0,0.0,0.0,0.0,0.0,0.0,-0.275
7864,0.0,0.0,0.0,0.0,0.0,0.0,-0.275
7865,0.0,0.0,201.54630208333333,0.0,0.0,0.0,-1.782247314453125
7866,0.0,0.0,0.0,0.0,0.0,0.0,-0.5084750027126737
7867,0.0,0.0,0.0,0.0,0.0,0.0,-0.275
7868,0.0,0.0,0.0,0.0,0.0,0.0,-0.275
7869,0.0,0.0,0.0,0.0,0.0,0.0,-0.275
7870,0.0,0.0,0.0,0.0,0.0,0.0,-0.275
7871,0.0,0.0,0.0,0.0,0.0,0.0,-0.275
7872,0.0,0.0,0.0,0.0,0.0,0.0,-0.275
7873,0.0,0.0,0.0,0.0,0.0,0.0,-0.275
7874,0.0,0.0,0.0,0.0,0.0,0.0,-0.275
7875,0.0,0.0,0.0,0.0,0.0,0.0,-0.275
7876,0.0,0.0,0.0,0.0,0.0,0.0,-0.275
7877,0.0,0.0,0.0,0.0,0.0,0.0,-0.275
7878,0.0,0.0,0.0,0.0,0.0,0.0,-0.275
7879,0.0,0.0,0.0,0.0,0.0,0.0,-0.275
7880,0.0,0.0,0.0,0.0,0.0,0.0,-0.275
7881,0.0,0.0,0.0,0.0,0.0,0.0,-0.275
7882,0.0,0.0,0.0,0.0,0.0,0.0,-0.275
7883,73.21954861111111,60.623797743055555,642.0816666666667,113.51768170273718,0.0,0.0,-2.348816121419271
7884,146.3962841161092,121.16983346727159,398.81848016526965,158.8976076860212,0.0,0.0,50.7334765034914
7885,0.0,0.0,0.0,0.0,0.0,0.0,-0.5084750027126737
7886,0.0,0.0,189.9373090277778,0.0,0.0,0.0,-1.9041947428385417
7887,134.27282552083332,109.10687934027777,275.79809407552085,109.61888708100648,0.0,0.0,18.788250562879774
7888,146.9650347222222,121.16234375,329.3667013888889,130.69398769071708,0.0,0.0,51.059496527777775
7889,130.5095746527778,105.18938368055555,306.4453125,105.71455828437546,0.0,0.0,42.73260416666667
7890,0.0,0.0,0.0,0.0,0.0,0.0,-0.5084750027126737
7891,0.0,0.0,0.0,0.0,0.0,0.0,-0.275
7892,0.0,0.0,0.0,0.0,0.0,0.0,-0.275
7893,0.0,0.0,0.0,0.0,0.0,0.0,-0.275
7894,0.0,0.0,0.0,0.0,0.0,0.0,-0.275
7895,0.0,0.0,0.0,0.0,0.0,0.0,-0.275
7896,0.0,0.0,0.0,0.0,0.0,0.0,-0.275
7897,0.0,0.0,0.0,0.0,0.0,0.0,-0.275
7898,0.0,0.0,0.0,0.0,0.0,0.0,-0.275
7899,0.0,0.0,0.0,0.0,0.0,0.0,-0.275
7900,0.0,0.0,0.0,0.0,0.0,0.0,-0.275
7901,0.0,0.0,0.0,0.0,0.0,0.0,-0.275
7902,0.0,0.0,0.0,0.0,0.0,0.0,-0.275
7903,0.0,0.0,0.0,0.0,0.0,0.0,-0.275
7904,0.0,0.0,0.0,0.0,0.0,0.0,-0.275
7905,0.0,0.0,0.0,0.0,0.0,0.0,-0.275
7906,0.0,0.0,0.0,0.0,0.0,0.0,-0.275
7907,0.0,0.0,0.0,0.0,0.0,0.0,-0.275
7908,6.2096565755208335,4.596558159722222,218.66992621527777,4.627738912170439,0.0,0.0,-1.958211898803711
7909,0.0,0.0,0.0,0.0,0.0,0.0,-0.5084750027126737
7910,0.0,0.0,0.0,0.0,0.0,0.0,-0.275
7911,0.0,0.0,0.0,0.0,0.0,0.0,-0.275
7912,0.0,0.0,143.54174479166667,0.0,0.0,0.0,-1.5377872721354167
7913,60.47534288194444,45.11953125,241.42950520833332,45.429265507846985,0.0,0.0,-1.7761878797743056
7914,0.0,0.0,0.0,0.0,0.0,0.0,-0.5084750027126737
7915,0.0,0.0,0.0,0.0,0.0,0.0,-0.275
7916,0.0,0.0,0.0,0.0,0.0,0.0,-0.275
7917,0.0,0.0,0.0,0.0,0.0,0.0,-0.275
7918,0.0,0.0,0.0,0.0,0.0,0.0,-0.275
7919,0.0,0.0,0.0,0.0,0.0,0.0,-0.275
7920,0.0,0.0,0.0,0.0,0.0,0.0,-0.275
7921,0.0,0.0,0.0,0.0,0.0,0.0,-0.275
7922,0.0,0.0,0.0,0.0,0.0,0.0,-0.275
7923,0.0,0.0,0.0,0.0,0.0,0.0,-0.275
7924,0.0,0.0,0.0,0.0,0.0,0.0,-0.275
7925,0.0,0.0,0.0,0.0,0.0,0.0,-0.275
7926,0.0,0.0,0.0,0.0,0.0,0.0,-0.275
7927,0.0,0.0,0.0,0.0,0.0,0.0,-0.275
7928,0.0,0.0,0.0,0.0,0.0,0.0,-0.275
7929,0.0,0.0,0.0,0.0,0.0,0.0,-0.275
7930,0.0,0.0,0.0,0.0,0.0,0.0,-0.275
7931,0.0,0.0,0.0,0.0,0.0,0.0,-0.275
7932,0.0,0.0,0.0,0.0,0.0,0.0,-0.275
7933,1.053233846028646,0.7832010226779514,198.71485541449653,0.7887896736356447,0.0,0.0,-1.9433251444498698
7934,0.0,0.0,0.0,0.0,0.0,0.0,-0.5084750027126737
7935,0.0,0.0,0.0,0.0,0.0,0.0,-0.275
7936,0.0,0.0,0.0,0.0,0.0,0.0,-0.275
7937,0.0,0.0,0.0,0.0,0.0,0.0,-0.275
7938,0.0,0.0,0.0,0.0,0.0,0.0,-0.275
7939,0.0,0.0,0.0,0.0,0.0,0.0,-0.275
7940,0.0,0.0,0.0,0.0,0.0,0.0,-0.275
7941,0.0,0.0,0.0,0.0,0.0,0.0,-0.275
7942,0.0,0.0,0.0,0.0,0.0,0.0,-0.275
7943,0.0,0.0,0.0,0.0,0.0,0.0,-0.275
7944,0.0,0.0,0.0,0.0,0.0,0.0,-0.275
7945,0.0,0.0,0.0,0.0,0.0,0.0,-0.275
7946,0.0,0.0,0.0,0.0,0.0,0.0,-0.275
7947,0.0,0.0,0.0,0.0,0.0,0.0,-0.275
7948,0.0,0.0,0.0,0.0,0.0,0.0,-0.275
7949,0.0,0.0,0.0,0.0,0.0,0.0,-0.275
7950,0.0,0.0,0.0,0.0,0.0,0.0,-0.275
7951,0.0,0.0,0.0,0.0,0.0,0.0,-0.275
7952,0.0,0.0,0.0,0.0,0.0,0.0,-0.275
7953,0.0,0.0,0.0,0.0,0.0,0.0,-0.275
7954,0.0,0.0,0.0,0.0,0.0,0.0,-0.275
7955,73.74068576388889,60.62046875,588.6748958333334,101.83061031142256,0.0,0.0,-2.2751012505425345
7956,148.1774502097236,121.25404926300048,650.1715800306532,254.44236873117694,0.0,0.0,50.934230421980224
7957,148.85434027777777,121.24033854166667,1258.1004166666667,511.92262446418204,0.0,0.0,51.06842881944444
7958,149.48769097222223,121.24391493055556,1258.4509722222222,515.9525877464207,0.0,0.0,51.06611111111111
7959,149.36913194444443,121.31067708333333,1128.1766666666667,458.0021795511945,0.0,0.0,51.049539930555554
7960,149.425625,121.20311631944445,917.2865277777778,356.6046171467727,0.0,0.0,51.01161458333333
7961,149.13736111111112,121.2468142361111,647.2996527777777,223.2697670008233,0.0,0.0,50.90867621527778
7962,0.0,0.0,0.0,0.0,0.0,0.0,-0.5084750027126737
7963,0.0,0.0,0.0,0.0,0.0,0.0,-0.275
7964,0.0,0.0,0.0,0.0,0.0,0.0,-0.275
7965,0.0,0.0,0.0,0.0,0.0,0.0,-0.275
7966,0.0,0.0,0.0,0.0,0.0,0.0,-0.275
7967,0.0,0.0,0.0,0.0,0.0,0.0,-0.275
7968,0.0,0.0,0.0,0.0,0.0,0.0,-0.275
7969,0.0,0.0,0.0,0.0,0.0,0.0,-0.275
7970,0.0,0.0,0.0,0.0,0.0,0.0,-0.275
7971,0.0,0.0,0.0,0.0,0.0,0.0,-0.275
7972,0.0,0.0,0.0,0.0,0.0,0.0,-0.275
7973,0.0,0.0,0.0,0.0,0.0,0.0,-0.275
7974,0.0,0.0,0.0,0.0,0.0,0.0,-0.275
7975,0.0,0.0,0.0,0.0,0.0,0.0,-0.275
7976,0.0,0.0,0.0,0.0,0.0,0.0,-0.275
7977,0.0,0.0,0.0,0.0,0.0,0.0,-0.275
7978,0.0,0.0,0.0,0.0,0.0,0.0,-0.275
7979,0.0,0.0,0.0,0.0,0.0,0.0,-0.275
7980,0.0,0.0,0.0,0.0,0.0,0.0,-0.275
7981,0.0,0.0,0.0,0.0,0.0,0.0,-0.275
7982,0.0,0.0,0.0,0.0,0.0,0.0,-0.275
7983,0.0,0.0,0.0,0.0,0.0,0.0,-0.275
7984,0.0,0.0,0.0,0.0,0.0,0.0,-0.275
7985,0.0,0.0,118.93497395833333,0.0,0.0,0.0,-1.283705105251736
7986,0.0,0.0,0.0,0.0,0.0,0.0,-0.5084750027126737
7987,0.0,0.0,0.0,0.0,0.0,0.0,-0.275
7988,0.0,0.0,0.0,0.0,0.0,0.0,-0.275
7989,0.0,0.0,0.0,0.0,0.0,0.0,-0.275
7990,0.0,0.0,0.0,0.0,0.0,0.0,-0.275
7991,0.0,0.0,0.0,0.0,0.0,0.0,-0.275
7992,0.0,0.0,0.0,0.0,0.0,0.0,-0.275
7993,0.0,0.0,0.0,0.0,0.0,0.0,-0.275
7994,0.0,0.0,0.0,0.0,0.0,0.0,-0.275
7995,0.0,0.0,0.0,0.0,0.0,0.0,-0.275
7996,0.0,0.0,0.0,0.0,0.0,0.0,-0.275
7997,0.0,0.0,0.0,0.0,0.0,0.0,-0.275
7998,0.0,0.0,0.0,0.0,0.0,0.0,-0.275
7999,0.0,0.0,0.0,0.0,0.0,0.0,-0.275
8000,0.0,0.0,0.0,0.0,0.0,0.0,-0.275
8001,0.0,0.0,0.0,0.0,0.0,0.0,-0.275
8002,0.0,0.0,0.0,0.0,0.0,0.0,-0.275
8003,73.96184027777778,60.63186631944444,848.1718055555556,144.86326531965108,0.0,0.0,-2.7184845648871527
8004,148.99291295369466,121.20902117411296,947.0977535332573,366.86986887166,0.0,0.0,50.99148190067874
8005,150.01354166666667,121.22394097222222,799.1739583333333,321.79311231004573,0.0,0.0,50.98651041666667
8006,148.95515625,118.51109375,296.54868055555556,119.03625126864797,0.0,0.0,49.40696614583333
8007,0.0,0.0,0.0,0.0,0.0,0.0,-0.5084750027126737
8008,0.0,0.0,0.0,0.0,0.0,0.0,-0.275
8009,0.0,0.0,0.0,0.0,0.0,0.0,-0.275
8010,0.0,0.0,0.0,0.0,0.0,0.0,-0.275
8011,0.0,0.0,0.0,0.0,0.0,0.0,-0.275
8012,0.0,0.0,0.0,0.0,0.0,0.0,-0.275
8013,0.0,0.0,0.0,0.0,0.0,0.0,-0.275
8014,0.0,0.0,0.0,0.0,0.0,0.0,-0.275
8015,0.0,0.0,0.0,0.0,0.0,0.0,-0.275
8016,0.0,0.0,0.0,0.0,0.0,0.0,-0.275
8017,0.0,0.0,0.0,0.0,0.0,0.0,-0.275
8018,0.0,0.0,0.0,0.0,0.0,0.0,-0.275
8019,0.0,0.0,0.0,0.0,0.0,0.0,-0.275
8020,0.0,0.0,0.0,0.0,0.0,0.0,-0.275
8021,0.0,0.0,0.0,0.0,0.0,0.0,-0.275
8022,0.0,0.0,0.0,0.0,0.0,0.0,-0.275
8023,0.0,0.0,0.0,0.0,0.0,0.0,-0.275
8024,0.0,0.0,0.0,0.0,0.0,0.0,-0.275
8025,0.0,0.0,0.0,0.0,0.0,0.0,-0.275
8026,0.0,0.0,0.0,0.0,0.0,0.0,-0.275
8027,73.68140625,60.59944878472222,1179.9384722222221,200.88629734649058,0.0,0.0,-2.9048864067925346
8028,148.3000640826755,121.2378381093343,1237.6195077514649,480.391279057502,0.0,0.0,51.0349225899246
8029,149.00564236111111,121.22864583333333,1203.2375,486.98024587954467,0.0,0.0,51.046436631944445
8030,149.30053819444444,121.22546875,803.0840972222222,328.52755507188704,0.0,0.0,50.981662326388886
8031,149.26348958333332,121.21147569444445,312.3509375,126.38371431737359,0.0,0.0,50.67654513888889
8032,149.42833333333334,121.215,336.22961805555553,130.18161592288655,0.0,0.0,50.691853298611115
8033,147.27546875,119.86574652777777,351.3307638888889,120.39081772023917,0.0,0.0,50.0773828125
8034,0.0,0.0,0.0,0.0,0.0,0.0,-0.5084750027126737
8035,0.0,0.0,0.0,0.0,0.0,0.0,-0.275
8036,0.0,0.0,0.0,0.0,0.0,0.0,-0.275
8037,0.0,0.0,0.0,0.0,0.0,0.0,-0.275
8038,0.0,0.0,0.0,0.0,0.0,0.0,-0.275
8039,0.0,0.0,0.0,0.0,0.0,0.0,-0.275
8040,0.0,0.0,0.0,0.0,0.0,0.0,-0.275
8041,0.0,0.0,0.0,0.0,0.0,0.0,-0.275
8042,0.0,0.0,0.0,0.0,0.0,0.0,-0.275
8043,0.0,0.0,0.0,0.0,0.0,0.0,-0.275
8044,0.0,0.0,0.0,0.0,0.0,0.0,-0.275
8045,0.0,0.0,0.0,0.0,0.0,0.0,-0.275
8046,0.0,0.0,0.0,0.0,0.0,0.0,-0.275
8047,0.0,0.0,0.0,0.0,0.0,0.0,-0.275
8048,0.0,0.0,0.0,0.0,0.0,0.0,-0.275
8049,0.0,0.0,0.0,0.0,0.0,0.0,-0.275
8050,0.0,0.0,0.0,0.0,0.0,0.0,-0.275
8051,0.0,0.0,0.0,0.0,0.0,0.0,-0.275
8052,75.36637152777777,60.66442708333334,1210.0194444444444,230.71359044384215,0.0,0.0,-2.8912058512369794
8053,151.77129636976454,121.22349870363871,1208.8734065839978,479.7301902365978,0.0,0.0,51.04764474327366
8054,151.75809027777777,121.23659722222222,1070.4417361111111,430.4397170706845,0.0,0.0,51.03551215277778
8055,151.7317534722222,121.22064236111112,919.7809027777778,365.81080731938204,0.0,0.0,51.00913194444445
8056,151.51151041666665,121.19830729166667,1008.2304861111111,384.51856250966057,0.0,0.0,51.018528645833335
8057,150.23925347222223,121.25090277777778,696.0009027777778,236.01501266128176,0.0,0.0,50.919826388888886
8058,0.0,0.0,0.0,0.0,0.0,0.0,-0.5084750027126737
8059,0.0,0.0,0.0,0.0,0.0,0.0,-0.275
8060,0.0,0.0,0.0,0.0,0.0,0.0,-0.275
8061,0.0,0.0,0.0,0.0,0.0,0.0,-0.275
8062,0.0,0.0,0.0,0.0,0.0,0.0,-0.275
8063,0.0,0.0,0.0,0.0,0.0,0.0,-0.275
8064,0.0,0.0,0.0,0.0,0.0,0.0,-0.275
8065,0.0,0.0,0.0,0.0,0.0,0.0,-0.275
8066,0.0,0.0,0.0,0.0,0.0,0.0,-0.275
8067,0.0,0.0,0.0,0.0,0.0,0.0,-0.275
8068,0.0,0.0,0.0,0.0,0.0,0.0,-0.275
8069,0.0,0.0,0.0,0.0,0.0,0.0,-0.275
8070,0.0,0.0,0.0,0.0,0.0,0.0,-0.275
8071,0.0,0.0,0.0,0.0,0.0,0.0,-0.275
8072,0.0,0.0,0.0,0.0,0.0,0.0,-0.275
8073,0.0,0.0,0.0,0.0,0.0,0.0,-0.275
8074,0.0,0.0,0.0,0.0,0.0,0.0,-0.275
8075,73.33188368055555,60.61009548611111,1216.4239583333333,206.07043598624918,0.0,0.0,-2.8993427191840278
8076,146.6521475177341,121.24178091684978,1305.8037375895183,510.3588460319252,0.0,0.0,51.014262644648554
8077,146.85387152777778,121.264609375,1308.3520833333334,536.1255411832884,0.0,0.0,51.03007378472222
8078,146.84737847222223,121.24315972222222,1233.7768055555555,512.2703565280835,0.0,0.0,51.02036892361111
8079,147.01480902777777,121.23486111111112,1195.7677777777778,490.47667989464054,0.0,0.0,51.01111545138889
8080,147.16338541666667,121.23040798611112,997.0798611111111,391.19600571861326,0.0,0.0,50.97707899305556
8081,146.74803819444443,121.24236979166666,565.6186805555556,195.99325205259905,0.0,0.0,50.823880208333335
8082,0.0,0.0,0.0,0.0,0.0,0.0,-0.5084750027126737
8083,0.0,0.0,0.0,0.0,0.0,0.0,-0.275
8084,0.0,0.0,0.0,0.0,0.0,0.0,-0.275
8085,0.0,0.0,0.0,0.0,0.0,0.0,-0.275
8086,0.0,0.0,0.0,0.0,0.0,0.0,-0.275
8087,0.0,0.0,0.0,0.0,0.0,0.0,-0.275
8088,0.0,0.0,0.0,0.0,0.0,0.0,-0.275
8089,0.0,0.0,0.0,0.0,0.0,0.0,-0.275
8090,0.0,0.0,0.0,0.0,0.0,0.0,-0.275
8091,0.0,0.0,0.0,0.0,0.0,0.0,-0.275
8092,0.0,0.0,0.0,0.0,0.0,0.0,-0.275
8093,0.0,0.0,0.0,0.0,0.0,0.0,-0.275
8094,0.0,0.0,0.0,0.0,0.0,0.0,-0.275
8095,0.0,0.0,0.0,0.0,0.0,0.0,-0.275
8096,0.0,0.0,0.0,0.0,0.0,0.0,-0.275
8097,0.0,0.0,0.0,0.0,0.0,0.0,-0.275
8098,0.0,0.0,0.0,0.0,0.0,0.0,-0.275
8099,74.18977430555556,60.610950520833335,1088.7923958333333,181.42177746390828,0.0,0.0,-2.9118606906467015
8100,148.4032548904419,121.26460007985433,605.5558000691732,233.42562567989967,0.0,0.0,50.85921014295684
8101,148.09836805555557,121.22826388888889,1069.524861111111,433.92953222379634,0.0,0.0,51.04768229166667
8102,147.97684027777777,121.26143229166667,691.6592361111111,284.7769131094907,0.0,0.0,50.96958767361111
8103,0.0,0.0,0.0,0.0,0.0,0.0,-0.5084750027126737
8104,15.587060546875,11.720155164930556,237.31713758680556,11.792950534201035,0.0,0.0,-1.9865316602918837
8105,0.0,0.0,0.0,0.0,0.0,0.0,-0.5084750027126737
8106,0.0,0.0,0.0,0.0,0.0,0.0,-0.275
8107,0.0,0.0,0.0,0.0,0.0,0.0,-0.275
8108,0.0,0.0,0.0,0.0,0.0,0.0,-0.275
8109,0.0,0.0,0.0,0.0,0.0,0.0,-0.275
8110,0.0,0.0,0.0,0.0,0.0,0.0,-0.275
8111,0.0,0.0,0.0,0.0,0.0,0.0,-0.275
8112,0.0,0.0,0.0,0.0,0.0,0.0,-0.275
8113,0.0,0.0,0.0,0.0,0.0,0.0,-0.275
8114,0.0,0.0,0.0,0.0,0.0,0.0,-0.275
8115,0.0,0.0,0.0,0.0,0.0,0.0,-0.275
8116,0.0,0.0,0.0,0.0,0.0,0.0,-0.275
8117,0.0,0.0,0.0,0.0,0.0,0.0,-0.275
8118,0.0,0.0,0.0,0.0,0.0,0.0,-0.275
8119,0.0,0.0,0.0,0.0,0.0,0.0,-0.275
8120,0.0,0.0,0.0,0.0,0.0,0.0,-0.275
8121,0.0,0.0,0.0,0.0,0.0,0.0,-0.275
8122,0.0,0.0,0.0,0.0,0.0,0.0,-0.275
8123,69.59586805555556,57.12480902777778,406.2207291666667,63.77913955966837,0.0,0.0,-2.1612057156032987
8124,148.26390570746528,121.22485894097223,1042.3967491319445,401.2069801452698,0.0,0.0,49.505661731296115
8125,148.73501736111112,121.31391493055555,1140.8643055555556,460.6821962776924,0.0,0.0,51.0506640625
8126,149.16315972222222,121.31073784722223,1118.3339583333334,456.5853056120203,0.0,0.0,51.04556423611111
8127,149.59953125,121.29716145833333,1125.6822916666667,453.2670244732127,0.0,0.0,51.03948350694444
8128,150.2390625,121.25189236111112,621.2231944444444,238.33232343591828,0.0,0.0,50.9136328125
8129,149.85805555555555,121.22355034722223,422.7240972222222,142.96300232211115,0.0,0.0,50.741779513888886
8130,0.0,0.0,0.0,0.0,0.0,0.0,-0.5084750027126737
8131,0.0,0.0,0.0,0.0,0.0,0.0,-0.275
8132,0.0,0.0,0.0,0.0,0.0,0.0,-0.275
8133,0.0,0.0,0.0,0.0,0.0,0.0,-0.275
8134,0.0,0.0,0.0,0.0,0.0,0.0,-0.275
8135,0.0,0.0,0.0,0.0,0.0,0.0,-0.275
8136,0.0,0.0,0.0,0.0,0.0,0.0,-0.275
8137,0.0,0.0,0.0,0.0,0.0,0.0,-0.275
8138,0.0,0.0,0.0,0.0,0.0,0.0,-0.275
8139,0.0,0.0,0.0,0.0,0.0,0.0,-0.275
8140,0.0,0.0,0.0,0.0,0.0,0.0,-0.275
8141,0.0,0.0,0.0,0.0,0.0,0.0,-0.275
8142,0.0,0.0,0.0,0.0,0.0,0.0,-0.275
8143,0.0,0.0,0.0,0.0,0.0,0.0,-0.275
8144,0.0,0.0,0.0,0.0,0.0,0.0,-0.275
8145,0.0,0.0,0.0,0.0,0.0,0.0,-0.275
8146,0.0,0.0,0.0,0.0,0.0,0.0,-0.275
8147,73.49580729166667,60.61466145833333,1130.0777777777778,188.24628908917293,0.0,0.0,-2.909284193250868
8148,147.1082678349813,121.27929687923856,1155.6014022827148,447.53596339260406,0.0,0.0,50.99082654668225
8149,147.2514236111111,121.23329861111111,1069.700138888889,435.5207883475345,0.0,0.0,50.99816840277778
8150,147.1403125,121.16036458333333,1113.1564583333334,459.7776482560412,0.0,0.0,51.0020703125
8151,147.11234375,121.16157986111111,1157.6913194444444,473.17164289150855,0.0,0.0,51.00398871527778
8152,147.26578125,121.22941840277778,945.0079166666667,369.4988213435174,0.0,0.0,50.96653645833333
8153,146.87104166666666,121.23790798611111,524.3332291666667,180.71629063277183,0.0,0.0,50.795520833333335
8154,0.0,0.0,0.0,0.0,0.0,0.0,-0.5084750027126737
8155,0.0,0.0,0.0,0.0,0.0,0.0,-0.275
8156,0.0,0.0,0.0,0.0,0.0,0.0,-0.275
8157,0.0,0.0,0.0,0.0,0.0,0.0,-0.275
8158,0.0,0.0,0.0,0.0,0.0,0.0,-0.275
8159,0.0,0.0,0.0,0.0,0.0,0.0,-0.275
8160,0.0,0.0,0.0,0.0,0.0,0.0,-0.275
8161,0.0,0.0,0.0,0.0,0.0,0.0,-0.275
8162,0.0,0.0,0.0,0.0,0.0,0.0,-0.275
8163,0.0,0.0,0.0,0.0,0.0,0.0,-0.275
8164,0.0,0.0,0.0,0.0,0.0,0.0,-0.275
8165,0.0,0.0,0.0,0.0,0.0,0.0,-0.275
8166,0.0,0.0,0.0,0.0,0.0,0.0,-0.275
8167,0.0,0.0,0.0,0.0,0.0,0.0,-0.275
8168,0.0,0.0,0.0,0.0,0.0,0.0,-0.275
8169,0.0,0.0,0.0,0.0,0.0,0.0,-0.275
8170,0.0,0.0,0.0,0.0,0.0,0.0,-0.275
8171,0.0,0.0,0.0,0.0,0.0,0.0,-0.275
8172,0.0,0.0,0.0,0.0,0.0,0.0,-0.275
8173,0.0,0.0,0.0,0.0,0.0,0.0,-0.275
8174,0.0,0.0,179.13729166666667,0.0,0.0,0.0,-1.7976597764756945
8175,0.0,0.0,0.0,0.0,0.0,0.0,-0.5084750027126737
8176,0.0,0.0,0.0,0.0,0.0,0.0,-0.275
8177,0.0,0.0,0.0,0.0,0.0,0.0,-0.275
8178,0.0,0.0,0.0,0.0,0.0,0.0,-0.275
8179,0.0,0.0,0.0,0.0,0.0,0.0,-0.275
8180,0.0,0.0,0.0,0.0,0.0,0.0,-0.275
8181,0.0,0.0,0.0,0.0,0.0,0.0,-0.275
8182,0.0,0.0,0.0,0.0,0.0,0.0,-0.275
8183,0.0,0.0,0.0,0.0,0.0,0.0,-0.275
8184,0.0,0.0,0.0,0.0,0.0,0.0,-0.275
8185,0.0,0.0,0.0,0.0,0.0,0.0,-0.275
8186,0.0,0.0,0.0,0.0,0.0,0.0,-0.275
8187,0.0,0.0,0.0,0.0,0.0,0.0,-0.275
8188,0.0,0.0,0.0,0.0,0.0,0.0,-0.275
8189,0.0,0.0,0.0,0.0,0.0,0.0,-0.275
8190,0.0,0.0,0.0,0.0,0.0,0.0,-0.275
8191,0.0,0.0,0.0,0.0,0.0,0.0,-0.275
8192,0.0,0.0,0.0,0.0,0.0,0.0,-0.275
8193,0.0,0.0,0.0,0.0,0.0,0.0,-0.275
8194,0.0,0.0,0.0,0.0,0.0,0.0,-0.275
8195,76.73084201388889,60.613355034722225,590.8591319444445,93.37475247304585,0.0,0.0,-2.2407442220052083
8196,153.2107773229811,121.19458060688443,1077.3720864868164,398.69969777081917,0.0,0.0,51.01775060433481
8197,153.38520833333334,121.18620659722222,989.9338194444445,385.9455354586443,0.0,0.0,51.016605902777776
8198,154.0495659722222,121.22688368055556,458.1173958333333,180.55708075407475,0.0,0.0,50.83053385416667
8199,0.0,0.0,0.0,0.0,0.0,0.0,-0.5084750027126737
8200,0.0,0.0,203.4609201388889,0.0,0.0,0.0,-1.7965288628472222
8201,141.94985677083332,112.60130208333334,451.7803298611111,138.70405794083692,0.0,0.0,20.671673490736218
8202,0.0,0.0,0.0,0.0,0.0,0.0,-0.5084750027126737
8203,0.0,0.0,0.0,0.0,0.0,0.0,-0.275
8204,0.0,0.0,0.0,0.0,0.0,0.0,-0.275
8205,0.0,0.0,0.0,0.0,0.0,0.0,-0.275
8206,0.0,0.0,0.0,0.0,0.0,0.0,-0.275
8207,0.0,0.0,0.0,0.0,0.0,0.0,-0.275
8208,0.0,0.0,0.0,0.0,0.0,0.0,-0.275
8209,0.0,0.0,0.0,0.0,0.0,0.0,-0.275
8210,0.0,0.0,0.0,0.0,0.0,0.0,-0.275
8211,0.0,0.0,0.0,0.0,0.0,0.0,-0.275
8212,0.0,0.0,0.0,0.0,0.0,0.0,-0.275
8213,0.0,0.0,0.0,0.0,0.0,0.0,-0.275
8214,0.0,0.0,0.0,0.0,0.0,0.0,-0.275
8215,0.0,0.0,0.0,0.0,0.0,0.0,-0.275
8216,0.0,0.0,0.0,0.0,0.0,0.0,-0.275
8217,0.0,0.0,0.0,0.0,0.0,0.0,-0.275
8218,0.0,0.0,0.0,0.0,0.0,0.0,-0.275
8219,74.61788194444445,60.631297743055555,905.2190972222222,146.46702124348747,0.0,0.0,-2.760983683268229
8220,151.12834874153137,121.22231174468995,859.5245910983615,321.8971986277145,0.0,0.0,50.98761718831128
8221,150.73239583333333,121.22627604166667,427.25447916666667,169.3897482347124,0.0,0.0,50.81662760416667
8222,151.93071180555555,121.2690625,720.4997222222222,287.82896813961565,0.0,0.0,50.96546440972222
8223,0.0,0.0,0.0,0.0,0.0,0.0,-0.5084750027126737
8224,30.690271267361112,23.5004296875,266.50819010416666,23.628654219758257,0.0,0.0,-2.035017632378472
8225,149.5225173611111,121.21330729166667,439.72638020833335,148.4112709171658,0.0,0.0,34.61857042100694
8226,0.0,0.0,0.0,0.0,0.0,0.0,-0.5084750027126737
8227,0.0,0.0,0.0,0.0,0.0,0.0,-0.275
8228,0.0,0.0,0.0,0.0,0.0,0.0,-0.275
8229,0.0,0.0,0.0,0.0,0.0,0.0,-0.275
8230,0.0,0.0,0.0,0.0,0.0,0.0,-0.275
8231,0.0,0.0,0.0,0.0,0.0,0.0,-0.275
8232,0.0,0.0,0.0,0.0,0.0,0.0,-0.275
8233,0.0,0.0,0.0,0.0,0.0,0.0,-0.275
8234,0.0,0.0,0.0,0.0,0.0,0.0,-0.275
8235,0.0,0.0,0.0,0.0,0.0,0.0,-0.275
8236,0.0,0.0,0.0,0.0,0.0,0.0,-0.275
8237,0.0,0.0,0.0,0.0,0.0,0.0,-0.275
8238,0.0,0.0,0.0,0.0,0.0,0.0,-0.275
8239,0.0,0.0,0.0,0.0,0.0,0.0,-0.275
8240,0.0,0.0,0.0,0.0,0.0,0.0,-0.275
8241,0.0,0.0,0.0,0.0,0.0,0.0,-0.275
8242,0.0,0.0,0.0,0.0,0.0,0.0,-0.275
8243,0.0,0.0,0.0,0.0,0.0,0.0,-0.275
8244,0.0,0.0,0.0,0.0,0.0,0.0,-0.275
8245,0.0,0.0,0.0,0.0,0.0,0.0,-0.275
8246,0.0,0.0,0.0,0.0,0.0,0.0,-0.275
8247,0.0,0.0,100.96191840277778,0.0,0.0,0.0,-1.2401227484809028
8248,113.6279296875,92.25373480902778,549.4119270833334,160.8054021891048,0.0,0.0,11.813890686035156
8249,0.0,0.0,0.0,0.0,0.0,0.0,-0.5084750027126737
8250,0.0,0.0,0.0,0.0,0.0,0.0,-0.275
8251,0.0,0.0,0.0,0.0,0.0,0.0,-0.275
8252,0.0,0.0,0.0,0.0,0.0,0.0,-0.275
8253,0.0,0.0,0.0,0.0,0.0,0.0,-0.275
8254,0.0,0.0,0.0,0.0,0.0,0.0,-0.275
8255,0.0,0.0,0.0,0.0,0.0,0.0,-0.275
8256,0.0,0.0,0.0,0.0,0.0,0.0,-0.275
8257,0.0,0.0,0.0,0.0,0.0,0.0,-0.275
8258,0.0,0.0,0.0,0.0,0.0,0.0,-0.275
8259,0.0,0.0,0.0,0.0,0.0,0.0,-0.275
8260,0.0,0.0,0.0,0.0,0.0,0.0,-0.275
8261,0.0,0.0,0.0,0.0,0.0,0.0,-0.275
8262,0.0,0.0,0.0,0.0,0.0,0.0,-0.275
8263,0.0,0.0,0.0,0.0,0.0,0.0,-0.275
8264,0.0,0.0,0.0,0.0,0.0,0.0,-0.275
8265,0.0,0.0,0.0,0.0,0.0,0.0,-0.275
8266,0.0,0.0,0.0,0.0,0.0,0.0,-0.275
8267,73.2194357638889,60.59662760416666,1073.6642013888888,175.34180531294572,0.0,0.0,-2.9143440755208334
8268,146.41918907165527,121.22666840023464,1099.0260632324218,423.21647607952934,0.0,0.0,51.381361904475426
8269,146.6640798611111,121.255390625,1115.6372916666667,453.82469642840647,0.0,0.0,51.3551171875
8270,146.86387152777777,121.23296875,1173.0890277777778,484.0456491615809,0.0,0.0,51.32697916666667
8271,146.83765625,121.23234375,1061.7990277777778,433.8060807660078,0.0,0.0,51.29363715277778
8272,146.8384201388889,121.16380208333334,974.0640972222222,380.64400937903133,0.0,0.0,51.27314236111111
8273,129.9721875,104.73785590277778,313.84756944444445,105.26305080065627,0.0,0.0,42.288125
8274,0.0,0.0,0.0,0.0,0.0,0.0,-0.5084750027126737
8275,0.0,0.0,0.0,0.0,0.0,0.0,-0.275
8276,0.0,0.0,0.0,0.0,0.0,0.0,-0.275
8277,0.0,0.0,0.0,0.0,0.0,0.0,-0.275
8278,0.0,0.0,0.0,0.0,0.0,0.0,-0.275
8279,0.0,0.0,0.0,0.0,0.0,0.0,-0.275
8280,0.0,0.0,0.0,0.0,0.0,0.0,-0.275
8281,0.0,0.0,0.0,0.0,0.0,0.0,-0.275
8282,0.0,0.0,0.0,0.0,0.0,0.0,-0.275
8283,0.0,0.0,0.0,0.0,0.0,0.0,-0.275
8284,0.0,0.0,0.0,0.0,0.0,0.0,-0.275
8285,0.0,0.0,0.0,0.0,0.0,0.0,-0.275
8286,0.0,0.0,0.0,0.0,0.0,0.0,-0.275
8287,0.0,0.0,0.0,0.0,0.0,0.0,-0.275
8288,0.0,0.0,0.0,0.0,0.0,0.0,-0.275
8289,0.0,0.0,0.0,0.0,0.0,0.0,-0.275
8290,0.0,0.0,0.0,0.0,0.0,0.0,-0.275
8291,73.20807291666667,60.58358940972222,1071.8035416666667,174.26515756014922,0.0,0.0,-2.914751247829861
8292,146.65159166547988,121.22717511071099,1105.83500515408,424.3885570323521,0.0,0.0,51.33514636122518
8293,146.59675347222222,121.1693142361111,1121.3541666666667,455.63822805999007,0.0,0.0,51.31394965277778
8294,146.50550347222222,121.1719704861111,1157.1654166666667,478.1351520180499,0.0,0.0,51.287495659722225
8295,146.49239583333335,121.23319444444445,1063.106875,435.19018724099817,0.0,0.0,51.25717881944445
8296,146.2725173611111,121.19071180555555,932.5494444444445,365.7924543690251,0.0,0.0,51.24513454861111
8297,146.25472222222223,121.17009548611111,400.9757986111111,138.1435288030378,0.0,0.0,50.99391059027778
8298,0.0,0.0,0.0,0.0,0.0,0.0,-0.5084750027126737
8299,0.0,0.0,0.0,0.0,0.0,0.0,-0.275
8300,0.0,0.0,0.0,0.0,0.0,0.0,-0.275
8301,0.0,0.0,0.0,0.0,0.0,0.0,-0.275
8302,0.0,0.0,0.0,0.0,0.0,0.0,-0.275
8303,0.0,0.0,0.0,0.0,0.0,0.0,-0.275
8304,0.0,0.0,0.0,0.0,0.0,0.0,-0.275
8305,0.0,0.0,0.0,0.0,0.0,0.0,-0.275
8306,0.0,0.0,0.0,0.0,0.0,0.0,-0.275
8307,0.0,0.0,0.0,0.0,0.0,0.0,-0.275
8308,0.0,0.0,0.0,0.0,0.0,0.0,-0.275
8309,0.0,0.0,0.0,0.0,0.0,0.0,-0.275
8310,0.0,0.0,0.0,0.0,0.0,0.0,-0.275
8311,0.0,0.0,0.0,0.0,0.0,0.0,-0.275
8312,0.0,0.0,0.0,0.0,0.0,0.0,-0.275
8313,0.0,0.0,0.0,0.0,0.0,0.0,-0.275
8314,0.0,0.0,0.0,0.0,0.0,0.0,-0.275
8315,73.20283854166667,60.588307291666666,1023.2911458333333,165.69957082750946,0.0,0.0,-2.917581787109375
8316,146.34118459065755,121.22953183492025,1118.428326517741,429.3851599387141,0.0,0.0,51.346490133272276
8317,146.29005208333334,121.24045138888889,1092.5002083333334,444.7379987386237,0.0,0.0,51.3155859375
8318,146.24536458333333,121.23484375,1189.2958333333333,492.287967885641,0.0,0.0,51.29203993055555
8319,146.16494791666668,121.176484375,1125.6284027777779,461.44036306597326,0.0,0.0,51.26630642361111
8320,146.15631944444445,121.17549479166667,927.2910416666666,363.88977413388255,0.0,0.0,51.23386284722222
8321,146.23401041666668,121.239375,437.3128819444444,150.76905202449302,0.0,0.0,51.021631944444444
8322,0.0,0.0,0.0,0.0,0.0,0.0,-0.5084750027126737
8323,0.0,0.0,0.0,0.0,0.0,0.0,-0.275
8324,0.0,0.0,0.0,0.0,0.0,0.0,-0.275
8325,0.0,0.0,0.0,0.0,0.0,0.0,-0.275
8326,0.0,0.0,0.0,0.0,0.0,0.0,-0.275
8327,0.0,0.0,0.0,0.0,0.0,0.0,-0.275
8328,0.0,0.0,0.0,0.0,0.0,0.0,-0.275
8329,0.0,0.0,0.0,0.0,0.0,0.0,-0.275
8330,0.0,0.0,0.0,0.0,0.0,0.0,-0.275
8331,0.0,0.0,0.0,0.0,0.0,0.0,-0.275
8332,0.0,0.0,0.0,0.0,0.0,0.0,-0.275
8333,0.0,0.0,0.0,0.0,0.0,0.0,-0.275
8334,0.0,0.0,0.0,0.0,0.0,0.0,-0.275
8335,0.0,0.0,0.0,0.0,0.0,0.0,-0.275
8336,0.0,0.0,0.0,0.0,0.0,0.0,-0.275
8337,0.0,0.0,0.0,0.0,0.0,0.0,-0.275
8338,0.0,0.0,0.0,0.0,0.0,0.0,-0.275
8339,0.0,0.0,128.9125173611111,0.0,0.0,0.0,-1.29834716796875
8340,0.0,0.0,0.0,0.0,0.0,0.0,-0.5084750027126737
8341,0.0,0.0,160.49008680555556,0.0,0.0,0.0,-1.6827204047309028
8342,137.4058203125,113.67838541666667,693.9379036458333,268.60809387603217,0.0,0.0,21.317601606580947
8343,146.7723611111111,121.23631944444445,1075.6193055555555,439.20417814984734,0.0,0.0,51.20006510416667
8344,146.8513888888889,121.16447048611111,947.8124305555556,370.09743622513497,0.0,0.0,51.16509982638889
8345,146.87875,121.24232638888888,410.75107638888886,141.0208237978155,0.0,0.0,50.975086805555556
8346,0.0,0.0,0.0,0.0,0.0,0.0,-0.5084750027126737
8347,0.0,0.0,0.0,0.0,0.0,0.0,-0.275
8348,0.0,0.0,0.0,0.0,0.0,0.0,-0.275
8349,0.0,0.0,0.0,0.0,0.0,0.0,-0.275
8350,0.0,0.0,0.0,0.0,0.0,0.0,-0.275
8351,0.0,0.0,0.0,0.0,0.0,0.0,-0.275
8352,0.0,0.0,0.0,0.0,0.0,0.0,-0.275
8353,0.0,0.0,0.0,0.0,0.0,0.0,-0.275
8354,0.0,0.0,0.0,0.0,0.0,0.0,-0.275
8355,0.0,0.0,0.0,0.0,0.0,0.0,-0.275
8356,0.0,0.0,0.0,0.0,0.0,0.0,-0.275
8357,0.0,0.0,0.0,0.0,0.0,0.0,-0.275
8358,0.0,0.0,0.0,0.0,0.0,0.0,-0.275
8359,0.0,0.0,0.0,0.0,0.0,0.0,-0.275
8360,0.0,0.0,0.0,0.0,0.0,0.0,-0.275
8361,0.0,0.0,0.0,0.0,0.0,0.0,-0.275
8362,0.0,0.0,0.0,0.0,0.0,0.0,-0.275
8363,73.47969618055555,60.58489149305556,1039.1877430555555,166.28702828307746,0.0,0.0,-2.9172016059027777
8364,147.43973231845433,121.15604504479302,1179.2913883802626,447.6405304949231,0.0,0.0,51.35229839278592
8365,147.75199652777778,121.15355034722222,1194.4329166666666,480.3669469750145,0.0,0.0,51.33417534722222
8366,148.07727430555556,121.23797743055556,1174.0194444444444,479.5458882347851,0.0,0.0,51.3512109375
8367,148.38916666666665,121.27799479166667,1112.1721527777777,449.2302722458789,0.0,0.0,51.3319140625
8368,148.34833333333333,121.23496527777777,878.9538888888889,339.92673017448715,0.0,0.0,51.301189236111114
8369,133.4365017361111,107.27099826388888,322.0857986111111,107.7961764177864,0.0,0.0,43.57334635416667
8370,0.0,0.0,0.0,0.0,0.0,0.0,-0.5084750027126737
8371,0.0,0.0,0.0,0.0,0.0,0.0,-0.275
8372,0.0,0.0,0.0,0.0,0.0,0.0,-0.275
8373,0.0,0.0,0.0,0.0,0.0,0.0,-0.275
8374,0.0,0.0,0.0,0.0,0.0,0.0,-0.275
8375,0.0,0.0,0.0,0.0,0.0,0.0,-0.275
8376,0.0,0.0,0.0,0.0,0.0,0.0,-0.275
8377,0.0,0.0,0.0,0.0,0.0,0.0,-0.275
8378,0.0,0.0,0.0,0.0,0.0,0.0,-0.275
8379,0.0,0.0,0.0,0.0,0.0,0.0,-0.275
8380,0.0,0.0,0.0,0.0,0.0,0.0,-0.275
8381,0.0,0.0,0.0,0.0,0.0,0.0,-0.275
8382,0.0,0.0,0.0,0.0,0.0,0.0,-0.275
8383,0.0,0.0,0.0,0.0,0.0,0.0,-0.275
8384,0.0,0.0,0.0,0.0,0.0,0.0,-0.275
8385,0.0,0.0,0.0,0.0,0.0,0.0,-0.275
8386,0.0,0.0,0.0,0.0,0.0,0.0,-0.275
8387,75.15138020833334,60.610377604166665,1003.4708680555556,156.47476608653338,0.0,0.0,-2.924995795355903
8388,150.4549098057217,121.23558797518412,1142.846305363973,424.7511223640297,0.0,0.0,51.022707954446474
8389,150.56434027777777,121.21098090277778,1115.826111111111,440.2889149177885,0.0,0.0,51.02782552083333
8390,150.4456423611111,121.31705729166667,1138.5721527777778,457.8824266429575,0.0,0.0,51.4324609375
8391,150.52796875,121.23545138888889,1097.6777083333334,436.8520217621926,0.0,0.0,51.41661892361111
8392,150.3257986111111,121.22361111111111,930.0415972222222,354.93938585204484,0.0,0.0,51.38931423611111
8393,148.7839236111111,121.22703125,418.7870486111111,142.06132870623466,0.0,0.0,50.7305859375
8394,0.0,0.0,0.0,0.0,0.0,0.0,-0.5084750027126737
8395,0.0,0.0,0.0,0.0,0.0,0.0,-0.275
8396,0.0,0.0,0.0,0.0,0.0,0.0,-0.275
8397,0.0,0.0,0.0,0.0,0.0,0.0,-0.275
8398,0.0,0.0,0.0,0.0,0.0,0.0,-0.275
8399,0.0,0.0,0.0,0.0,0.0,0.0,-0.275
8400,0.0,0.0,0.0,0.0,0.0,0.0,-0.275
8401,0.0,0.0,0.0,0.0,0.0,0.0,-0.275
8402,0.0,0.0,0.0,0.0,0.0,0.0,-0.275
8403,0.0,0.0,0.0,0.0,0.0,0.0,-0.275
8404,0.0,0.0,0.0,0.0,0.0,0.0,-0.275
8405,0.0,0.0,0.0,0.0,0.0,0.0,-0.275
8406,0.0,0.0,0.0,0.0,0.0,0.0,-0.275
8407,0.0,0.0,0.0,0.0,0.0,0.0,-0.275
8408,0.0,0.0,0.0,0.0,0.0,0.0,-0.275
8409,0.0,0.0,0.0,0.0,0.0,0.0,-0.275
8410,0.0,0.0,0.0,0.0,0.0,0.0,-0.275
8411,73.65703993055556,60.63190538194444,930.9719097222222,147.63548493306843,0.0,0.0,-2.7612186008029513
8412,147.04076331244573,121.22740782843695,1124.145177001953,426.87273737675855,0.0,0.0,50.97437913444307
8413,146.66121527777779,121.168359375,1160.53625,469.67639120539377,0.0,0.0,51.40923611111111
8414,146.633125,121.23322048611111,1175.6644444444444,484.6155689214765,0.0,0.0,51.389296875
8415,146.60631944444444,121.23197048611111,1061.111388888889,433.5397310408957,0.0,0.0,51.35976996527778
8416,146.74819444444444,121.2773611111111,897.1156944444444,350.9267252431861,0.0,0.0,51.325633680555555
8417,146.56185763888888,121.2356857638889,501.68149305555556,172.9072182432586,0.0,0.0,51.16313368055555
8418,0.0,0.0,0.0,0.0,0.0,0.0,-0.5084750027126737
8419,0.0,0.0,0.0,0.0,0.0,0.0,-0.275
8420,0.0,0.0,0.0,0.0,0.0,0.0,-0.275
8421,0.0,0.0,0.0,0.0,0.0,0.0,-0.275
8422,0.0,0.0,0.0,0.0,0.0,0.0,-0.275
8423,0.0,0.0,0.0,0.0,0.0,0.0,-0.275
8424,0.0,0.0,0.0,0.0,0.0,0.0,-0.275
8425,0.0,0.0,0.0,0.0,0.0,0.0,-0.275
8426,0.0,0.0,0.0,0.0,0.0,0.0,-0.275
8427,0.0,0.0,0.0,0.0,0.0,0.0,-0.275
8428,0.0,0.0,0.0,0.0,0.0,0.0,-0.275
8429,0.0,0.0,0.0,0.0,0.0,0.0,-0.275
8430,0.0,0.0,0.0,0.0,0.0,0.0,-0.275
8431,0.0,0.0,0.0,0.0,0.0,0.0,-0.275
8432,0.0,0.0,0.0,0.0,0.0,0.0,-0.275
8433,0.0,0.0,0.0,0.0,0.0,0.0,-0.275
8434,0.0,0.0,0.0,0.0,0.0,0.0,-0.275
8435,73.448671875,60.58253472222222,1010.3607638888889,160.00392368294735,0.0,0.0,-2.9237552897135415
8436,147.11942622714574,121.2348913913303,1129.4440492757162,428.1221105997141,0.0,0.0,50.98216297990746
8437,147.06961805555557,121.161796875,1161.8171527777777,468.6152210805264,0.0,0.0,51.00709201388889
8438,0.0,0.0,0.0,0.0,0.0,0.0,-0.5084750027126737
8439,0.0,0.0,0.0,0.0,0.0,0.0,-0.275
8440,44.79718315972222,36.18858506944444,286.24754340277775,36.36292635291208,0.0,0.0,-2.0892855495876734
8441,146.77681640625,121.16497395833333,376.476875,129.61564621806417,0.0,0.0,40.02716295030382
8442,0.0,0.0,0.0,0.0,0.0,0.0,-0.5084750027126737
8443,0.0,0.0,0.0,0.0,0.0,0.0,-0.275
8444,0.0,0.0,0.0,0.0,0.0,0.0,-0.275
8445,0.0,0.0,0.0,0.0,0.0,0.0,-0.275
8446,0.0,0.0,0.0,0.0,0.0,0.0,-0.275
8447,0.0,0.0,0.0,0.0,0.0,0.0,-0.275
8448,0.0,0.0,0.0,0.0,0.0,0.0,-0.275
8449,0.0,0.0,0.0,0.0,0.0,0.0,-0.275
8450,0.0,0.0,0.0,0.0,0.0,0.0,-0.275
8451,0.0,0.0,0.0,0.0,0.0,0.0,-0.275
8452,0.0,0.0,0.0,0.0,0.0,0.0,-0.275
8453,0.0,0.0,0.0,0.0,0.0,0.0,-0.275
8454,0.0,0.0,0.0,0.0,0.0,0.0,-0.275
8455,0.0,0.0,0.0,0.0,0.0,0.0,-0.275
8456,0.0,0.0,0.0,0.0,0.0,0.0,-0.275
8457,0.0,0.0,0.0,0.0,0.0,0.0,-0.275
8458,0.0,0.0,0.0,0.0,0.0,0.0,-0.275
8459,73.77400173611112,60.63289496527778,962.3472222222222,151.36193574951736,0.0,0.0,-2.8366943359375
8460,147.68255819532607,121.22757252587212,1036.8821715630424,391.0384183074656,0.0,0.0,51.36316691988044
8461,147.21234375,121.23861979166666,1096.4372916666666,441.8859368907728,0.0,0.0,51.377864583333334
8462,146.75460069444443,121.22621527777778,1018.0461805555556,419.09080761644833,0.0,0.0,51.34809027777778
8463,146.40831597222223,121.264296875,694.2480555555555,284.10149792369765,0.0,0.0,51.26421875
8464,146.33699652777779,121.23254340277778,415.2814236111111,162.9347233795082,0.0,0.0,51.09886284722222
8465,0.0,0.0,0.0,0.0,0.0,0.0,-0.5084750027126737
8466,0.0,0.0,0.0,0.0,0.0,0.0,-0.275
8467,0.0,0.0,0.0,0.0,0.0,0.0,-0.275
8468,0.0,0.0,0.0,0.0,0.0,0.0,-0.275
8469,0.0,0.0,0.0,0.0,0.0,0.0,-0.275
8470,0.0,0.0,0.0,0.0,0.0,0.0,-0.275
8471,0.0,0.0,0.0,0.0,0.0,0.0,-0.275
8472,0.0,0.0,0.0,0.0,0.0,0.0,-0.275
8473,0.0,0.0,0.0,0.0,0.0,0.0,-0.275
8474,0.0,0.0,0.0,0.0,0.0,0.0,-0.275
8475,0.0,0.0,0.0,0.0,0.0,0.0,-0.275
8476,0.0,0.0,0.0,0.0,0.0,0.0,-0.275
8477,0.0,0.0,0.0,0.0,0.0,0.0,-0.275
8478,0.0,0.0,0.0,0.0,0.0,0.0,-0.275
8479,0.0,0.0,0.0,0.0,0.0,0.0,-0.275
8480,0.0,0.0,0.0,0.0,0.0,0.0,-0.275
8481,0.0,0.0,0.0,0.0,0.0,0.0,-0.275
8482,0.0,0.0,0.0,0.0,0.0,0.0,-0.275
8483,73.24144097222222,60.62690538194445,800.4684027777778,126.42227506659933,0.0,0.0,-2.4623438856336803
8484,146.42250367482504,121.26647314283584,778.8144556003147,296.0082514543211,0.0,0.0,51.297617737849556
8485,146.3595659722222,121.22736979166666,1048.0193055555555,424.6218112715541,0.0,0.0,51.359058159722224
8486,146.2604513888889,121.16401041666667,340.28805555555556,140.46631739182322,0.0,0.0,51.034869791666665
8487,146.3161111111111,121.23440972222222,415.30836805555555,170.03235027682797,0.0,0.0,51.09756510416667
8488,146.24006944444446,121.163828125,362.2790972222222,142.2129535278107,0.0,0.0,51.01180121527778
8489,0.0,0.0,0.0,0.0,0.0,0.0,-0.5084750027126737
8490,0.0,0.0,0.0,0.0,0.0,0.0,-0.275
8491,0.0,0.0,0.0,0.0,0.0,0.0,-0.275
8492,0.0,0.0,0.0,0.0,0.0,0.0,-0.275
8493,0.0,0.0,0.0,0.0,0.0,0.0,-0.275
8494,0.0,0.0,0.0,0.0,0.0,0.0,-0.275
8495,0.0,0.0,0.0,0.0,0.0,0.0,-0.275
8496,0.0,0.0,0.0,0.0,0.0,0.0,-0.275
8497,0.0,0.0,0.0,0.0,0.0,0.0,-0.275
8498,0.0,0.0,0.0,0.0,0.0,0.0,-0.275
8499,0.0,0.0,0.0,0.0,0.0,0.0,-0.275
8500,0.0,0.0,0.0,0.0,0.0,0.0,-0.275
8501,0.0,0.0,0.0,0.0,0.0,0.0,-0.275
8502,0.0,0.0,0.0,0.0,0.0,0.0,-0.275
8503,0.0,0.0,0.0,0.0,0.0,0.0,-0.275
8504,0.0,0.0,0.0,0.0,0.0,0.0,-0.275
8505,0.0,0.0,0.0,0.0,0.0,0.0,-0.275
8506,0.0,0.0,0.0,0.0,0.0,0.0,-0.275
8507,0.0,0.0,0.0,0.0,0.0,0.0,-0.275
8508,0.0,0.0,116.19789930555555,0.0,0.0,0.0,-1.3406058756510417
8509,126.06433159722222,104.00176215277777,733.5784375,253.80267129186964,0.0,0.0,16.959884372287327
8510,146.93449652777778,121.24067708333334,1232.9273611111112,506.88124987406275,0.0,0.0,51.2394921875
8511,146.67883680555556,121.22904513888889,998.8191666666667,407.95760651789595,0.0,0.0,51.21945746527778
8512,146.28071180555557,121.26803819444444,773.6638194444445,304.0324305637162,0.0,0.0,51.172122395833334
8513,0.0,0.0,0.0,0.0,0.0,0.0,-0.5084750027126737
8514,0.0,0.0,0.0,0.0,0.0,0.0,-0.275
8515,0.0,0.0,0.0,0.0,0.0,0.0,-0.275
8516,0.0,0.0,0.0,0.0,0.0,0.0,-0.275
8517,0.0,0.0,0.0,0.0,0.0,0.0,-0.275
8518,0.0,0.0,0.0,0.0,0.0,0.0,-0.275
8519,0.0,0.0,0.0,0.0,0.0,0.0,-0.275
8520,0.0,0.0,0.0,0.0,0.0,0.0,-0.275
8521,0.0,0.0,0.0,0.0,0.0,0.0,-0.275
8522,0.0,0.0,0.0,0.0,0.0,0.0,-0.275
8523,0.0,0.0,0.0,0.0,0.0,0.0,-0.275
8524,0.0,0.0,0.0,0.0,0.0,0.0,-0.275
8525,0.0,0.0,0.0,0.0,0.0,0.0,-0.275
8526,0.0,0.0,0.0,0.0,0.0,0.0,-0.275
8527,0.0,0.0,0.0,0.0,0.0,0.0,-0.275
8528,0.0,0.0,0.0,0.0,0.0,0.0,-0.275
8529,0.0,0.0,0.0,0.0,0.0,0.0,-0.275
8530,0.0,0.0,0.0,0.0,0.0,0.0,-0.275
8531,60.77088107638889,50.18189670138889,396.5398263888889,51.47489141476391,0.0,0.0,-2.148043755425347
8532,147.27928927951388,121.25143446180556,602.993984375,227.39735849712721,0.0,0.0,46.665420328776044
8533,148.09161458333332,121.22058159722222,332.17118055555557,132.92122415556705,0.0,0.0,51.06556423611111
8534,147.9594965277778,121.23303819444445,446.0634375,182.09952019256426,0.0,0.0,51.187352430555556
8535,0.0,0.0,0.0,0.0,0.0,0.0,-0.5084750027126737
8536,73.60631076388889,60.61325086805556,400.77352430555555,78.26754274572612,0.0,0.0,-2.1804021538628473
8537,146.7266093911065,121.24996273888482,642.7962902492947,222.79320001036172,0.0,0.0,51.20123764342732
8538,0.0,0.0,0.0,0.0,0.0,0.0,-0.5084750027126737
8539,0.0,0.0,0.0,0.0,0.0,0.0,-0.275
8540,0.0,0.0,0.0,0.0,0.0,0.0,-0.275
8541,0.0,0.0,0.0,0.0,0.0,0.0,-0.275
8542,0.0,0.0,0.0,0.0,0.0,0.0,-0.275
8543,0.0,0.0,0.0,0.0,0.0,0.0,-0.275
8544,0.0,0.0,0.0,0.0,0.0,0.0,-0.275
8545,0.0,0.0,0.0,0.0,0.0,0.0,-0.275
8546,0.0,0.0,0.0,0.0,0.0,0.0,-0.275
8547,0.0,0.0,0.0,0.0,0.0,0.0,-0.275
8548,0.0,0.0,0.0,0.0,0.0,0.0,-0.275
8549,0.0,0.0,0.0,0.0,0.0,0.0,-0.275
8550,0.0,0.0,0.0,0.0,0.0,0.0,-0.275
8551,0.0,0.0,0.0,0.0,0.0,0.0,-0.275
8552,0.0,0.0,0.0,0.0,0.0,0.0,-0.275
8553,0.0,0.0,0.0,0.0,0.0,0.0,-0.275
8554,0.0,0.0,0.0,0.0,0.0,0.0,-0.275
8555,71.62335503472222,59.23943142361111,445.07920138888886,68.15983513759373,0.0,0.0,-2.164107666015625
8556,113.07197170681424,87.85220241970487,248.1036664496528,88.37782537262085,0.0,0.0,33.43351069344415
8557,146.40949652777778,121.18962673611111,1175.3947222222223,475.5342861698656,0.0,0.0,51.4144140625
8558,146.73960069444445,121.17467013888889,794.2256944444445,326.78586281087416,0.0,0.0,51.3015234375
8559,147.03210069444444,121.25018229166666,545.9062847222223,222.5783488874221,0.0,0.0,51.19434461805555
8560,0.0,0.0,0.0,0.0,0.0,0.0,-0.5084750027126737
8561,0.0,0.0,0.0,0.0,0.0,0.0,-0.275
8562,0.0,0.0,0.0,0.0,0.0,0.0,-0.275
8563,0.0,0.0,0.0,0.0,0.0,0.0,-0.275
8564,0.0,0.0,0.0,0.0,0.0,0.0,-0.275
8565,0.0,0.0,0.0,0.0,0.0,0.0,-0.275
8566,0.0,0.0,0.0,0.0,0.0,0.0,-0.275
8567,0.0,0.0,0.0,0.0,0.0,0.0,-0.275
8568,0.0,0.0,0.0,0.0,0.0,0.0,-0.275
8569,0.0,0.0,0.0,0.0,0.0,0.0,-0.275
8570,0.0,0.0,0.0,0.0,0.0,0.0,-0.275
8571,0.0,0.0,0.0,0.0,0.0,0.0,-0.275
8572,0.0,0.0,0.0,0.0,0.0,0.0,-0.275
8573,0.0,0.0,0.0,0.0,0.0,0.0,-0.275
8574,0.0,0.0,0.0,0.0,0.0,0.0,-0.275
8575,0.0,0.0,0.0,0.0,0.0,0.0,-0.275
8576,0.0,0.0,0.0,0.0,0.0,0.0,-0.275
8577,0.0,0.0,0.0,0.0,0.0,0.0,-0.275
8578,0.0,0.0,0.0,0.0,0.0,0.0,-0.275
8579,0.0,0.0,0.0,0.0,0.0,0.0,-0.275
8580,0.0,0.0,0.0,0.0,0.0,0.0,-0.275
8581,0.0,0.0,0.0,0.0,0.0,0.0,-0.275
8582,73.98455729166666,60.60504340277778,348.16223958333336,71.05589767572282,0.0,0.0,-2.166736382378472
8583,0.0,0.0,0.0,0.0,0.0,0.0,-0.5084750027126737
8584,0.0,0.0,0.0,0.0,0.0,0.0,-0.275
8585,0.0,0.0,0.0,0.0,0.0,0.0,-0.275
8586,0.0,0.0,0.0,0.0,0.0,0.0,-0.275
8587,0.0,0.0,0.0,0.0,0.0,0.0,-0.275
8588,0.0,0.0,0.0,0.0,0.0,0.0,-0.275
8589,0.0,0.0,0.0,0.0,0.0,0.0,-0.275
8590,0.0,0.0,0.0,0.0,0.0,0.0,-0.275
8591,0.0,0.0,0.0,0.0,0.0,0.0,-0.275
8592,0.0,0.0,0.0,0.0,0.0,0.0,-0.275
8593,0.0,0.0,0.0,0.0,0.0,0.0,-0.275
8594,0.0,0.0,0.0,0.0,0.0,0.0,-0.275
8595,0.0,0.0,0.0,0.0,0.0,0.0,-0.275
8596,0.0,0.0,0.0,0.0,0.0,0.0,-0.275
8597,0.0,0.0,0.0,0.0,0.0,0.0,-0.275
8598,0.0,0.0,0.0,0.0,0.0,0.0,-0.275
8599,0.0,0.0,0.0,0.0,0.0,0.0,-0.275
8600,0.0,0.0,0.0,0.0,0.0,0.0,-0.275
8601,0.0,0.0,0.0,0.0,0.0,0.0,-0.275
8602,0.0,0.0,0.0,0.0,0.0,0.0,-0.275
8603,32.57228081597222,25.750512152777777,331.9419878472222,25.887753322203135,0.0,0.0,-2.0444327799479165
8604,0.0,0.0,0.0,0.0,0.0,0.0,-0.5084750027126737
8605,0.0,0.0,0.0,0.0,0.0,0.0,-0.275
8606,0.0,0.0,96.728203125,0.0,0.0,0.0,-1.2179204644097221
8607,4.247300347222223,2.8894154188368057,178.6384347873264,2.9147728989898987,0.0,0.0,-1.5430220964219834
8608,0.0,0.0,0.0,0.0,0.0,0.0,-0.5084750027126737
8609,74.74011284722222,60.61993489583333,619.6726388888889,106.03694065463415,0.0,0.0,-2.3048751491970485
8610,0.0,0.0,0.0,0.0,0.0,0.0,-0.5084750027126737
8611,0.0,0.0,0.0,0.0,0.0,0.0,-0.275
8612,0.0,0.0,0.0,0.0,0.0,0.0,-0.275
8613,0.0,0.0,0.0,0.0,0.0,0.0,-0.275
8614,0.0,0.0,0.0,0.0,0.0,0.0,-0.275
8615,0.0,0.0,0.0,0.0,0.0,0.0,-0.275
8616,0.0,0.0,0.0,0.0,0.0,0.0,-0.275
8617,0.0,0.0,0.0,0.0,0.0,0.0,-0.275
8618,0.0,0.0,0.0,0.0,0.0,0.0,-0.275
8619,0.0,0.0,0.0,0.0,0.0,0.0,-0.275
8620,0.0,0.0,0.0,0.0,0.0,0.0,-0.275
8621,0.0,0.0,0.0,0.0,0.0,0.0,-0.275
8622,0.0,0.0,0.0,0.0,0.0,0.0,-0.275
8623,0.0,0.0,0.0,0.0,0.0,0.0,-0.275
8624,0.0,0.0,0.0,0.0,0.0,0.0,-0.275
8625,0.0,0.0,0.0,0.0,0.0,0.0,-0.275
8626,0.0,0.0,0.0,0.0,0.0,0.0,-0.275
8627,0.0,0.0,0.0,0.0,0.0,0.0,-0.275
8628,0.0,0.0,144.02714409722222,0.0,0.0,0.0,-1.4909918891059029
8629,0.0,0.0,0.0,0.0,0.0,0.0,-0.5084750027126737
8630,0.0,0.0,0.0,0.0,0.0,0.0,-0.275
8631,0.0,0.0,0.0,0.0,0.0,0.0,-0.275
8632,0.0,0.0,0.0,0.0,0.0,0.0,-0.275
8633,0.0,0.0,0.0,0.0,0.0,0.0,-0.275
8634,0.0,0.0,0.0,0.0,0.0,0.0,-0.275
8635,0.0,0.0,0.0,0.0,0.0,0.0,-0.275
8636,0.0,0.0,0.0,0.0,0.0,0.0,-0.275
8637,0.0,0.0,0.0,0.0,0.0,0.0,-0.275
8638,0.0,0.0,0.0,0.0,0.0,0.0,-0.275
8639,0.0,0.0,0.0,0.0,0.0,0.0,-0.275
8640,0.0,0.0,0.0,0.0,0.0,0.0,-0.275
8641,0.0,0.0,0.0,0.0,0.0,0.0,-0.275
8642,0.0,0.0,0.0,0.0,0.0,0.0,-0.275
8643,0.0,0.0,0.0,0.0,0.0,0.0,-0.275
8644,0.0,0.0,0.0,0.0,0.0,0.0,-0.275
8645,0.0,0.0,0.0,0.0,0.0,0.0,-0.275
8646,0.0,0.0,0.0,0.0,0.0,0.0,-0.275
8647,0.0,0.0,0.0,0.0,0.0,0.0,-0.275
8648,0.0,0.0,0.0,0.0,0.0,0.0,-0.275
8649,0.0,0.0,0.0,0.0,0.0,0.0,-0.275
8650,0.0,0.0,0.0,0.0,0.0,0.0,-0.275
8651,74.59803819444444,60.622960069444446,753.4796180555555,115.17141968007924,0.0,0.0,-2.3706148274739585
8652,150.8178295972612,121.23211275524564,502.39608904944527,184.5088024820431,0.0,0.0,51.20217904090882
8653,152.14909722222222,121.22107638888889,1217.7452777777778,474.14748629730633,0.0,0.0,51.38041666666667
8654,151.71263888888888,121.22084201388888,819.0481944444444,326.3097491958492,0.0,0.0,51.300755208333335
8655,151.0973263888889,121.23592881944444,1075.7540972222223,427.4653183498709,0.0,0.0,51.324605034722225
8656,150.68159722222222,121.22328125,867.115625,332.2907435744612,0.0,0.0,51.27427951388889
8657,149.26456597222221,121.25390625,712.3694444444444,245.35682103849896,0.0,0.0,51.222643229166664
8658,0.0,0.0,0.0,0.0,0.0,0.0,-0.5084750027126737
8659,0.0,0.0,0.0,0.0,0.0,0.0,-0.275
8660,0.0,0.0,0.0,0.0,0.0,0.0,-0.275
8661,0.0,0.0,0.0,0.0,0.0,0.0,-0.275
8662,0.0,0.0,0.0,0.0,0.0,0.0,-0.275
8663,0.0,0.0,0.0,0.0,0.0,0.0,-0.275
8664,0.0,0.0,0.0,0.0,0.0,0.0,-0.275
8665,0.0,0.0,0.0,0.0,0.0,0.0,-0.275
8666,0.0,0.0,0.0,0.0,0.0,0.0,-0.275
8667,0.0,0.0,0.0,0.0,0.0,0.0,-0.275
8668,0.0,0.0,0.0,0.0,0.0,0.0,-0.275
8669,0.0,0.0,0.0,0.0,0.0,0.0,-0.275
8670,0.0,0.0,0.0,0.0,0.0,0.0,-0.275
8671,0.0,0.0,0.0,0.0,0.0,0.0,-0.275
8672,0.0,0.0,0.0,0.0,0.0,0.0,-0.275
8673,0.0,0.0,0.0,0.0,0.0,0.0,-0.275
8674,0.0,0.0,0.0,0.0,0.0,0.0,-0.275
8675,0.0,0.0,0.0,0.0,0.0,0.0,-0.275
8676,0.0,0.0,195.92383680555557,0.0,0.0,0.0,-1.7938987901475694
8677,0.0,0.0,0.0,0.0,0.0,0.0,-0.5084750027126737
8678,16.173215060763887,12.302783203125,225.31712239583334,12.37865560232868,0.0,0.0,-1.9888517422146268
8679,148.05328125,121.25119357638889,597.8569270833333,242.61717981194425,0.0,0.0,30.15112358940972
8680,0.0,0.0,0.0,0.0,0.0,0.0,-0.5084750027126737
8681,19.545575086805556,15.023161892361111,270.0003342013889,15.113058933671569,0.0,0.0,-2.000030788845486
8682,0.0,0.0,0.0,0.0,0.0,0.0,-0.5084750027126737
8683,0.0,0.0,0.0,0.0,0.0,0.0,-0.275
8684,0.0,0.0,0.0,0.0,0.0,0.0,-0.275
8685,0.0,0.0,0.0,0.0,0.0,0.0,-0.275
8686,0.0,0.0,0.0,0.0,0.0,0.0,-0.275
8687,0.0,0.0,0.0,0.0,0.0,0.0,-0.275
8688,0.0,0.0,0.0,0.0,0.0,0.0,-0.275
8689,0.0,0.0,0.0,0.0,0.0,0.0,-0.275
8690,0.0,0.0,0.0,0.0,0.0,0.0,-0.275
8691,0.0,0.0,0.0,0.0,0.0,0.0,-0.275
8692,0.0,0.0,0.0,0.0,0.0,0.0,-0.275
8693,0.0,0.0,0.0,0.0,0.0,0.0,-0.275
8694,0.0,0.0,0.0,0.0,0.0,0.0,-0.275
8695,0.0,0.0,0.0,0.0,0.0,0.0,-0.275
8696,0.0,0.0,0.0,0.0,0.0,0.0,-0.275
8697,0.0,0.0,0.0,0.0,0.0,0.0,-0.275
8698,0.0,0.0,0.0,0.0,0.0,0.0,-0.275
8699,0.0,0.0,0.0,0.0,0.0,0.0,-0.275
8700,0.0,0.0,155.98671875,0.0,0.0,0.0,-1.5810062662760416
8701,134.73315538194444,111.53134114583334,1208.253125,449.8411365231475,0.0,0.0,20.466006571451825
8702,146.40038194444443,121.24730034722222,1255.5790277777778,518.8509193272332,0.0,0.0,51.374774305555555
8703,146.35190972222222,121.2474392361111,1099.497986111111,451.6404639384171,0.0,0.0,51.32118923611111
8704,146.3450347222222,121.23776909722223,965.3000694444445,381.7771105774438,0.0,0.0,51.285494791666665
8705,146.37088541666665,121.25612847222222,702.0413194444444,247.90660415984786,0.0,0.0,51.219327256944446
8706,0.0,0.0,0.0,0.0,0.0,0.0,-0.5084750027126737
8707,0.0,0.0,0.0,0.0,0.0,0.0,-0.275
8708,0.0,0.0,0.0,0.0,0.0,0.0,-0.275
8709,0.0,0.0,0.0,0.0,0.0,0.0,-0.275
8710,0.0,0.0,0.0,0.0,0.0,0.0,-0.275
8711,0.0,0.0,0.0,0.0,0.0,0.0,-0.275
8712,0.0,0.0,0.0,0.0,0.0,0.0,-0.275
8713,0.0,0.0,0.0,0.0,0.0,0.0,-0.275
8714,0.0,0.0,0.0,0.0,0.0,0.0,-0.275
8715,0.0,0.0,0.0,0.0,0.0,0.0,-0.275
8716,0.0,0.0,0.0,0.0,0.0,0.0,-0.275
8717,0.0,0.0,0.0,0.0,0.0,0.0,-0.275
8718,0.0,0.0,0.0,0.0,0.0,0.0,-0.275
8719,0.0,0.0,0.0,0.0,0.0,0.0,-0.275
8720,0.0,0.0,0.0,0.0,0.0,0.0,-0.275
8721,0.0,0.0,0.0,0.0,0.0,0.0,-0.275
8722,0.0,0.0,0.0,0.0,0.0,0.0,-0.275
8723,73.23149305555556,60.62817274305556,849.3448611111111,131.99649633376094,0.0,0.0,-2.5234893798828124
8724,146.2478986146715,121.17648867289225,1270.9094860839843,481.09238309167046,0.0,0.0,51.31856280797058
8725,146.23260416666668,121.2643142361111,1323.3994444444445,536.6659044040364,0.0,0.0,51.21815538194444
8726,146.14666666666668,121.24995659722222,1261.0397222222223,522.2440077073157,0.0,0.0,51.26979166666667
8727,146.0403472222222,121.18005208333334,1168.680138888889,481.13362841178633,0.0,0.0,51.21948350694444
8728,146.08104166666666,121.23347222222222,998.1854861111111,395.9608880165319,0.0,0.0,51.185329861111114
8729,146.14642361111112,121.25817708333334,722.5356944444444,256.2649565082171,0.0,0.0,51.158771701388886
8730,0.0,0.0,0.0,0.0,0.0,0.0,-0.5084750027126737
8731,0.0,0.0,0.0,0.0,0.0,0.0,-0.275
8732,0.0,0.0,0.0,0.0,0.0,0.0,-0.275
8733,0.0,0.0,0.0,0.0,0.0,0.0,-0.275
8734,0.0,0.0,0.0,0.0,0.0,0.0,-0.275
8735,0.0,0.0,0.0,0.0,0.0,0.0,-0.275
8736,0.0,0.0,0.0,0.0,0.0,0.0,-0.275
8737,0.0,0.0,0.0,0.0,0.0,0.0,-0.275
8738,0.0,0.0,0.0,0.0,0.0,0.0,-0.275
8739,0.0,0.0,0.0,0.0,0.0,0.0,-0.275
8740,0.0,0.0,0.0,0.0,0.0,0.0,-0.275
8741,0.0,0.0,0.0,0.0,0.0,0.0,-0.275
8742,0.0,0.0,0.0,0.0,0.0,0.0,-0.275
8743,0.0,0.0,0.0,0.0,0.0,0.0,-0.275
8744,0.0,0.0,0.0,0.0,0.0,0.0,-0.275
8745,0.0,0.0,0.0,0.0,0.0,0.0,-0.275
8746,0.0,0.0,0.0,0.0,0.0,0.0,-0.275
8747,73.16370659722222,60.584309895833336,1173.5070138888889,182.3956600013035,0.0,0.0,-2.911377699110243
8748,146.16554830763076,121.1768392223782,1241.6374792819554,470.38573212894073,0.0,0.0,51.21248834060298
8749,146.19310763888888,121.26778645833333,1329.1297222222222,539.3367089646355,0.0,0.0,51.28273003472222
8750,146.12840277777778,121.23753472222222,1200.6081944444445,497.46617337263774,0.0,0.0,51.22332465277778
8751,146.17401041666668,121.29308159722223,1111.1473611111112,457.7812107586866,0.0,0.0,51.189379340277775
8752,146.10994791666667,121.2258420138889,991.20125,393.5903867004608,0.0,0.0,51.177144097222225
8753,146.8451215277778,121.25996527777778,741.8840277777778,262.66046104730725,0.0,0.0,51.18341579861111
8754,0.0,0.0,0.0,0.0,0.0,0.0,-0.5084750027126737
8755,0.0,0.0,0.0,0.0,0.0,0.0,-0.275
8756,0.0,0.0,0.0,0.0,0.0,0.0,-0.275
8757,0.0,0.0,0.0,0.0,0.0,0.0,-0.275
8758,0.0,0.0,0.0,0.0,0.0,0.0,-0.275
8759,0.0,0.0,0.0,0.0,0.0,0.0,-0.275
8760,0.0,0.0,0.0,0.0,0.0,0.0,-0.275
