timestep,price_EUR_per_MWh,pv_to_grid_MWe,pv_to_heater_MWe,csp_to_pb_MWt,csp_to_tes_MWt,tes_charge_MWt,tes_discharge_MWt,tes_energy_MWht,pb_electric_MWe,spill_pv_MWe,spill_csp_MWt
0,0.5,0.0,0.0,0.0,0.0,0.0,0.0,2747.25,0.0,0.0,0.0
1,0.5,0.0,0.0,0.0,0.0,0.0,0.0,2744.50275,0.0,0.0,0.0
2,0.5,0.0,0.0,0.0,0.0,0.0,0.0,2741.75824725,0.0,0.0,0.0
3,0.5,0.0,0.0,0.0,0.0,0.0,0.0,2739.01648900275,0.0,0.0,0.0
4,0.5,0.0,0.0,0.0,0.0,0.0,0.0,2736.27747251375,0.0,0.0,0.0
5,1.0,0.0,0.0,0.0,0.0,0.0,250.0,2481.01594251598,100.0,0.0,0.0
6,1.0,0.0,0.0,0.0,0.0,0.0,190.749604557645,2285.85855833342,76.299841823058,0.0,0.0
7,1.0,0.0,0.0,0.0,0.0,0.0,0.0,2283.57269977509,0.0,0.0,0.0
8,1.0,0.0,0.0,0.0,0.0,0.0,0.0,2281.28912707531,0.0,0.0,0.0
9,1.0,17.9338371126412,0.0,0.0,0.0,0.0,0.0,2279.00783794824,0.0,0.0,0.0
10,1.0,53.0258309170147,0.0,117.435422707463,98.5050198737301,97.5199696749928,0.0,2374.24879978528,46.974169082985206,0.0,0.0
11,1.0,74.0104389590283,0.0,64.9739026024292,488.011602146712,483.131486125245,0.0,2855.00603711074,25.989561040971683,0.0,0.0
12,1.0,85.6391107150982,0.0,35.9022232122545,564.068004362135,558.427324318514,0.0,3410.57835539214,14.3608892849018,0.0,0.0
13,1.0,89.1923024671591,0.0,27.0192438321023,584.221393511681,578.379179576565,0.0,3985.54695661332,10.80769753284092,0.0,0.0
14,1.0,82.2873724115538,0.0,44.2815689711154,504.80400082015,499.755960811949,0.0,4481.31737046865,17.71262758844616,0.0,0.0
15,1.0,64.3462867432316,0.0,89.134283141921,347.567322133466,344.091648912131,0.0,4820.92770201031,35.653713256768405,0.0,0.0
16,1.0,30.4302025673276,0.0,173.924493581681,19.460583103165,19.2659772721333,0.0,4835.37275158044,69.5697974326724,0.0,0.0
17,2.0,0.0,0.0,0.0,0.0,0.0,250.0,4578.0121263036,100.0,0.0,0.0
18,2.0,0.0,0.0,0.0,0.0,0.0,250.0,4320.90886165205,100.0,0.0,0.0
19,2.0,0.0,0.0,0.0,0.0,0.0,250.0,4064.06270026514,100.0,0.0,0.0
20,2.0,0.0,0.0,0.0,0.0,0.0,250.0,3807.47338503962,100.0,0.0,0.0
21,2.0,0.0,0.0,0.0,0.0,0.0,250.0,3551.14065912933,100.0,0.0,0.0
22,2.0,0.0,0.0,0.0,0.0,0.0,250.0,3295.06426594495,100.0,0.0,0.0
23,2.0,0.0,0.0,0.0,0.0,0.0,250.0,3039.24394915375,100.0,0.0,0.0
24,0.5,0.0,0.0,0.0,0.0,0.0,0.0,3036.2047052046,0.0,0.0,0.0
25,0.5,0.0,0.0,0.0,0.0,0.0,0.0,3033.16850049939,0.0,0.0,0.0
26,0.5,0.0,0.0,0.0,0.0,0.0,0.0,3030.13533199889,0.0,0.0,0.0
27,0.5,0.0,0.0,0.0,0.0,0.0,0.0,3027.1051966669,0.0,0.0,0.0
28,0.5,0.0,0.0,0.0,0.0,0.0,0.0,3024.07809147023,0.0,0.0,0.0
29,1.0,0.0,0.0,0.0,0.0,0.0,0.0,3021.05401337876,0.0,0.0,0.0
30,1.0,0.0,0.0,0.0,0.0,0.0,0.0,3018.03295936538,0.0,0.0,0.0
31,1.0,0.0,0.0,0.0,0.0,0.0,0.0,3015.01492640601,0.0,0.0,0.0
32,1.0,0.0,0.0,0.0,0.0,0.0,0.0,3011.99991147961,0.0,0.0,0.0
33,1.0,9.79827614565817,0.0,0.0,0.0,0.0,0.0,3008.98791156813,0.0,0.0,0.0
34,1.0,38.9074355307556,0.0,0.0,0.0,0.0,0.0,3005.97892365656,0.0,0.0,0.0
35,1.0,64.6161290290119,0.0,0.0,322.496595226327,319.271629274064,0.0,3322.24457400697,0.0,0.0,0.0
36,1.0,78.4405964695352,0.0,0.0,494.783866762594,489.836028094968,0.0,3808.75835752793,0.0,0.0,0.0
37,1.0,81.5685469850433,0.0,0.0,507.905221485219,502.826169270367,0.0,4307.77576844077,0.0,0.0,0.0
38,1.0,77.4774386914906,0.0,0.0,507.782408766913,502.704584679244,0.0,4806.17257735157,0.0,0.0,0.0
39,1.0,63.0062421189634,0.0,0.0,436.590685021244,432.224778171031,0.0,5233.59118294525,0.0,0.0,0.0
40,1.0,37.0914886498335,0.0,0.0,274.386270947165,271.642408237694,0.0,5500.0,0.0,0.0,0.0
41,2.0,0.0,0.0,0.0,0.0,0.0,250.0,5241.97474747475,100.0,0.0,0.0
42,2.0,0.0,0.0,0.0,0.0,0.0,250.0,4984.20752020202,100.0,0.0,0.0
43,2.0,0.0,0.0,0.0,0.0,0.0,250.0,4726.69806015656,100.0,0.0,0.0
44,2.0,0.0,0.0,0.0,0.0,0.0,250.0,4469.44610957116,100.0,0.0,0.0
45,2.0,0.0,0.0,0.0,0.0,0.0,250.0,4212.45141093633,100.0,0.0,0.0
46,2.0,0.0,0.0,0.0,0.0,0.0,250.0,3955.71370700014,100.0,0.0,0.0
47,2.0,0.0,0.0,0.0,0.0,0.0,250.0,3699.23274076789,100.0,0.0,0.0
48,0.5,0.0,0.0,0.0,0.0,0.0,0.0,3695.53350802712,0.0,0.0,0.0
49,0.5,0.0,0.0,0.0,0.0,0.0,0.0,3691.8379745191,0.0,0.0,0.0
50,0.5,0.0,0.0,0.0,0.0,0.0,0.0,3688.14613654458,0.0,0.0,0.0
51,0.5,0.0,0.0,0.0,0.0,0.0,0.0,3684.45799040803,0.0,0.0,0.0
52,0.5,0.0,0.0,0.0,0.0,0.0,0.0,3680.77353241762,0.0,0.0,0.0
53,1.0,0.0,0.0,0.0,0.0,0.0,0.0,3677.09275888521,0.0,0.0,0.0
54,1.0,0.0,0.0,0.0,0.0,0.0,0.0,3673.41566612632,0.0,0.0,0.0
55,1.0,0.0,0.0,0.0,0.0,0.0,0.0,3669.74225046019,0.0,0.0,0.0
56,1.0,0.0,0.0,0.0,0.0,0.0,0.0,3666.07250820973,0.0,0.0,0.0
57,1.0,19.7136112278447,0.0,0.0,0.0,0.0,0.0,3662.40643570152,0.0,0.0,0.0
58,1.0,20.0826494807443,0.0,0.0,0.0,0.0,0.0,3658.74402926582,0.0,0.0,0.0
59,1.0,31.1607254893002,0.0,0.0,0.0,0.0,0.0,3655.08528523656,0.0,0.0,0.0
60,1.0,27.2870263480924,0.0,0.0,0.0,0.0,0.0,3651.43019995132,0.0,0.0,0.0
61,1.0,21.3492295096526,0.0,0.0,0.0,0.0,0.0,3647.77876975137,0.0,0.0,0.0
62,1.0,25.9403291972741,0.0,0.0,0.0,0.0,0.0,3644.13099098162,0.0,0.0,0.0
63,1.0,24.4117509253975,0.0,0.0,0.0,0.0,0.0,3640.48685999064,0.0,0.0,0.0
64,1.0,13.0210299434763,0.0,0.0,0.0,0.0,0.0,3636.84637313065,0.0,0.0,0.0
65,2.0,0.0,0.0,0.0,0.0,0.0,250.0,3380.68427423226,100.0,0.0,0.0
66,2.0,0.0,0.0,0.0,0.0,0.0,250.0,3124.77833743278,100.0,0.0,0.0
67,2.0,0.0,0.0,0.0,0.0,0.0,250.0,2869.12830657009,100.0,0.0,0.0
68,2.0,0.0,0.0,0.0,0.0,0.0,250.0,2613.73392573827,100.0,0.0,0.0
69,2.0,0.0,0.0,0.0,0.0,0.0,250.0,2358.59493928728,100.0,0.0,0.0
70,2.0,0.0,0.0,0.0,0.0,0.0,250.0,2103.71109182274,100.0,0.0,0.0
71,2.0,0.0,0.0,0.0,0.0,0.0,250.0,1849.08212820566,100.0,0.0,0.0
72,0.5,0.0,0.0,0.0,0.0,0.0,0.0,1847.23304607746,0.0,0.0,0.0
73,0.5,0.0,0.0,0.0,0.0,0.0,0.0,1845.38581303138,0.0,0.0,0.0
74,0.5,0.0,0.0,0.0,0.0,0.0,0.0,1843.54042721835,0.0,0.0,0.0
75,0.5,0.0,0.0,0.0,0.0,0.0,0.0,1841.69688679113,0.0,0.0,0.0
76,0.5,0.0,0.0,0.0,0.0,0.0,0.0,1839.85518990434,0.0,0.0,0.0
77,1.0,0.0,0.0,0.0,0.0,0.0,0.0,1838.01533471443,0.0,0.0,0.0
78,1.0,0.0,0.0,0.0,0.0,0.0,0.0,1836.17731937972,0.0,0.0,0.0
79,1.0,0.0,0.0,0.0,0.0,0.0,0.0,1834.34114206034,0.0,0.0,0.0
80,1.0,0.0,0.0,0.0,0.0,0.0,0.0,1832.50680091828,0.0,0.0,0.0
81,1.0,12.3472648618842,0.0,0.0,0.0,0.0,0.0,1830.67429411736,0.0,0.0,0.0
82,1.0,14.601261871799,0.0,0.0,0.0,0.0,0.0,1828.84361982324,0.0,0.0,0.0
83,1.0,14.2045563184582,0.0,0.0,0.0,0.0,0.0,1827.01477620342,0.0,0.0,0.0
84,1.0,11.7684690786573,0.0,0.0,0.0,0.0,0.0,1825.18776142722,0.0,0.0,0.0
85,1.0,14.1110197398163,0.0,0.0,0.0,0.0,0.0,1823.36257366579,0.0,0.0,0.0
86,1.0,19.1658467379502,0.0,0.0,0.0,0.0,0.0,1821.53921109212,0.0,0.0,0.0
87,1.0,25.6277908723937,0.0,0.0,0.0,0.0,0.0,1819.71767188103,0.0,0.0,0.0
88,1.0,9.93885438583115,0.0,0.0,0.0,0.0,0.0,1817.89795420915,0.0,0.0,0.0
89,2.0,0.0,0.0,0.0,0.0,0.0,250.0,1563.55480372969,100.0,0.0,0.0
90,2.0,0.0,0.0,0.0,0.0,0.0,250.0,1309.46599640071,100.0,0.0,0.0
91,2.0,0.0,0.0,0.0,0.0,0.0,250.0,1055.63127787905,100.0,0.0,0.0
92,2.0,0.0,0.0,0.0,0.0,0.0,250.0,802.050394075923,100.0,0.0,0.0
93,2.0,0.0,0.0,0.0,0.0,0.0,250.0,548.723091156594,100.0,0.0,0.0
94,2.0,0.0,0.0,0.0,0.0,0.0,250.0,295.649115540185,100.0,0.0,0.0
95,2.0,0.0,0.0,0.0,0.0,0.0,250.0,42.8282138993925,100.0,0.0,0.0
96,0.5,0.0,0.0,0.0,0.0,0.0,0.0,42.7853856854931,0.0,0.0,0.0
97,0.5,0.0,0.0,0.0,0.0,0.0,0.0,42.7426002998076,0.0,0.0,0.0
98,0.5,0.0,0.0,0.0,0.0,0.0,0.0,42.6998576995078,0.0,0.0,0.0
99,0.5,0.0,0.0,0.0,0.0,0.0,0.0,42.6571578418083,0.0,0.0,0.0
100,0.5,0.0,0.0,0.0,0.0,0.0,0.0,42.6145006839665,0.0,0.0,0.0
101,1.0,0.0,0.0,0.0,0.0,0.0,0.0,42.5718861832825,0.0,0.0,0.0
102,1.0,0.0,0.0,0.0,0.0,0.0,0.0,42.5293142970992,0.0,0.0,0.0
103,1.0,0.0,0.0,0.0,0.0,0.0,0.0,42.4867849828021,0.0,0.0,0.0
104,1.0,0.0,0.0,0.0,0.0,0.0,0.0,42.4442981978193,0.0,0.0,0.0
105,1.0,18.7672144655827,0.0,0.0,0.0,0.0,0.0,42.4018538996215,0.0,0.0,0.0
106,1.0,27.628557788381,0.0,0.0,0.0,0.0,0.0,42.3594520457219,0.0,0.0,0.0
107,1.0,21.586950599156,0.0,0.0,0.0,0.0,0.0,42.3170925936762,0.0,0.0,0.0
108,1.0,49.2657117156962,0.0,0.0,0.0,0.0,0.0,42.2747755010825,0.0,0.0,0.0
109,1.0,52.5277284640702,0.0,0.0,0.0,0.0,0.0,42.2325007255814,0.0,0.0,0.0
110,1.0,14.3025451187617,0.0,0.0,0.0,0.0,0.0,42.1902682248558,0.0,0.0,0.0
111,1.0,21.4857669595934,0.0,0.0,0.0,0.0,0.0,42.148077956631,0.0,0.0,0.0
112,1.0,5.66155784949522,0.0,0.0,0.0,0.0,0.0,42.1059298786743,0.0,0.0,0.0
113,2.0,0.0,0.0,0.0,0.0,0.0,41.6431857093077,0.0,16.65727428372308,0.0,0.0
114,2.0,0.0,0.0,0.0,0.0,0.0,0.0,0.0,0.0,0.0,0.0
115,2.0,0.0,0.0,0.0,0.0,0.0,0.0,0.0,0.0,0.0,0.0
116,2.0,0.0,0.0,0.0,0.0,0.0,0.0,0.0,0.0,0.0,0.0
117,2.0,0.0,0.0,0.0,0.0,0.0,0.0,0.0,0.0,0.0,0.0
118,2.0,0.0,0.0,0.0,0.0,0.0,0.0,0.0,0.0,0.0,0.0
119,2.0,0.0,0.0,0.0,0.0,0.0,0.0,0.0,0.0,0.0,0.0
120,0.5,0.0,0.0,0.0,0.0,0.0,0.0,0.0,0.0,0.0,0.0
121,0.5,0.0,0.0,0.0,0.0,0.0,0.0,0.0,0.0,0.0,0.0
122,0.5,0.0,0.0,0.0,0.0,0.0,0.0,0.0,0.0,0.0,0.0
123,0.5,0.0,0.0,0.0,0.0,0.0,0.0,0.0,0.0,0.0,0.0
124,0.5,0.0,0.0,0.0,0.0,0.0,0.0,0.0,0.0,0.0,0.0
125,1.0,0.0,0.0,0.0,0.0,0.0,0.0,0.0,0.0,0.0,0.0
126,1.0,0.0,0.0,0.0,0.0,0.0,0.0,0.0,0.0,0.0,0.0
127,1.0,0.0,0.0,0.0,0.0,0.0,0.0,0.0,0.0,0.0,0.0
128,1.0,0.0,0.0,0.0,0.0,0.0,0.0,0.0,0.0,0.0,0.0
129,1.0,7.74193731212841,0.0,0.0,0.0,0.0,0.0,0.0,0.0,0.0,0.0
130,1.0,11.0198957020312,0.0,0.0,0.0,0.0,0.0,0.0,0.0,0.0,0.0
131,1.0,13.2783561550151,0.0,0.0,0.0,0.0,0.0,0.0,0.0,0.0,0.0
132,1.0,13.2144847641958,0.0,0.0,0.0,0.0,0.0,0.0,0.0,0.0,0.0
133,1.0,11.2838244656212,0.0,0.0,0.0,0.0,0.0,0.0,0.0,0.0,0.0
134,1.0,7.95564603152538,0.0,0.0,0.0,0.0,0.0,0.0,0.0,0.0,0.0
135,1.0,8.12203096150045,0.0,0.0,0.0,0.0,0.0,0.0,0.0,0.0,0.0
136,1.0,5.22298725830293,0.0,0.0,0.0,0.0,0.0,0.0,0.0,0.0,0.0
137,2.0,0.0,0.0,0.0,0.0,0.0,0.0,0.0,0.0,0.0,0.0
138,2.0,0.0,0.0,0.0,0.0,0.0,0.0,0.0,0.0,0.0,0.0
139,2.0,0.0,0.0,0.0,0.0,0.0,0.0,0.0,0.0,0.0,0.0
140,2.0,0.0,0.0,0.0,0.0,0.0,0.0,0.0,0.0,0.0,0.0
141,2.0,0.0,0.0,0.0,0.0,0.0,0.0,0.0,0.0,0.0,0.0
142,2.0,0.0,0.0,0.0,0.0,0.0,0.0,0.0,0.0,0.0,0.0
143,2.0,0.0,0.0,0.0,0.0,0.0,0.0,0.0,0.0,0.0,0.0
144,0.5,0.0,0.0,0.0,0.0,0.0,0.0,0.0,0.0,0.0,0.0
145,0.5,0.0,0.0,0.0,0.0,0.0,0.0,0.0,0.0,0.0,0.0
146,0.5,0.0,0.0,0.0,0.0,0.0,0.0,0.0,0.0,0.0,0.0
147,0.5,0.0,0.0,0.0,0.0,0.0,0.0,0.0,0.0,0.0,0.0
148,0.5,0.0,0.0,0.0,0.0,0.0,0.0,0.0,0.0,0.0,0.0
149,1.0,0.0,0.0,0.0,0.0,0.0,0.0,0.0,0.0,0.0,0.0
150,1.0,0.0,0.0,0.0,0.0,0.0,0.0,0.0,0.0,0.0,0.0
151,1.0,0.0,0.0,0.0,0.0,0.0,0.0,0.0,0.0,0.0,0.0
152,1.0,0.0,0.0,0.0,0.0,0.0,0.0,0.0,0.0,0.0,0.0
153,1.0,23.4381998048105,0.0,0.0,0.0,0.0,0.0,0.0,0.0,0.0,0.0
154,1.0,9.45503815659641,0.0,0.0,0.0,0.0,0.0,0.0,0.0,0.0,0.0
155,1.0,26.6339754375585,0.0,0.0,0.0,0.0,0.0,0.0,0.0,0.0,0.0
156,1.0,47.9435235611152,0.0,0.0,0.0,0.0,0.0,0.0,0.0,0.0,0.0
157,1.0,61.3742220419214,0.0,0.0,121.359548837806,120.145953349428,0.0,120.145953349428,0.0,0.0,0.0
158,1.0,9.94041139619304,0.0,0.0,0.0,0.0,0.0,120.025807396079,0.0,0.0,0.0
159,1.0,18.4030640132909,0.0,0.0,0.0,0.0,0.0,119.905781588683,0.0,0.0,0.0
160,1.0,4.50569548071177,0.0,0.0,0.0,0.0,0.0,119.785875807094,0.0,0.0,0.0
161,2.0,0.0,0.0,0.0,0.0,0.0,118.469429031974,0.0,47.38777161278961,0.0,0.0
162,2.0,0.0,0.0,0.0,0.0,0.0,0.0,0.0,0.0,0.0,0.0
163,2.0,0.0,0.0,0.0,0.0,0.0,0.0,0.0,0.0,0.0,0.0
164,2.0,0.0,0.0,0.0,0.0,0.0,0.0,0.0,0.0,0.0,0.0
165,2.0,0.0,0.0,0.0,0.0,0.0,0.0,0.0,0.0,0.0,0.0
166,2.0,0.0,0.0,0.0,0.0,0.0,0.0,0.0,0.0,0.0,0.0
167,2.0,0.0,0.0,0.0,0.0,0.0,0.0,0.0,0.0,0.0,0.0
168,0.5,0.0,0.0,0.0,0.0,0.0,0.0,0.0,0.0,0.0,0.0
169,0.5,0.0,0.0,0.0,0.0,0.0,0.0,0.0,0.0,0.0,0.0
170,0.5,0.0,0.0,0.0,0.0,0.0,0.0,0.0,0.0,0.0,0.0
171,0.5,0.0,0.0,0.0,0.0,0.0,0.0,0.0,0.0,0.0,0.0
172,0.5,0.0,0.0,0.0,0.0,0.0,0.0,0.0,0.0,0.0,0.0
173,1.0,0.0,0.0,0.0,0.0,0.0,0.0,0.0,0.0,0.0,0.0
174,1.0,0.0,0.0,0.0,0.0,0.0,0.0,0.0,0.0,0.0,0.0
175,1.0,0.0,0.0,0.0,0.0,0.0,0.0,0.0,0.0,0.0,0.0
176,1.0,0.0,0.0,0.0,0.0,0.0,0.0,0.0,0.0,0.0,0.0
177,1.0,18.037543214337,0.0,0.0,0.0,0.0,0.0,0.0,0.0,0.0,0.0
178,1.0,54.2072688682024,0.0,0.0,228.07662931702,225.795863023849,0.0,225.795863023849,0.0,0.0,0.0
179,1.0,75.8655126043877,0.0,0.0,605.692500919494,599.635575910299,0.0,825.205643071125,0.0,0.0,0.0
180,1.0,85.7777282849677,0.0,0.0,631.18583244097,624.87397411656,0.0,1449.25441154461,0.0,0.0,0.0
181,1.0,78.1806992587111,0.0,0.0,454.882436868451,450.333612499766,0.0,1898.13876963284,0.0,0.0,0.0
182,1.0,77.8071978678247,0.0,0.0,509.261263408625,504.168650774539,0.0,2400.40928163774,0.0,0.0,0.0
183,1.0,41.7014709758254,0.0,0.0,186.80394905407,184.93590956353,0.0,2582.94478191963,0.0,0.0,0.0
184,1.0,46.2145207429124,0.0,0.0,371.484487691009,367.769642814099,0.0,2948.13147995181,0.0,0.0,0.0
185,2.0,0.0,0.0,0.0,0.0,0.0,250.0,2692.65809594661,100.0,0.0,0.0
186,2.0,0.0,0.0,0.0,0.0,0.0,250.0,2437.44018532541,100.0,0.0,0.0
187,2.0,0.0,0.0,0.0,0.0,0.0,250.0,2182.47749261483,100.0,0.0,0.0
188,2.0,0.0,0.0,0.0,0.0,0.0,250.0,1927.76976259696,100.0,0.0,0.0
189,2.0,0.0,0.0,0.0,0.0,0.0,250.0,1673.31674030911,100.0,0.0,0.0
190,2.0,0.0,0.0,0.0,0.0,0.0,250.0,1419.11817104355,100.0,0.0,0.0
191,2.0,0.0,0.0,0.0,0.0,0.0,250.0,1165.17380034726,100.0,0.0,0.0
192,0.5,0.0,0.0,0.0,0.0,0.0,0.0,1164.00862654691,0.0,0.0,0.0
193,0.5,0.0,0.0,0.0,0.0,0.0,0.0,1162.84461792036,0.0,0.0,0.0
194,0.5,0.0,0.0,0.0,0.0,0.0,0.0,1161.68177330244,0.0,0.0,0.0
195,0.5,0.0,0.0,0.0,0.0,0.0,0.0,1160.52009152914,0.0,0.0,0.0
196,0.5,0.0,0.0,0.0,0.0,0.0,0.0,1159.35957143761,0.0,0.0,0.0
197,1.0,0.0,0.0,0.0,0.0,0.0,0.0,1158.20021186617,0.0,0.0,0.0
198,1.0,0.0,0.0,0.0,0.0,0.0,0.0,1157.04201165431,0.0,0.0,0.0
199,1.0,0.0,0.0,0.0,0.0,0.0,0.0,1155.88496964265,0.0,0.0,0.0
200,1.0,0.0,0.0,0.0,0.0,0.0,0.0,1154.72908467301,0.0,0.0,0.0
201,1.0,16.2263212524468,0.0,0.0,0.0,0.0,0.0,1153.57435558834,0.0,0.0,0.0
202,1.0,27.4743806129897,0.0,0.0,0.0,0.0,0.0,1152.42078123275,0.0,0.0,0.0
203,1.0,36.8823184565667,0.0,0.0,0.0,0.0,0.0,1151.26836045152,0.0,0.0,0.0
204,1.0,23.9047430773173,0.0,0.0,0.0,0.0,0.0,1150.11709209106,0.0,0.0,0.0
205,1.0,33.4564925464262,0.0,0.0,0.0,0.0,0.0,1148.96697499897,0.0,0.0,0.0
206,1.0,20.6219455861007,0.0,0.0,0.0,0.0,0.0,1147.81800802397,0.0,0.0,0.0
207,1.0,25.6958651176511,0.0,0.0,0.0,0.0,0.0,1146.67019001595,0.0,0.0,0.0
208,1.0,16.9620911644185,0.0,0.0,0.0,0.0,0.0,1145.52351982593,0.0,0.0,0.0
209,2.0,0.0,0.0,0.0,0.0,0.0,250.0,891.852743780855,100.0,0.0,0.0
210,2.0,0.0,0.0,0.0,0.0,0.0,250.0,638.435638511822,100.0,0.0,0.0
211,2.0,0.0,0.0,0.0,0.0,0.0,250.0,385.271950348058,100.0,0.0,0.0
212,2.0,0.0,0.0,0.0,0.0,0.0,250.0,132.361425872457,100.0,0.0,0.0
213,2.0,0.0,0.0,0.0,0.0,0.0,130.906773802119,0.0,52.3627095208476,0.0,0.0
214,2.0,0.0,0.0,0.0,0.0,0.0,0.0,0.0,0.0,0.0,0.0
215,2.0,0.0,0.0,0.0,0.0,0.0,0.0,0.0,0.0,0.0,0.0
216,0.5,0.0,0.0,0.0,0.0,0.0,0.0,0.0,0.0,0.0,0.0
217,0.5,0.0,0.0,0.0,0.0,0.0,0.0,0.0,0.0,0.0,0.0
218,0.5,0.0,0.0,0.0,0.0,0.0,0.0,0.0,0.0,0.0,0.0
219,0.5,0.0,0.0,0.0,0.0,0.0,0.0,0.0,0.0,0.0,0.0
220,0.5,0.0,0.0,0.0,0.0,0.0,0.0,0.0,0.0,0.0,0.0
221,1.0,0.0,0.0,0.0,0.0,0.0,0.0,0.0,0.0,0.0,0.0
222,1.0,0.0,0.0,0.0,0.0,0.0,0.0,0.0,0.0,0.0,0.0
223,1.0,0.0,0.0,0.0,0.0,0.0,0.0,0.0,0.0,0.0,0.0
224,1.0,0.0,0.0,0.0,0.0,0.0,0.0,0.0,0.0,0.0,0.0
225,1.0,20.4708615021081,0.0,0.0,0.0,0.0,0.0,0.0,0.0,0.0,0.0
226,1.0,46.8517335164364,0.0,0.0,96.8447519641868,95.8763044445449,0.0,95.8763044445449,0.0,0.0,0.0
227,1.0,50.1025501418735,0.0,0.0,0.0,0.0,0.0,95.7804281401003,0.0,0.0,0.0
228,1.0,49.9738138051759,0.0,0.0,0.0,0.0,0.0,95.6846477119602,0.0,0.0,0.0
229,1.0,55.7894046491201,0.0,0.0,0.0,0.0,0.0,95.5889630642483,0.0,0.0,0.0
230,1.0,44.0938841178562,0.0,0.0,0.0,0.0,0.0,95.493374101184,0.0,0.0,0.0
231,1.0,27.3777662784694,0.0,0.0,0.0,0.0,0.0,95.3978807270828,0.0,0.0,0.0
232,1.0,27.1387268667593,0.0,0.0,0.0,0.0,0.0,95.3024828463558,0.0,0.0,0.0
233,2.0,0.0,0.0,0.0,0.0,0.0,94.2551085598743,0.0,37.702043423949725,0.0,0.0
234,2.0,0.0,0.0,0.0,0.0,0.0,0.0,0.0,0.0,0.0,0.0
235,2.0,0.0,0.0,0.0,0.0,0.0,0.0,0.0,0.0,0.0,0.0
236,2.0,0.0,0.0,0.0,0.0,0.0,0.0,0.0,0.0,0.0,0.0
237,2.0,0.0,0.0,0.0,0.0,0.0,0.0,0.0,0.0,0.0,0.0
238,2.0,0.0,0.0,0.0,0.0,0.0,0.0,0.0,0.0,0.0,0.0
239,2.0,0.0,0.0,0.0,0.0,0.0,0.0,0.0,0.0,0.0,0.0
240,0.5,0.0,0.0,0.0,0.0,0.0,0.0,0.0,0.0,0.0,0.0
241,0.5,0.0,0.0,0.0,0.0,0.0,0.0,0.0,0.0,0.0,0.0
242,0.5,0.0,0.0,0.0,0.0,0.0,0.0,0.0,0.0,0.0,0.0
243,0.5,0.0,0.0,0.0,0.0,0.0,0.0,0.0,0.0,0.0,0.0
244,0.5,0.0,0.0,0.0,0.0,0.0,0.0,0.0,0.0,0.0,0.0
245,1.0,0.0,0.0,0.0,0.0,0.0,0.0,0.0,0.0,0.0,0.0
246,1.0,0.0,0.0,0.0,0.0,0.0,0.0,0.0,0.0,0.0,0.0
247,1.0,0.0,0.0,0.0,0.0,0.0,0.0,0.0,0.0,0.0,0.0
248,1.0,0.0,0.0,0.0,0.0,0.0,0.0,0.0,0.0,0.0,0.0
249,1.0,17.6999714766883,0.0,0.0,0.0,0.0,0.0,0.0,0.0,0.0,0.0
250,1.0,50.1140619328535,0.0,0.0,139.755851482666,138.358292967839,0.0,138.358292967839,0.0,0.0,0.0
251,1.0,16.6644096526127,0.0,0.0,0.0,0.0,0.0,138.219934674872,0.0,0.0,0.0
252,1.0,6.4680215162991,0.0,0.0,0.0,0.0,0.0,138.081714740197,0.0,0.0,0.0
253,1.0,92.9466033517794,0.0,0.0,311.192070801315,308.080150093302,0.0,446.023783118758,0.0,0.0,0.0
254,1.0,88.6729439752073,0.0,0.0,602.127660076584,596.106383475818,0.0,1041.68414281146,0.0,0.0,0.0
255,1.0,72.9688488067053,0.0,0.0,515.263253526172,510.110620990911,0.0,1550.75307965956,0.0,0.0,0.0
256,1.0,34.0997336458201,0.0,0.0,206.059768948915,203.999171259426,0.0,1753.20149783932,0.0,0.0,0.0
257,2.0,0.0,0.0,0.0,0.0,0.0,250.0,1498.92304381623,100.0,0.0,0.0
258,2.0,0.0,0.0,0.0,0.0,0.0,250.0,1244.89886824716,100.0,0.0,0.0
259,2.0,0.0,0.0,0.0,0.0,0.0,250.0,991.128716853663,100.0,0.0,0.0
260,2.0,0.0,0.0,0.0,0.0,0.0,250.0,737.612335611557,100.0,0.0,0.0
261,2.0,0.0,0.0,0.0,0.0,0.0,250.0,484.349470750693,100.0,0.0,0.0
262,2.0,0.0,0.0,0.0,0.0,0.0,250.0,231.339868754689,100.0,0.0,0.0
263,2.0,0.0,0.0,0.0,0.0,0.0,228.797443597075,0.0,91.51897743883,0.0,0.0
264,0.5,0.0,0.0,0.0,0.0,0.0,0.0,0.0,0.0,0.0,0.0
265,0.5,0.0,0.0,0.0,0.0,0.0,0.0,0.0,0.0,0.0,0.0
266,0.5,0.0,0.0,0.0,0.0,0.0,0.0,0.0,0.0,0.0,0.0
267,0.5,0.0,0.0,0.0,0.0,0.0,0.0,0.0,0.0,0.0,0.0
268,0.5,0.0,0.0,0.0,0.0,0.0,0.0,0.0,0.0,0.0,0.0
269,1.0,0.0,0.0,0.0,0.0,0.0,0.0,0.0,0.0,0.0,0.0
270,1.0,0.0,0.0,0.0,0.0,0.0,0.0,0.0,0.0,0.0,0.0
271,1.0,0.0,0.0,0.0,0.0,0.0,0.0,0.0,0.0,0.0,0.0
272,1.0,0.0,0.0,0.0,0.0,0.0,0.0,0.0,0.0,0.0,0.0
273,1.0,18.0087078894939,0.0,0.0,0.0,0.0,0.0,0.0,0.0,0.0,0.0
274,1.0,49.8939280900479,0.0,0.0,161.403914705618,159.789875558561,0.0,159.789875558561,0.0,0.0,0.0
275,1.0,73.469762245114,0.0,0.0,560.285829262299,554.682970969676,0.0,714.313056652679,0.0,0.0,0.0
276,1.0,86.0034581140699,0.0,0.0,625.077885020714,618.827106170507,0.0,1332.42584976653,0.0,0.0,0.0
277,1.0,85.1628475223032,0.0,0.0,555.783373873601,550.225540134865,0.0,1881.31896405163,0.0,0.0,0.0
278,1.0,80.1097043394851,0.0,0.0,541.302630359845,535.889604056247,0.0,2415.32724914383,0.0,0.0,0.0
279,1.0,72.4307399824056,0.0,0.0,547.459285827011,541.984692968741,0.0,2954.89661486342,0.0,0.0,0.0
280,1.0,9.85969458128712,0.0,0.0,0.0,0.0,0.0,2951.94171824856,0.0,0.0,0.0
281,2.0,0.0,0.0,0.0,0.0,0.0,250.0,2696.46452400506,100.0,0.0,0.0
282,2.0,0.0,0.0,0.0,0.0,0.0,250.0,2441.2428069558,100.0,0.0,0.0
283,2.0,0.0,0.0,0.0,0.0,0.0,250.0,2186.27631162359,100.0,0.0,0.0
284,2.0,0.0,0.0,0.0,0.0,0.0,250.0,1931.56478278672,100.0,0.0,0.0
285,2.0,0.0,0.0,0.0,0.0,0.0,250.0,1677.10796547868,100.0,0.0,0.0
286,2.0,0.0,0.0,0.0,0.0,0.0,250.0,1422.90560498795,100.0,0.0,0.0
287,2.0,0.0,0.0,0.0,0.0,0.0,250.0,1168.95744685771,100.0,0.0,0.0
288,0.5,0.0,0.0,0.0,0.0,0.0,0.0,1167.78848941085,0.0,0.0,0.0
289,0.5,0.0,0.0,0.0,0.0,0.0,0.0,1166.62070092144,0.0,0.0,0.0
290,0.5,0.0,0.0,0.0,0.0,0.0,0.0,1165.45408022052,0.0,0.0,0.0
291,0.5,0.0,0.0,0.0,0.0,0.0,0.0,1164.2886261403,0.0,0.0,0.0
292,0.5,0.0,0.0,0.0,0.0,0.0,0.0,1163.12433751415,0.0,0.0,0.0
293,1.0,0.0,0.0,0.0,0.0,0.0,0.0,1161.96121317664,0.0,0.0,0.0
294,1.0,0.0,0.0,0.0,0.0,0.0,0.0,1160.79925196346,0.0,0.0,0.0
295,1.0,0.0,0.0,0.0,0.0,0.0,0.0,1159.6384527115,0.0,0.0,0.0
296,1.0,0.0,0.0,0.0,0.0,0.0,0.0,1158.47881425879,0.0,0.0,0.0
297,1.0,15.046698894691,0.0,0.0,0.0,0.0,0.0,1157.32033544453,0.0,0.0,0.0
298,1.0,38.2101971988633,0.0,0.0,0.0,0.0,0.0,1156.16301510909,0.0,0.0,0.0
299,1.0,56.1680670914591,0.0,0.0,135.266205833813,133.913543775475,0.0,1288.92039586945,0.0,0.0,0.0
300,1.0,60.034932812579,0.0,0.0,206.535416778875,204.470062611086,0.0,1492.10153808467,0.0,0.0,0.0
301,1.0,24.1229285520275,0.0,0.0,0.0,0.0,0.0,1490.60943654658,0.0,0.0,0.0
302,1.0,31.5409777781261,0.0,0.0,0.0,0.0,0.0,1489.11882711004,0.0,0.0,0.0
303,1.0,38.8603802589282,0.0,0.0,0.0,0.0,0.0,1487.62970828293,0.0,0.0,0.0
304,1.0,7.65197421453142,0.0,0.0,0.0,0.0,0.0,1486.14207857464,0.0,0.0,0.0
305,2.0,0.0,0.0,0.0,0.0,0.0,250.0,1232.13068397082,100.0,0.0,0.0
306,2.0,0.0,0.0,0.0,0.0,0.0,250.0,978.373300761593,100.0,0.0,0.0
307,2.0,0.0,0.0,0.0,0.0,0.0,250.0,724.869674935579,100.0,0.0,0.0
308,2.0,0.0,0.0,0.0,0.0,0.0,250.0,471.619552735391,100.0,0.0,0.0
309,2.0,0.0,0.0,0.0,0.0,0.0,250.0,218.622680657403,100.0,0.0,0.0
310,2.0,0.0,0.0,0.0,0.0,0.0,216.220017396978,0.0,86.4880069587912,0.0,0.0
311,2.0,0.0,0.0,0.0,0.0,0.0,0.0,0.0,0.0,0.0,0.0
312,0.5,0.0,0.0,0.0,0.0,0.0,0.0,0.0,0.0,0.0,0.0
313,0.5,0.0,0.0,0.0,0.0,0.0,0.0,0.0,0.0,0.0,0.0
314,0.5,0.0,0.0,0.0,0.0,0.0,0.0,0.0,0.0,0.0,0.0
315,0.5,0.0,0.0,0.0,0.0,0.0,0.0,0.0,0.0,0.0,0.0
316,0.5,0.0,0.0,0.0,0.0,0.0,0.0,0.0,0.0,0.0,0.0
317,1.0,0.0,0.0,0.0,0.0,0.0,0.0,0.0,0.0,0.0,0.0
318,1.0,0.0,0.0,0.0,0.0,0.0,0.0,0.0,0.0,0.0,0.0
319,1.0,0.0,0.0,0.0,0.0,0.0,0.0,0.0,0.0,0.0,0.0
320,1.0,0.0,0.0,0.0,0.0,0.0,0.0,0.0,0.0,0.0,0.0
321,1.0,21.7038744083761,0.0,0.0,0.0,0.0,0.0,0.0,0.0,0.0,0.0
322,1.0,37.5996467602418,0.0,0.0,0.0,0.0,0.0,0.0,0.0,0.0,0.0
323,1.0,28.1670987155455,0.0,0.0,0.0,0.0,0.0,0.0,0.0,0.0,0.0
324,1.0,71.2871715818526,0.0,0.0,177.102728756572,175.331701469006,0.0,175.331701469006,0.0,0.0,0.0
325,1.0,33.563484269134,0.0,0.0,0.0,0.0,0.0,175.156369767537,0.0,0.0,0.0
326,1.0,25.5812129116504,0.0,0.0,0.0,0.0,0.0,174.98121339777,0.0,0.0,0.0
327,1.0,15.108886963759,0.0,0.0,0.0,0.0,0.0,174.806232184372,0.0,0.0,0.0
328,1.0,1.32139092775727,0.0,0.0,0.0,0.0,0.0,174.631425952187,0.0,0.0,0.0
329,2.0,0.0,0.0,0.0,0.0,0.0,172.712226580973,0.0,69.0848906323892,0.0,0.0
330,2.0,0.0,0.0,0.0,0.0,0.0,0.0,0.0,0.0,0.0,0.0
331,2.0,0.0,0.0,0.0,0.0,0.0,0.0,0.0,0.0,0.0,0.0
332,2.0,0.0,0.0,0.0,0.0,0.0,0.0,0.0,0.0,0.0,0.0
333,2.0,0.0,0.0,0.0,0.0,0.0,0.0,0.0,0.0,0.0,0.0
334,2.0,0.0,0.0,0.0,0.0,0.0,0.0,0.0,0.0,0.0,0.0
335,2.0,0.0,0.0,0.0,0.0,0.0,0.0,0.0,0.0,0.0,0.0
336,0.5,0.0,0.0,0.0,0.0,0.0,0.0,0.0,0.0,0.0,0.0
337,0.5,0.0,0.0,0.0,0.0,0.0,0.0,0.0,0.0,0.0,0.0
338,0.5,0.0,0.0,0.0,0.0,0.0,0.0,0.0,0.0,0.0,0.0
339,0.5,0.0,0.0,0.0,0.0,0.0,0.0,0.0,0.0,0.0,0.0
340,0.5,0.0,0.0,0.0,0.0,0.0,0.0,0.0,0.0,0.0,0.0
341,1.0,0.0,0.0,0.0,0.0,0.0,0.0,0.0,0.0,0.0,0.0
342,1.0,0.0,0.0,0.0,0.0,0.0,0.0,0.0,0.0,0.0,0.0
343,1.0,0.0,0.0,0.0,0.0,0.0,0.0,0.0,0.0,0.0,0.0
344,1.0,0.0,0.0,0.0,0.0,0.0,0.0,0.0,0.0,0.0,0.0
345,1.0,20.6840082144905,0.0,0.0,0.0,0.0,0.0,0.0,0.0,0.0,0.0
346,1.0,56.9349567965426,0.0,107.662608008643,141.530722767125,140.115415539454,0.0,140.115415539454,43.06504320345721,0.0,0.0
347,1.0,79.5479746495923,0.0,51.1300633760192,587.337238413013,581.463866028883,0.0,721.439166152797,20.45202535040768,0.0,0.0
348,1.0,92.1671710338536,0.0,19.582072415366,672.151579653685,665.430063857148,0.0,1386.14779084379,7.8328289661464,0.0,0.0
349,1.0,96.2985298687319,0.0,9.25367532817031,690.918200346099,684.009018342638,0.0,2068.77066139559,3.701470131268124,0.0,0.0
350,1.0,91.7565005218069,0.0,20.6087486954829,649.57157909094,643.075863300031,0.0,2709.77775403422,8.24349947819316,0.0,0.0
351,1.0,75.4622589619313,0.0,61.3443525951717,504.221150332694,499.178938829367,0.0,3206.24691510955,24.53774103806868,0.0,0.0
352,1.0,49.204797163767,0.0,126.988007090582,268.359864049196,265.676265408704,0.0,3468.71693360315,50.795202836232804,0.0,0.0
353,2.0,0.0,0.0,0.0,0.0,0.0,250.0,3212.72296414429,100.0,0.0,0.0
354,2.0,0.0,0.0,0.0,0.0,0.0,250.0,2956.9849886549,100.0,0.0,0.0
355,2.0,0.0,0.0,0.0,0.0,0.0,250.0,2701.50275114099,100.0,0.0,0.0
356,2.0,0.0,0.0,0.0,0.0,0.0,250.0,2446.2759958646,100.0,0.0,0.0
357,2.0,0.0,0.0,0.0,0.0,0.0,250.0,2191.30446734348,100.0,0.0,0.0
358,2.0,0.0,0.0,0.0,0.0,0.0,250.0,1936.58791035088,100.0,0.0,0.0
359,2.0,0.0,0.0,0.0,0.0,0.0,250.0,1682.12606991528,100.0,0.0,0.0
360,0.5,0.0,0.0,0.0,0.0,0.0,0.0,1680.44394384536,0.0,0.0,0.0
361,0.5,0.0,0.0,0.0,0.0,0.0,0.0,1678.76349990152,0.0,0.0,0.0
362,0.5,0.0,0.0,0.0,0.0,0.0,0.0,1677.08473640162,0.0,0.0,0.0
363,0.5,0.0,0.0,0.0,0.0,0.0,0.0,1675.40765166522,0.0,0.0,0.0
364,0.5,0.0,0.0,0.0,0.0,0.0,0.0,1673.73224401355,0.0,0.0,0.0
365,1.0,0.0,0.0,0.0,0.0,0.0,250.0,1419.53325924428,100.0,0.0,0.0
366,1.0,0.0,0.0,0.0,0.0,0.0,250.0,1165.58847345979,100.0,0.0,0.0
367,1.0,0.0,0.0,0.0,0.0,0.0,250.0,911.897632461075,100.0,0.0,0.0
368,1.0,0.0,0.0,0.0,0.0,0.0,250.0,658.460482303361,100.0,0.0,0.0
369,1.0,20.4888323123341,0.0,0.0,0.0,0.0,198.777919219165,457.016244832002,79.511167687666,0.0,0.0
370,1.0,54.0860577272776,0.0,114.784855681806,114.554270323128,113.408727619897,0.0,569.967956207067,45.9139422727224,0.0,0.0
371,1.0,75.7192788202202,0.0,60.7018029494494,523.763579411696,518.525943617579,0.0,1087.92393186844,24.28072117977976,0.0,0.0
372,1.0,87.4624542541421,0.0,31.3438643646447,600.58739116365,594.581517252013,0.0,1681.41752518858,12.53754574585788,0.0,0.0
373,1.0,93.2039713960532,0.0,16.990071509867,648.252045847304,641.769525388831,0.0,2321.50563305223,6.796028603946801,0.0,0.0
374,1.0,87.5609720915277,0.0,31.0975697711806,587.46583043122,581.591172126908,0.0,2900.77529954608,12.43902790847224,0.0,0.0
375,1.0,71.4181732737041,0.0,71.4545668157398,438.208789428435,433.82670153415,0.0,3331.70122578069,28.58182672629592,0.0,0.0
376,1.0,48.0943022116689,0.0,129.764244470828,251.420145385158,248.905943931306,0.0,3577.27546848621,51.9056977883312,0.0,0.0
377,2.0,0.0,0.0,0.0,0.0,0.0,250.0,3321.17294049247,100.0,0.0,0.0
378,2.0,0.0,0.0,0.0,0.0,0.0,250.0,3065.32651502673,100.0,0.0,0.0
379,2.0,0.0,0.0,0.0,0.0,0.0,250.0,2809.73593598645,100.0,0.0,0.0
380,2.0,0.0,0.0,0.0,0.0,0.0,250.0,2554.40094752521,100.0,0.0,0.0
381,2.0,0.0,0.0,0.0,0.0,0.0,250.0,2299.32129405243,100.0,0.0,0.0
382,2.0,0.0,0.0,0.0,0.0,0.0,250.0,2044.49672023313,100.0,0.0,0.0
383,2.0,0.0,0.0,0.0,0.0,0.0,250.0,1789.92697098764,100.0,0.0,0.0
384,0.5,0.0,0.0,0.0,0.0,0.0,0.0,1788.13704401665,0.0,0.0,0.0
385,0.5,0.0,0.0,0.0,0.0,0.0,0.0,1786.34890697264,0.0,0.0,0.0
386,0.5,0.0,0.0,0.0,0.0,0.0,0.0,1784.56255806566,0.0,0.0,0.0
387,0.5,0.0,0.0,0.0,0.0,0.0,0.0,1782.7779955076,0.0,0.0,0.0
388,0.5,0.0,0.0,0.0,0.0,0.0,0.0,1780.99521751209,0.0,0.0,0.0
389,1.0,0.0,0.0,0.0,0.0,0.0,250.0,1526.68896976933,100.0,0.0,0.0
390,1.0,0.0,0.0,0.0,0.0,0.0,250.0,1272.6370282743,100.0,0.0,0.0
391,1.0,0.0,0.0,0.0,0.0,0.0,250.0,1018.83913872078,100.0,0.0,0.0
392,1.0,0.0,0.0,0.0,0.0,0.0,250.0,765.295047056803,100.0,0.0,0.0
393,1.0,26.281218494595,0.0,0.0,0.0,0.0,184.296953763513,578.371212854683,73.7187815054052,0.0,0.0
394,1.0,38.9755848797388,0.0,0.0,0.0,0.0,152.561037800653,423.69078325733,61.0244151202612,0.0,0.0
395,1.0,63.3153401464345,0.0,91.7116496339136,160.726168552914,159.118906867385,0.0,582.385999341458,36.68465985356544,0.0,0.0
396,1.0,87.4803616597808,0.0,31.2990958505479,577.41826814082,571.644085459412,0.0,1153.44769880153,12.51963834021916,0.0,0.0
397,1.0,93.9669530315501,0.0,15.0826174211247,635.773012479991,629.415282355191,0.0,1781.70953345792,6.033046968449881,0.0,0.0
398,1.0,88.2866373150315,0.0,29.2834067124212,577.744871888857,571.967423169968,0.0,2351.89524709443,11.71336268496848,0.0,0.0
399,1.0,74.6351507425917,0.0,63.4121231435207,476.28581894192,471.522960752501,0.0,2821.06631259983,25.36484925740828,0.0,0.0
400,1.0,48.5105106778942,0.0,128.723723305265,241.516058997587,239.100898407611,0.0,3057.34614469485,51.489489322106,0.0,0.0
401,2.0,0.0,0.0,0.0,0.0,0.0,250.0,2801.7635460249,100.0,0.0,0.0
402,2.0,0.0,0.0,0.0,0.0,0.0,250.0,2546.43652995362,100.0,0.0,0.0
403,2.0,0.0,0.0,0.0,0.0,0.0,250.0,2291.36484089841,100.0,0.0,0.0
404,2.0,0.0,0.0,0.0,0.0,0.0,250.0,2036.54822353226,100.0,0.0,0.0
405,2.0,0.0,0.0,0.0,0.0,0.0,250.0,1781.98642278348,100.0,0.0,0.0
406,2.0,0.0,0.0,0.0,0.0,0.0,250.0,1527.67918383544,100.0,0.0,0.0
407,2.0,0.0,0.0,0.0,0.0,0.0,250.0,1273.62625212635,100.0,0.0,0.0
408,0.5,0.0,0.0,0.0,0.0,0.0,0.0,1272.35262587423,0.0,0.0,0.0
409,0.5,0.0,0.0,0.0,0.0,0.0,0.0,1271.08027324835,0.0,0.0,0.0
410,0.5,0.0,0.0,0.0,0.0,0.0,0.0,1269.80919297511,0.0,0.0,0.0
411,0.5,0.0,0.0,0.0,0.0,0.0,0.0,1268.53938378213,0.0,0.0,0.0
412,0.5,0.0,0.0,0.0,0.0,0.0,0.0,1267.27084439835,0.0,0.0,0.0
413,1.0,0.0,0.0,0.0,0.0,0.0,250.0,1013.4783210287,100.0,0.0,0.0
414,1.0,0.0,0.0,0.0,0.0,0.0,250.0,759.939590182416,100.0,0.0,0.0
415,1.0,0.0,0.0,0.0,0.0,0.0,250.0,506.654398066981,100.0,0.0,0.0
416,1.0,0.0,0.0,0.0,0.0,0.0,250.0,253.622491143662,100.0,0.0,0.0
417,1.0,20.8594448041104,0.0,0.0,0.0,0.0,197.851387989724,53.5189817942113,79.1405551958896,0.0,0.0
418,1.0,53.1711272985109,0.0,117.072181753723,99.0914115039553,98.1004973889157,0.0,151.565960201333,46.8288727014892,0.0,0.0
419,1.0,72.5659334965106,0.0,68.5851662587236,474.11600736394,469.3748472903,0.0,620.789241531432,27.434066503489444,0.0,0.0
420,1.0,83.7459558390111,0.0,40.6351104024722,546.150753798012,540.689246260032,0.0,1160.85769854993,16.25404416098888,0.0,0.0
421,1.0,90.7013953573128,0.0,23.246511606718,620.364855746675,614.161207189208,0.0,1773.85804804059,9.2986046426872,0.0,0.0
422,1.0,85.6542812173102,0.0,35.8642969567246,554.260496133762,548.717891172424,0.0,2320.80208116497,14.345718782689842,0.0,0.0
423,1.0,52.3473448370431,0.0,119.131637907392,150.182365432758,148.68054177843,0.0,2467.16182086224,47.652655162956805,0.0,0.0
424,1.0,49.5040551091074,0.0,126.239862227231,267.665842371816,264.989183948098,0.0,2729.68384298947,50.4959448908924,0.0,0.0
425,2.0,0.0,0.0,0.0,0.0,0.0,250.0,2474.42890662123,100.0,0.0,0.0
426,2.0,0.0,0.0,0.0,0.0,0.0,250.0,2219.42922518936,100.0,0.0,0.0
427,2.0,0.0,0.0,0.0,0.0,0.0,250.0,1964.68454343892,100.0,0.0,0.0
428,2.0,0.0,0.0,0.0,0.0,0.0,250.0,1710.19460637023,100.0,0.0,0.0
429,2.0,0.0,0.0,0.0,0.0,0.0,250.0,1455.9591592386,100.0,0.0,0.0
430,2.0,0.0,0.0,0.0,0.0,0.0,250.0,1201.97794755411,100.0,0.0,0.0
431,2.0,0.0,0.0,0.0,0.0,0.0,250.0,948.250717081306,100.0,0.0,0.0
432,0.5,0.0,0.0,0.0,0.0,0.0,0.0,947.302466364224,0.0,0.0,0.0
433,0.5,0.0,0.0,0.0,0.0,0.0,0.0,946.35516389786,0.0,0.0,0.0
434,0.5,0.0,0.0,0.0,0.0,0.0,0.0,945.408808733962,0.0,0.0,0.0
435,0.5,0.0,0.0,0.0,0.0,0.0,0.0,944.463399925228,0.0,0.0,0.0
436,0.5,0.0,0.0,0.0,0.0,0.0,0.0,943.518936525303,0.0,0.0,0.0
437,1.0,0.0,0.0,0.0,0.0,0.0,250.0,690.050165063525,100.0,0.0,0.0
438,1.0,0.0,0.0,0.0,0.0,0.0,250.0,436.834862373209,100.0,0.0,0.0
439,1.0,0.0,0.0,0.0,0.0,0.0,250.0,183.872774985583,100.0,0.0,0.0
440,1.0,0.0,0.0,0.0,0.0,0.0,181.852013188492,0.0,72.74080527539681,0.0,0.0
441,1.0,27.139331469096,0.0,0.0,0.0,0.0,0.0,0.0,0.0,0.0,0.0
442,1.0,54.6210060361957,0.0,113.447484909511,122.934116904219,121.704775735177,0.0,121.704775735177,45.378993963804405,0.0,0.0
443,1.0,74.9677016059456,0.0,62.5807459851361,518.909966021092,513.720866360881,0.0,635.303937320322,25.03229839405444,0.0,0.0
444,1.0,84.8643034101764,0.0,37.8392414745589,537.546072774999,532.170612047249,0.0,1166.83924543025,15.13569658982356,0.0,0.0
445,1.0,92.278095476909,0.0,19.3047613077275,613.702738221629,607.565710839413,0.0,1773.23811702423,7.721904523091,0.0,0.0
446,1.0,86.5723482959465,0.0,33.5691292601338,544.993019253851,539.543089061313,0.0,2311.00796796852,13.42765170405352,0.0,0.0
447,1.0,74.1426194867094,0.0,64.6434512832264,469.716480787699,465.019315979822,0.0,2773.71627598038,25.85738051329056,0.0,0.0
448,1.0,49.6922776284941,0.0,125.769305928765,264.9380050643,262.288625013657,0.0,3033.23118471805,50.307722371506,0.0,0.0
449,2.0,0.0,0.0,0.0,0.0,0.0,250.0,2777.67270100808,100.0,0.0,0.0
450,2.0,0.0,0.0,0.0,0.0,0.0,250.0,2522.36977578182,100.0,0.0,0.0
451,2.0,0.0,0.0,0.0,0.0,0.0,250.0,2267.32215348078,100.0,0.0,0.0
452,2.0,0.0,0.0,0.0,0.0,0.0,250.0,2012.52957880205,100.0,0.0,0.0
453,2.0,0.0,0.0,0.0,0.0,0.0,250.0,1757.991796698,100.0,0.0,0.0
454,2.0,0.0,0.0,0.0,0.0,0.0,250.0,1503.70855237605,100.0,0.0,0.0
455,2.0,0.0,0.0,0.0,0.0,0.0,250.0,1249.67959129842,100.0,0.0,0.0
456,0.5,0.0,0.0,0.0,0.0,0.0,0.0,1248.42991170712,0.0,0.0,0.0
457,0.5,0.0,0.0,0.0,0.0,0.0,0.0,1247.18148179541,0.0,0.0,0.0
458,0.5,0.0,0.0,0.0,0.0,0.0,0.0,1245.93430031362,0.0,0.0,0.0
459,0.5,0.0,0.0,0.0,0.0,0.0,0.0,1244.6883660133,0.0,0.0,0.0
460,0.5,0.0,0.0,0.0,0.0,0.0,0.0,1243.44367764729,0.0,0.0,0.0
461,1.0,0.0,0.0,0.0,0.0,0.0,250.0,989.67498144439,100.0,0.0,0.0
462,1.0,0.0,0.0,0.0,0.0,0.0,250.0,736.160053937693,100.0,0.0,0.0
463,1.0,0.0,0.0,0.0,0.0,0.0,250.0,482.898641358503,100.0,0.0,0.0
464,1.0,0.0,0.0,0.0,0.0,0.0,182.108817337742,298.467442375991,72.8435269350968,0.0,0.0
465,1.0,20.8693259464662,0.0,0.0,0.0,0.0,0.0,298.168974933615,0.0,0.0,0.0
466,1.0,47.9188105674211,0.0,117.268423975885,0.0,0.0,0.0,297.870805958681,46.907369590354,0.0,0.0
467,1.0,68.8671263858197,0.0,77.8321840354507,373.346181466336,369.612719651672,0.0,667.185654804395,31.13287361418028,0.0,0.0
468,1.0,77.1943153826998,0.0,57.0142115432506,391.138223178357,387.226840946574,0.0,1053.74531009616,22.805684617300244,0.0,0.0
469,1.0,74.72040345713,0.0,63.198991357175,313.941355736137,310.801942178775,0.0,1363.49350696484,25.27959654287,0.0,0.0
470,1.0,50.5619174822507,0.0,0.0,0.0,0.0,0.0,1362.13001345788,0.0,0.0,0.0
471,1.0,61.7001670214029,0.0,95.7495824464927,86.973238997714,86.1035066077368,0.0,1446.87139005216,38.29983297859708,0.0,0.0
472,1.0,54.2359401644109,0.0,114.410149588973,332.670930660389,329.344221353785,0.0,1774.76874001589,45.7640598355892,0.0,0.0
473,2.0,0.0,0.0,0.0,0.0,0.0,250.0,1520.46871875062,100.0,0.0,0.0
474,2.0,0.0,0.0,0.0,0.0,0.0,250.0,1266.42299750662,100.0,0.0,0.0
475,2.0,0.0,0.0,0.0,0.0,0.0,250.0,1012.63132198386,100.0,0.0,0.0
476,2.0,0.0,0.0,0.0,0.0,0.0,250.0,759.093438136623,100.0,0.0,0.0
477,2.0,0.0,0.0,0.0,0.0,0.0,250.0,505.809092173234,100.0,0.0,0.0
478,2.0,0.0,0.0,0.0,0.0,0.0,250.0,252.778030555808,100.0,0.0,0.0
479,2.0,0.0,0.0,0.0,0.0,0.0,250.0,0.0,100.0,0.0,0.0
480,0.5,0.0,0.0,0.0,0.0,0.0,0.0,0.0,0.0,0.0,0.0
481,0.5,0.0,0.0,0.0,0.0,0.0,0.0,0.0,0.0,0.0,0.0
482,0.5,0.0,0.0,0.0,0.0,0.0,0.0,0.0,0.0,0.0,0.0
483,0.5,0.0,0.0,0.0,0.0,0.0,0.0,0.0,0.0,0.0,0.0
484,0.5,0.0,0.0,0.0,0.0,0.0,0.0,0.0,0.0,0.0,0.0
485,1.0,0.0,0.0,0.0,0.0,0.0,0.0,0.0,0.0,0.0,0.0
486,1.0,0.0,0.0,0.0,0.0,0.0,0.0,0.0,0.0,0.0,0.0
487,1.0,0.0,0.0,0.0,0.0,0.0,0.0,0.0,0.0,0.0,0.0
488,1.0,0.0,0.0,0.0,0.0,0.0,0.0,0.0,0.0,0.0,0.0
489,1.0,20.8536529128807,0.0,0.0,0.0,0.0,0.0,0.0,0.0,0.0,0.0
490,1.0,50.8038797752996,0.0,122.990300561751,75.7598293851442,75.0022310912927,0.0,75.0022310912927,49.1961202247004,0.0,0.0
491,1.0,70.2876600477282,0.0,74.2808498806796,432.460974119749,428.136364378552,0.0,503.063593238753,29.71233995227184,0.0,0.0
492,1.0,82.73499155174,0.0,43.16252112065,525.95959906888,520.700003078191,0.0,1023.26053272371,17.26500844826,0.0,0.0
493,1.0,89.4455611883035,0.0,26.3860970292413,593.885437007471,587.946582637396,0.0,1610.18385482838,10.55443881169652,0.0,0.0
494,1.0,86.5346126713623,0.0,33.6634683215943,568.017032392949,562.33686206902,0.0,2170.91053304257,13.465387328637721,0.0,0.0
495,1.0,73.7426353962425,0.0,65.6434115093937,471.98279776508,467.26296978743,0.0,2636.00259229696,26.25736460375748,0.0,0.0
496,1.0,49.2215387367068,0.0,126.946153158233,255.120562689323,252.56935706243,0.0,2885.93594676709,50.7784612632932,0.0,0.0
497,2.0,0.0,0.0,0.0,0.0,0.0,250.0,2630.52475829507,100.0,0.0,0.0
498,2.0,0.0,0.0,0.0,0.0,0.0,250.0,2375.36898101152,100.0,0.0,0.0
499,2.0,0.0,0.0,0.0,0.0,0.0,250.0,2120.46835950526,100.0,0.0,0.0
500,2.0,0.0,0.0,0.0,0.0,0.0,250.0,1865.8226386205,100.0,0.0,0.0
501,2.0,0.0,0.0,0.0,0.0,0.0,250.0,1611.43156345663,100.0,0.0,0.0
502,2.0,0.0,0.0,0.0,0.0,0.0,250.0,1357.29487936792,100.0,0.0,0.0
503,2.0,0.0,0.0,0.0,0.0,0.0,250.0,1103.4123319633,100.0,0.0,0.0
504,0.5,0.0,0.0,0.0,0.0,0.0,0.0,1102.30891963133,0.0,0.0,0.0
505,0.5,0.0,0.0,0.0,0.0,0.0,0.0,1101.2066107117,0.0,0.0,0.0
506,0.5,0.0,0.0,0.0,0.0,0.0,0.0,1100.10540410099,0.0,0.0,0.0
507,0.5,0.0,0.0,0.0,0.0,0.0,0.0,1099.00529869689,0.0,0.0,0.0
508,0.5,0.0,0.0,0.0,0.0,0.0,0.0,1097.90629339819,0.0,0.0,0.0
509,1.0,0.0,0.0,0.0,0.0,0.0,250.0,844.283134579542,100.0,0.0,0.0
510,1.0,0.0,0.0,0.0,0.0,0.0,250.0,590.91359891971,100.0,0.0,0.0
511,1.0,0.0,0.0,0.0,0.0,0.0,250.0,337.797432795538,100.0,0.0,0.0
512,1.0,0.0,0.0,0.0,0.0,0.0,250.0,84.9343828374901,100.0,0.0,0.0
513,1.0,21.5602877021607,0.0,0.0,0.0,0.0,84.0009539701061,0.0,33.60038158804244,0.0,0.0
514,1.0,51.990225822943,0.0,120.024435442642,85.5914216021109,84.7355073860898,0.0,84.7355073860898,48.009774177056805,0.0,0.0
515,1.0,70.3661332441435,0.0,74.0846668896412,427.883301187409,423.604468175535,0.0,508.255240054238,29.63386675585648,0.0,0.0
516,1.0,82.4119438095123,0.0,43.9701404762192,519.726164738296,514.528903090913,0.0,1022.2758879051,17.58805619048768,0.0,0.0
517,1.0,88.7557071928964,0.0,28.1107320177589,587.564331114874,581.688687803725,0.0,1602.94229982092,11.24429280710356,0.0,0.0
518,1.0,84.7839973086251,0.0,38.0400067284372,561.771038768719,556.153328381031,0.0,2157.49268590213,15.21600269137488,0.0,0.0
519,1.0,73.1630986773635,0.0,67.0922533065911,478.421204140141,473.636992098739,0.0,2628.97218531497,26.836901322636443,0.0,0.0
520,1.0,48.266569176594,0.0,129.333577058515,243.77767451391,241.339897768771,0.0,2867.68311089842,51.733430823406,0.0,0.0
521,2.0,0.0,0.0,0.0,0.0,0.0,250.0,2612.29017526227,100.0,0.0,0.0
522,2.0,0.0,0.0,0.0,0.0,0.0,250.0,2357.15263256176,100.0,0.0,0.0
523,2.0,0.0,0.0,0.0,0.0,0.0,250.0,2102.27022740394,100.0,0.0,0.0
524,2.0,0.0,0.0,0.0,0.0,0.0,250.0,1847.64270465128,100.0,0.0,0.0
525,2.0,0.0,0.0,0.0,0.0,0.0,250.0,1593.26980942138,100.0,0.0,0.0
526,2.0,0.0,0.0,0.0,0.0,0.0,250.0,1339.15128708671,100.0,0.0,0.0
527,2.0,0.0,0.0,0.0,0.0,0.0,250.0,1085.28688327437,100.0,0.0,0.0
528,0.5,0.0,0.0,0.0,0.0,0.0,0.0,1084.20159639109,0.0,0.0,0.0
529,0.5,0.0,0.0,0.0,0.0,0.0,0.0,1083.1173947947,0.0,0.0,0.0
530,0.5,0.0,0.0,0.0,0.0,0.0,0.0,1082.03427739991,0.0,0.0,0.0
531,0.5,0.0,0.0,0.0,0.0,0.0,0.0,1080.95224312251,0.0,0.0,0.0
532,0.5,0.0,0.0,0.0,0.0,0.0,0.0,1079.87129087938,0.0,0.0,0.0
533,1.0,0.0,0.0,0.0,0.0,0.0,250.0,826.266167063253,100.0,0.0,0.0
534,1.0,0.0,0.0,0.0,0.0,0.0,250.0,572.914648370937,100.0,0.0,0.0
535,1.0,0.0,0.0,0.0,0.0,0.0,250.0,319.816481197314,100.0,0.0,0.0
536,1.0,0.0,0.0,0.0,0.0,0.0,250.0,66.9714121908638,100.0,0.0,0.0
537,1.0,26.0569350572649,0.0,0.0,0.0,0.0,66.2353963708862,0.0,26.494158548354484,0.0,0.0
538,1.0,44.7613085121715,0.0,14.0344699937527,0.0,0.0,0.0,0.0,5.61378799750108,0.0,0.0
539,1.0,71.2591741814413,0.0,71.8520645463966,415.924003376125,411.764763342364,0.0,411.764763342364,28.740825818558644,0.0,0.0
540,1.0,84.5281576563472,0.0,38.679605859132,528.537091167287,523.251720255614,0.0,934.604718834636,15.471842343652803,0.0,0.0
541,1.0,90.3713334053268,0.0,24.0716664866831,583.543054909655,577.707624360558,0.0,1511.37773847636,9.628666594673241,0.0,0.0
542,1.0,83.4797822098328,0.0,41.3005444754181,498.101006263241,493.119996200609,0.0,2002.98635693849,16.52021779016724,0.0,0.0
543,1.0,73.7365631319316,0.0,65.6585921701709,460.603624250731,455.997588008224,0.0,2456.98095858978,26.263436868068364,0.0,0.0
544,1.0,49.3566097925894,0.0,126.608475518526,250.255978455192,247.75341867064,0.0,2702.27739630183,50.643390207410405,0.0,0.0
545,2.0,0.0,0.0,0.0,0.0,0.0,250.0,2447.04986638027,100.0,0.0,0.0
546,2.0,0.0,0.0,0.0,0.0,0.0,250.0,2192.07756398864,100.0,0.0,0.0
547,2.0,0.0,0.0,0.0,0.0,0.0,250.0,1937.3602338994,100.0,0.0,0.0
548,2.0,0.0,0.0,0.0,0.0,0.0,250.0,1682.89762114025,100.0,0.0,0.0
549,2.0,0.0,0.0,0.0,0.0,0.0,250.0,1428.68947099385,100.0,0.0,0.0
550,2.0,0.0,0.0,0.0,0.0,0.0,250.0,1174.73552899761,100.0,0.0,0.0
551,2.0,0.0,0.0,0.0,0.0,0.0,250.0,921.035540943357,100.0,0.0,0.0
552,0.5,0.0,0.0,0.0,0.0,0.0,0.0,920.114505402414,0.0,0.0,0.0
553,0.5,0.0,0.0,0.0,0.0,0.0,0.0,919.194390897011,0.0,0.0,0.0
554,0.5,0.0,0.0,0.0,0.0,0.0,0.0,918.275196506114,0.0,0.0,0.0
555,0.5,0.0,0.0,0.0,0.0,0.0,0.0,917.356921309608,0.0,0.0,0.0
556,0.5,0.0,0.0,0.0,0.0,0.0,0.0,916.439564388298,0.0,0.0,0.0
557,1.0,0.0,0.0,0.0,0.0,0.0,250.0,662.997872298658,100.0,0.0,0.0
558,1.0,0.0,0.0,0.0,0.0,0.0,250.0,409.809621901106,100.0,0.0,0.0
559,1.0,0.0,0.0,0.0,0.0,0.0,250.0,156.874559753953,100.0,0.0,0.0
560,1.0,0.0,0.0,0.0,0.0,0.0,155.150508342257,0.0,62.06020333690281,0.0,0.0
561,1.0,22.1060174737504,0.0,0.0,0.0,0.0,0.0,0.0,0.0,0.0,0.0
562,1.0,52.4436707285069,0.0,118.890823178733,88.6684344358461,87.7817500914876,0.0,87.7817500914876,47.556329271493205,0.0,0.0
563,1.0,72.1267710687898,0.0,69.6830723280254,454.810897118177,450.262788146996,0.0,537.956756488392,27.873228931210164,0.0,0.0
564,1.0,89.7118999425533,0.0,25.7202501436169,658.797182064239,652.209210243597,0.0,1189.6280099755,10.288100057446762,0.0,0.0
565,1.0,90.5557163240111,0.0,23.6107091899722,592.672541690814,586.745816273906,0.0,1775.18419823943,9.444283675988881,0.0,0.0
566,1.0,89.4834588963858,0.0,26.2913527590355,613.962004322165,607.822384278943,0.0,2381.23139832013,10.516541103614202,0.0,0.0
567,1.0,76.295989404792,0.0,59.26002648802,509.165045510237,504.073395055135,0.0,2882.92356197695,23.704010595208004,0.0,0.0
568,1.0,55.9071147174716,0.0,110.232213206321,359.184823007123,355.592974777052,0.0,3235.63361319202,44.09288528252841,0.0,0.0
569,2.0,0.00538745406784264,0.0,0.0,0.0,0.0,249.98653136483,2979.88633173557,99.994612545932,0.0,0.0
570,2.0,0.0,0.0,0.0,0.0,0.0,250.0,2724.38119287858,100.0,0.0,0.0
571,2.0,0.0,0.0,0.0,0.0,0.0,250.0,2469.13155916045,100.0,0.0,0.0
572,2.0,0.0,0.0,0.0,0.0,0.0,250.0,2214.13717507604,100.0,0.0,0.0
573,2.0,0.0,0.0,0.0,0.0,0.0,250.0,1959.39778537571,100.0,0.0,0.0
574,2.0,0.0,0.0,0.0,0.0,0.0,250.0,1704.91313506508,100.0,0.0,0.0
575,2.0,0.0,0.0,0.0,0.0,0.0,250.0,1450.68296940476,100.0,0.0,0.0
576,0.5,0.0,0.0,0.0,0.0,0.0,0.0,1449.23228643536,0.0,0.0,0.0
577,0.5,0.0,0.0,0.0,0.0,0.0,0.0,1447.78305414892,0.0,0.0,0.0
578,0.5,0.0,0.0,0.0,0.0,0.0,0.0,1446.33527109477,0.0,0.0,0.0
579,0.5,0.0,0.0,0.0,0.0,0.0,0.0,1444.88893582368,0.0,0.0,0.0
580,0.5,0.0,0.0,0.0,0.0,0.0,0.0,1443.44404688786,0.0,0.0,0.0
581,1.0,0.0,0.0,0.0,0.0,0.0,196.525895955967,1243.48959682484,78.6103583823868,0.0,0.0
582,1.0,0.0,0.0,0.0,0.0,0.0,0.0,1242.24610722801,0.0,0.0,0.0
583,1.0,0.0,0.0,0.0,0.0,0.0,0.0,1241.00386112079,0.0,0.0,0.0
584,1.0,0.0,0.0,0.0,0.0,0.0,0.0,1239.76285725966,0.0,0.0,0.0
585,1.0,25.8282418024077,0.0,0.0,0.0,0.0,0.0,1238.52309440241,0.0,0.0,0.0
586,1.0,14.3633492316339,0.0,0.0,0.0,0.0,0.0,1237.284571308,0.0,0.0,0.0
587,1.0,22.3598972971289,0.0,0.0,0.0,0.0,0.0,1236.0472867367,0.0,0.0,0.0
588,1.0,57.5432477812093,0.0,0.0,0.0,0.0,0.0,1234.81123944996,0.0,0.0,0.0
589,1.0,76.1515545368499,0.0,59.6211136578752,280.793940054587,277.986000654041,0.0,1511.56242886455,23.84844546315008,0.0,0.0
590,1.0,71.0819308570021,0.0,72.2951728574946,270.982568155977,268.272742474417,0.0,1778.3236089101,28.918069142997844,0.0,0.0
591,1.0,24.3969327487715,0.0,0.0,0.0,0.0,0.0,1776.54528530119,0.0,0.0,0.0
592,1.0,5.83127412401076,0.0,0.0,0.0,0.0,0.0,1774.76874001589,0.0,0.0,0.0
593,2.0,0.0,0.0,0.0,0.0,0.0,250.0,1520.46871875062,100.0,0.0,0.0
594,2.0,0.0,0.0,0.0,0.0,0.0,250.0,1266.42299750662,100.0,0.0,0.0
595,2.0,0.0,0.0,0.0,0.0,0.0,250.0,1012.63132198386,100.0,0.0,0.0
596,2.0,0.0,0.0,0.0,0.0,0.0,250.0,759.093438136623,100.0,0.0,0.0
597,2.0,0.0,0.0,0.0,0.0,0.0,250.0,505.809092173234,100.0,0.0,0.0
598,2.0,0.0,0.0,0.0,0.0,0.0,250.0,252.778030555808,100.0,0.0,0.0
599,2.0,0.0,0.0,0.0,0.0,0.0,250.0,0.0,100.0,0.0,0.0
600,0.5,0.0,0.0,0.0,0.0,0.0,0.0,0.0,0.0,0.0,0.0
601,0.5,0.0,0.0,0.0,0.0,0.0,0.0,0.0,0.0,0.0,0.0
602,0.5,0.0,0.0,0.0,0.0,0.0,0.0,0.0,0.0,0.0,0.0
603,0.5,0.0,0.0,0.0,0.0,0.0,0.0,0.0,0.0,0.0,0.0
604,0.5,0.0,0.0,0.0,0.0,0.0,0.0,0.0,0.0,0.0,0.0
605,1.0,0.0,0.0,0.0,0.0,0.0,0.0,0.0,0.0,0.0,0.0
606,1.0,0.0,0.0,0.0,0.0,0.0,0.0,0.0,0.0,0.0,0.0
607,1.0,0.0,0.0,0.0,0.0,0.0,0.0,0.0,0.0,0.0,0.0
608,1.0,0.0,0.0,0.0,0.0,0.0,0.0,0.0,0.0,0.0,0.0
609,1.0,23.6573709826837,0.0,0.0,0.0,0.0,0.0,0.0,0.0,0.0,0.0
610,1.0,59.9032795996192,0.0,80.6611942094546,187.721785194022,185.844567342082,0.0,185.844567342082,32.26447768378184,0.0,0.0
611,1.0,82.8820173968149,0.0,0.0,646.219531673744,639.757336357007,0.0,825.416059131746,0.0,0.0,0.0
612,1.0,95.7704553994628,0.0,0.0,677.286238205205,670.513375823153,0.0,1495.10401889577,0.0,0.0,0.0
613,1.0,89.9114298547412,0.0,0.0,511.254819518014,506.142271322834,0.0,1999.75118619971,0.0,0.0,0.0
614,1.0,74.9609783851804,0.0,0.0,366.101446496404,362.44043203144,0.0,2360.19186704495,0.0,0.0,0.0
615,1.0,70.6357753413537,0.0,0.0,423.389876288342,419.155977525459,0.0,2776.98765270336,0.0,0.0,0.0
616,1.0,33.8745930978109,0.0,0.0,0.0,0.0,0.0,2774.21066505066,0.0,0.0,0.0
617,2.0,0.332913860473903,0.0,0.0,0.0,0.0,249.167715348815,2519.75189342721,99.667086139526,0.0,0.0
618,2.0,0.0,0.0,0.0,0.0,0.0,250.0,2264.70688900853,100.0,0.0,0.0
619,2.0,0.0,0.0,0.0,0.0,0.0,250.0,2009.91692959427,100.0,0.0,0.0
620,2.0,0.0,0.0,0.0,0.0,0.0,250.0,1755.38176013942,100.0,0.0,0.0
621,2.0,0.0,0.0,0.0,0.0,0.0,250.0,1501.10112585403,100.0,0.0,0.0
622,2.0,0.0,0.0,0.0,0.0,0.0,250.0,1247.07477220292,100.0,0.0,0.0
623,2.0,0.0,0.0,0.0,0.0,0.0,250.0,993.302444905465,100.0,0.0,0.0
624,0.5,0.0,0.0,0.0,0.0,0.0,0.0,992.30914246056,0.0,0.0,0.0
625,0.5,0.0,0.0,0.0,0.0,0.0,0.0,991.316833318099,0.0,0.0,0.0
626,0.5,0.0,0.0,0.0,0.0,0.0,0.0,990.325516484781,0.0,0.0,0.0
627,0.5,0.0,0.0,0.0,0.0,0.0,0.0,989.335190968296,0.0,0.0,0.0
628,0.5,0.0,0.0,0.0,0.0,0.0,0.0,988.345855777328,0.0,0.0,0.0
629,1.0,0.0,0.0,0.0,0.0,0.0,0.0,987.357509921551,0.0,0.0,0.0
630,1.0,0.0,0.0,0.0,0.0,0.0,0.0,986.370152411629,0.0,0.0,0.0
631,1.0,0.0,0.0,0.0,0.0,0.0,0.0,985.383782259218,0.0,0.0,0.0
632,1.0,0.0,0.0,0.0,0.0,0.0,0.0,984.398398476958,0.0,0.0,0.0
633,1.0,25.0852166837465,0.0,0.0,0.0,0.0,0.0,983.414000078481,0.0,0.0,0.0
634,1.0,57.3203393564119,0.0,0.0,225.80330447946,223.545271434666,0.0,1205.97585751307,0.0,0.0,0.0
635,1.0,68.6419982896604,0.0,0.0,354.240800357353,350.69839235378,0.0,1555.46827400934,0.0,0.0,0.0
636,1.0,55.0223600096563,0.0,0.0,0.0,0.0,0.0,1553.91280573533,0.0,0.0,0.0
637,1.0,66.1209276363687,0.0,0.0,34.4437260105473,34.0992887504418,0.0,1586.45818168003,0.0,0.0,0.0
638,1.0,19.7785133737872,0.0,0.0,0.0,0.0,0.0,1584.87172349835,0.0,0.0,0.0
639,1.0,24.6202920744704,0.0,0.0,0.0,0.0,0.0,1583.28685177485,0.0,0.0,0.0
640,1.0,53.8828273921036,0.0,0.0,195.015328376577,193.065175092811,0.0,1774.76874001589,0.0,0.0,0.0
641,2.0,0.0,0.0,0.0,0.0,0.0,250.0,1520.46871875062,100.0,0.0,0.0
642,2.0,0.0,0.0,0.0,0.0,0.0,250.0,1266.42299750662,100.0,0.0,0.0
643,2.0,0.0,0.0,0.0,0.0,0.0,250.0,1012.63132198386,100.0,0.0,0.0
644,2.0,0.0,0.0,0.0,0.0,0.0,250.0,759.093438136623,100.0,0.0,0.0
645,2.0,0.0,0.0,0.0,0.0,0.0,250.0,505.809092173234,100.0,0.0,0.0
646,2.0,0.0,0.0,0.0,0.0,0.0,250.0,252.778030555808,100.0,0.0,0.0
647,2.0,0.0,0.0,0.0,0.0,0.0,250.0,0.0,100.0,0.0,0.0
648,0.5,0.0,0.0,0.0,0.0,0.0,0.0,0.0,0.0,0.0,0.0
649,0.5,0.0,0.0,0.0,0.0,0.0,0.0,0.0,0.0,0.0,0.0
650,0.5,0.0,0.0,0.0,0.0,0.0,0.0,0.0,0.0,0.0,0.0
651,0.5,0.0,0.0,0.0,0.0,0.0,0.0,0.0,0.0,0.0,0.0
652,0.5,0.0,0.0,0.0,0.0,0.0,0.0,0.0,0.0,0.0,0.0
653,1.0,0.0,0.0,0.0,0.0,0.0,0.0,0.0,0.0,0.0,0.0
654,1.0,0.0,0.0,0.0,0.0,0.0,0.0,0.0,0.0,0.0,0.0
655,1.0,0.0,0.0,0.0,0.0,0.0,0.0,0.0,0.0,0.0,0.0
656,1.0,0.0,0.0,0.0,0.0,0.0,0.0,0.0,0.0,0.0,0.0
657,1.0,26.5323140474433,0.0,0.0,0.0,0.0,0.0,0.0,0.0,0.0,0.0
658,1.0,20.9995096208971,0.0,0.0,0.0,0.0,0.0,0.0,0.0,0.0,0.0
659,1.0,77.1644925778227,0.0,57.0887685554433,213.092090059072,210.961169158482,0.0,210.961169158482,22.835507422177322,0.0,0.0
660,1.0,53.9370218325427,0.0,0.0,0.0,0.0,0.0,210.750207989323,0.0,0.0,0.0
661,1.0,91.856303842655,0.0,20.3592403933625,251.039698223738,248.529301241501,0.0,459.068759022835,8.143696157345001,0.0,0.0
662,1.0,92.0421700222306,0.0,19.8945749444236,565.280845104288,559.628036653245,0.0,1018.23772691706,7.95782997776944,0.0,0.0
663,1.0,70.7213997650396,0.0,73.1965005874009,349.557248378239,346.061675894457,0.0,1363.2811650846,29.278600234960365,0.0,0.0
664,1.0,55.9670543515364,0.0,5.5221373272488,415.374194820871,411.220452872662,0.0,1773.13833679217,2.2088549308995202,0.0,0.0
665,2.0,0.644994036915147,0.0,0.0,0.0,0.0,248.387514907712,1520.46871875062,99.3550059630848,0.0,0.0
666,2.0,0.0,0.0,0.0,0.0,0.0,250.0,1266.42299750662,100.0,0.0,0.0
667,2.0,0.0,0.0,0.0,0.0,0.0,250.0,1012.63132198386,100.0,0.0,0.0
668,2.0,0.0,0.0,0.0,0.0,0.0,250.0,759.093438136623,100.0,0.0,0.0
669,2.0,0.0,0.0,0.0,0.0,0.0,250.0,505.809092173234,100.0,0.0,0.0
670,2.0,0.0,0.0,0.0,0.0,0.0,250.0,252.778030555808,100.0,0.0,0.0
671,2.0,0.0,0.0,0.0,0.0,0.0,250.0,0.0,100.0,0.0,0.0
672,0.5,0.0,0.0,0.0,0.0,0.0,0.0,0.0,0.0,0.0,0.0
673,0.5,0.0,0.0,0.0,0.0,0.0,0.0,0.0,0.0,0.0,0.0
674,0.5,0.0,0.0,0.0,0.0,0.0,0.0,0.0,0.0,0.0,0.0
675,0.5,0.0,0.0,0.0,0.0,0.0,0.0,0.0,0.0,0.0,0.0
676,0.5,0.0,0.0,0.0,0.0,0.0,0.0,0.0,0.0,0.0,0.0
677,1.0,0.0,0.0,0.0,0.0,0.0,0.0,0.0,0.0,0.0,0.0
678,1.0,0.0,0.0,0.0,0.0,0.0,0.0,0.0,0.0,0.0,0.0
679,1.0,0.0,0.0,0.0,0.0,0.0,0.0,0.0,0.0,0.0,0.0
680,1.0,0.0,0.0,0.0,0.0,0.0,0.0,0.0,0.0,0.0,0.0
681,1.0,25.1216540477733,0.0,0.0,0.0,0.0,0.0,0.0,0.0,0.0,0.0
682,1.0,57.238561416981,0.0,106.903596457548,131.238331810528,129.925948492423,0.0,129.925948492423,42.761438583019206,0.0,0.0
683,1.0,77.2086966293437,0.0,56.9782584266407,497.72426617071,492.747023509003,0.0,622.543046052933,22.79130337065628,0.0,0.0
684,1.0,91.2862614339164,0.0,21.7843464152091,606.317083043755,600.253912213317,0.0,1222.1744152202,8.71373856608364,0.0,0.0
685,1.0,95.4245111746043,0.0,11.4387220634892,612.874533675846,606.745788339087,0.0,1827.69802914406,4.57548882539568,0.0,0.0
686,1.0,92.4347908719031,0.0,18.9130228202423,601.016562676492,595.006397049727,0.0,2420.87672816465,7.565209128096921,0.0,0.0
687,1.0,79.5892919933675,0.0,51.0267700165812,510.520183202334,505.41498137031,0.0,2923.87083280679,20.410708006632483,0.0,0.0
688,1.0,56.1482567045812,0.0,109.629358238547,324.233312447916,320.990979323437,0.0,3241.93794129742,43.8517432954188,0.0,0.0
689,2.0,0.950598140776414,0.0,0.0,0.0,0.0,247.623504648059,2988.57125118637,99.04940185922361,0.0,0.0
690,2.0,0.0,0.0,0.0,0.0,0.0,250.0,2733.05742740993,100.0,0.0,0.0
691,2.0,0.0,0.0,0.0,0.0,0.0,250.0,2477.79911745727,100.0,0.0,0.0
692,2.0,0.0,0.0,0.0,0.0,0.0,250.0,2222.79606581456,100.0,0.0,0.0
693,2.0,0.0,0.0,0.0,0.0,0.0,250.0,1968.04801722349,100.0,0.0,0.0
694,2.0,0.0,0.0,0.0,0.0,0.0,250.0,1713.55471668101,100.0,0.0,0.0
695,2.0,0.0,0.0,0.0,0.0,0.0,250.0,1459.31590943908,100.0,0.0,0.0
696,0.5,0.0,0.0,0.0,0.0,0.0,0.0,1457.85659352964,0.0,0.0,0.0
697,0.5,0.0,0.0,0.0,0.0,0.0,0.0,1456.39873693611,0.0,0.0,0.0
698,0.5,0.0,0.0,0.0,0.0,0.0,0.0,1454.94233819918,0.0,0.0,0.0
699,0.5,0.0,0.0,0.0,0.0,0.0,0.0,1453.48739586098,0.0,0.0,0.0
700,0.5,0.0,0.0,0.0,0.0,0.0,0.0,1452.03390846512,0.0,0.0,0.0
701,1.0,0.0,0.0,0.0,0.0,0.0,250.0,1198.0566220314,100.0,0.0,0.0
702,1.0,0.0,0.0,0.0,0.0,0.0,250.0,944.333312884114,100.0,0.0,0.0
703,1.0,0.0,0.0,0.0,0.0,0.0,250.0,690.863727045977,100.0,0.0,0.0
704,1.0,0.0,0.0,0.0,0.0,0.0,250.0,437.647610793678,100.0,0.0,0.0
705,1.0,24.0682768604012,0.0,0.0,0.0,0.0,189.829307848997,245.463187577837,75.9317231395988,0.0,0.0
706,1.0,39.4531788487148,0.0,0.0,0.0,0.0,151.367052878213,92.3217113819634,60.5468211512852,0.0,0.0
707,1.0,45.1134153483414,0.0,0.0,0.0,0.0,91.3070957738756,0.0,36.522838309550245,0.0,0.0
708,1.0,72.9253941344467,0.0,67.6865146638833,248.122708059119,245.641480978528,0.0,245.641480978528,27.074605865553323,0.0,0.0
709,1.0,94.3066369368608,0.0,14.233407657848,641.511453866428,635.096339327764,0.0,880.492178825314,5.6933630631392,0.0,0.0
710,1.0,91.2891496053341,0.0,21.7771259866648,619.61885598112,613.422667421309,0.0,1493.0343540678,8.71085039466592,0.0,0.0
711,1.0,78.5331225411413,0.0,53.6671936471467,519.364408160736,514.170764079129,0.0,2005.71208379286,21.466877458858683,0.0,0.0
712,1.0,55.5484162423089,0.0,111.128959394228,322.080806994025,318.859998924084,0.0,2322.56637063315,44.4515837576912,0.0,0.0
713,2.0,3.32691927934549,0.0,0.0,0.0,0.0,241.682701801636,2076.11986304874,96.67308072065441,0.0,0.0
714,2.0,0.0,0.0,0.0,0.0,0.0,250.0,1821.51849066044,100.0,0.0,0.0
715,2.0,0.0,0.0,0.0,0.0,0.0,250.0,1567.17171964453,100.0,0.0,0.0
716,2.0,0.0,0.0,0.0,0.0,0.0,250.0,1313.07929539963,100.0,0.0,0.0
717,2.0,0.0,0.0,0.0,0.0,0.0,250.0,1059.24096357898,100.0,0.0,0.0
718,2.0,0.0,0.0,0.0,0.0,0.0,250.0,805.656470090149,100.0,0.0,0.0
719,2.0,0.0,0.0,0.0,0.0,0.0,250.0,552.325561094806,100.0,0.0,0.0
720,0.5,0.0,0.0,0.0,0.0,0.0,0.0,551.773235533711,0.0,0.0,0.0
721,0.5,0.0,0.0,0.0,0.0,0.0,0.0,551.221462298178,0.0,0.0,0.0
722,0.5,0.0,0.0,0.0,0.0,0.0,0.0,550.67024083588,0.0,0.0,0.0
723,0.5,0.0,0.0,0.0,0.0,0.0,0.0,550.119570595044,0.0,0.0,0.0
724,0.5,0.0,0.0,0.0,0.0,0.0,0.0,549.569451024449,0.0,0.0,0.0
725,1.0,0.0,0.0,0.0,0.0,0.0,250.0,296.494629048172,100.0,0.0,0.0
726,1.0,0.0,0.0,0.0,0.0,0.0,250.0,43.6728818938709,100.0,0.0,0.0
727,1.0,0.0,0.0,0.0,0.0,0.0,43.1929169218573,0.0,17.27716676874292,0.0,0.0
728,1.0,0.0,0.0,0.0,0.0,0.0,0.0,0.0,0.0,0.0,0.0
729,1.0,19.6364177867831,0.0,0.0,0.0,0.0,0.0,0.0,0.0,0.0,0.0
730,1.0,53.0904435736332,0.0,117.273891065917,69.2567089366303,68.564141847264,0.0,68.564141847264,46.909556426366805,0.0,0.0
731,1.0,49.5144344816147,0.0,0.0,0.0,0.0,37.6691368480578,30.4459445255604,15.067654739223123,0.0,0.0
732,1.0,62.8387287231027,0.0,37.529332294987,0.0,0.0,0.0,30.4154985810348,15.0117329179948,0.0,0.0
733,1.0,94.2325986246124,0.0,14.4185034384691,649.01745422438,642.527279682136,0.0,672.912362764589,5.7674013753876405,0.0,0.0
734,1.0,77.3746280505663,0.0,56.5634298735841,367.949820854148,364.270322645606,0.0,1036.50977304743,22.625371949433642,0.0,0.0
735,1.0,76.4061612799134,0.0,58.9845968002166,465.836824411149,461.178456167037,0.0,1496.65171944142,23.59383872008664,0.0,0.0
736,1.0,53.2244988050003,0.0,116.938752987499,273.80599474205,271.067934794629,0.0,1766.22300251661,46.775501194999606,0.0,0.0
737,2.0,3.38072793766579,0.0,0.0,0.0,0.0,241.548180155835,1520.46871875062,96.619272062334,0.0,0.0
738,2.0,0.0,0.0,0.0,0.0,0.0,250.0,1266.42299750662,100.0,0.0,0.0
739,2.0,0.0,0.0,0.0,0.0,0.0,250.0,1012.63132198386,100.0,0.0,0.0
740,2.0,0.0,0.0,0.0,0.0,0.0,250.0,759.093438136623,100.0,0.0,0.0
741,2.0,0.0,0.0,0.0,0.0,0.0,250.0,505.809092173234,100.0,0.0,0.0
742,2.0,0.0,0.0,0.0,0.0,0.0,250.0,252.778030555808,100.0,0.0,0.0
743,2.0,0.0,0.0,0.0,0.0,0.0,250.0,0.0,100.0,0.0,0.0
744,0.5,0.0,0.0,0.0,0.0,0.0,0.0,0.0,0.0,0.0,0.0
745,0.5,0.0,0.0,0.0,0.0,0.0,0.0,0.0,0.0,0.0,0.0
746,0.5,0.0,0.0,0.0,0.0,0.0,0.0,0.0,0.0,0.0,0.0
747,0.5,0.0,0.0,0.0,0.0,0.0,0.0,0.0,0.0,0.0,0.0
748,0.5,0.0,0.0,0.0,0.0,0.0,0.0,0.0,0.0,0.0,0.0
749,1.0,0.0,0.0,0.0,0.0,0.0,0.0,0.0,0.0,0.0,0.0
750,1.0,0.0,0.0,0.0,0.0,0.0,0.0,0.0,0.0,0.0,0.0
751,1.0,0.0,0.0,0.0,0.0,0.0,0.0,0.0,0.0,0.0,0.0
752,1.0,0.0,0.0,0.0,0.0,0.0,0.0,0.0,0.0,0.0,0.0
753,1.0,25.1556154478463,0.0,0.0,0.0,0.0,0.0,0.0,0.0,0.0,0.0
754,1.0,54.9923893823228,0.0,112.519026544193,109.749428040013,108.651933759613,0.0,108.651933759613,45.0076106176772,0.0,0.0
755,1.0,75.7673243770675,0.0,60.5816890573312,513.957477118163,508.817902346981,0.0,617.361184172835,24.23267562293248,0.0,0.0
756,1.0,88.3267834554525,0.0,29.1830413613687,596.587725277226,590.621848024453,0.0,1207.36567101312,11.673216544547481,0.0,0.0
757,1.0,89.9378267186213,0.0,25.1554332034467,563.781521178575,558.14370596679,0.0,1764.30201130889,10.062173281378682,0.0,0.0
758,1.0,85.919196766337,0.0,35.2020080841576,528.269535299515,522.98683994652,0.0,2285.5245492441,14.08080323366304,0.0,0.0
759,1.0,74.6886789498389,0.0,63.2783026254028,456.976405647447,452.406641590973,0.0,2735.64566628583,25.311321050161123,0.0,0.0
760,1.0,51.1450319568066,0.0,122.137420107984,254.023869011522,251.483630321407,0.0,2984.39365094095,48.8549680431936,0.0,0.0
761,2.0,11.7688249129524,0.0,0.0,0.0,0.0,220.577937717619,2758.60325959545,88.2311750870476,0.0,0.0
762,2.0,0.0,0.0,0.0,0.0,0.0,250.0,2503.3194038106,100.0,0.0,0.0
763,2.0,0.0,0.0,0.0,0.0,0.0,250.0,2248.29083188154,100.0,0.0,0.0
764,2.0,0.0,0.0,0.0,0.0,0.0,250.0,1993.5172885244,100.0,0.0,0.0
765,2.0,0.0,0.0,0.0,0.0,0.0,250.0,1738.99851871062,100.0,0.0,0.0
766,2.0,0.0,0.0,0.0,0.0,0.0,250.0,1484.73426766666,100.0,0.0,0.0
767,2.0,0.0,0.0,0.0,0.0,0.0,250.0,1230.72428087374,100.0,0.0,0.0
768,0.5,0.0,0.0,0.0,0.0,0.0,0.0,1229.49355659287,0.0,0.0,0.0
769,0.5,0.0,0.0,0.0,0.0,0.0,0.0,1228.26406303627,0.0,0.0,0.0
770,0.5,0.0,0.0,0.0,0.0,0.0,0.0,1227.03579897324,0.0,0.0,0.0
771,0.5,0.0,0.0,0.0,0.0,0.0,0.0,1225.80876317427,0.0,0.0,0.0
772,0.5,0.0,0.0,0.0,0.0,0.0,0.0,1224.58295441109,0.0,0.0,0.0
773,1.0,0.0,0.0,0.0,0.0,0.0,0.0,1223.35837145668,0.0,0.0,0.0
774,1.0,0.0,0.0,0.0,0.0,0.0,0.0,1222.13501308522,0.0,0.0,0.0
775,1.0,0.0,0.0,0.0,0.0,0.0,0.0,1220.91287807214,0.0,0.0,0.0
776,1.0,0.0,0.0,0.0,0.0,0.0,0.0,1219.69196519407,0.0,0.0,0.0
777,1.0,27.7928941108097,0.0,0.0,0.0,0.0,0.0,1218.47227322887,0.0,0.0,0.0
778,1.0,56.182263488093,0.0,109.544341279767,127.443524178463,126.169088936679,0.0,1343.42288989232,43.8177365119068,0.0,0.0
779,1.0,68.834275507281,0.0,77.9143112317974,345.437613926628,341.983237787361,0.0,1684.06270478979,31.16572449271896,0.0,0.0
780,1.0,88.589044955086,0.0,28.5273876122851,588.635112199908,582.748761077909,0.0,2265.12740316291,11.41095504491404,0.0,0.0
781,1.0,93.2513661629723,0.0,16.8715845925693,605.256628310641,599.204062027535,0.0,2862.06633778728,6.74863383702772,0.0,0.0
782,1.0,81.5087275569483,0.0,46.2281811076292,433.203371379003,428.871337665213,0.0,3288.07560911471,18.49127244305168,0.0,0.0
783,1.0,53.517136357662,0.0,116.038990360447,125.057421797944,123.806847579965,0.0,3408.59438108556,46.41559614417881,0.0,0.0
784,1.0,44.1703588536015,0.0,0.0,281.509849615373,278.694751119219,0.0,3683.88053782369,0.0,0.0,0.0
785,2.0,5.19134326876392,0.0,0.0,0.0,0.0,237.02164182809,3440.78085745951,94.808656731236,0.0,0.0
786,2.0,0.0,0.0,0.0,0.0,0.0,250.0,3184.8148240768,100.0,0.0,0.0
787,2.0,0.0,0.0,0.0,0.0,0.0,250.0,2929.10475672747,100.0,0.0,0.0
788,2.0,0.0,0.0,0.0,0.0,0.0,250.0,2673.65039944549,100.0,0.0,0.0
789,2.0,0.0,0.0,0.0,0.0,0.0,250.0,2418.45149652079,100.0,0.0,0.0
790,2.0,0.0,0.0,0.0,0.0,0.0,250.0,2163.50779249902,100.0,0.0,0.0
791,2.0,0.0,0.0,0.0,0.0,0.0,250.0,1908.81903218127,100.0,0.0,0.0
792,0.5,0.0,0.0,0.0,0.0,0.0,0.0,1906.91021314909,0.0,0.0,0.0
793,0.5,0.0,0.0,0.0,0.0,0.0,0.0,1905.00330293594,0.0,0.0,0.0
794,0.5,0.0,0.0,0.0,0.0,0.0,0.0,1903.098299633,0.0,0.0,0.0
795,0.5,0.0,0.0,0.0,0.0,0.0,0.0,1901.19520133337,0.0,0.0,0.0
796,0.5,0.0,0.0,0.0,0.0,0.0,0.0,1899.29400613204,0.0,0.0,0.0
797,1.0,0.0,0.0,0.0,0.0,0.0,0.0,1897.3947121259,0.0,0.0,0.0
798,1.0,0.0,0.0,0.0,0.0,0.0,0.0,1895.49731741378,0.0,0.0,0.0
799,1.0,0.0,0.0,0.0,0.0,0.0,0.0,1893.60182009636,0.0,0.0,0.0
800,1.0,0.0,0.0,0.0,0.0,0.0,0.0,1891.70821827627,0.0,0.0,0.0
801,1.0,28.2486750760635,0.0,0.0,0.0,0.0,0.0,1889.81651005799,0.0,0.0,0.0
802,1.0,31.925814896453,0.0,0.0,0.0,0.0,0.0,1887.92669354793,0.0,0.0,0.0
803,1.0,68.9892616134077,0.0,0.0,184.864379842617,183.01573604419,0.0,2069.05450289857,0.0,0.0,0.0
804,1.0,94.522018405836,0.0,0.0,659.47814542074,652.883363966532,0.0,2719.86881236221,0.0,0.0,0.0
805,1.0,89.9479233275371,0.0,0.0,509.068554783792,503.977869235954,0.0,3221.1268127858,0.0,0.0,0.0
806,1.0,76.9880262996087,0.0,0.0,384.034185546943,380.193843691474,0.0,3598.09952966449,0.0,0.0,0.0
807,1.0,57.3175301320664,0.0,0.0,259.407588142256,256.813512260833,0.0,3851.31494239566,0.0,0.0,0.0
808,1.0,31.1665867260104,0.0,0.0,0.0,0.0,0.0,3847.46362745326,0.0,0.0,0.0
809,2.0,7.49065958699352,0.0,0.0,0.0,0.0,231.273351032516,3610.00671833842,92.5093404130064,0.0,0.0
810,2.0,0.0,0.0,0.0,0.0,0.0,250.0,3353.87145909483,100.0,0.0,0.0
811,2.0,0.0,0.0,0.0,0.0,0.0,250.0,3097.99233511048,100.0,0.0,0.0
812,2.0,0.0,0.0,0.0,0.0,0.0,250.0,2842.36909025012,100.0,0.0,0.0
813,2.0,0.0,0.0,0.0,0.0,0.0,250.0,2587.00146863461,100.0,0.0,0.0
814,2.0,0.0,0.0,0.0,0.0,0.0,250.0,2331.88921464073,100.0,0.0,0.0
815,2.0,0.0,0.0,0.0,0.0,0.0,250.0,2077.03207290083,100.0,0.0,0.0
816,0.5,0.0,0.0,0.0,0.0,0.0,0.0,2074.95504082793,0.0,0.0,0.0
817,0.5,0.0,0.0,0.0,0.0,0.0,0.0,2072.8800857871,0.0,0.0,0.0
818,0.5,0.0,0.0,0.0,0.0,0.0,0.0,2070.80720570132,0.0,0.0,0.0
819,0.5,0.0,0.0,0.0,0.0,0.0,0.0,2068.73639849562,0.0,0.0,0.0
820,0.5,0.0,0.0,0.0,0.0,0.0,0.0,2066.66766209712,0.0,0.0,0.0
821,1.0,0.0,0.0,0.0,0.0,0.0,0.0,2064.60099443502,0.0,0.0,0.0
822,1.0,0.0,0.0,0.0,0.0,0.0,0.0,2062.53639344059,0.0,0.0,0.0
823,1.0,0.0,0.0,0.0,0.0,0.0,0.0,2060.47385704715,0.0,0.0,0.0
824,1.0,0.0,0.0,0.0,0.0,0.0,0.0,2058.4133831901,0.0,0.0,0.0
825,1.0,26.8323162902898,0.0,0.0,0.0,0.0,0.0,2056.35496980691,0.0,0.0,0.0
826,1.0,58.2469921257856,0.0,0.0,224.132632789656,221.89130646176,0.0,2276.18992129886,0.0,0.0,0.0
827,1.0,78.7770687372033,0.0,0.0,550.91071659551,545.401609429554,0.0,2819.31534080712,0.0,0.0,0.0
828,1.0,92.2169634198628,0.0,0.0,631.5024351004,625.187410749396,0.0,3441.68343621571,0.0,0.0,0.0
829,1.0,94.9035920043375,0.0,0.0,618.036490373294,611.856125469561,0.0,4050.09787824905,0.0,0.0,0.0
830,1.0,90.0539433935293,0.0,0.0,583.579560343348,577.743764739914,0.0,4623.79154511072,0.0,0.0,0.0
831,1.0,77.5843031689278,0.0,0.0,527.090516112758,521.819610951631,0.0,5140.98736451724,0.0,0.0,0.0
832,1.0,52.4867774019808,0.0,0.0,367.831942269978,364.153622847278,0.0,5500.0,0.0,0.0,0.0
833,2.0,17.0016499662597,0.0,0.0,0.0,0.0,207.495875084351,5284.9082069855,82.99835003374041,0.0,0.0
834,2.0,0.0,0.0,0.0,0.0,0.0,250.0,5027.09804625327,100.0,0.0,0.0
835,2.0,0.0,0.0,0.0,0.0,0.0,250.0,4769.54569568176,100.0,0.0,0.0
836,2.0,0.0,0.0,0.0,0.0,0.0,250.0,4512.25089746083,100.0,0.0,0.0
837,2.0,0.0,0.0,0.0,0.0,0.0,250.0,4255.21339403811,100.0,0.0,0.0
838,2.0,0.0,0.0,0.0,0.0,0.0,250.0,3998.43292811882,100.0,0.0,0.0
839,2.0,0.0,0.0,0.0,0.0,0.0,250.0,3741.90924266545,100.0,0.0,0.0
840,0.5,0.0,0.0,0.0,0.0,0.0,0.0,3738.16733342279,0.0,0.0,0.0
841,0.5,0.0,0.0,0.0,0.0,0.0,0.0,3734.42916608936,0.0,0.0,0.0
842,0.5,0.0,0.0,0.0,0.0,0.0,0.0,3730.69473692327,0.0,0.0,0.0
843,0.5,0.0,0.0,0.0,0.0,0.0,0.0,3726.96404218635,0.0,0.0,0.0
844,0.5,0.0,0.0,0.0,0.0,0.0,0.0,3723.23707814416,0.0,0.0,0.0
845,1.0,0.0,0.0,0.0,0.0,0.0,0.0,3719.51384106602,0.0,0.0,0.0
846,1.0,0.0,0.0,0.0,0.0,0.0,0.0,3715.79432722495,0.0,0.0,0.0
847,1.0,0.0,0.0,0.0,0.0,0.0,0.0,3712.07853289773,0.0,0.0,0.0
848,1.0,0.0,0.0,0.0,0.0,0.0,0.0,3708.36645436483,0.0,0.0,0.0
849,1.0,29.3308512594351,0.0,0.0,0.0,0.0,0.0,3704.65808791047,0.0,0.0,0.0
850,1.0,51.0064378456085,0.0,0.0,99.5851954634706,98.5893435088359,0.0,3799.54277333139,0.0,0.0,0.0
851,1.0,68.4481232313201,0.0,0.0,377.822815656645,374.044587500079,0.0,4169.78781805814,0.0,0.0,0.0
852,1.0,85.6215850419214,0.0,0.0,534.175049643618,528.833299147182,0.0,4694.45132938726,0.0,0.0,0.0
853,1.0,74.8726358416463,0.0,0.0,329.644433063259,326.347988732626,0.0,5016.1048667905,0.0,0.0,0.0
854,1.0,52.8507429657469,0.0,0.0,0.0,0.0,0.0,5011.08876192371,0.0,0.0,0.0
855,1.0,36.8405953928129,0.0,0.0,0.0,0.0,0.0,5006.07767316179,0.0,0.0,0.0
856,1.0,40.1175430127953,0.0,0.0,125.752689899581,124.495163000585,0.0,5125.56675848921,0.0,0.0,0.0
857,2.0,3.46814240198694,0.0,0.0,0.0,0.0,241.329643995033,4876.67387456402,96.5318575980132,0.0,0.0
858,2.0,0.0,0.0,0.0,0.0,0.0,250.0,4619.2719481642,100.0,0.0,0.0
859,2.0,0.0,0.0,0.0,0.0,0.0,250.0,4362.12742369079,100.0,0.0,0.0
860,2.0,0.0,0.0,0.0,0.0,0.0,250.0,4105.24004374184,100.0,0.0,0.0
861,2.0,0.0,0.0,0.0,0.0,0.0,250.0,3848.60955117285,100.0,0.0,0.0
862,2.0,0.0,0.0,0.0,0.0,0.0,250.0,3592.23568909642,100.0,0.0,0.0
863,2.0,0.0,0.0,0.0,0.0,0.0,250.0,3336.11820088207,100.0,0.0,0.0
864,0.5,0.0,0.0,0.0,0.0,0.0,0.0,3332.78208268119,0.0,0.0,0.0
865,0.5,0.0,0.0,0.0,0.0,0.0,0.0,3329.44930059851,0.0,0.0,0.0
866,0.5,0.0,0.0,0.0,0.0,0.0,0.0,3326.11985129791,0.0,0.0,0.0
867,0.5,0.0,0.0,0.0,0.0,0.0,0.0,3322.79373144661,0.0,0.0,0.0
868,0.5,0.0,0.0,0.0,0.0,0.0,0.0,3319.47093771517,0.0,0.0,0.0
869,1.0,0.0,0.0,0.0,0.0,0.0,0.0,3316.15146677745,0.0,0.0,0.0
870,1.0,0.0,0.0,0.0,0.0,0.0,0.0,3312.83531531068,0.0,0.0,0.0
871,1.0,0.0,0.0,0.0,0.0,0.0,0.0,3309.52247999536,0.0,0.0,0.0
872,1.0,0.0,0.0,0.0,0.0,0.0,0.0,3306.21295751537,0.0,0.0,0.0
873,1.0,26.4636287422065,0.0,0.0,0.0,0.0,0.0,3302.90674455785,0.0,0.0,0.0
874,1.0,54.0552815951629,0.0,0.0,179.294246386885,177.501303923016,0.0,3477.10514173631,0.0,0.0,0.0
875,1.0,44.9454756190231,0.0,0.0,0.0,0.0,0.0,3473.62803659458,0.0,0.0,0.0
876,1.0,42.9955404983579,0.0,0.0,0.0,0.0,0.0,3470.15440855798,0.0,0.0,0.0
877,1.0,35.6758674464014,0.0,0.0,0.0,0.0,0.0,3466.68425414942,0.0,0.0,0.0
878,1.0,23.3158287336985,0.0,0.0,0.0,0.0,0.0,3463.21756989527,0.0,0.0,0.0
879,1.0,9.95228730164932,0.0,0.0,0.0,0.0,0.0,3459.75435232538,0.0,0.0,0.0
880,1.0,3.95617822753951,0.0,0.0,0.0,0.0,0.0,3456.29459797305,0.0,0.0,0.0
881,2.0,0.0101064298069596,0.0,0.0,0.0,0.0,249.974733925483,3200.33857213722,99.9898935701932,0.0,0.0
882,2.0,0.0,0.0,0.0,0.0,0.0,250.0,2944.61298103983,100.0,0.0,0.0
883,2.0,0.0,0.0,0.0,0.0,0.0,250.0,2689.14311553354,100.0,0.0,0.0
884,2.0,0.0,0.0,0.0,0.0,0.0,250.0,2433.92871989275,100.0,0.0,0.0
885,2.0,0.0,0.0,0.0,0.0,0.0,250.0,2178.9695386476,100.0,0.0,0.0
886,2.0,0.0,0.0,0.0,0.0,0.0,250.0,1924.2653165837,100.0,0.0,0.0
887,2.0,0.0,0.0,0.0,0.0,0.0,250.0,1669.81579874187,100.0,0.0,0.0
888,0.5,0.0,0.0,0.0,0.0,0.0,0.0,1668.14598294313,0.0,0.0,0.0
889,0.5,0.0,0.0,0.0,0.0,0.0,0.0,1666.47783696018,0.0,0.0,0.0
890,0.5,0.0,0.0,0.0,0.0,0.0,0.0,1664.81135912322,0.0,0.0,0.0
891,0.5,0.0,0.0,0.0,0.0,0.0,0.0,1663.1465477641,0.0,0.0,0.0
892,0.5,0.0,0.0,0.0,0.0,0.0,0.0,1661.48340121634,0.0,0.0,0.0
893,1.0,0.0,0.0,0.0,0.0,0.0,0.0,1659.82191781512,0.0,0.0,0.0
894,1.0,0.0,0.0,0.0,0.0,0.0,0.0,1658.1620958973,0.0,0.0,0.0
895,1.0,0.0,0.0,0.0,0.0,0.0,0.0,1656.50393380141,0.0,0.0,0.0
896,1.0,0.0,0.0,0.0,0.0,0.0,0.0,1654.84742986761,0.0,0.0,0.0
897,1.0,29.9796161066055,0.0,0.0,0.0,0.0,0.0,1653.19258243774,0.0,0.0,0.0
898,1.0,31.6946754503012,0.0,0.0,0.0,0.0,0.0,1651.5393898553,0.0,0.0,0.0
899,1.0,69.1611008494023,0.0,0.0,152.938099012077,151.408718021957,0.0,1801.2965684874,0.0,0.0,0.0
900,1.0,90.493494649682,0.0,0.0,533.150870640814,527.819361934406,0.0,2327.31463385332,0.0,0.0,0.0
901,1.0,95.507218600512,0.0,0.0,547.972113342318,542.492392208895,0.0,2867.47971142836,0.0,0.0,0.0
902,1.0,83.6992793425697,0.0,0.0,429.779155181913,425.481363630094,0.0,3290.09359534703,0.0,0.0,0.0
903,1.0,73.8125522837659,0.0,0.0,420.212408050716,416.010283970209,0.0,3702.81378572189,0.0,0.0,0.0
904,1.0,59.8099520403185,0.0,0.0,427.422548624937,423.148323138688,0.0,4122.25929507485,0.0,0.0,0.0
905,2.0,20.1462511427162,0.0,0.0,0.0,0.0,199.634372143209,3916.48615482704,79.8537488572836,0.0,0.0
906,2.0,0.0,0.0,0.0,0.0,0.0,250.0,3660.04441614696,100.0,0.0,0.0
907,2.0,0.0,0.0,0.0,0.0,0.0,250.0,3403.85911920556,100.0,0.0,0.0
908,2.0,0.0,0.0,0.0,0.0,0.0,250.0,3147.93000756111,100.0,0.0,0.0
909,2.0,0.0,0.0,0.0,0.0,0.0,250.0,2892.25682502829,100.0,0.0,0.0
910,2.0,0.0,0.0,0.0,0.0,0.0,250.0,2636.83931567801,100.0,0.0,0.0
911,2.0,0.0,0.0,0.0,0.0,0.0,250.0,2381.67722383708,100.0,0.0,0.0
912,0.5,0.0,0.0,0.0,0.0,0.0,0.0,2379.29554661324,0.0,0.0,0.0
913,0.5,0.0,0.0,0.0,0.0,0.0,0.0,2376.91625106663,0.0,0.0,0.0
914,0.5,0.0,0.0,0.0,0.0,0.0,0.0,2374.53933481556,0.0,0.0,0.0
915,0.5,0.0,0.0,0.0,0.0,0.0,0.0,2372.16479548075,0.0,0.0,0.0
916,0.5,0.0,0.0,0.0,0.0,0.0,0.0,2369.79263068527,0.0,0.0,0.0
917,1.0,0.0,0.0,0.0,0.0,0.0,0.0,2367.42283805458,0.0,0.0,0.0
918,1.0,0.0,0.0,0.0,0.0,0.0,0.0,2365.05541521653,0.0,0.0,0.0
919,1.0,0.0,0.0,0.0,0.0,0.0,0.0,2362.69035980131,0.0,0.0,0.0
920,1.0,0.0,0.0,0.0,0.0,0.0,0.0,2360.32766944151,0.0,0.0,0.0
921,1.0,14.423652144763,0.0,0.0,0.0,0.0,0.0,2357.96734177207,0.0,0.0,0.0
922,1.0,26.8041985695172,0.0,0.0,0.0,0.0,0.0,2355.6093744303,0.0,0.0,0.0
923,1.0,17.1889851590336,0.0,0.0,0.0,0.0,0.0,2353.25376505586,0.0,0.0,0.0
924,1.0,14.8174308316335,0.0,0.0,0.0,0.0,0.0,2350.90051129081,0.0,0.0,0.0
925,1.0,21.8611971468928,0.0,0.0,0.0,0.0,0.0,2348.54961077952,0.0,0.0,0.0
926,1.0,18.9099627136815,0.0,0.0,0.0,0.0,0.0,2346.20106116874,0.0,0.0,0.0
927,1.0,18.0802713388002,0.0,0.0,0.0,0.0,0.0,2343.85486010757,0.0,0.0,0.0
928,1.0,10.1695143557306,0.0,0.0,0.0,0.0,0.0,2341.51100524746,0.0,0.0,0.0
929,2.0,9.66106269926814,0.0,0.0,0.0,0.0,225.84734325183,2111.04086469491,90.33893730073201,0.0,0.0
930,2.0,0.0,0.0,0.0,0.0,0.0,250.0,1856.40457130496,100.0,0.0,0.0
931,2.0,0.0,0.0,0.0,0.0,0.0,250.0,1602.02291420841,100.0,0.0,0.0
932,2.0,0.0,0.0,0.0,0.0,0.0,250.0,1347.89563876895,100.0,0.0,0.0
933,2.0,0.0,0.0,0.0,0.0,0.0,250.0,1094.02249060492,100.0,0.0,0.0
934,2.0,0.0,0.0,0.0,0.0,0.0,250.0,840.403215589067,100.0,0.0,0.0
935,2.0,0.0,0.0,0.0,0.0,0.0,250.0,587.037559848225,100.0,0.0,0.0
936,0.5,0.0,0.0,0.0,0.0,0.0,0.0,586.450522288377,0.0,0.0,0.0
937,0.5,0.0,0.0,0.0,0.0,0.0,0.0,585.864071766089,0.0,0.0,0.0
938,0.5,0.0,0.0,0.0,0.0,0.0,0.0,585.278207694323,0.0,0.0,0.0
939,0.5,0.0,0.0,0.0,0.0,0.0,0.0,584.692929486628,0.0,0.0,0.0
940,0.5,0.0,0.0,0.0,0.0,0.0,0.0,584.108236557142,0.0,0.0,0.0
941,1.0,0.0,0.0,0.0,0.0,0.0,0.0,583.524128320585,0.0,0.0,0.0
942,1.0,0.0,0.0,0.0,0.0,0.0,0.0,582.940604192264,0.0,0.0,0.0
943,1.0,0.0,0.0,0.0,0.0,0.0,0.0,582.357663588072,0.0,0.0,0.0
944,1.0,0.0,0.0,0.0,0.0,0.0,0.0,581.775305924484,0.0,0.0,0.0
945,1.0,30.0249685472649,0.0,0.0,0.0,0.0,0.0,581.193530618559,0.0,0.0,0.0
946,1.0,49.747457759162,0.0,0.0,26.1365318464133,25.8751665279492,0.0,606.48750361589,0.0,0.0,0.0
947,1.0,26.7904985161695,0.0,0.0,0.0,0.0,0.0,605.881016112274,0.0,0.0,0.0
948,1.0,44.6345233867596,0.0,0.0,0.0,0.0,0.0,605.275135096162,0.0,0.0,0.0
949,1.0,79.7654465023558,0.0,0.0,170.012223360664,168.312101127058,0.0,772.981961088124,0.0,0.0,0.0
950,1.0,19.5020919389725,0.0,0.0,0.0,0.0,0.0,772.208979127035,0.0,0.0,0.0
951,1.0,64.7620847837648,0.0,0.0,129.615300188984,128.319147187094,0.0,899.755917335003,0.0,0.0,0.0
952,1.0,10.9557978049407,0.0,0.0,0.0,0.0,0.0,898.856161417668,0.0,0.0,0.0
953,2.0,7.8744796509434,0.0,0.0,0.0,0.0,230.313800872641,665.317102354592,92.1255203490564,0.0,0.0
954,2.0,0.0,0.0,0.0,0.0,0.0,250.0,412.126532726985,100.0,0.0,0.0
955,2.0,0.0,0.0,0.0,0.0,0.0,250.0,159.189153669005,100.0,0.0,0.0
956,2.0,0.0,0.0,0.0,0.0,0.0,157.439664870183,0.0,62.975865948073206,0.0,0.0
957,2.0,0.0,0.0,0.0,0.0,0.0,0.0,0.0,0.0,0.0,0.0
958,2.0,0.0,0.0,0.0,0.0,0.0,0.0,0.0,0.0,0.0,0.0
959,2.0,0.0,0.0,0.0,0.0,0.0,0.0,0.0,0.0,0.0,0.0
960,0.5,0.0,0.0,0.0,0.0,0.0,0.0,0.0,0.0,0.0,0.0
961,0.5,0.0,0.0,0.0,0.0,0.0,0.0,0.0,0.0,0.0,0.0
962,0.5,0.0,0.0,0.0,0.0,0.0,0.0,0.0,0.0,0.0,0.0
963,0.5,0.0,0.0,0.0,0.0,0.0,0.0,0.0,0.0,0.0,0.0
964,0.5,0.0,0.0,0.0,0.0,0.0,0.0,0.0,0.0,0.0,0.0
965,1.0,0.0,0.0,0.0,0.0,0.0,0.0,0.0,0.0,0.0,0.0
966,1.0,0.0,0.0,0.0,0.0,0.0,0.0,0.0,0.0,0.0,0.0
967,1.0,0.0,0.0,0.0,0.0,0.0,0.0,0.0,0.0,0.0,0.0
968,1.0,0.0,0.0,0.0,0.0,0.0,0.0,0.0,0.0,0.0,0.0
969,1.0,10.6910863899367,0.0,0.0,0.0,0.0,0.0,0.0,0.0,0.0,0.0
970,1.0,9.52181477565008,0.0,0.0,0.0,0.0,0.0,0.0,0.0,0.0,0.0
971,1.0,28.452917261619,0.0,0.0,0.0,0.0,0.0,0.0,0.0,0.0,0.0
972,1.0,12.6868383610767,0.0,0.0,0.0,0.0,0.0,0.0,0.0,0.0,0.0
973,1.0,5.39052475698346,0.0,0.0,0.0,0.0,0.0,0.0,0.0,0.0,0.0
974,1.0,21.897627949029,0.0,0.0,0.0,0.0,0.0,0.0,0.0,0.0,0.0
975,1.0,16.630486744279,0.0,0.0,0.0,0.0,0.0,0.0,0.0,0.0,0.0
976,1.0,13.7363619459189,0.0,0.0,0.0,0.0,0.0,0.0,0.0,0.0,0.0
977,2.0,6.55926337382165,0.0,0.0,0.0,0.0,0.0,0.0,0.0,0.0,0.0
978,2.0,0.0,0.0,0.0,0.0,0.0,0.0,0.0,0.0,0.0,0.0
979,2.0,0.0,0.0,0.0,0.0,0.0,0.0,0.0,0.0,0.0,0.0
980,2.0,0.0,0.0,0.0,0.0,0.0,0.0,0.0,0.0,0.0,0.0
981,2.0,0.0,0.0,0.0,0.0,0.0,0.0,0.0,0.0,0.0,0.0
982,2.0,0.0,0.0,0.0,0.0,0.0,0.0,0.0,0.0,0.0,0.0
983,2.0,0.0,0.0,0.0,0.0,0.0,0.0,0.0,0.0,0.0,0.0
984,0.5,0.0,0.0,0.0,0.0,0.0,0.0,0.0,0.0,0.0,0.0
985,0.5,0.0,0.0,0.0,0.0,0.0,0.0,0.0,0.0,0.0,0.0
986,0.5,0.0,0.0,0.0,0.0,0.0,0.0,0.0,0.0,0.0,0.0
987,0.5,0.0,0.0,0.0,0.0,0.0,0.0,0.0,0.0,0.0,0.0
988,0.5,0.0,0.0,0.0,0.0,0.0,0.0,0.0,0.0,0.0,0.0
989,1.0,0.0,0.0,0.0,0.0,0.0,0.0,0.0,0.0,0.0,0.0
990,1.0,0.0,0.0,0.0,0.0,0.0,0.0,0.0,0.0,0.0,0.0
991,1.0,0.0,0.0,0.0,0.0,0.0,0.0,0.0,0.0,0.0,0.0
992,1.0,0.0,0.0,0.0,0.0,0.0,0.0,0.0,0.0,0.0,0.0
993,1.0,23.20091016779,0.0,0.0,0.0,0.0,0.0,0.0,0.0,0.0,0.0
994,1.0,14.2478334571226,0.0,0.0,0.0,0.0,0.0,0.0,0.0,0.0,0.0
995,1.0,32.8072984887608,0.0,0.0,0.0,0.0,0.0,0.0,0.0,0.0,0.0
996,1.0,28.3548405647135,0.0,0.0,0.0,0.0,0.0,0.0,0.0,0.0,0.0
997,1.0,29.718054309224,0.0,0.0,0.0,0.0,0.0,0.0,0.0,0.0,0.0
998,1.0,85.7847292313158,0.0,0.0,226.59013454795,224.324233202471,0.0,224.324233202471,0.0,0.0,0.0
999,1.0,72.7842962178823,0.0,0.0,406.91154803501,402.84243255466,0.0,626.942341523928,0.0,0.0,0.0
1000,1.0,58.9087813968906,0.0,0.0,416.224332544887,412.062089219438,0.0,1038.37748840184,0.0,0.0,0.0
1001,2.0,26.3209368921331,0.0,184.197657769667,36.1020476557306,35.7410271791733,0.0,1073.08013809261,73.6790631078668,0.0,0.0
1002,2.0,0.0,0.0,0.0,0.0,0.0,250.0,819.481805429268,100.0,0.0,0.0
1003,2.0,0.0,0.0,0.0,0.0,0.0,250.0,566.137071098586,100.0,0.0,0.0
1004,2.0,0.0,0.0,0.0,0.0,0.0,250.0,313.045681502235,100.0,0.0,0.0
1005,2.0,0.0,0.0,0.0,0.0,0.0,250.0,60.2073832954806,100.0,0.0,0.0
1006,2.0,0.0,0.0,0.0,0.0,0.0,59.5457041530632,0.0,23.81828166122528,0.0,0.0
1007,2.0,0.0,0.0,0.0,0.0,0.0,0.0,0.0,0.0,0.0,0.0
1008,0.5,0.0,0.0,0.0,0.0,0.0,0.0,0.0,0.0,0.0,0.0
1009,0.5,0.0,0.0,0.0,0.0,0.0,0.0,0.0,0.0,0.0,0.0
1010,0.5,0.0,0.0,0.0,0.0,0.0,0.0,0.0,0.0,0.0,0.0
1011,0.5,0.0,0.0,0.0,0.0,0.0,0.0,0.0,0.0,0.0,0.0
1012,0.5,0.0,0.0,0.0,0.0,0.0,0.0,0.0,0.0,0.0,0.0
1013,1.0,0.0,0.0,0.0,0.0,0.0,0.0,0.0,0.0,0.0,0.0
1014,1.0,0.0,0.0,0.0,0.0,0.0,0.0,0.0,0.0,0.0,0.0
1015,1.0,0.0,0.0,0.0,0.0,0.0,0.0,0.0,0.0,0.0,0.0
1016,1.0,0.0,0.0,0.0,0.0,0.0,0.0,0.0,0.0,0.0,0.0
1017,1.0,8.87235952978567,0.0,0.0,0.0,0.0,0.0,0.0,0.0,0.0,0.0
1018,1.0,14.766828765333,0.0,0.0,0.0,0.0,0.0,0.0,0.0,0.0,0.0
1019,1.0,25.6904530979242,0.0,0.0,0.0,0.0,0.0,0.0,0.0,0.0,0.0
1020,1.0,13.9395873305558,0.0,0.0,0.0,0.0,0.0,0.0,0.0,0.0,0.0
1021,1.0,17.8507127138666,0.0,0.0,0.0,0.0,0.0,0.0,0.0,0.0,0.0
1022,1.0,12.754871271545,0.0,0.0,0.0,0.0,0.0,0.0,0.0,0.0,0.0
1023,1.0,17.1467376303074,0.0,0.0,0.0,0.0,0.0,0.0,0.0,0.0,0.0
1024,1.0,7.60959189210895,0.0,0.0,0.0,0.0,0.0,0.0,0.0,0.0,0.0
1025,2.0,5.8573496999441,0.0,0.0,0.0,0.0,0.0,0.0,0.0,0.0,0.0
1026,2.0,0.0,0.0,0.0,0.0,0.0,0.0,0.0,0.0,0.0,0.0
1027,2.0,0.0,0.0,0.0,0.0,0.0,0.0,0.0,0.0,0.0,0.0
1028,2.0,0.0,0.0,0.0,0.0,0.0,0.0,0.0,0.0,0.0,0.0
1029,2.0,0.0,0.0,0.0,0.0,0.0,0.0,0.0,0.0,0.0,0.0
1030,2.0,0.0,0.0,0.0,0.0,0.0,0.0,0.0,0.0,0.0,0.0
1031,2.0,0.0,0.0,0.0,0.0,0.0,0.0,0.0,0.0,0.0,0.0
1032,0.5,0.0,0.0,0.0,0.0,0.0,0.0,0.0,0.0,0.0,0.0
1033,0.5,0.0,0.0,0.0,0.0,0.0,0.0,0.0,0.0,0.0,0.0
1034,0.5,0.0,0.0,0.0,0.0,0.0,0.0,0.0,0.0,0.0,0.0
1035,0.5,0.0,0.0,0.0,0.0,0.0,0.0,0.0,0.0,0.0,0.0
1036,0.5,0.0,0.0,0.0,0.0,0.0,0.0,0.0,0.0,0.0,0.0
1037,1.0,0.0,0.0,0.0,0.0,0.0,0.0,0.0,0.0,0.0,0.0
1038,1.0,0.0,0.0,0.0,0.0,0.0,0.0,0.0,0.0,0.0,0.0
1039,1.0,0.0,0.0,0.0,0.0,0.0,0.0,0.0,0.0,0.0,0.0
1040,1.0,0.0,0.0,0.0,0.0,0.0,0.0,0.0,0.0,0.0,0.0
1041,1.0,16.7332339690723,0.0,0.0,0.0,0.0,0.0,0.0,0.0,0.0,0.0
1042,1.0,5.71523321300509,0.0,0.0,0.0,0.0,0.0,0.0,0.0,0.0,0.0
1043,1.0,5.2094392581056,0.0,0.0,0.0,0.0,0.0,0.0,0.0,0.0,0.0
1044,1.0,17.9342133466628,0.0,0.0,0.0,0.0,0.0,0.0,0.0,0.0,0.0
1045,1.0,8.61075858384301,0.0,0.0,0.0,0.0,0.0,0.0,0.0,0.0,0.0
1046,1.0,4.71446475272581,0.0,0.0,0.0,0.0,0.0,0.0,0.0,0.0,0.0
1047,1.0,17.0693793727691,0.0,0.0,0.0,0.0,0.0,0.0,0.0,0.0,0.0
1048,1.0,1.91205725074953,0.0,0.0,0.0,0.0,0.0,0.0,0.0,0.0,0.0
1049,2.0,4.10789258081791,0.0,0.0,0.0,0.0,0.0,0.0,0.0,0.0,0.0
1050,2.0,0.0,0.0,0.0,0.0,0.0,0.0,0.0,0.0,0.0,0.0
1051,2.0,0.0,0.0,0.0,0.0,0.0,0.0,0.0,0.0,0.0,0.0
1052,2.0,0.0,0.0,0.0,0.0,0.0,0.0,0.0,0.0,0.0,0.0
1053,2.0,0.0,0.0,0.0,0.0,0.0,0.0,0.0,0.0,0.0,0.0
1054,2.0,0.0,0.0,0.0,0.0,0.0,0.0,0.0,0.0,0.0,0.0
1055,2.0,0.0,0.0,0.0,0.0,0.0,0.0,0.0,0.0,0.0,0.0
1056,0.5,0.0,0.0,0.0,0.0,0.0,0.0,0.0,0.0,0.0,0.0
1057,0.5,0.0,0.0,0.0,0.0,0.0,0.0,0.0,0.0,0.0,0.0
1058,0.5,0.0,0.0,0.0,0.0,0.0,0.0,0.0,0.0,0.0,0.0
1059,0.5,0.0,0.0,0.0,0.0,0.0,0.0,0.0,0.0,0.0,0.0
1060,0.5,0.0,0.0,0.0,0.0,0.0,0.0,0.0,0.0,0.0,0.0
1061,1.0,0.0,0.0,0.0,0.0,0.0,0.0,0.0,0.0,0.0,0.0
1062,1.0,0.0,0.0,0.0,0.0,0.0,0.0,0.0,0.0,0.0,0.0
1063,1.0,0.0,0.0,0.0,0.0,0.0,0.0,0.0,0.0,0.0,0.0
1064,1.0,0.0,0.0,0.0,0.0,0.0,0.0,0.0,0.0,0.0,0.0
1065,1.0,29.1413289986612,0.0,0.0,0.0,0.0,0.0,0.0,0.0,0.0,0.0
1066,1.0,15.9575907076759,0.0,0.0,0.0,0.0,0.0,0.0,0.0,0.0,0.0
1067,1.0,14.3553960838609,0.0,0.0,0.0,0.0,0.0,0.0,0.0,0.0,0.0
1068,1.0,61.3185804057207,0.0,0.0,0.0,0.0,0.0,0.0,0.0,0.0,0.0
1069,1.0,10.6912932659011,0.0,0.0,0.0,0.0,0.0,0.0,0.0,0.0,0.0
1070,1.0,47.1952168811406,0.0,0.0,0.0,0.0,0.0,0.0,0.0,0.0,0.0
1071,1.0,42.4052643930685,0.0,0.0,0.0,0.0,0.0,0.0,0.0,0.0,0.0
1072,1.0,53.3037969186454,0.0,0.0,256.951665567889,254.38214891221,0.0,254.38214891221,0.0,0.0,0.0
1073,2.0,23.938839645888,0.0,0.0,0.0,0.0,190.15290088528,62.0541295054395,76.061160354112,0.0,0.0
1074,2.0,0.0,0.0,0.0,0.0,0.0,61.3721546221747,0.0,24.54886184886988,0.0,0.0
1075,2.0,0.0,0.0,0.0,0.0,0.0,0.0,0.0,0.0,0.0,0.0
1076,2.0,0.0,0.0,0.0,0.0,0.0,0.0,0.0,0.0,0.0,0.0
1077,2.0,0.0,0.0,0.0,0.0,0.0,0.0,0.0,0.0,0.0,0.0
1078,2.0,0.0,0.0,0.0,0.0,0.0,0.0,0.0,0.0,0.0,0.0
1079,2.0,0.0,0.0,0.0,0.0,0.0,0.0,0.0,0.0,0.0,0.0
1080,0.5,0.0,0.0,0.0,0.0,0.0,0.0,0.0,0.0,0.0,0.0
1081,0.5,0.0,0.0,0.0,0.0,0.0,0.0,0.0,0.0,0.0,0.0
1082,0.5,0.0,0.0,0.0,0.0,0.0,0.0,0.0,0.0,0.0,0.0
1083,0.5,0.0,0.0,0.0,0.0,0.0,0.0,0.0,0.0,0.0,0.0
1084,0.5,0.0,0.0,0.0,0.0,0.0,0.0,0.0,0.0,0.0,0.0
1085,1.0,0.0,0.0,0.0,0.0,0.0,0.0,0.0,0.0,0.0,0.0
1086,1.0,0.0,0.0,0.0,0.0,0.0,0.0,0.0,0.0,0.0,0.0
1087,1.0,0.0,0.0,0.0,0.0,0.0,0.0,0.0,0.0,0.0,0.0
1088,1.0,0.0,0.0,0.0,0.0,0.0,0.0,0.0,0.0,0.0,0.0
1089,1.0,34.0449827036754,0.0,0.0,148.115287967913,146.634135088233,0.0,146.634135088233,0.0,0.0,0.0
1090,1.0,51.1877578160894,0.0,0.0,185.727515144242,183.8702399928,0.0,330.357740945945,0.0,0.0,0.0
1091,1.0,64.0507220398109,0.0,0.0,207.169693549869,205.09799661437,0.0,535.12537981937,0.0,0.0,0.0
1092,1.0,12.4414710164232,0.0,0.0,0.0,0.0,0.0,534.59025443955,0.0,0.0,0.0
1093,1.0,10.0042044390714,0.0,0.0,0.0,0.0,0.0,534.055664185111,0.0,0.0,0.0
1094,1.0,57.3447173080499,0.0,0.0,0.0,0.0,0.0,533.521608520926,0.0,0.0,0.0
1095,1.0,5.91510799466785,0.0,0.0,0.0,0.0,0.0,532.988086912405,0.0,0.0,0.0
1096,1.0,57.8295547565377,0.0,0.0,177.550575153405,175.775069401871,0.0,708.230168227364,0.0,0.0,0.0
1097,2.0,33.7083235674327,0.0,165.729191081418,122.862400886401,121.633776877537,0.0,829.155714936673,66.2916764325672,0.0,0.0
1098,2.0,0.0,0.0,0.0,0.0,0.0,250.0,575.801306696484,100.0,0.0,0.0
1099,2.0,0.0,0.0,0.0,0.0,0.0,250.0,322.700252864535,100.0,0.0,0.0
1100,2.0,0.0,0.0,0.0,0.0,0.0,250.0,69.852300086418,100.0,0.0,0.0
1101,2.0,0.0,0.0,0.0,0.0,0.0,69.0846233084682,0.0,27.63384932338728,0.0,0.0
1102,2.0,0.0,0.0,0.0,0.0,0.0,0.0,0.0,0.0,0.0,0.0
1103,2.0,0.0,0.0,0.0,0.0,0.0,0.0,0.0,0.0,0.0,0.0
1104,0.5,0.0,0.0,0.0,0.0,0.0,0.0,0.0,0.0,0.0,0.0
1105,0.5,0.0,0.0,0.0,0.0,0.0,0.0,0.0,0.0,0.0,0.0
1106,0.5,0.0,0.0,0.0,0.0,0.0,0.0,0.0,0.0,0.0,0.0
1107,0.5,0.0,0.0,0.0,0.0,0.0,0.0,0.0,0.0,0.0,0.0
1108,0.5,0.0,0.0,0.0,0.0,0.0,0.0,0.0,0.0,0.0,0.0
1109,1.0,0.0,0.0,0.0,0.0,0.0,0.0,0.0,0.0,0.0,0.0
1110,1.0,0.0,0.0,0.0,0.0,0.0,0.0,0.0,0.0,0.0,0.0
1111,1.0,0.0,0.0,0.0,0.0,0.0,0.0,0.0,0.0,0.0,0.0
1112,1.0,0.0,0.0,0.0,0.0,0.0,0.0,0.0,0.0,0.0,0.0
1113,1.0,35.2893204950511,0.0,151.503963260849,0.0,0.0,0.0,0.0,60.6015853043396,0.0,0.0
1114,1.0,68.4534360959395,0.0,78.8664097601512,466.54568856908,461.880231683389,0.0,461.880231683389,31.54656390406048,0.0,0.0
1115,1.0,89.7279361336111,0.0,25.6801596659723,597.648094768542,591.671613820857,0.0,1053.08996527256,10.27206386638892,0.0,0.0
1116,1.0,98.1651014304593,0.0,4.58724642385175,555.389092450194,549.835201525692,0.0,1601.87207683298,1.8348985695406999,0.0,0.0
1117,1.0,100.0,6.83793062583271,0.0,632.434217721905,632.744035837869,0.0,2233.01424059402,0.0,0.0,0.0
1118,1.0,93.4176474134712,0.0,16.4558814663219,466.829350383533,462.161056879698,0.0,2692.94228323312,6.582352586528761,0.0,0.0
1119,1.0,51.2556497132136,0.0,0.0,0.0,0.0,121.860875716966,2567.15754729639,48.74435028678641,0.0,0.0
1120,1.0,72.906493398158,0.0,67.7337665046049,204.778692130375,202.730905209072,0.0,2767.32129495816,27.093506601841963,0.0,0.0
1121,2.0,30.6179689423656,0.0,173.455077644086,70.3032301088524,69.6001978077639,0.0,2834.15417147097,69.3820310576344,0.0,0.0
1122,2.0,0.0,0.0,0.0,0.0,0.0,250.0,2578.79476477425,100.0,0.0,0.0
1123,2.0,0.0,0.0,0.0,0.0,0.0,250.0,2323.69071748422,100.0,0.0,0.0
1124,2.0,0.0,0.0,0.0,0.0,0.0,250.0,2068.84177424148,100.0,0.0,0.0
1125,2.0,0.0,0.0,0.0,0.0,0.0,250.0,1814.24767994199,100.0,0.0,0.0
1126,2.0,0.0,0.0,0.0,0.0,0.0,250.0,1559.90817973679,100.0,0.0,0.0
1127,2.0,0.0,0.0,0.0,0.0,0.0,250.0,1305.8230190318,100.0,0.0,0.0
1128,0.5,0.0,0.0,0.0,0.0,0.0,0.0,1304.51719601277,0.0,0.0,0.0
1129,0.5,0.0,0.0,0.0,0.0,0.0,0.0,1303.21267881676,0.0,0.0,0.0
1130,0.5,0.0,0.0,0.0,0.0,0.0,0.0,1301.90946613794,0.0,0.0,0.0
1131,0.5,0.0,0.0,0.0,0.0,0.0,0.0,1300.60755667181,0.0,0.0,0.0
1132,0.5,0.0,0.0,0.0,0.0,0.0,0.0,1299.30694911513,0.0,0.0,0.0
1133,1.0,0.0,0.0,0.0,0.0,0.0,122.578151494676,1174.19132752493,49.03126059787041,0.0,0.0
1134,1.0,0.0,0.0,0.0,0.0,0.0,0.0,1173.01713619741,0.0,0.0,0.0
1135,1.0,0.0,0.0,0.0,0.0,0.0,0.0,1171.84411906121,0.0,0.0,0.0
1136,1.0,0.0,0.0,0.0,0.0,0.0,0.0,1170.67227494215,0.0,0.0,0.0
1137,1.0,34.7375188516419,0.0,151.142786151778,0.0,0.0,0.0,1169.50160266721,60.45711446071121,0.0,0.0
1138,1.0,65.8038311237456,0.0,85.4904221906361,437.44423788008,433.06979550128,0.0,1601.40189656582,34.19616887625444,0.0,0.0
1139,1.0,87.4136189221785,0.0,31.4659526945536,583.191413708939,577.359499571849,0.0,2177.1599942411,12.586381077821441,0.0,0.0
1140,1.0,98.7758766500319,0.0,3.0603083749202,599.40062915572,593.406622864163,0.0,2768.38945711102,1.22412334996808,0.0,0.0
1141,1.0,83.8462606530182,0.0,40.3843483674546,292.968074486413,290.038393741549,0.0,3055.65946139546,16.15373934698184,0.0,0.0
1142,1.0,100.0,4.45888181240331,0.0,657.049610776814,654.805121803439,0.0,3707.40892373751,0.0,0.0,0.0
1143,1.0,75.675100855419,0.0,60.8122478614526,330.329040658037,327.025750251457,0.0,4030.72726506522,24.32489914458104,0.0,0.0
1144,1.0,67.5169256833848,0.0,81.207685791538,399.587771528248,395.591893812966,0.0,4422.28843161312,32.4830743166152,0.0,0.0
1145,2.0,31.343370800202,0.0,171.641572999495,81.2954891869319,80.4825342950626,0.0,4498.34867747657,68.656629199798,0.0,0.0
1146,2.0,0.0,0.0,0.0,0.0,0.0,250.0,4241.32507627385,100.0,0.0,0.0
1147,2.0,0.0,0.0,0.0,0.0,0.0,250.0,3984.55849867232,100.0,0.0,0.0
1148,2.0,0.0,0.0,0.0,0.0,0.0,250.0,3728.04868764839,100.0,0.0,0.0
1149,2.0,0.0,0.0,0.0,0.0,0.0,250.0,3471.79538643549,100.0,0.0,0.0
1150,2.0,0.0,0.0,0.0,0.0,0.0,250.0,3215.7983385238,100.0,0.0,0.0
1151,2.0,0.0,0.0,0.0,0.0,0.0,250.0,2960.05728766003,100.0,0.0,0.0
1152,0.5,0.0,0.0,0.0,0.0,0.0,0.0,2957.09723037237,0.0,0.0,0.0
1153,0.5,0.0,0.0,0.0,0.0,0.0,0.0,2954.140133142,0.0,0.0,0.0
1154,0.5,0.0,0.0,0.0,0.0,0.0,0.0,2951.18599300885,0.0,0.0,0.0
1155,0.5,0.0,0.0,0.0,0.0,0.0,0.0,2948.23480701584,0.0,0.0,0.0
1156,0.5,0.0,0.0,0.0,0.0,0.0,0.0,2945.28657220883,0.0,0.0,0.0
1157,1.0,0.0,0.0,0.0,0.0,0.0,0.0,2942.34128563662,0.0,0.0,0.0
1158,1.0,0.0,0.0,0.0,0.0,0.0,0.0,2939.39894435098,0.0,0.0,0.0
1159,1.0,0.0,0.0,0.0,0.0,0.0,0.0,2936.45954540663,0.0,0.0,0.0
1160,1.0,0.0,0.0,0.0,0.0,0.0,0.0,2933.52308586123,0.0,0.0,0.0
1161,1.0,17.2743232339442,0.0,0.0,0.0,0.0,0.0,2930.58956277536,0.0,0.0,0.0
1162,1.0,24.2233889169219,0.0,0.0,0.0,0.0,0.0,2927.65897321259,0.0,0.0,0.0
1163,1.0,32.3132441717448,0.0,0.0,0.0,0.0,0.0,2924.73131423938,0.0,0.0,0.0
1164,1.0,24.0302007447057,0.0,0.0,0.0,0.0,0.0,2921.80658292514,0.0,0.0,0.0
1165,1.0,12.9367101692304,0.0,0.0,0.0,0.0,0.0,2918.88477634221,0.0,0.0,0.0
1166,1.0,25.1691392711257,0.0,0.0,0.0,0.0,0.0,2915.96589156587,0.0,0.0,0.0
1167,1.0,11.4363247947473,0.0,0.0,0.0,0.0,0.0,2913.0499256743,0.0,0.0,0.0
1168,1.0,10.5187078018255,0.0,0.0,0.0,0.0,0.0,2910.13687574863,0.0,0.0,0.0
1169,2.0,9.07856991825987,0.0,0.0,0.0,0.0,227.30357520435,2677.6271679594,90.92143008174001,0.0,0.0
1170,2.0,0.0,0.0,0.0,0.0,0.0,250.0,2422.42428826618,100.0,0.0,0.0
1171,2.0,0.0,0.0,0.0,0.0,0.0,250.0,2167.47661145266,100.0,0.0,0.0
1172,2.0,0.0,0.0,0.0,0.0,0.0,250.0,1912.78388231596,100.0,0.0,0.0
1173,2.0,0.0,0.0,0.0,0.0,0.0,250.0,1658.34584590839,100.0,0.0,0.0
1174,2.0,0.0,0.0,0.0,0.0,0.0,250.0,1404.16224753723,100.0,0.0,0.0
1175,2.0,0.0,0.0,0.0,0.0,0.0,250.0,1150.23283276444,100.0,0.0,0.0
1176,0.5,0.0,0.0,0.0,0.0,0.0,0.0,1149.08259993168,0.0,0.0,0.0
1177,0.5,0.0,0.0,0.0,0.0,0.0,0.0,1147.93351733174,0.0,0.0,0.0
1178,0.5,0.0,0.0,0.0,0.0,0.0,0.0,1146.78558381441,0.0,0.0,0.0
1179,0.5,0.0,0.0,0.0,0.0,0.0,0.0,1145.6387982306,0.0,0.0,0.0
1180,0.5,0.0,0.0,0.0,0.0,0.0,0.0,1144.49315943237,0.0,0.0,0.0
1181,1.0,0.0,0.0,0.0,0.0,0.0,0.0,1143.34866627294,0.0,0.0,0.0
1182,1.0,0.0,0.0,0.0,0.0,0.0,0.0,1142.20531760666,0.0,0.0,0.0
1183,1.0,0.0,0.0,0.0,0.0,0.0,0.0,1141.06311228906,0.0,0.0,0.0
1184,1.0,0.0,0.0,0.0,0.0,0.0,0.0,1139.92204917677,0.0,0.0,0.0
1185,1.0,34.2833019242543,0.0,0.0,0.0,0.0,0.0,1138.78212712759,0.0,0.0,0.0
1186,1.0,39.7011009785334,0.0,0.0,0.0,0.0,0.0,1137.64334500046,0.0,0.0,0.0
1187,1.0,73.1121147939217,0.0,0.0,159.451398925292,157.856884936039,0.0,1294.3625865915,0.0,0.0,0.0
1188,1.0,61.4149195484426,0.0,0.0,0.0,0.0,0.0,1293.06822400491,0.0,0.0,0.0
1189,1.0,71.1436016128301,0.0,0.0,27.4978647597537,27.2228861121562,0.0,1318.99804189306,0.0,0.0,0.0
1190,1.0,54.8667751975327,0.0,0.0,0.0,0.0,0.0,1317.67904385117,0.0,0.0,0.0
1191,1.0,40.3782752854537,0.0,0.0,0.0,0.0,0.0,1316.36136480732,0.0,0.0,0.0
1192,1.0,47.3159216598147,0.0,0.0,127.021013181953,125.750803050134,0.0,1440.79580649264,0.0,0.0,0.0
1193,2.0,31.4997979104937,0.0,171.250505223766,81.933038448961,81.1137080644714,0.0,1520.46871875062,68.5002020895064,0.0,0.0
1194,2.0,0.0,0.0,0.0,0.0,0.0,250.0,1266.42299750662,100.0,0.0,0.0
1195,2.0,0.0,0.0,0.0,0.0,0.0,250.0,1012.63132198386,100.0,0.0,0.0
1196,2.0,0.0,0.0,0.0,0.0,0.0,250.0,759.093438136623,100.0,0.0,0.0
1197,2.0,0.0,0.0,0.0,0.0,0.0,250.0,505.809092173234,100.0,0.0,0.0
1198,2.0,0.0,0.0,0.0,0.0,0.0,250.0,252.778030555808,100.0,0.0,0.0
1199,2.0,0.0,0.0,0.0,0.0,0.0,250.0,0.0,100.0,0.0,0.0
1200,0.5,0.0,0.0,0.0,0.0,0.0,0.0,0.0,0.0,0.0,0.0
1201,0.5,0.0,0.0,0.0,0.0,0.0,0.0,0.0,0.0,0.0,0.0
1202,0.5,0.0,0.0,0.0,0.0,0.0,0.0,0.0,0.0,0.0,0.0
1203,0.5,0.0,0.0,0.0,0.0,0.0,0.0,0.0,0.0,0.0,0.0
1204,0.5,0.0,0.0,0.0,0.0,0.0,0.0,0.0,0.0,0.0,0.0
1205,1.0,0.0,0.0,0.0,0.0,0.0,0.0,0.0,0.0,0.0,0.0
1206,1.0,0.0,0.0,0.0,0.0,0.0,0.0,0.0,0.0,0.0,0.0
1207,1.0,0.0,0.0,0.0,0.0,0.0,0.0,0.0,0.0,0.0,0.0
1208,1.0,4.41476046978487,0.0,0.0,0.0,0.0,0.0,0.0,0.0,0.0,0.0
1209,1.0,36.2934779595099,0.0,159.266305101225,26.3726838803989,26.1089570415949,0.0,26.1089570415949,63.70652204049,0.0,0.0
1210,1.0,67.3416485787218,0.0,81.6458785531955,481.873140039776,477.054408639378,0.0,503.137256723931,32.658351421278205,0.0,0.0
1211,1.0,82.8280921720081,0.0,42.9297695699798,477.628194503917,472.851912558878,0.0,975.486032026085,17.17190782799192,0.0,0.0
1212,1.0,99.2892210554835,0.0,1.7769473612913,624.961947359468,618.712327885874,0.0,1593.22287387993,0.71077894451652,0.0,0.0
1213,1.0,100.0,6.02911993158372,0.0,659.284531454828,658.541138297902,0.0,2250.17078930396,0.0,0.0,0.0
1214,1.0,100.0,1.51522323818716,0.0,637.638095416019,632.731784047548,0.0,2880.6524025622,0.0,0.0,0.0
1215,1.0,90.1882523090319,0.0,24.5293692274202,569.029285485505,563.33899263065,0.0,3441.11074279029,9.811747690968081,0.0,0.0
1216,1.0,67.382318744665,0.0,81.5442031383375,406.597794767332,402.531816819659,0.0,3840.20144886716,32.617681255335,0.0,0.0
1217,2.0,30.9804067093343,0.0,172.548983226664,73.4807631778567,72.7459555460782,0.0,3909.10720296437,69.01959329066561,0.0,0.0
1218,2.0,0.0,0.0,0.0,0.0,0.0,250.0,3652.67284323615,100.0,0.0,0.0
1219,2.0,0.0,0.0,0.0,0.0,0.0,250.0,3396.49491786766,100.0,0.0,0.0
1220,2.0,0.0,0.0,0.0,0.0,0.0,250.0,3140.57317042454,100.0,0.0,0.0
1221,2.0,0.0,0.0,0.0,0.0,0.0,250.0,2884.90734472886,100.0,0.0,0.0
1222,2.0,0.0,0.0,0.0,0.0,0.0,250.0,2629.49718485888,100.0,0.0,0.0
1223,2.0,0.0,0.0,0.0,0.0,0.0,250.0,2374.34243514877,100.0,0.0,0.0
1224,0.5,0.0,0.0,0.0,0.0,0.0,250.0,2119.44284018837,100.0,0.0,0.0
1225,0.5,0.0,0.0,0.0,0.0,0.0,250.0,1864.79814482293,100.0,0.0,0.0
1226,0.5,0.0,0.0,0.0,0.0,0.0,250.0,1610.40809415285,100.0,0.0,0.0
1227,0.5,0.0,0.0,0.0,0.0,0.0,250.0,1356.27243353345,100.0,0.0,0.0
1228,0.5,0.0,0.0,0.0,0.0,0.0,244.804230635285,1107.63916045821,97.921692254114,0.0,0.0
1229,1.0,0.0,0.0,0.0,0.0,0.0,250.0,854.006268772501,100.0,0.0,0.0
1230,1.0,0.0,0.0,0.0,0.0,0.0,250.0,600.627009978476,100.0,0.0,0.0
1231,1.0,0.0,0.0,0.0,0.0,0.0,250.0,347.501130443245,100.0,0.0,0.0
1232,1.0,8.42035145225535,0.0,0.0,0.0,0.0,228.949121369362,115.891890555871,91.5796485477448,0.0,0.0
1233,1.0,34.2528406550561,0.0,49.7496596836976,0.0,0.0,114.618238678662,0.0,65.74715934494384,0.0,0.0
1234,1.0,64.2459531129259,0.0,89.3851172176853,394.296001855556,390.353041837001,0.0,390.353041837001,35.754046887074125,0.0,0.0
1235,1.0,86.7765038105131,0.0,33.0587404737172,592.583599132512,586.657763141187,0.0,976.620451936351,13.22349618948688,0.0,0.0
1236,1.0,100.0,0.273913217167802,0.0,676.623885897711,670.12339764203,0.0,1645.76722912644,0.0,0.0,0.0
1237,1.0,100.0,4.21040676144868,0.0,672.731300852086,670.088924483522,0.0,2314.21038638084,0.0,0.0,0.0
1238,1.0,97.2318190123617,0.0,6.92045246909579,597.094666730759,591.123720063452,0.0,2903.01989605791,2.768180987638316,0.0,0.0
1239,1.0,82.6568139511687,0.0,43.3579651220782,491.315857126253,486.40269855499,0.0,3386.51957471684,17.34318604883128,0.0,0.0
1240,1.0,60.8146834442556,0.0,97.963291389361,329.673347881723,326.376614402906,0.0,3709.50966954503,39.18531655574441,0.0,0.0
1241,2.0,23.8387667218483,0.0,0.0,0.0,0.0,190.403083195379,3513.47381321349,76.1612332781516,0.0,0.0
1242,2.0,0.0,0.0,0.0,0.0,0.0,250.0,3257.43508687502,100.0,0.0,0.0
1243,2.0,0.0,0.0,0.0,0.0,0.0,250.0,3001.65239926289,100.0,0.0,0.0
1244,2.0,0.0,0.0,0.0,0.0,0.0,250.0,2746.12549433838,100.0,0.0,0.0
1245,2.0,0.0,0.0,0.0,0.0,0.0,250.0,2490.85411631879,100.0,0.0,0.0
1246,2.0,0.0,0.0,0.0,0.0,0.0,250.0,2235.83800967722,100.0,0.0,0.0
1247,2.0,0.0,0.0,0.0,0.0,0.0,250.0,1981.07691914229,100.0,0.0,0.0
1248,0.5,0.0,0.0,0.0,0.0,0.0,250.0,1726.57058969789,100.0,0.0,0.0
1249,0.5,0.0,0.0,0.0,0.0,0.0,250.0,1472.31876658294,100.0,0.0,0.0
1250,0.5,0.0,0.0,0.0,0.0,0.0,250.0,1218.32119529111,100.0,0.0,0.0
1251,0.5,0.0,0.0,0.0,0.0,0.0,54.417724207592,1162.13547590633,21.7670896830368,0.0,0.0
1252,0.5,0.0,0.0,0.0,0.0,0.0,0.0,1160.97334043042,0.0,0.0,0.0
1253,1.0,0.0,0.0,0.0,0.0,0.0,250.0,907.287114564739,100.0,0.0,0.0
1254,1.0,0.0,0.0,0.0,0.0,0.0,250.0,653.854574924921,100.0,0.0,0.0
1255,1.0,0.0,0.0,0.0,0.0,0.0,250.0,400.675467824744,100.0,0.0,0.0
1256,1.0,7.33591159562441,0.0,0.0,0.0,0.0,231.660221010939,166.274569113546,92.6640884043756,0.0,0.0
1257,1.0,35.7194330787873,0.0,146.241157039685,0.0,0.0,14.4602602633464,151.501971046103,64.28056692121257,0.0,0.0
1258,1.0,63.27744849182,0.0,91.8063787704499,441.485204214783,437.070352172635,0.0,588.420821247692,36.72255150817996,0.0,0.0
1259,1.0,82.6111302092873,0.0,43.4721744767817,600.293872701506,594.290933974491,0.0,1182.12333440094,17.388869790712683,0.0,0.0
1260,1.0,98.5753510840095,0.0,3.56162228997622,674.519331799321,667.774138481328,0.0,1848.71534954786,1.4246489159904883,0.0,0.0
1261,1.0,100.0,4.56410951348103,0.0,689.967631431528,687.496054167192,0.0,2534.36268836551,0.0,0.0,0.0
1262,1.0,99.5416188728063,0.0,1.14595281798426,631.072929906774,624.762200607706,0.0,3156.59052628485,0.458381127193704,0.0,0.0
1263,1.0,86.3209913885655,0.0,34.1975215285863,529.670330866004,524.373627557344,0.0,3677.80756331591,13.67900861143452,0.0,0.0
1264,1.0,64.5688012125713,0.0,88.5779969685718,372.446645378739,368.722178924951,0.0,4042.85193467754,35.43119878742872,0.0,0.0
1265,2.0,28.9579594193954,0.0,177.605101451512,43.4896118112857,43.0547156931729,0.0,4081.86379843604,71.0420405806048,0.0,0.0
1266,2.0,0.0,0.0,0.0,0.0,0.0,250.0,3825.25668211235,100.0,0.0,0.0
1267,2.0,0.0,0.0,0.0,0.0,0.0,250.0,3568.90617290498,100.0,0.0,0.0
1268,2.0,0.0,0.0,0.0,0.0,0.0,250.0,3312.81201420683,100.0,0.0,0.0
1269,2.0,0.0,0.0,0.0,0.0,0.0,250.0,3056.97394966737,100.0,0.0,0.0
1270,2.0,0.0,0.0,0.0,0.0,0.0,250.0,2801.39172319245,100.0,0.0,0.0
1271,2.0,0.0,0.0,0.0,0.0,0.0,250.0,2546.065078944,100.0,0.0,0.0
1272,0.5,0.0,0.0,0.0,0.0,0.0,0.0,2543.51901386506,0.0,0.0,0.0
1273,0.5,0.0,0.0,0.0,0.0,0.0,0.0,2540.97549485119,0.0,0.0,0.0
1274,0.5,0.0,0.0,0.0,0.0,0.0,0.0,2538.43451935634,0.0,0.0,0.0
1275,0.5,0.0,0.0,0.0,0.0,0.0,0.0,2535.89608483698,0.0,0.0,0.0
1276,0.5,0.0,0.0,0.0,0.0,0.0,0.0,2533.36018875215,0.0,0.0,0.0
1277,1.0,0.0,0.0,0.0,0.0,0.0,250.0,2278.30157603814,100.0,0.0,0.0
1278,1.0,0.0,0.0,0.0,0.0,0.0,250.0,2023.49802193685,100.0,0.0,0.0
1279,1.0,0.0,0.0,0.0,0.0,0.0,250.0,1768.94927138966,100.0,0.0,0.0
1280,1.0,7.53381316040974,0.0,0.0,0.0,0.0,231.165467098976,1533.67985030113,92.4661868395904,0.0,0.0
1281,1.0,36.2672976898122,0.0,159.331755775469,10.0230264400439,9.92279617564347,0.0,1542.06896662647,63.7327023101876,0.0,0.0
1282,1.0,66.2730125715532,0.0,84.317468571117,454.051548712853,449.511033225725,0.0,1990.03793088557,33.726987428446805,0.0,0.0
1283,1.0,87.674297084987,0.0,30.8142572875325,617.312063857259,611.138943218686,0.0,2599.18683617337,12.325702915013,0.0,0.0
1284,1.0,98.462531985023,0.0,3.84367003744259,642.602764874361,636.176737225618,0.0,3232.76438656281,1.5374680149770361,0.0,0.0
1285,1.0,100.0,4.58726351739952,0.0,676.652970821894,674.337004178256,0.0,3903.8686263545,0.0,0.0,0.0
1286,1.0,98.2437914242897,0.0,4.39052143927572,602.871181422021,596.842469607801,0.0,4496.80722733595,1.7562085757102883,0.0,0.0
1287,1.0,88.0713828976092,0.0,29.8215427559771,557.352201476529,551.778679461763,0.0,5044.08909957038,11.92861710239084,0.0,0.0
1288,1.0,66.3529561176719,0.0,84.1176097058202,401.32554888666,397.312293397793,0.0,5436.3573038686,33.647043882328084,0.0,0.0
1289,2.0,30.8806947228446,0.0,172.798263192888,69.7768216517869,69.079053435269,0.0,5500.0,69.11930527715519,0.0,0.0
1290,2.0,0.0,0.0,0.0,0.0,0.0,250.0,5241.97474747475,100.0,0.0,0.0
1291,2.0,0.0,0.0,0.0,0.0,0.0,250.0,4984.20752020202,100.0,0.0,0.0
1292,2.0,0.0,0.0,0.0,0.0,0.0,250.0,4726.69806015656,100.0,0.0,0.0
1293,2.0,0.0,0.0,0.0,0.0,0.0,250.0,4469.44610957116,100.0,0.0,0.0
1294,2.0,0.0,0.0,0.0,0.0,0.0,250.0,4212.45141093633,100.0,0.0,0.0
1295,2.0,0.0,0.0,0.0,0.0,0.0,250.0,3955.71370700014,100.0,0.0,0.0
1296,0.5,0.0,0.0,0.0,0.0,0.0,0.0,3951.75799329314,0.0,0.0,0.0
1297,0.5,0.0,0.0,0.0,0.0,0.0,0.0,3947.80623529985,0.0,0.0,0.0
1298,0.5,0.0,0.0,0.0,0.0,0.0,0.0,3943.85842906455,0.0,0.0,0.0
1299,0.5,0.0,0.0,0.0,0.0,0.0,0.0,3939.91457063548,0.0,0.0,0.0
1300,0.5,0.0,0.0,0.0,0.0,0.0,0.0,3935.97465606485,0.0,0.0,0.0
1301,1.0,0.0,0.0,0.0,0.0,0.0,0.0,3932.03868140878,0.0,0.0,0.0
1302,1.0,0.0,0.0,0.0,0.0,0.0,0.0,3928.10664272738,0.0,0.0,0.0
1303,1.0,0.0,0.0,0.0,0.0,0.0,0.0,3924.17853608465,0.0,0.0,0.0
1304,1.0,8.22271207001938,0.0,0.0,0.0,0.0,0.0,3920.25435754856,0.0,0.0,0.0
1305,1.0,35.6615067810421,0.0,0.0,71.2392863806248,70.5268935168185,0.0,3986.86099670783,0.0,0.0,0.0
1306,1.0,41.1404696094172,0.0,0.0,0.0,0.0,0.0,3982.87413571113,0.0,0.0,0.0
1307,1.0,50.6157659643199,0.0,0.0,0.0,0.0,0.0,3978.89126157541,0.0,0.0,0.0
1308,1.0,27.2771848280807,0.0,0.0,0.0,0.0,0.0,3974.91237031384,0.0,0.0,0.0
1309,1.0,84.541400882575,0.0,0.0,156.504673564116,154.939626828475,0.0,4125.877084772,0.0,0.0,0.0
1310,1.0,86.3629488405387,0.0,0.0,407.105774859598,403.034717111002,0.0,4524.78592479823,0.0,0.0,0.0
1311,1.0,90.1442411189365,0.0,0.0,576.701717200282,570.934700028279,0.0,5091.19583890171,0.0,0.0,0.0
1312,1.0,40.1212527800135,0.0,0.0,0.0,0.0,0.0,5086.10464306281,0.0,0.0,0.0
1313,2.0,10.2157153738919,0.0,0.0,0.0,0.0,224.46071156527,4854.29054693968,89.784284626108,0.0,0.0
1314,2.0,0.0,0.0,0.0,0.0,0.0,250.0,4596.91100386748,100.0,0.0,0.0
1315,2.0,0.0,0.0,0.0,0.0,0.0,250.0,4339.78884033836,100.0,0.0,0.0
1316,2.0,0.0,0.0,0.0,0.0,0.0,250.0,4082.92379897277,100.0,0.0,0.0
1317,2.0,0.0,0.0,0.0,0.0,0.0,250.0,3826.31562264855,100.0,0.0,0.0
1318,2.0,0.0,0.0,0.0,0.0,0.0,250.0,3569.96405450065,100.0,0.0,0.0
1319,2.0,0.0,0.0,0.0,0.0,0.0,250.0,3313.86883792089,100.0,0.0,0.0
1320,0.5,0.0,0.0,0.0,0.0,0.0,0.0,3310.55496908297,0.0,0.0,0.0
1321,0.5,0.0,0.0,0.0,0.0,0.0,0.0,3307.24441411389,0.0,0.0,0.0
1322,0.5,0.0,0.0,0.0,0.0,0.0,0.0,3303.93716969977,0.0,0.0,0.0
1323,0.5,0.0,0.0,0.0,0.0,0.0,0.0,3300.63323253007,0.0,0.0,0.0
1324,0.5,0.0,0.0,0.0,0.0,0.0,0.0,3297.33259929754,0.0,0.0,0.0
1325,1.0,0.0,0.0,0.0,0.0,0.0,0.0,3294.03526669825,0.0,0.0,0.0
1326,1.0,0.0,0.0,0.0,0.0,0.0,0.0,3290.74123143155,0.0,0.0,0.0
1327,1.0,0.0,0.0,0.0,0.0,0.0,0.0,3287.45049020012,0.0,0.0,0.0
1328,1.0,9.2209700967817,0.0,0.0,0.0,0.0,0.0,3284.16303970992,0.0,0.0,0.0
1329,1.0,33.6210028257271,0.0,0.0,0.0,0.0,0.0,3280.87887667021,0.0,0.0,0.0
1330,1.0,62.9422105988392,0.0,0.0,280.943292786206,278.133859858343,0.0,3555.73185765188,0.0,0.0,0.0
1331,1.0,85.5454351735104,0.0,0.0,545.944546126427,540.485100665162,0.0,4092.66122645939,0.0,0.0,0.0
1332,1.0,49.7055522396578,0.0,0.0,0.0,0.0,0.0,4088.56856523293,0.0,0.0,0.0
1333,1.0,88.5150204532936,0.0,0.0,191.432249212609,189.517926720482,0.0,4273.99792338818,0.0,0.0,0.0
1334,1.0,74.2302119359841,0.0,0.0,269.976811528935,267.277043413645,0.0,4537.00096887844,0.0,0.0,0.0
1335,1.0,68.7759835786528,0.0,0.0,305.594041412375,302.538100998252,0.0,4835.00206890781,0.0,0.0,0.0
1336,1.0,62.5406730724212,0.0,0.0,403.955404885207,399.915850836355,0.0,5230.08291767526,0.0,0.0,0.0
1337,2.0,22.7267913693634,0.0,0.0,0.0,0.0,193.183021576592,5029.7184695287,77.27320863063682,0.0,0.0
1338,2.0,0.0,0.0,0.0,0.0,0.0,250.0,4772.16349853392,100.0,0.0,0.0
1339,2.0,0.0,0.0,0.0,0.0,0.0,250.0,4514.86608251013,100.0,0.0,0.0
1340,2.0,0.0,0.0,0.0,0.0,0.0,250.0,4257.82596390237,100.0,0.0,0.0
1341,2.0,0.0,0.0,0.0,0.0,0.0,250.0,4001.04288541322,100.0,0.0,0.0
1342,2.0,0.0,0.0,0.0,0.0,0.0,250.0,3744.51659000255,100.0,0.0,0.0
1343,2.0,0.0,0.0,0.0,0.0,0.0,250.0,3488.24682088729,100.0,0.0,0.0
1344,0.5,0.0,0.0,0.0,0.0,0.0,0.0,3484.75857406641,0.0,0.0,0.0
1345,0.5,0.0,0.0,0.0,0.0,0.0,0.0,3481.27381549234,0.0,0.0,0.0
1346,0.5,0.0,0.0,0.0,0.0,0.0,0.0,3477.79254167685,0.0,0.0,0.0
1347,0.5,0.0,0.0,0.0,0.0,0.0,0.0,3474.31474913517,0.0,0.0,0.0
1348,0.5,0.0,0.0,0.0,0.0,0.0,0.0,3470.84043438604,0.0,0.0,0.0
1349,1.0,0.0,0.0,0.0,0.0,0.0,0.0,3467.36959395165,0.0,0.0,0.0
1350,1.0,0.0,0.0,0.0,0.0,0.0,0.0,3463.9022243577,0.0,0.0,0.0
1351,1.0,0.0,0.0,0.0,0.0,0.0,0.0,3460.43832213334,0.0,0.0,0.0
1352,1.0,9.05095662314299,0.0,0.0,0.0,0.0,0.0,3456.97788381121,0.0,0.0,0.0
1353,1.0,33.2292925775595,0.0,0.0,0.0,0.0,0.0,3453.5209059274,0.0,0.0,0.0
1354,1.0,36.5310594275555,0.0,0.0,0.0,0.0,0.0,3450.06738502147,0.0,0.0,0.0
1355,1.0,57.0400005700639,0.0,0.0,0.0,0.0,0.0,3446.61731763645,0.0,0.0,0.0
1356,1.0,39.9485397164933,0.0,0.0,0.0,0.0,0.0,3443.17070031881,0.0,0.0,0.0
1357,1.0,22.3351261326437,0.0,0.0,0.0,0.0,0.0,3439.72752961849,0.0,0.0,0.0
1358,1.0,20.5270648527485,0.0,0.0,0.0,0.0,0.0,3436.28780208887,0.0,0.0,0.0
1359,1.0,4.32661590904076,0.0,0.0,0.0,0.0,0.0,3432.85151428678,0.0,0.0,0.0
1360,1.0,15.4258624667616,0.0,0.0,0.0,0.0,0.0,3429.4186627725,0.0,0.0,0.0
1361,2.0,3.87442799864809,0.0,0.0,0.0,0.0,240.31393000338,3183.24790067197,96.125572001352,0.0,0.0
1362,2.0,0.0,0.0,0.0,0.0,0.0,250.0,2927.53940024604,100.0,0.0,0.0
1363,2.0,0.0,0.0,0.0,0.0,0.0,250.0,2672.08660832054,100.0,0.0,0.0
1364,2.0,0.0,0.0,0.0,0.0,0.0,250.0,2416.88926918697,100.0,0.0,0.0
1365,2.0,0.0,0.0,0.0,0.0,0.0,250.0,2161.94712739253,100.0,0.0,0.0
1366,2.0,0.0,0.0,0.0,0.0,0.0,250.0,1907.25992773989,100.0,0.0,0.0
1367,2.0,0.0,0.0,0.0,0.0,0.0,250.0,1652.82741528689,100.0,0.0,0.0
1368,0.5,0.0,0.0,0.0,0.0,0.0,0.0,1651.17458787161,0.0,0.0,0.0
1369,0.5,0.0,0.0,0.0,0.0,0.0,0.0,1649.52341328374,0.0,0.0,0.0
1370,0.5,0.0,0.0,0.0,0.0,0.0,0.0,1647.87388987045,0.0,0.0,0.0
1371,0.5,0.0,0.0,0.0,0.0,0.0,0.0,1646.22601598058,0.0,0.0,0.0
1372,0.5,0.0,0.0,0.0,0.0,0.0,0.0,1644.5797899646,0.0,0.0,0.0
1373,1.0,0.0,0.0,0.0,0.0,0.0,0.0,1642.93521017464,0.0,0.0,0.0
1374,1.0,0.0,0.0,0.0,0.0,0.0,0.0,1641.29227496446,0.0,0.0,0.0
1375,1.0,0.0,0.0,0.0,0.0,0.0,0.0,1639.6509826895,0.0,0.0,0.0
1376,1.0,9.13346078113834,0.0,0.0,0.0,0.0,0.0,1638.01133170681,0.0,0.0,0.0
1377,1.0,19.8755157997938,0.0,0.0,0.0,0.0,0.0,1636.3733203751,0.0,0.0,0.0
1378,1.0,23.1823686607551,0.0,0.0,0.0,0.0,0.0,1634.73694705473,0.0,0.0,0.0
1379,1.0,55.2965858806024,0.0,0.0,0.0,0.0,0.0,1633.10221010767,0.0,0.0,0.0
1380,1.0,0.0,0.0,0.0,0.0,0.0,0.0,1631.46910789756,0.0,0.0,0.0
1381,1.0,92.0903275167434,0.0,0.0,194.220232366365,192.278030042701,0.0,1822.11566883237,0.0,0.0,0.0
1382,1.0,97.1822761961622,0.0,0.0,492.846346740763,487.917883273355,0.0,2308.21143643689,0.0,0.0,0.0
1383,1.0,44.541151973554,0.0,0.0,0.0,0.0,0.0,2305.90322500045,0.0,0.0,0.0
1384,1.0,12.1461080012641,0.0,0.0,0.0,0.0,0.0,2303.59732177545,0.0,0.0,0.0
1385,2.0,3.11076253679068,0.0,0.0,0.0,0.0,242.223093658023,2056.62393287992,96.88923746320921,0.0,0.0
1386,2.0,0.0,0.0,0.0,0.0,0.0,250.0,1802.04205642178,100.0,0.0,0.0
1387,2.0,0.0,0.0,0.0,0.0,0.0,250.0,1547.71476184011,100.0,0.0,0.0
1388,2.0,0.0,0.0,0.0,0.0,0.0,250.0,1293.64179455302,100.0,0.0,0.0
1389,2.0,0.0,0.0,0.0,0.0,0.0,250.0,1039.82290023321,100.0,0.0,0.0
1390,2.0,0.0,0.0,0.0,0.0,0.0,250.0,786.257824807725,100.0,0.0,0.0
1391,2.0,0.0,0.0,0.0,0.0,0.0,250.0,532.946314457665,100.0,0.0,0.0
1392,0.5,0.0,0.0,0.0,0.0,0.0,0.0,532.413368143207,0.0,0.0,0.0
1393,0.5,0.0,0.0,0.0,0.0,0.0,0.0,531.880954775064,0.0,0.0,0.0
1394,0.5,0.0,0.0,0.0,0.0,0.0,0.0,531.349073820289,0.0,0.0,0.0
1395,0.5,0.0,0.0,0.0,0.0,0.0,0.0,530.817724746469,0.0,0.0,0.0
1396,0.5,0.0,0.0,0.0,0.0,0.0,0.0,530.286907021722,0.0,0.0,0.0
1397,1.0,0.0,0.0,0.0,0.0,0.0,0.0,529.7566201147,0.0,0.0,0.0
1398,1.0,0.0,0.0,0.0,0.0,0.0,0.0,529.226863494586,0.0,0.0,0.0
1399,1.0,0.0,0.0,0.0,0.0,0.0,0.0,528.697636631091,0.0,0.0,0.0
1400,1.0,6.65883010343476,0.0,0.0,0.0,0.0,0.0,528.16893899446,0.0,0.0,0.0
1401,1.0,12.9457383819354,0.0,0.0,0.0,0.0,0.0,527.640770055466,0.0,0.0,0.0
1402,1.0,13.046692135501,0.0,0.0,0.0,0.0,0.0,527.11312928541,0.0,0.0,0.0
1403,1.0,12.9811439737779,0.0,0.0,0.0,0.0,0.0,526.586016156125,0.0,0.0,0.0
1404,1.0,0.0,0.0,0.0,0.0,0.0,0.0,526.059430139969,0.0,0.0,0.0
1405,1.0,75.4859306458953,0.0,0.0,24.9835493203038,24.7337138271007,0.0,550.267084536929,0.0,0.0,0.0
1406,1.0,77.3627938676266,0.0,0.0,277.73120470713,274.953892660059,0.0,824.670710112452,0.0,0.0,0.0
1407,1.0,35.2644734027926,0.0,0.0,0.0,0.0,0.0,823.846039402339,0.0,0.0,0.0
1408,1.0,26.5334809917457,0.0,0.0,0.0,0.0,0.0,823.022193362937,0.0,0.0,0.0
1409,2.0,6.53280934170303,0.0,0.0,0.0,0.0,233.667976645742,586.17091193145,93.4671906582968,0.0,0.0
1410,2.0,0.0,0.0,0.0,0.0,0.0,250.0,333.059488494266,100.0,0.0,0.0
1411,2.0,0.0,0.0,0.0,0.0,0.0,250.0,80.2011764805192,100.0,0.0,0.0
1412,2.0,0.0,0.0,0.0,0.0,0.0,79.3197655509983,0.0,31.72790622039932,0.0,0.0
1413,2.0,0.0,0.0,0.0,0.0,0.0,0.0,0.0,0.0,0.0,0.0
1414,2.0,0.0,0.0,0.0,0.0,0.0,0.0,0.0,0.0,0.0,0.0
1415,2.0,0.0,0.0,0.0,0.0,0.0,0.0,0.0,0.0,0.0,0.0
1416,0.5,0.0,0.0,0.0,0.0,0.0,0.0,0.0,0.0,0.0,0.0
1417,0.5,0.0,0.0,0.0,0.0,0.0,0.0,0.0,0.0,0.0,0.0
1418,0.5,0.0,0.0,0.0,0.0,0.0,0.0,0.0,0.0,0.0,0.0
1419,0.5,0.0,0.0,0.0,0.0,0.0,0.0,0.0,0.0,0.0,0.0
1420,0.5,0.0,0.0,0.0,0.0,0.0,0.0,0.0,0.0,0.0,0.0
1421,1.0,0.0,0.0,0.0,0.0,0.0,0.0,0.0,0.0,0.0,0.0
1422,1.0,0.0,0.0,0.0,0.0,0.0,0.0,0.0,0.0,0.0,0.0
1423,1.0,0.0,0.0,0.0,0.0,0.0,0.0,0.0,0.0,0.0,0.0
1424,1.0,10.9468444144754,0.0,0.0,0.0,0.0,0.0,0.0,0.0,0.0,0.0
1425,1.0,35.2158057150138,0.0,0.0,0.0,0.0,0.0,0.0,0.0,0.0,0.0
1426,1.0,65.5515571717042,0.0,86.1211070707395,251.523086136865,249.007855275496,0.0,249.007855275496,34.4484428282958,0.0,0.0
1427,1.0,83.8174290843462,0.0,40.4564272891345,469.056925673307,464.366356416574,0.0,713.125203836794,16.182570915653802,0.0,0.0
1428,1.0,100.0,0.810315946195146,0.0,635.84311346056,630.270850856953,0.0,1342.68292948991,0.0,0.0,0.0
1429,1.0,84.4576417779849,0.0,38.8558955550378,284.722495385892,281.875270432033,0.0,1623.21551699245,15.54235822201512,0.0,0.0
1430,1.0,79.1702373261259,0.0,52.0744066846851,251.323311496791,248.810078381823,0.0,1870.40237985728,20.829762673874043,0.0,0.0
1431,1.0,89.386470881109,0.0,26.5338227972276,528.658702225962,523.372115203702,0.0,2391.90409268113,10.61352911889104,0.0,0.0
1432,1.0,70.1018018514423,0.0,74.7454953713943,417.202596131102,413.030570169791,0.0,2802.54275875824,29.89819814855772,0.0,0.0
1433,2.0,35.9721792065231,0.0,160.069551983692,122.143681254672,120.922244442126,0.0,2920.66246044161,64.0278207934768,0.0,0.0
1434,2.0,0.0,0.0,0.0,0.0,0.0,250.0,2665.21654545591,100.0,0.0,0.0
1435,2.0,0.0,0.0,0.0,0.0,0.0,250.0,2410.0260763852,100.0,0.0,0.0
1436,2.0,0.0,0.0,0.0,0.0,0.0,250.0,2155.09079778357,100.0,0.0,0.0
1437,2.0,0.0,0.0,0.0,0.0,0.0,250.0,1900.41045446053,100.0,0.0,0.0
1438,2.0,0.0,0.0,0.0,0.0,0.0,250.0,1645.98479148082,100.0,0.0,0.0
1439,2.0,0.0,0.0,0.0,0.0,0.0,250.0,1391.81355416408,100.0,0.0,0.0
1440,0.5,0.0,0.0,0.0,0.0,0.0,0.0,1390.42174060992,0.0,0.0,0.0
1441,0.5,0.0,0.0,0.0,0.0,0.0,0.0,1389.03131886931,0.0,0.0,0.0
1442,0.5,0.0,0.0,0.0,0.0,0.0,0.0,1387.64228755044,0.0,0.0,0.0
1443,0.5,0.0,0.0,0.0,0.0,0.0,0.0,1386.25464526289,0.0,0.0,0.0
1444,0.5,0.0,0.0,0.0,0.0,0.0,0.0,1384.86839061763,0.0,0.0,0.0
1445,1.0,0.0,0.0,0.0,0.0,0.0,110.457011244955,1271.91078359574,44.182804497982005,0.0,0.0
1446,1.0,0.0,0.0,0.0,0.0,0.0,0.0,1270.63887281214,0.0,0.0,0.0
1447,1.0,0.0,0.0,0.0,0.0,0.0,0.0,1269.36823393933,0.0,0.0,0.0
1448,1.0,9.28029588411176,0.0,0.0,0.0,0.0,0.0,1268.09886570539,0.0,0.0,0.0
1449,1.0,41.5853577572528,0.0,146.036605606868,45.8534506038484,45.3949160978099,0.0,1312.2256829375,58.4146422427472,0.0,0.0
1450,1.0,69.5760298761541,0.0,76.0599253096147,434.924350533387,430.575107028053,0.0,1741.48856428261,30.42397012384588,0.0,0.0
1451,1.0,90.7000317874,0.0,23.2499205315,574.78258494854,569.034759099054,0.0,2308.78183481738,9.2999682126,0.0,0.0
1452,1.0,99.1061021466212,0.0,2.23474463344694,545.551553641445,540.096038105031,0.0,2846.5690910876,0.893897853378776,0.0,0.0
1453,1.0,100.0,6.19684782847263,0.0,593.370307092407,593.448785784667,0.0,3437.17130778118,0.0,0.0,0.0
1454,1.0,100.0,3.10876653747526,0.0,594.921818633091,591.988725741419,0.0,4025.72286221481,0.0,0.0,0.0
1455,1.0,90.4941035884805,0.0,23.7647410287988,522.504609718309,517.279563621126,0.0,4538.97670297373,9.50589641151952,0.0,0.0
1456,1.0,68.4025586371285,0.0,78.9936034071788,377.966373284483,374.186709551638,0.0,4908.62443582239,31.59744136287152,0.0,0.0
1457,2.0,38.8153570135089,0.0,152.961607466228,160.87797831201,159.26919852889,0.0,5062.98500991546,61.184642986491205,0.0,0.0
1458,2.0,0.0,0.0,0.0,0.0,0.0,250.0,4805.39677238029,100.0,0.0,0.0
1459,2.0,0.0,0.0,0.0,0.0,0.0,250.0,4548.06612308266,100.0,0.0,0.0
1460,2.0,0.0,0.0,0.0,0.0,0.0,250.0,4290.99280443432,100.0,0.0,0.0
1461,2.0,0.0,0.0,0.0,0.0,0.0,250.0,4034.17655910464,100.0,0.0,0.0
1462,2.0,0.0,0.0,0.0,0.0,0.0,250.0,3777.61713002028,100.0,0.0,0.0
1463,2.0,0.0,0.0,0.0,0.0,0.0,250.0,3521.31426036501,100.0,0.0,0.0
1464,0.5,0.0,0.0,0.0,0.0,0.0,0.0,3517.79294610464,0.0,0.0,0.0
1465,0.5,0.0,0.0,0.0,0.0,0.0,0.0,3514.27515315854,0.0,0.0,0.0
1466,0.5,0.0,0.0,0.0,0.0,0.0,0.0,3510.76087800538,0.0,0.0,0.0
1467,0.5,0.0,0.0,0.0,0.0,0.0,0.0,3507.25011712737,0.0,0.0,0.0
1468,0.5,0.0,0.0,0.0,0.0,0.0,0.0,3503.74286701024,0.0,0.0,0.0
1469,1.0,0.0,0.0,0.0,0.0,0.0,0.0,3500.23912414323,0.0,0.0,0.0
1470,1.0,0.0,0.0,0.0,0.0,0.0,0.0,3496.73888501909,0.0,0.0,0.0
1471,1.0,0.0,0.0,0.0,0.0,0.0,0.0,3493.24214613407,0.0,0.0,0.0
1472,1.0,12.3818635675648,0.0,0.0,0.0,0.0,0.0,3489.74890398794,0.0,0.0,0.0
1473,1.0,28.9407603464627,0.0,0.0,0.0,0.0,0.0,3486.25915508395,0.0,0.0,0.0
1474,1.0,60.3408573262352,0.0,0.0,93.1615192665562,92.2299040738906,0.0,3575.00280000276,0.0,0.0,0.0
1475,1.0,31.1372645510077,0.0,0.0,0.0,0.0,0.0,3571.42779720275,0.0,0.0,0.0
1476,1.0,32.4933990958118,0.0,0.0,0.0,0.0,0.0,3567.85636940555,0.0,0.0,0.0
1477,1.0,17.8216983494252,0.0,0.0,0.0,0.0,0.0,3564.28851303614,0.0,0.0,0.0
1478,1.0,10.3115762229095,0.0,0.0,0.0,0.0,0.0,3560.72422452311,0.0,0.0,0.0
1479,1.0,16.3597520566868,0.0,0.0,0.0,0.0,0.0,3557.16350029859,0.0,0.0,0.0
1480,1.0,35.2803725613963,0.0,0.0,0.0,0.0,0.0,3553.60633679829,0.0,0.0,0.0
1481,2.0,9.77541634541925,0.0,0.0,0.0,0.0,225.561459136452,3322.2128727479,90.2245836545808,0.0,0.0
1482,2.0,0.0,0.0,0.0,0.0,0.0,250.0,3066.3654073499,100.0,0.0,0.0
1483,2.0,0.0,0.0,0.0,0.0,0.0,250.0,2810.7737894173,100.0,0.0,0.0
1484,2.0,0.0,0.0,0.0,0.0,0.0,250.0,2555.43776310263,100.0,0.0,0.0
1485,2.0,0.0,0.0,0.0,0.0,0.0,250.0,2300.35707281427,100.0,0.0,0.0
1486,2.0,0.0,0.0,0.0,0.0,0.0,250.0,2045.53146321621,100.0,0.0,0.0
1487,2.0,0.0,0.0,0.0,0.0,0.0,250.0,1790.96067922774,100.0,0.0,0.0
1488,0.5,0.0,0.0,0.0,0.0,0.0,0.0,1789.16971854851,0.0,0.0,0.0
1489,0.5,0.0,0.0,0.0,0.0,0.0,0.0,1787.38054882996,0.0,0.0,0.0
1490,0.5,0.0,0.0,0.0,0.0,0.0,0.0,1785.59316828113,0.0,0.0,0.0
1491,0.5,0.0,0.0,0.0,0.0,0.0,0.0,1783.80757511285,0.0,0.0,0.0
1492,0.5,0.0,0.0,0.0,0.0,0.0,0.0,1782.02376753774,0.0,0.0,0.0
1493,1.0,0.0,0.0,0.0,0.0,0.0,0.0,1780.2417437702,0.0,0.0,0.0
1494,1.0,0.0,0.0,0.0,0.0,0.0,0.0,1778.46150202643,0.0,0.0,0.0
1495,1.0,0.0,0.0,0.0,0.0,0.0,0.0,1776.6830405244,0.0,0.0,0.0
1496,1.0,12.1652529566455,0.0,0.0,0.0,0.0,0.0,1774.90635748388,0.0,0.0,0.0
1497,1.0,14.0522339442243,0.0,0.0,0.0,0.0,0.0,1773.13145112639,0.0,0.0,0.0
1498,1.0,25.6690809763463,0.0,0.0,0.0,0.0,0.0,1771.35831967527,0.0,0.0,0.0
1499,1.0,21.3361528803084,0.0,0.0,0.0,0.0,0.0,1769.58696135559,0.0,0.0,0.0
1500,1.0,30.0179637100559,0.0,0.0,0.0,0.0,0.0,1767.81737439424,0.0,0.0,0.0
1501,1.0,23.9399143458569,0.0,0.0,0.0,0.0,0.0,1766.04955701984,0.0,0.0,0.0
1502,1.0,10.8992612068686,0.0,0.0,0.0,0.0,0.0,1764.28350746282,0.0,0.0,0.0
1503,1.0,11.6236583317495,0.0,0.0,0.0,0.0,0.0,1762.51922395536,0.0,0.0,0.0
1504,1.0,10.0269881542118,0.0,0.0,0.0,0.0,0.0,1760.7567047314,0.0,0.0,0.0
1505,2.0,5.54321720668382,0.0,0.0,0.0,0.0,236.14195698329,1520.46871875062,94.456782793316,0.0,0.0
1506,2.0,0.0,0.0,0.0,0.0,0.0,250.0,1266.42299750662,100.0,0.0,0.0
1507,2.0,0.0,0.0,0.0,0.0,0.0,250.0,1012.63132198386,100.0,0.0,0.0
1508,2.0,0.0,0.0,0.0,0.0,0.0,250.0,759.093438136623,100.0,0.0,0.0
1509,2.0,0.0,0.0,0.0,0.0,0.0,250.0,505.809092173234,100.0,0.0,0.0
1510,2.0,0.0,0.0,0.0,0.0,0.0,250.0,252.778030555808,100.0,0.0,0.0
1511,2.0,0.0,0.0,0.0,0.0,0.0,250.0,0.0,100.0,0.0,0.0
1512,0.5,0.0,0.0,0.0,0.0,0.0,0.0,0.0,0.0,0.0,0.0
1513,0.5,0.0,0.0,0.0,0.0,0.0,0.0,0.0,0.0,0.0,0.0
1514,0.5,0.0,0.0,0.0,0.0,0.0,0.0,0.0,0.0,0.0,0.0
1515,0.5,0.0,0.0,0.0,0.0,0.0,0.0,0.0,0.0,0.0,0.0
1516,0.5,0.0,0.0,0.0,0.0,0.0,0.0,0.0,0.0,0.0,0.0
1517,1.0,0.0,0.0,0.0,0.0,0.0,0.0,0.0,0.0,0.0,0.0
1518,1.0,0.0,0.0,0.0,0.0,0.0,0.0,0.0,0.0,0.0,0.0
1519,1.0,0.0,0.0,0.0,0.0,0.0,0.0,0.0,0.0,0.0,0.0
1520,1.0,11.8804485901254,0.0,0.0,0.0,0.0,0.0,0.0,0.0,0.0,0.0
1521,1.0,40.9417904289479,0.0,16.1976753069154,0.0,0.0,0.0,0.0,6.47907012276616,0.0,0.0
1522,1.0,76.5364512374266,0.0,58.6588719064335,536.89300181964,531.524071801443,0.0,531.524071801443,23.4635487625734,0.0,0.0
1523,1.0,98.9810388770582,0.0,2.54740280735447,663.048895674899,656.41840671815,0.0,1187.41095444779,1.018961122941788,0.0,0.0
1524,1.0,40.7954989250681,0.0,0.0,0.0,0.0,148.01125268733,1036.71722764756,59.204501074932004,0.0,0.0
1525,1.0,94.7460261618152,0.0,13.1349345954621,174.98217995511,173.232358155559,0.0,1208.91286857547,5.253973838184841,0.0,0.0
1526,1.0,95.8303439552095,0.0,10.4241401119762,425.580859144908,421.325050553459,0.0,1629.02900626035,4.1696560447904805,0.0,0.0
1527,1.0,76.1543874070403,0.0,59.6140314823993,270.275465718252,267.57271106107,0.0,1894.97268831516,23.84561259295972,0.0,0.0
1528,1.0,67.678006940753,0.0,80.8049826481175,332.506248150865,329.181185669356,0.0,2222.2589012962,32.321993059247,0.0,0.0
1529,2.0,42.8770049808523,0.0,142.807487547869,198.009697851721,196.029600873204,0.0,2416.06624326811,57.122995019147595,0.0,0.0
1530,2.0,0.0,0.0,0.0,0.0,0.0,250.0,2161.12492449959,100.0,0.0,0.0
1531,2.0,0.0,0.0,0.0,0.0,0.0,250.0,1906.43854704984,100.0,0.0,0.0
1532,2.0,0.0,0.0,0.0,0.0,0.0,250.0,1652.00685597753,100.0,0.0,0.0
1533,2.0,0.0,0.0,0.0,0.0,0.0,250.0,1397.8295965963,100.0,0.0,0.0
1534,2.0,0.0,0.0,0.0,0.0,0.0,250.0,1143.90651447445,100.0,0.0,0.0
1535,2.0,0.0,0.0,0.0,0.0,0.0,250.0,890.237355434727,100.0,0.0,0.0
1536,0.5,0.0,0.0,0.0,0.0,0.0,0.0,889.347118079292,0.0,0.0,0.0
1537,0.5,0.0,0.0,0.0,0.0,0.0,0.0,888.457770961213,0.0,0.0,0.0
1538,0.5,0.0,0.0,0.0,0.0,0.0,0.0,887.569313190251,0.0,0.0,0.0
1539,0.5,0.0,0.0,0.0,0.0,0.0,0.0,886.681743877061,0.0,0.0,0.0
1540,0.5,0.0,0.0,0.0,0.0,0.0,0.0,885.795062133184,0.0,0.0,0.0
1541,1.0,0.0,0.0,0.0,0.0,0.0,250.0,632.384014545798,100.0,0.0,0.0
1542,1.0,0.0,0.0,0.0,0.0,0.0,250.0,379.226378006,100.0,0.0,0.0
1543,1.0,0.0,0.0,0.0,0.0,0.0,250.0,126.321899102741,100.0,0.0,0.0
1544,1.0,10.014957907894,0.0,0.0,0.0,0.0,124.933621431602,0.0,49.973448572640805,0.0,0.0
1545,1.0,43.7960019841775,0.0,140.509995039556,66.0545386754405,65.3939932886861,0.0,65.3939932886861,56.20399801582241,0.0,0.0
1546,1.0,72.6711455213212,0.0,68.3221361966969,463.381755903232,458.7479383442,0.0,524.076537639597,27.328854478678764,0.0,0.0
1547,1.0,92.7660136236264,0.0,18.0849659409341,575.927506064247,570.168231003605,0.0,1093.72069210556,7.2339863763736405,0.0,0.0
1548,1.0,100.0,2.22732171085026,0.0,563.115235608111,559.645030775896,0.0,1652.27200218935,0.0,0.0,0.0
1549,1.0,100.0,7.03749702234701,0.0,576.301933300038,577.366693578118,0.0,2227.98642376528,0.0,0.0,0.0
1550,1.0,100.0,4.11466761892385,0.0,577.98700398226,576.199184466317,0.0,2801.95762180783,0.0,0.0,0.0
1551,1.0,91.1466254337055,0.0,22.1334364157362,509.277368314542,504.184594631396,0.0,3303.34025881742,8.85337456629448,0.0,0.0
1552,1.0,71.2662872195773,0.0,71.8342819510567,406.132529454648,402.071204160101,0.0,3702.10812271871,28.733712780422678,0.0,0.0
1553,2.0,38.1165411334464,0.0,154.708647166384,135.558965663205,134.203376006573,0.0,3832.60939060256,61.8834588665536,0.0,0.0
1554,2.0,0.0,0.0,0.0,0.0,0.0,250.0,3576.25152868671,100.0,0.0,0.0
1555,2.0,0.0,0.0,0.0,0.0,0.0,250.0,3320.15002463277,100.0,0.0,0.0
1556,2.0,0.0,0.0,0.0,0.0,0.0,250.0,3064.30462208288,100.0,0.0,0.0
1557,2.0,0.0,0.0,0.0,0.0,0.0,250.0,2808.71506493555,100.0,0.0,0.0
1558,2.0,0.0,0.0,0.0,0.0,0.0,250.0,2553.38109734536,100.0,0.0,0.0
1559,2.0,0.0,0.0,0.0,0.0,0.0,250.0,2298.30246372276,100.0,0.0,0.0
1560,0.5,0.0,0.0,0.0,0.0,0.0,250.0,2043.47890873378,100.0,0.0,0.0
1561,0.5,0.0,0.0,0.0,0.0,0.0,181.415849894624,1858.18709659816,72.56633995784959,0.0,0.0
1562,0.5,0.0,0.0,0.0,0.0,0.0,0.0,1856.32890950156,0.0,0.0,0.0
1563,0.5,0.0,0.0,0.0,0.0,0.0,0.0,1854.47258059206,0.0,0.0,0.0
1564,0.5,0.0,0.0,0.0,0.0,0.0,0.0,1852.61810801146,0.0,0.0,0.0
1565,1.0,0.0,0.0,0.0,0.0,0.0,250.0,1598.2402373782,100.0,0.0,0.0
1566,1.0,0.0,0.0,0.0,0.0,0.0,250.0,1344.11674461557,100.0,0.0,0.0
1567,1.0,0.0,0.0,0.0,0.0,0.0,250.0,1090.2473753457,100.0,0.0,0.0
1568,1.0,10.691133589093,0.0,0.0,0.0,0.0,223.272166027268,863.629687538773,89.30886641090721,0.0,0.0
1569,1.0,42.7020914779199,0.0,143.2447713052,44.4458013225579,44.0013433093324,0.0,906.767401160567,57.29790852208001,0.0,0.0
1570,1.0,68.4284805090384,0.0,78.9287987274041,397.076162952947,393.105401323418,0.0,1298.96603508282,31.57151949096164,0.0,0.0
1571,1.0,87.9040216904996,0.0,30.2399457737511,523.906741127589,518.667673716313,0.0,1816.33474276405,12.09597830950044,0.0,0.0
1572,1.0,97.313949261871,0.0,6.71512684532246,530.309582558593,525.006486733007,0.0,2339.5248947543,2.686050738128984,0.0,0.0
1573,1.0,100.0,3.10295673819881,0.0,569.20038022859,566.518865053705,0.0,2903.70423491325,0.0,0.0,0.0
1574,1.0,99.5576901225159,0.0,1.1057746937103,558.695798557334,553.108840571761,0.0,3453.9093712501,0.44230987748412,0.0,0.0
1575,1.0,80.3759347132424,0.0,49.0601632168941,377.783008879087,374.005178790296,0.0,3824.46064066914,19.62406528675764,0.0,0.0
1576,1.0,52.7672913269818,0.0,118.081771682546,151.182181834151,149.670360015809,0.0,3970.30654004428,47.23270867301841,0.0,0.0
1577,2.0,36.1964770769205,0.0,159.508807307699,115.979860373792,114.820061770054,0.0,4081.15629527429,63.8035229230796,0.0,0.0
1578,2.0,0.0,0.0,0.0,0.0,0.0,250.0,3824.54988645376,100.0,0.0,0.0
1579,2.0,0.0,0.0,0.0,0.0,0.0,250.0,3568.20008404206,100.0,0.0,0.0
1580,2.0,0.0,0.0,0.0,0.0,0.0,250.0,3312.10663143276,100.0,0.0,0.0
1581,2.0,0.0,0.0,0.0,0.0,0.0,250.0,3056.26927227608,100.0,0.0,0.0
1582,2.0,0.0,0.0,0.0,0.0,0.0,250.0,2800.68775047855,100.0,0.0,0.0
1583,2.0,0.0,0.0,0.0,0.0,0.0,250.0,2545.36181020282,100.0,0.0,0.0
1584,0.5,0.0,0.0,0.0,0.0,0.0,0.0,2542.81644839261,0.0,0.0,0.0
1585,0.5,0.0,0.0,0.0,0.0,0.0,0.0,2540.27363194422,0.0,0.0,0.0
1586,0.5,0.0,0.0,0.0,0.0,0.0,0.0,2537.73335831228,0.0,0.0,0.0
1587,0.5,0.0,0.0,0.0,0.0,0.0,0.0,2535.19562495396,0.0,0.0,0.0
1588,0.5,0.0,0.0,0.0,0.0,0.0,0.0,2532.66042932901,0.0,0.0,0.0
1589,1.0,0.0,0.0,0.0,0.0,0.0,250.0,2277.60251637443,100.0,0.0,0.0
1590,1.0,0.0,0.0,0.0,0.0,0.0,250.0,2022.7996613328,100.0,0.0,0.0
1591,1.0,0.0,0.0,0.0,0.0,0.0,250.0,1768.25160914622,100.0,0.0,0.0
1592,1.0,9.91715737395865,0.0,0.0,0.0,0.0,225.207106565103,1539.00143171373,90.08284262604121,0.0,0.0
1593,1.0,18.5478378293351,0.0,0.0,0.0,0.0,203.630405426662,1331.77515207327,81.4521621706648,0.0,0.0
1594,1.0,13.8612544357659,0.0,0.0,0.0,0.0,215.346863910585,1112.92129216303,86.138745564234,0.0,0.0
1595,1.0,35.3535638637312,0.0,0.0,0.0,0.0,161.616090340672,948.559794769178,64.6464361362688,0.0,0.0
1596,1.0,74.5990832006812,0.0,41.5797481976222,0.0,0.0,21.9225438006746,925.467251337364,25.400916799318722,0.0,0.0
1597,1.0,100.0,3.3560218314219,0.0,600.209483670647,597.463401214786,0.0,1522.00518530081,0.0,0.0,0.0
1598,1.0,99.8672449523299,0.0,0.331887619175184,590.22534467471,584.323091227963,0.0,2104.80627134347,0.1327550476700736,0.0,0.0
1599,1.0,88.0701402762366,0.0,29.8246493094085,512.028325240262,506.908041987859,0.0,2609.60950705999,11.9298597237634,0.0,0.0
1600,1.0,68.521658619458,0.0,78.6958534513551,396.138611418226,392.177225304044,0.0,2999.17712285697,31.478341380542044,0.0,0.0
1601,2.0,38.3405616631855,0.0,154.148595842036,151.736204989589,150.218842939693,0.0,3146.39678867381,61.659438336814404,0.0,0.0
1602,2.0,0.0,0.0,0.0,0.0,0.0,250.0,2890.72513935988,100.0,0.0,0.0
1603,2.0,0.0,0.0,0.0,0.0,0.0,250.0,2635.30916169527,100.0,0.0,0.0
1604,2.0,0.0,0.0,0.0,0.0,0.0,250.0,2380.14860000832,100.0,0.0,0.0
1605,2.0,0.0,0.0,0.0,0.0,0.0,250.0,2125.24319888306,100.0,0.0,0.0
1606,2.0,0.0,0.0,0.0,0.0,0.0,250.0,1870.59270315893,100.0,0.0,0.0
1607,2.0,0.0,0.0,0.0,0.0,0.0,250.0,1616.19685793051,100.0,0.0,0.0
1608,0.5,0.0,0.0,0.0,0.0,0.0,0.0,1614.58066107258,0.0,0.0,0.0
1609,0.5,0.0,0.0,0.0,0.0,0.0,0.0,1612.96608041151,0.0,0.0,0.0
1610,0.5,0.0,0.0,0.0,0.0,0.0,0.0,1611.3531143311,0.0,0.0,0.0
1611,0.5,0.0,0.0,0.0,0.0,0.0,0.0,1609.74176121677,0.0,0.0,0.0
1612,0.5,0.0,0.0,0.0,0.0,0.0,0.0,1608.13201945555,0.0,0.0,0.0
1613,1.0,0.0,0.0,0.0,0.0,0.0,250.0,1353.99863491084,100.0,0.0,0.0
1614,1.0,0.0,0.0,0.0,0.0,0.0,250.0,1100.11938375068,100.0,0.0,0.0
1615,1.0,0.0,0.0,0.0,0.0,0.0,250.0,846.494011841678,100.0,0.0,0.0
1616,1.0,13.1046352457765,0.0,0.0,0.0,0.0,217.238411885559,626.214778551494,86.8953647542236,0.0,0.0
1617,1.0,17.8939724892949,0.0,0.0,0.0,0.0,205.265068776763,418.250110463081,82.1060275107052,0.0,0.0
1618,1.0,28.8147478277618,0.0,0.0,0.0,0.0,177.963130430596,238.071122543936,71.1852521722384,0.0,0.0
1619,1.0,79.3573723880481,0.0,51.6065690298797,138.435864957198,137.051506307626,0.0,374.884557729017,20.64262761195188,0.0,0.0
1620,1.0,94.7108069743341,0.0,13.2229825641648,473.585410344697,468.84955624125,0.0,843.359229412538,5.28919302566592,0.0,0.0
1621,1.0,100.0,3.16110352820337,0.0,559.094784719354,556.570739515224,0.0,1399.08660969835,0.0,0.0,0.0
1622,1.0,100.0,0.544167908057474,0.0,559.850143190717,554.779593463207,0.0,1952.46711655186,0.0,0.0,0.0
1623,1.0,83.6371052274765,0.0,40.9072369313089,415.561049612297,411.405439116174,0.0,2361.92008855148,16.36289477252356,0.0,0.0
1624,1.0,68.6686664180317,0.0,78.3283339549207,379.272053901111,375.4793333621,0.0,2735.03750182503,31.33133358196828,0.0,0.0
1625,2.0,12.62808184886,0.0,0.0,0.0,0.0,218.42979537785,2511.66630737588,87.37191815114001,0.0,0.0
1626,2.0,0.0,0.0,0.0,0.0,0.0,250.0,2256.62938854325,100.0,0.0,0.0
1627,2.0,0.0,0.0,0.0,0.0,0.0,250.0,2001.84750662945,100.0,0.0,0.0
1628,2.0,0.0,0.0,0.0,0.0,0.0,250.0,1747.32040659757,100.0,0.0,0.0
1629,2.0,0.0,0.0,0.0,0.0,0.0,250.0,1493.04783366572,100.0,0.0,0.0
1630,2.0,0.0,0.0,0.0,0.0,0.0,250.0,1239.0295333068,100.0,0.0,0.0
1631,2.0,0.0,0.0,0.0,0.0,0.0,250.0,985.265251248245,100.0,0.0,0.0
1632,0.5,0.0,0.0,0.0,0.0,0.0,0.0,984.279985996997,0.0,0.0,0.0
1633,0.5,0.0,0.0,0.0,0.0,0.0,0.0,983.295706011,0.0,0.0,0.0
1634,0.5,0.0,0.0,0.0,0.0,0.0,0.0,982.312410304989,0.0,0.0,0.0
1635,0.5,0.0,0.0,0.0,0.0,0.0,0.0,981.330097894684,0.0,0.0,0.0
1636,0.5,0.0,0.0,0.0,0.0,0.0,0.0,980.34876779679,0.0,0.0,0.0
1637,1.0,0.0,0.0,0.0,0.0,0.0,250.0,726.84316650374,100.0,0.0,0.0
1638,1.0,0.0,0.0,0.0,0.0,0.0,250.0,473.591070811984,100.0,0.0,0.0
1639,1.0,0.0,0.0,0.0,0.0,0.0,250.0,220.592227215919,100.0,0.0,0.0
1640,1.0,12.7328325444734,0.0,0.0,0.0,0.0,218.167918638816,0.0,87.2671674555264,0.0,0.0
1641,1.0,44.6657383389566,0.0,138.335654152608,59.20230224349,58.6102792210551,0.0,58.6102792210551,55.3342616610432,0.0,0.0
1642,1.0,70.9311526681947,0.0,72.6721183295133,426.845676717974,422.577219950794,0.0,481.128888892628,29.06884733180532,0.0,0.0
1643,1.0,89.7816658516331,0.0,25.5458353709172,528.887144906538,523.598273457473,0.0,1004.24603346121,10.21833414836688,0.0,0.0
1644,1.0,100.0,1.09609623391525,0.0,566.600609175683,561.998035650071,0.0,1565.23982307782,0.0,0.0,0.0
1645,1.0,100.0,5.07074554576461,0.0,567.525811645584,566.770190857629,0.0,2130.44477411237,0.0,0.0,0.0
1646,1.0,100.0,3.47487366575828,0.0,592.083528284463,589.534015432137,0.0,2717.84834477039,0.0,0.0,0.0
1647,1.0,89.6788970702079,0.0,25.8027573244803,497.475221641487,492.500469425072,0.0,3207.6309658507,10.32110292979212,0.0,0.0
1648,1.0,68.9996006053348,0.0,77.500998486663,373.562062141822,369.826441520404,0.0,3574.24977640525,31.000399394665198,0.0,0.0
1649,2.0,30.0932893088335,0.0,174.766776727916,11.4760978771293,11.3613368983581,0.0,3582.0368635272,69.90671069116641,0.0,0.0
1650,2.0,0.0,0.0,0.0,0.0,0.0,250.0,3325.92957413842,100.0,0.0,0.0
1651,2.0,0.0,0.0,0.0,0.0,0.0,250.0,3070.07839203903,100.0,0.0,0.0
1652,2.0,0.0,0.0,0.0,0.0,0.0,250.0,2814.48306112174,100.0,0.0,0.0
1653,2.0,0.0,0.0,0.0,0.0,0.0,250.0,2559.14332553536,100.0,0.0,0.0
1654,2.0,0.0,0.0,0.0,0.0,0.0,250.0,2304.05892968458,100.0,0.0,0.0
1655,2.0,0.0,0.0,0.0,0.0,0.0,250.0,2049.22961822964,100.0,0.0,0.0
1656,0.5,0.0,0.0,0.0,0.0,0.0,250.0,1794.65513608616,100.0,0.0,0.0
1657,0.5,0.0,0.0,0.0,0.0,0.0,250.0,1540.33522842482,100.0,0.0,0.0
1658,0.5,0.0,0.0,0.0,0.0,0.0,250.0,1286.26964067114,100.0,0.0,0.0
1659,0.5,0.0,0.0,0.0,0.0,0.0,250.0,1032.45811850522,100.0,0.0,0.0
1660,0.5,0.0,0.0,0.0,0.0,0.0,53.1996286593185,977.688661740936,21.2798514637274,0.0,0.0
1661,1.0,0.0,0.0,0.0,0.0,0.0,250.0,724.185720553942,100.0,0.0,0.0
1662,1.0,0.0,0.0,0.0,0.0,0.0,250.0,470.936282308136,100.0,0.0,0.0
1663,1.0,0.0,0.0,0.0,0.0,0.0,250.0,217.940093500575,100.0,0.0,0.0
1664,1.0,13.7820272507985,0.0,0.0,0.0,0.0,215.544931873004,0.0,86.2179727492016,0.0,0.0
1665,1.0,44.850266051311,0.0,137.874334871723,57.4046840395335,56.8306371991382,0.0,56.8306371991382,55.1497339486892,0.0,0.0
1666,1.0,71.0526580940971,0.0,72.3683547647572,430.831304573042,426.522991527311,0.0,483.29679808925,28.94734190590288,0.0,0.0
1667,1.0,89.2677987437289,0.0,26.8305031406777,521.286724099831,516.073856858833,0.0,998.887358149994,10.73220125627108,0.0,0.0
1668,1.0,99.4360559753103,0.0,1.4098600617243,547.189149016421,541.717257526257,0.0,1539.6057283181,0.56394402468972,0.0,0.0
1669,1.0,100.0,6.19394633566422,0.0,593.339347401463,593.415320662309,0.0,2131.48144325209,0.0,0.0,0.0
1670,1.0,100.0,4.10935130204521,0.0,603.919441355169,601.867139574861,0.0,2731.2171013837,0.0,0.0,0.0
1671,1.0,68.5583494421379,0.0,78.6041263946552,193.480680488487,191.545873683602,0.0,2920.03175796592,31.44165055786208,0.0,0.0
1672,1.0,32.7002959699154,0.0,0.0,0.0,0.0,168.249260075212,2747.16297865723,67.2997040300848,0.0,0.0
1673,2.0,18.3329786723357,0.0,0.0,0.0,0.0,204.167553319161,2538.18596384104,81.6670213276644,0.0,0.0
1674,2.0,0.0,0.0,0.0,0.0,0.0,250.0,2283.12252535195,100.0,0.0,0.0
1675,2.0,0.0,0.0,0.0,0.0,0.0,250.0,2028.31415030134,100.0,0.0,0.0
1676,2.0,0.0,0.0,0.0,0.0,0.0,250.0,1773.76058362579,100.0,0.0,0.0
1677,2.0,0.0,0.0,0.0,0.0,0.0,250.0,1519.46157051691,100.0,0.0,0.0
1678,2.0,0.0,0.0,0.0,0.0,0.0,250.0,1265.41685642114,100.0,0.0,0.0
1679,2.0,0.0,0.0,0.0,0.0,0.0,250.0,1011.62618703947,100.0,0.0,0.0
1680,0.5,0.0,0.0,0.0,0.0,0.0,30.6655795935631,979.639227929637,12.26623183742524,0.0,0.0
1681,0.5,0.0,0.0,0.0,0.0,0.0,0.0,978.659588701708,0.0,0.0,0.0
1682,0.5,0.0,0.0,0.0,0.0,0.0,0.0,977.680929113006,0.0,0.0,0.0
1683,0.5,0.0,0.0,0.0,0.0,0.0,0.0,976.703248183893,0.0,0.0,0.0
1684,0.5,0.0,0.0,0.0,0.0,0.0,0.0,975.726544935709,0.0,0.0,0.0
1685,1.0,0.0,0.0,0.0,0.0,0.0,250.0,722.225565865521,100.0,0.0,0.0
1686,1.0,0.0,0.0,0.0,0.0,0.0,250.0,468.978087774403,100.0,0.0,0.0
1687,1.0,0.0,0.0,0.0,0.0,0.0,250.0,215.983857161376,100.0,0.0,0.0
1688,1.0,14.5559221715311,0.0,0.0,0.0,0.0,213.610194571172,0.0,85.4440778284688,0.0,0.0
1689,1.0,44.2770577288406,0.0,139.307355677898,17.0711235416128,16.9004123061967,0.0,16.9004123061967,55.7229422711592,0.0,0.0
1690,1.0,65.1645803304557,0.0,87.0885491738607,258.00420485269,255.424162804163,0.0,272.307674698053,34.83541966954428,0.0,0.0
1691,1.0,89.3833627456708,0.0,26.5415931358231,514.178411890496,509.036627771591,0.0,781.071994794946,10.616637254329241,0.0,0.0
1692,1.0,100.0,3.11478814655244,0.0,608.923310383615,605.856044739564,0.0,1386.14696753972,0.0,0.0,0.0
1693,1.0,100.0,5.41581648693671,0.0,587.470707214126,586.850425297611,0.0,1971.61124586979,0.0,0.0,0.0
1694,1.0,100.0,1.18573944143306,0.0,567.535594683209,563.010643142455,0.0,2532.65027776637,0.0,0.0,0.0
1695,1.0,94.4368149804248,0.0,13.907962548938,592.933469430223,587.004134735921,0.0,3117.12176222453,5.563185019575201,0.0,0.0
1696,1.0,66.3310346394685,0.0,84.1724134013288,341.802212286553,338.384190163688,0.0,3452.38883062599,33.66896536053152,0.0,0.0
1697,2.0,34.2301459918608,0.0,164.424635020348,72.8099943802977,72.0818944364947,0.0,3521.01833623186,65.7698540081392,0.0,0.0
1698,2.0,0.0,0.0,0.0,0.0,0.0,250.0,3264.97206537037,100.0,0.0,0.0
1699,2.0,0.0,0.0,0.0,0.0,0.0,250.0,3009.18184077975,100.0,0.0,0.0
1700,2.0,0.0,0.0,0.0,0.0,0.0,250.0,2753.64740641372,100.0,0.0,0.0
1701,2.0,0.0,0.0,0.0,0.0,0.0,250.0,2498.36850648205,100.0,0.0,0.0
1702,2.0,0.0,0.0,0.0,0.0,0.0,250.0,2243.34488545032,100.0,0.0,0.0
1703,2.0,0.0,0.0,0.0,0.0,0.0,250.0,1988.57628803961,100.0,0.0,0.0
1704,0.5,0.0,0.0,0.0,0.0,0.0,250.0,1734.06245922632,100.0,0.0,0.0
1705,0.5,0.0,0.0,0.0,0.0,0.0,250.0,1479.80314424184,100.0,0.0,0.0
1706,0.5,0.0,0.0,0.0,0.0,0.0,250.0,1225.79808857235,100.0,0.0,0.0
1707,0.5,0.0,0.0,0.0,0.0,0.0,247.096426495714,974.979940488106,98.83857059828561,0.0,0.0
1708,0.5,0.0,0.0,0.0,0.0,0.0,0.0,974.004960547618,0.0,0.0,0.0
1709,1.0,0.0,0.0,0.0,0.0,0.0,250.0,720.505703061818,100.0,0.0,0.0
1710,1.0,0.0,0.0,0.0,0.0,0.0,250.0,467.259944833504,100.0,0.0,0.0
1711,1.0,0.0,0.0,0.0,0.0,0.0,250.0,214.267432363418,100.0,0.0,0.0
1712,1.0,15.2349466873026,0.0,0.0,0.0,0.0,211.912633281744,0.0,84.7650533126976,0.0,0.0
1713,1.0,46.0859041524293,0.0,134.785239618927,70.7136926591956,70.0065557326037,0.0,70.0065557326037,53.9140958475708,0.0,0.0
1714,1.0,71.8842197027263,0.0,70.2894507431842,470.095421471952,465.394467257233,0.0,535.331016434104,28.115780297273684,0.0,0.0
1715,1.0,91.0816588749226,0.0,22.2958528126935,623.44431561542,617.209872459266,0.0,1152.00555787694,8.9183411250774,0.0,0.0
1716,1.0,99.5937710401356,0.0,1.01557239966091,618.167992493604,611.986312568668,0.0,1762.83986488773,0.406228959864364,0.0,0.0
1717,1.0,100.0,3.73175314673787,0.0,644.593728470512,641.768338088772,0.0,2402.84536311161,0.0,0.0,0.0
1718,1.0,100.0,0.518407820554515,0.0,633.700498318469,627.866452602787,0.0,3028.30897035129,0.0,0.0,0.0
1719,1.0,89.7426958560566,0.0,25.6432603598586,568.512185491743,562.827063636826,0.0,3588.10772501776,10.257304143943442,0.0,0.0
1720,1.0,71.5676859596399,0.0,71.0807851009003,458.418577641499,453.834391865084,0.0,4038.35400915783,28.432314040360122,0.0,0.0
1721,2.0,40.4428893187445,0.0,148.892776703139,185.558618222624,183.703032040398,0.0,4218.01868718907,59.5571106812556,0.0,0.0
1722,2.0,0.0,0.0,0.0,0.0,0.0,250.0,3961.27541597662,100.0,0.0,0.0
1723,2.0,0.0,0.0,0.0,0.0,0.0,250.0,3704.7888880354,100.0,0.0,0.0
1724,2.0,0.0,0.0,0.0,0.0,0.0,250.0,3448.55884662211,100.0,0.0,0.0
1725,2.0,0.0,0.0,0.0,0.0,0.0,250.0,3192.58503525023,100.0,0.0,0.0
1726,2.0,0.0,0.0,0.0,0.0,0.0,250.0,2936.86719768973,100.0,0.0,0.0
1727,2.0,0.0,0.0,0.0,0.0,0.0,250.0,2681.40507796679,100.0,0.0,0.0
1728,0.5,0.0,0.0,0.0,0.0,0.0,250.0,2426.19842036357,100.0,0.0,0.0
1729,0.5,0.0,0.0,0.0,0.0,0.0,250.0,2171.24696941795,100.0,0.0,0.0
1730,0.5,0.0,0.0,0.0,0.0,0.0,250.0,1916.55046992328,100.0,0.0,0.0
1731,0.5,0.0,0.0,0.0,0.0,0.0,250.0,1662.1086669281,100.0,0.0,0.0
1732,0.5,0.0,0.0,0.0,0.0,0.0,250.0,1407.92130573592,100.0,0.0,0.0
1733,1.0,0.0,0.0,0.0,0.0,0.0,250.0,1153.98813190494,100.0,0.0,0.0
1734,1.0,0.0,0.0,0.0,0.0,0.0,250.0,900.308891247778,100.0,0.0,0.0
1735,1.0,0.0,0.0,0.0,0.0,0.0,250.0,646.883329831278,100.0,0.0,0.0
1736,1.0,15.6356318088579,0.0,0.0,0.0,0.0,210.910920477855,433.195112685431,84.364368191142,0.0,0.0
1737,1.0,0.0,0.0,0.0,0.0,0.0,250.0,180.236665047493,100.0,0.0,0.0
1738,1.0,70.7035641057512,0.0,73.2410897356221,199.319322260272,197.32612903767,0.0,377.382557420116,29.29643589424884,0.0,0.0
1739,1.0,87.7498725620176,0.0,30.625318594956,546.947751580899,541.47827406509,0.0,918.483448927786,12.2501274379824,0.0,0.0
1740,1.0,99.3942614702544,0.0,1.51434632436398,635.008884025435,628.658795185181,0.0,1546.22376066404,0.6057385297455921,0.0,0.0
1741,1.0,100.0,3.37808014542256,0.0,648.338146183583,645.132178078836,0.0,2189.80971498221,0.0,0.0,0.0
1742,1.0,97.5001930497991,0.0,6.24951737550237,598.651520209207,592.665005007115,0.0,2780.28491027434,2.499806950200948,0.0,0.0
1743,1.0,81.9757088976746,0.0,45.0607277558136,452.272938659686,447.750209273089,0.0,3225.25483463716,18.024291102325442,0.0,0.0
1744,1.0,65.6899891953742,0.0,85.7750270115646,371.225623019787,367.513366789589,0.0,3589.54294659211,34.31001080462584,0.0,0.0
1745,2.0,31.2617003675443,0.0,171.845749081139,40.2555971685283,39.853041196843,0.0,3625.80644484236,68.7382996324556,0.0,0.0
1746,2.0,0.0,0.0,0.0,0.0,0.0,250.0,3369.65538587227,100.0,0.0,0.0
1747,2.0,0.0,0.0,0.0,0.0,0.0,250.0,3113.76047796114,100.0,0.0,0.0
1748,2.0,0.0,0.0,0.0,0.0,0.0,250.0,2858.12146495793,100.0,0.0,0.0
1749,2.0,0.0,0.0,0.0,0.0,0.0,250.0,2602.73809096772,100.0,0.0,0.0
1750,2.0,0.0,0.0,0.0,0.0,0.0,250.0,2347.6101003515,100.0,0.0,0.0
1751,2.0,0.0,0.0,0.0,0.0,0.0,250.0,2092.73723772589,100.0,0.0,0.0
1752,0.5,0.0,0.0,0.0,0.0,0.0,250.0,1838.11924796291,100.0,0.0,0.0
1753,0.5,0.0,0.0,0.0,0.0,0.0,250.0,1583.7558761897,100.0,0.0,0.0
1754,0.5,0.0,0.0,0.0,0.0,0.0,250.0,1329.64686778825,100.0,0.0,0.0
1755,0.5,0.0,0.0,0.0,0.0,0.0,250.0,1075.79196839521,100.0,0.0,0.0
1756,0.5,0.0,0.0,0.0,0.0,0.0,102.094324684348,971.590595937579,40.8377298737392,0.0,0.0
1757,1.0,0.0,0.0,0.0,0.0,0.0,250.0,718.093752816389,100.0,0.0,0.0
1758,1.0,0.0,0.0,0.0,0.0,0.0,250.0,464.85040653832,100.0,0.0,0.0
1759,1.0,0.0,0.0,0.0,0.0,0.0,250.0,211.860303606529,100.0,0.0,0.0
1760,1.0,16.1872164520427,0.0,0.0,0.0,0.0,209.531958869893,0.0,83.81278354795721,0.0,0.0
1761,1.0,45.8870903353411,0.0,135.282274161647,78.5755207441369,77.7897655366955,0.0,77.7897655366955,54.1129096646588,0.0,0.0
1762,1.0,71.6868990406645,0.0,70.7827523983387,485.49354007938,480.638604678586,0.0,558.350580449745,28.313100959335483,0.0,0.0
1763,1.0,89.1074189247891,0.0,27.2314526880273,572.265137970347,566.542486590643,0.0,1124.33471645994,10.89258107521092,0.0,0.0
1764,1.0,100.0,0.938630629487363,0.0,645.881231486101,640.333078607969,0.0,1763.54346035145,0.0,0.0,0.0
1765,1.0,100.0,5.3067395293064,0.0,656.051059846707,654.639147939573,0.0,2416.41906483067,0.0,0.0,0.0
1766,1.0,100.0,2.43981727207584,0.0,642.253118388029,638.197697921517,0.0,3052.20034368735,0.0,0.0,0.0
1767,1.0,90.98772809844,0.0,22.5306797539001,570.571596531655,564.865880566338,0.0,3614.01402391001,9.01227190156004,0.0,0.0
1768,1.0,69.8062203204988,0.0,75.4844491987531,418.967014240928,414.777344098519,0.0,4025.17735398461,30.19377967950124,0.0,0.0
1769,2.0,40.478335153011,0.0,148.804162117473,178.566185260493,176.780523407888,0.0,4197.93270003852,59.521664846989204,0.0,0.0
1770,2.0,0.0,0.0,0.0,0.0,0.0,250.0,3941.20951481323,100.0,0.0,0.0
1771,2.0,0.0,0.0,0.0,0.0,0.0,250.0,3684.74305277316,100.0,0.0,0.0
1772,2.0,0.0,0.0,0.0,0.0,0.0,250.0,3428.53305719514,100.0,0.0,0.0
1773,2.0,0.0,0.0,0.0,0.0,0.0,250.0,3172.57927161269,100.0,0.0,0.0
1774,2.0,0.0,0.0,0.0,0.0,0.0,250.0,2916.88143981582,100.0,0.0,0.0
1775,2.0,0.0,0.0,0.0,0.0,0.0,250.0,2661.43930585075,100.0,0.0,0.0
1776,0.5,0.0,0.0,0.0,0.0,0.0,250.0,2406.25261401965,100.0,0.0,0.0
1777,0.5,0.0,0.0,0.0,0.0,0.0,35.9315435031012,2367.55187301866,14.372617401240483,0.0,0.0
1778,0.5,0.0,0.0,0.0,0.0,0.0,0.0,2365.18432114564,0.0,0.0,0.0
1779,0.5,0.0,0.0,0.0,0.0,0.0,0.0,2362.8191368245,0.0,0.0,0.0
1780,0.5,0.0,0.0,0.0,0.0,0.0,0.0,2360.45631768767,0.0,0.0,0.0
1781,1.0,0.0,0.0,0.0,0.0,0.0,250.0,2105.57060884473,100.0,0.0,0.0
1782,1.0,0.0,0.0,0.0,0.0,0.0,250.0,1850.93978571063,100.0,0.0,0.0
1783,1.0,0.0,0.0,0.0,0.0,0.0,250.0,1596.56359339967,100.0,0.0,0.0
1784,1.0,16.9695994878415,0.0,0.0,0.0,0.0,207.576001280396,1385.29430124021,83.03040051215841,0.0,0.0
1785,1.0,46.3894416738587,0.0,134.026395815353,83.8492697853684,83.0107770875148,0.0,1466.91978402649,53.6105583261412,0.0,0.0
1786,1.0,72.3402450325268,0.0,69.1493874186829,483.934557452323,479.095211877799,0.0,1944.54807612026,27.659754967473162,0.0,0.0
1787,1.0,91.5591864269544,0.0,21.102033932614,604.648550274032,598.602064771291,0.0,2541.20559281543,8.4408135730456,0.0,0.0
1788,1.0,100.0,5.11848942697898,0.0,676.711908525075,674.910747881879,0.0,3213.5751351045,0.0,0.0,0.0
1789,1.0,100.0,7.79206310490397,0.0,650.729190679177,651.781758396763,0.0,3862.14331836616,0.0,0.0,0.0
1790,1.0,100.0,4.59616496410051,0.0,636.563716874866,634.657278954288,0.0,4492.93845400208,0.0,0.0,0.0
1791,1.0,91.0300340525387,0.0,22.4249148686533,549.198462591141,543.70647796523,0.0,5032.1519935133,8.96996594746132,0.0,0.0
1792,1.0,69.1400784431071,0.0,77.1498038922322,393.061928139974,389.131308858574,0.0,5416.25115037837,30.859921556892882,0.0,0.0
1793,2.0,35.5772149542691,0.0,161.056962614327,90.0657583555679,89.1651007720122,0.0,5500.0,64.4227850457308,0.0,0.0
1794,2.0,0.0,0.0,0.0,0.0,0.0,250.0,5241.97474747475,100.0,0.0,0.0
1795,2.0,0.0,0.0,0.0,0.0,0.0,250.0,4984.20752020202,100.0,0.0,0.0
1796,2.0,0.0,0.0,0.0,0.0,0.0,250.0,4726.69806015656,100.0,0.0,0.0
1797,2.0,0.0,0.0,0.0,0.0,0.0,250.0,4469.44610957116,100.0,0.0,0.0
1798,2.0,0.0,0.0,0.0,0.0,0.0,250.0,4212.45141093633,100.0,0.0,0.0
1799,2.0,0.0,0.0,0.0,0.0,0.0,250.0,3955.71370700014,100.0,0.0,0.0
1800,0.5,0.0,0.0,0.0,0.0,0.0,0.0,3951.75799329314,0.0,0.0,0.0
1801,0.5,0.0,0.0,0.0,0.0,0.0,0.0,3947.80623529985,0.0,0.0,0.0
1802,0.5,0.0,0.0,0.0,0.0,0.0,0.0,3943.85842906455,0.0,0.0,0.0
1803,0.5,0.0,0.0,0.0,0.0,0.0,0.0,3939.91457063548,0.0,0.0,0.0
1804,0.5,0.0,0.0,0.0,0.0,0.0,0.0,3935.97465606485,0.0,0.0,0.0
1805,1.0,0.0,0.0,0.0,0.0,0.0,0.0,3932.03868140878,0.0,0.0,0.0
1806,1.0,0.0,0.0,0.0,0.0,0.0,0.0,3928.10664272738,0.0,0.0,0.0
1807,1.0,0.0,0.0,0.0,0.0,0.0,0.0,3924.17853608465,0.0,0.0,0.0
1808,1.0,20.1389128544088,0.0,0.0,0.0,0.0,0.0,3920.25435754856,0.0,0.0,0.0
1809,1.0,44.6262900791145,0.0,0.0,109.398350855221,108.304367346669,0.0,4024.63847053768,0.0,0.0,0.0
1810,1.0,42.4252940544448,0.0,0.0,0.0,0.0,0.0,4020.61383206715,0.0,0.0,0.0
1811,1.0,64.3450519845769,0.0,0.0,0.0,0.0,0.0,4016.59321823508,0.0,0.0,0.0
1812,1.0,100.0,6.44824830928859,0.0,620.621686637848,620.671560281142,0.0,4633.24818529799,0.0,0.0,0.0
1813,1.0,60.8163184412303,0.0,0.0,0.0,0.0,0.0,4628.61493711269,0.0,0.0,0.0
1814,1.0,55.3563844398114,0.0,0.0,0.0,0.0,0.0,4623.98632217557,0.0,0.0,0.0
1815,1.0,55.6330309075748,0.0,0.0,0.0,0.0,0.0,4619.3623358534,0.0,0.0,0.0
1816,1.0,18.1242453337728,0.0,0.0,0.0,0.0,0.0,4614.74297351755,0.0,0.0,0.0
1817,2.0,3.77782660534958,0.0,0.0,0.0,0.0,240.555433486626,4367.1429441939,96.2221733946504,0.0,0.0
1818,2.0,0.106519242668373,0.0,0.0,0.0,0.0,249.733701893329,4110.51953671099,99.8934807573316,0.0,0.0
1819,2.0,0.0,0.0,0.0,0.0,0.0,250.0,3853.88376464903,100.0,0.0,0.0
1820,2.0,0.0,0.0,0.0,0.0,0.0,250.0,3597.50462835913,100.0,0.0,0.0
1821,2.0,0.0,0.0,0.0,0.0,0.0,250.0,3341.38187120551,100.0,0.0,0.0
1822,2.0,0.0,0.0,0.0,0.0,0.0,250.0,3085.51523680906,100.0,0.0,0.0
1823,2.0,0.0,0.0,0.0,0.0,0.0,250.0,2829.90446904699,100.0,0.0,0.0
1824,0.5,0.0,0.0,0.0,0.0,0.0,0.0,2827.07456457795,0.0,0.0,0.0
1825,0.5,0.0,0.0,0.0,0.0,0.0,0.0,2824.24749001337,0.0,0.0,0.0
1826,0.5,0.0,0.0,0.0,0.0,0.0,0.0,2821.42324252336,0.0,0.0,0.0
1827,0.5,0.0,0.0,0.0,0.0,0.0,0.0,2818.60181928083,0.0,0.0,0.0
1828,0.5,0.0,0.0,0.0,0.0,0.0,0.0,2815.78321746155,0.0,0.0,0.0
1829,1.0,0.0,0.0,0.0,0.0,0.0,0.0,2812.96743424409,0.0,0.0,0.0
1830,1.0,0.0,0.0,0.0,0.0,0.0,0.0,2810.15446680985,0.0,0.0,0.0
1831,1.0,0.0,0.0,0.0,0.0,0.0,0.0,2807.34431234304,0.0,0.0,0.0
1832,1.0,21.119481373983,0.0,0.0,0.0,0.0,0.0,2804.53696803069,0.0,0.0,0.0
1833,1.0,34.2577631053381,0.0,0.0,0.0,0.0,0.0,2801.73243106266,0.0,0.0,0.0
1834,1.0,36.9066993218963,0.0,0.0,0.0,0.0,0.0,2798.9306986316,0.0,0.0,0.0
1835,1.0,87.113080765492,0.0,0.0,235.797181694358,233.439209877415,0.0,3029.57097781038,0.0,0.0,0.0
1836,1.0,29.7389212223192,0.0,0.0,0.0,0.0,0.0,3026.54140683257,0.0,0.0,0.0
1837,1.0,21.4323867644234,0.0,0.0,0.0,0.0,0.0,3023.51486542574,0.0,0.0,0.0
1838,1.0,10.5641026765867,0.0,0.0,0.0,0.0,0.0,3020.49135056031,0.0,0.0,0.0
1839,1.0,35.4557269219545,0.0,0.0,0.0,0.0,0.0,3017.47085920975,0.0,0.0,0.0
1840,1.0,54.5444256694215,0.0,0.0,74.9434112405655,74.1939771281598,0.0,3088.6473654787,0.0,0.0,0.0
1841,2.0,9.20762920089401,0.0,0.0,0.0,0.0,226.980926997765,2856.28505447912,90.79237079910601,0.0,0.0
1842,2.0,0.32225200454134,0.0,0.0,0.0,0.0,249.194369988647,2601.71728458762,99.6777479954588,0.0,0.0
1843,2.0,0.0,0.0,0.0,0.0,0.0,250.0,2346.59031477778,100.0,0.0,0.0
1844,2.0,0.0,0.0,0.0,0.0,0.0,250.0,2091.71847193775,100.0,0.0,0.0
1845,2.0,0.0,0.0,0.0,0.0,0.0,250.0,1837.10150094056,100.0,0.0,0.0
1846,2.0,0.0,0.0,0.0,0.0,0.0,250.0,1582.73914691437,100.0,0.0,0.0
1847,2.0,0.0,0.0,0.0,0.0,0.0,250.0,1328.6311552422,100.0,0.0,0.0
1848,0.5,0.0,0.0,0.0,0.0,0.0,0.0,1327.30252408696,0.0,0.0,0.0
1849,0.5,0.0,0.0,0.0,0.0,0.0,0.0,1325.97522156287,0.0,0.0,0.0
1850,0.5,0.0,0.0,0.0,0.0,0.0,0.0,1324.64924634131,0.0,0.0,0.0
1851,0.5,0.0,0.0,0.0,0.0,0.0,0.0,1323.32459709497,0.0,0.0,0.0
1852,0.5,0.0,0.0,0.0,0.0,0.0,0.0,1322.00127249787,0.0,0.0,0.0
1853,1.0,0.0,0.0,0.0,0.0,0.0,0.0,1320.67927122538,0.0,0.0,0.0
1854,1.0,0.0,0.0,0.0,0.0,0.0,0.0,1319.35859195415,0.0,0.0,0.0
1855,1.0,0.0,0.0,0.0,0.0,0.0,0.0,1318.0392333622,0.0,0.0,0.0
1856,1.0,18.7875543182024,0.0,0.0,0.0,0.0,0.0,1316.72119412883,0.0,0.0,0.0
1857,1.0,50.9615203472041,0.0,0.0,257.445329006867,254.870875716798,0.0,1570.2753486515,0.0,0.0,0.0
1858,1.0,41.6154007735643,0.0,0.0,0.0,0.0,0.0,1568.70507330285,0.0,0.0,0.0
1859,1.0,93.5133699066422,0.0,0.0,272.970402205057,270.240698183006,0.0,1837.37706641256,0.0,0.0,0.0
1860,1.0,37.6487991735622,0.0,0.0,0.0,0.0,0.0,1835.53968934614,0.0,0.0,0.0
1861,1.0,23.9451560173387,0.0,0.0,0.0,0.0,0.0,1833.7041496568,0.0,0.0,0.0
1862,1.0,9.48230739660884,0.0,0.0,0.0,0.0,0.0,1831.87044550714,0.0,0.0,0.0
1863,1.0,23.939302724811,0.0,0.0,0.0,0.0,0.0,1830.03857506163,0.0,0.0,0.0
1864,1.0,10.6480227208027,0.0,0.0,0.0,0.0,0.0,1828.20853648657,0.0,0.0,0.0
1865,2.0,8.60788669032264,0.0,0.0,0.0,0.0,228.480283274193,1595.59216302666,91.3921133096772,0.0,0.0
1866,2.0,0.42890572871155,0.0,0.0,0.0,0.0,248.927735678221,1342.5544136129,99.57109427128842,0.0,0.0
1867,2.0,0.0,0.0,0.0,0.0,0.0,250.0,1088.68660667404,100.0,0.0,0.0
1868,2.0,0.0,0.0,0.0,0.0,0.0,250.0,835.072667542111,100.0,0.0,0.0
1869,2.0,0.0,0.0,0.0,0.0,0.0,250.0,581.712342349316,100.0,0.0,0.0
1870,2.0,0.0,0.0,0.0,0.0,0.0,250.0,328.605377481714,100.0,0.0,0.0
1871,2.0,0.0,0.0,0.0,0.0,0.0,250.0,75.7515195789799,100.0,0.0,0.0
1872,0.5,0.0,0.0,0.0,0.0,0.0,0.0,75.6757680594009,0.0,0.0,0.0
1873,0.5,0.0,0.0,0.0,0.0,0.0,0.0,75.6000922913415,0.0,0.0,0.0
1874,0.5,0.0,0.0,0.0,0.0,0.0,0.0,75.5244921990502,0.0,0.0,0.0
1875,0.5,0.0,0.0,0.0,0.0,0.0,0.0,75.4489677068511,0.0,0.0,0.0
1876,0.5,0.0,0.0,0.0,0.0,0.0,0.0,75.3735187391443,0.0,0.0,0.0
1877,1.0,0.0,0.0,0.0,0.0,0.0,0.0,75.2981452204052,0.0,0.0,0.0
1878,1.0,0.0,0.0,0.0,0.0,0.0,0.0,75.2228470751848,0.0,0.0,0.0
1879,1.0,0.0,0.0,0.0,0.0,0.0,0.0,75.1476242281096,0.0,0.0,0.0
1880,1.0,6.68744711837947,0.0,0.0,0.0,0.0,0.0,75.0724766038815,0.0,0.0,0.0
1881,1.0,11.6829223187476,0.0,0.0,0.0,0.0,0.0,74.9974041272776,0.0,0.0,0.0
1882,1.0,9.39987231578466,0.0,0.0,0.0,0.0,0.0,74.9224067231503,0.0,0.0,0.0
1883,1.0,15.8317213160869,0.0,0.0,0.0,0.0,0.0,74.8474843164272,0.0,0.0,0.0
1884,1.0,20.9215483694724,0.0,0.0,0.0,0.0,0.0,74.7726368321107,0.0,0.0,0.0
1885,1.0,0.0,0.0,0.0,0.0,0.0,0.0,74.6978641952786,0.0,0.0,0.0
1886,1.0,56.8280596536007,0.0,0.0,0.0,0.0,0.0,74.6231663310834,0.0,0.0,0.0
1887,1.0,55.8228998489044,0.0,0.0,0.0,0.0,0.0,74.5485431647523,0.0,0.0,0.0
1888,1.0,36.8957101714187,0.0,0.0,0.0,0.0,0.0,74.4739946215875,0.0,0.0,0.0
1889,2.0,11.2074448033062,0.0,0.0,0.0,0.0,73.6555254206963,0.0,29.462210168278524,0.0,0.0
1890,2.0,0.640281142825329,0.0,0.0,0.0,0.0,0.0,0.0,0.0,0.0,0.0
1891,2.0,0.0,0.0,0.0,0.0,0.0,0.0,0.0,0.0,0.0,0.0
1892,2.0,0.0,0.0,0.0,0.0,0.0,0.0,0.0,0.0,0.0,0.0
1893,2.0,0.0,0.0,0.0,0.0,0.0,0.0,0.0,0.0,0.0,0.0
1894,2.0,0.0,0.0,0.0,0.0,0.0,0.0,0.0,0.0,0.0,0.0
1895,2.0,0.0,0.0,0.0,0.0,0.0,0.0,0.0,0.0,0.0,0.0
1896,0.5,0.0,0.0,0.0,0.0,0.0,0.0,0.0,0.0,0.0,0.0
1897,0.5,0.0,0.0,0.0,0.0,0.0,0.0,0.0,0.0,0.0,0.0
1898,0.5,0.0,0.0,0.0,0.0,0.0,0.0,0.0,0.0,0.0,0.0
1899,0.5,0.0,0.0,0.0,0.0,0.0,0.0,0.0,0.0,0.0,0.0
1900,0.5,0.0,0.0,0.0,0.0,0.0,0.0,0.0,0.0,0.0,0.0
1901,1.0,0.0,0.0,0.0,0.0,0.0,0.0,0.0,0.0,0.0,0.0
1902,1.0,0.0,0.0,0.0,0.0,0.0,0.0,0.0,0.0,0.0,0.0
1903,1.0,0.0,0.0,0.0,0.0,0.0,0.0,0.0,0.0,0.0,0.0
1904,1.0,21.4279614720457,0.0,0.0,0.0,0.0,0.0,0.0,0.0,0.0,0.0
1905,1.0,41.5030469285416,0.0,0.0,0.0,0.0,0.0,0.0,0.0,0.0,0.0
1906,1.0,70.175089914923,0.0,0.0,333.389648803883,330.055752315844,0.0,330.055752315844,0.0,0.0,0.0
1907,1.0,9.98831627849359,0.0,0.0,0.0,0.0,0.0,329.725696563528,0.0,0.0,0.0
1908,1.0,100.0,10.316536,0.0,360.177023649187,366.584356639895,0.0,695.98032750686,0.0,0.0,0.0
1909,1.0,15.6248935369073,0.0,0.0,0.0,0.0,0.0,695.284347179353,0.0,0.0,0.0
1910,1.0,43.7839341905492,0.0,0.0,0.0,0.0,0.0,694.589062832174,0.0,0.0,0.0
1911,1.0,72.5109783862057,0.0,0.0,97.7112207322988,96.7341085249758,0.0,790.628582294317,0.0,0.0,0.0
1912,1.0,3.3988584193382,0.0,0.0,0.0,0.0,0.0,789.837953712023,0.0,0.0,0.0
1913,2.0,29.7446404582367,0.0,0.0,0.0,0.0,175.638398854408,611.635591662949,70.2553595417632,0.0,0.0
1914,2.0,0.0,0.0,0.0,0.0,0.0,250.0,358.498703546034,100.0,0.0,0.0
1915,2.0,0.0,0.0,0.0,0.0,0.0,250.0,105.614952317235,100.0,0.0,0.0
1916,2.0,0.0,0.0,0.0,0.0,0.0,104.454243991269,0.0,41.7816975965076,0.0,0.0
1917,2.0,0.0,0.0,0.0,0.0,0.0,0.0,0.0,0.0,0.0,0.0
1918,2.0,0.0,0.0,0.0,0.0,0.0,0.0,0.0,0.0,0.0,0.0
1919,2.0,0.0,0.0,0.0,0.0,0.0,0.0,0.0,0.0,0.0,0.0
1920,0.5,0.0,0.0,0.0,0.0,0.0,0.0,0.0,0.0,0.0,0.0
1921,0.5,0.0,0.0,0.0,0.0,0.0,0.0,0.0,0.0,0.0,0.0
1922,0.5,0.0,0.0,0.0,0.0,0.0,0.0,0.0,0.0,0.0,0.0
1923,0.5,0.0,0.0,0.0,0.0,0.0,0.0,0.0,0.0,0.0,0.0
1924,0.5,0.0,0.0,0.0,0.0,0.0,0.0,0.0,0.0,0.0,0.0
1925,1.0,0.0,0.0,0.0,0.0,0.0,0.0,0.0,0.0,0.0,0.0
1926,1.0,0.0,0.0,0.0,0.0,0.0,0.0,0.0,0.0,0.0,0.0
1927,1.0,0.0,0.0,0.0,0.0,0.0,0.0,0.0,0.0,0.0,0.0
1928,1.0,19.3134557894767,0.0,0.0,108.955760928543,107.866203319257,0.0,107.866203319257,0.0,0.0,0.0
1929,1.0,53.0781196674586,0.0,0.0,532.583699182676,527.257862190849,0.0,635.016199306787,0.0,0.0,0.0
1930,1.0,29.7717536086467,0.0,0.0,0.0,0.0,0.0,634.38118310748,0.0,0.0,0.0
1931,1.0,10.5732589882137,0.0,0.0,0.0,0.0,0.0,633.746801924373,0.0,0.0,0.0
1932,1.0,11.9527824803251,0.0,0.0,0.0,0.0,0.0,633.113055122448,0.0,0.0,0.0
1933,1.0,43.6568427686245,0.0,0.0,0.0,0.0,0.0,632.479942067326,0.0,0.0,0.0
1934,1.0,26.1009834873827,0.0,0.0,0.0,0.0,0.0,631.847462125259,0.0,0.0,0.0
1935,1.0,97.0574735977297,0.0,0.0,288.046160355069,285.165698751518,0.0,916.381313414651,0.0,0.0,0.0
1936,1.0,54.3424722732444,0.0,0.0,232.774677358891,230.446930585302,0.0,1145.91186268654,0.0,0.0,0.0
1937,2.0,24.7365872410633,0.0,0.0,0.0,0.0,188.158531897342,954.706827695225,75.2634127589368,0.0,0.0
1938,2.0,0.852215522434046,0.0,0.0,0.0,0.0,247.869461193915,703.378927742363,99.147784477566,0.0,0.0
1939,2.0,0.0,0.0,0.0,0.0,0.0,250.0,450.150296289368,100.0,0.0,0.0
1940,2.0,0.0,0.0,0.0,0.0,0.0,250.0,197.174893467826,100.0,0.0,0.0
1941,2.0,0.0,0.0,0.0,0.0,0.0,195.007941388614,0.0,78.0031765554456,0.0,0.0
1942,2.0,0.0,0.0,0.0,0.0,0.0,0.0,0.0,0.0,0.0,0.0
1943,2.0,0.0,0.0,0.0,0.0,0.0,0.0,0.0,0.0,0.0,0.0
1944,0.5,0.0,0.0,0.0,0.0,0.0,0.0,0.0,0.0,0.0,0.0
1945,0.5,0.0,0.0,0.0,0.0,0.0,0.0,0.0,0.0,0.0,0.0
1946,0.5,0.0,0.0,0.0,0.0,0.0,0.0,0.0,0.0,0.0,0.0
1947,0.5,0.0,0.0,0.0,0.0,0.0,0.0,0.0,0.0,0.0,0.0
1948,0.5,0.0,0.0,0.0,0.0,0.0,0.0,0.0,0.0,0.0,0.0
1949,1.0,0.0,0.0,0.0,0.0,0.0,0.0,0.0,0.0,0.0,0.0
1950,1.0,0.0,0.0,0.0,0.0,0.0,0.0,0.0,0.0,0.0,0.0
1951,1.0,0.0,0.0,0.0,0.0,0.0,0.0,0.0,0.0,0.0,0.0
1952,1.0,19.4719467419108,0.0,0.0,0.0,0.0,0.0,0.0,0.0,0.0,0.0
1953,1.0,9.0568420148994,0.0,0.0,0.0,0.0,0.0,0.0,0.0,0.0,0.0
1954,1.0,27.2335715428892,0.0,0.0,0.0,0.0,0.0,0.0,0.0,0.0,0.0
1955,1.0,40.0101631864701,0.0,0.0,0.0,0.0,0.0,0.0,0.0,0.0,0.0
1956,1.0,41.9977541211878,0.0,0.0,0.0,0.0,0.0,0.0,0.0,0.0,0.0
1957,1.0,74.3218808124304,0.0,0.0,0.0,0.0,0.0,0.0,0.0,0.0,0.0
1958,1.0,76.7146819044955,0.0,0.0,202.049595318792,200.029099365604,0.0,200.029099365604,0.0,0.0,0.0
1959,1.0,87.2893135643212,0.0,0.0,450.997829432101,446.48785113778,0.0,646.316921404019,0.0,0.0,0.0
1960,1.0,43.8650704380131,0.0,0.0,0.0,0.0,0.0,645.670604482615,0.0,0.0,0.0
1961,2.0,8.82983288550835,0.0,0.0,0.0,0.0,227.925417786229,414.797239144567,91.1701671144916,0.0,0.0
1962,2.0,1.05425717877128,0.0,0.0,0.0,0.0,247.364357053072,164.519454983128,98.9457428212288,0.0,0.0
1963,2.0,0.0,0.0,0.0,0.0,0.0,162.711386172863,0.0,65.0845544691452,0.0,0.0
1964,2.0,0.0,0.0,0.0,0.0,0.0,0.0,0.0,0.0,0.0,0.0
1965,2.0,0.0,0.0,0.0,0.0,0.0,0.0,0.0,0.0,0.0,0.0
1966,2.0,0.0,0.0,0.0,0.0,0.0,0.0,0.0,0.0,0.0,0.0
1967,2.0,0.0,0.0,0.0,0.0,0.0,0.0,0.0,0.0,0.0,0.0
1968,0.5,0.0,0.0,0.0,0.0,0.0,0.0,0.0,0.0,0.0,0.0
1969,0.5,0.0,0.0,0.0,0.0,0.0,0.0,0.0,0.0,0.0,0.0
1970,0.5,0.0,0.0,0.0,0.0,0.0,0.0,0.0,0.0,0.0,0.0
1971,0.5,0.0,0.0,0.0,0.0,0.0,0.0,0.0,0.0,0.0,0.0
1972,0.5,0.0,0.0,0.0,0.0,0.0,0.0,0.0,0.0,0.0,0.0
1973,1.0,0.0,0.0,0.0,0.0,0.0,0.0,0.0,0.0,0.0,0.0
1974,1.0,0.0,0.0,0.0,0.0,0.0,0.0,0.0,0.0,0.0,0.0
1975,1.0,0.0,0.0,0.0,0.0,0.0,0.0,0.0,0.0,0.0,0.0
1976,1.0,0.0,0.0,0.0,0.0,0.0,0.0,0.0,0.0,0.0,0.0
1977,1.0,30.2332975838088,0.0,0.0,0.0,0.0,0.0,0.0,0.0,0.0,0.0
1978,1.0,62.9429282753303,0.0,0.0,30.8618350201206,30.5532166699194,0.0,30.5532166699194,0.0,0.0,0.0
1979,1.0,77.1328161337562,0.0,0.0,255.165982351158,252.614322527647,0.0,283.136985980896,0.0,0.0,0.0
1980,1.0,56.6868956183805,0.0,0.0,0.0,0.0,0.0,282.853848994915,0.0,0.0,0.0
1981,1.0,29.0274278632363,0.0,0.0,0.0,0.0,0.0,282.57099514592,0.0,0.0,0.0
1982,1.0,41.3769605970782,0.0,0.0,0.0,0.0,0.0,282.288424150775,0.0,0.0,0.0
1983,1.0,55.9922075005644,0.0,0.0,0.0,0.0,0.0,282.006135726624,0.0,0.0,0.0
1984,1.0,45.0459763745885,0.0,0.0,0.0,0.0,0.0,281.724129590897,0.0,0.0,0.0
1985,2.0,13.8133423574424,0.0,0.0,0.0,0.0,215.466644106394,63.7993306063628,86.1866576425576,0.0,0.0
1986,2.0,1.04717474004341,0.0,0.0,0.0,0.0,63.0981759629989,0.0,25.23927038519956,0.0,0.0
1987,2.0,0.0,0.0,0.0,0.0,0.0,0.0,0.0,0.0,0.0,0.0
1988,2.0,0.0,0.0,0.0,0.0,0.0,0.0,0.0,0.0,0.0,0.0
1989,2.0,0.0,0.0,0.0,0.0,0.0,0.0,0.0,0.0,0.0,0.0
1990,2.0,0.0,0.0,0.0,0.0,0.0,0.0,0.0,0.0,0.0,0.0
1991,2.0,0.0,0.0,0.0,0.0,0.0,0.0,0.0,0.0,0.0,0.0
1992,0.5,0.0,0.0,0.0,0.0,0.0,0.0,0.0,0.0,0.0,0.0
1993,0.5,0.0,0.0,0.0,0.0,0.0,0.0,0.0,0.0,0.0,0.0
1994,0.5,0.0,0.0,0.0,0.0,0.0,0.0,0.0,0.0,0.0,0.0
1995,0.5,0.0,0.0,0.0,0.0,0.0,0.0,0.0,0.0,0.0,0.0
1996,0.5,0.0,0.0,0.0,0.0,0.0,0.0,0.0,0.0,0.0,0.0
1997,1.0,0.0,0.0,0.0,0.0,0.0,0.0,0.0,0.0,0.0,0.0
1998,1.0,0.0,0.0,0.0,0.0,0.0,0.0,0.0,0.0,0.0,0.0
1999,1.0,0.0,0.0,0.0,0.0,0.0,0.0,0.0,0.0,0.0,0.0
2000,1.0,20.4877790978879,0.0,112.954134267914,0.0,0.0,0.0,0.0,45.1816537071656,0.0,0.0
2001,1.0,51.4111124950373,0.0,121.472218762407,357.625179489209,354.048927694317,0.0,354.048927694317,48.5888875049628,0.0,0.0
2002,1.0,71.8254374298403,0.0,70.4364064253993,364.879803927023,361.231005887753,0.0,714.925884654375,28.174562570159722,0.0,0.0
2003,1.0,95.8952478170423,0.0,10.2618804573943,655.828208751909,649.26992666439,0.0,1363.48088543411,4.1047521829577205,0.0,0.0
2004,1.0,100.0,8.64113756375482,0.0,723.607495973755,724.755052678372,0.0,2086.87245722705,0.0,0.0,0.0
2005,1.0,100.0,10.316536,0.0,707.917960172509,710.847883797984,0.0,2795.63346856781,0.0,0.0,0.0
2006,1.0,96.5538721479715,0.0,8.61531963007131,506.621134210902,501.554922868793,0.0,3294.39275796803,3.4461278520285243,0.0,0.0
2007,1.0,87.5184227731599,0.0,31.2039430671002,492.832116867709,487.903795699031,0.0,3779.00216090909,12.48157722684008,0.0,0.0
2008,1.0,70.9860153353726,0.0,72.5349616615684,424.796499851109,420.548534852598,0.0,4195.77169360078,29.013984664627362,0.0,0.0
2009,2.0,40.9854995806525,0.0,147.536251048369,167.623395853256,165.947161894724,0.0,4357.52308380191,59.0145004193476,0.0,0.0
2010,2.0,6.1066491628887,0.0,0.0,0.0,0.0,234.733377092778,4116.06113941227,93.8933508371112,0.0,0.0
2011,2.0,0.0,0.0,0.0,0.0,0.0,250.0,3859.4198257476,100.0,0.0,0.0
2012,2.0,0.0,0.0,0.0,0.0,0.0,250.0,3603.0351533966,100.0,0.0,0.0
2013,2.0,0.0,0.0,0.0,0.0,0.0,250.0,3346.90686571795,100.0,0.0,0.0
2014,2.0,0.0,0.0,0.0,0.0,0.0,250.0,3091.03470632698,100.0,0.0,0.0
2015,2.0,0.0,0.0,0.0,0.0,0.0,250.0,2835.4184190954,100.0,0.0,0.0
2016,0.5,0.0,0.0,0.0,0.0,0.0,250.0,2580.05774815106,100.0,0.0,0.0
2017,0.5,0.0,0.0,0.0,0.0,0.0,250.0,2324.95243787765,100.0,0.0,0.0
2018,0.5,0.0,0.0,0.0,0.0,0.0,250.0,2070.10223291452,100.0,0.0,0.0
2019,0.5,0.0,0.0,0.0,0.0,0.0,250.0,1815.50687815635,100.0,0.0,0.0
2020,0.5,0.0,0.0,0.0,0.0,0.0,250.0,1561.16611875295,100.0,0.0,0.0
2021,1.0,0.0,0.0,0.0,0.0,0.0,250.0,1307.07970010894,100.0,0.0,0.0
2022,1.0,0.0,0.0,0.0,0.0,0.0,250.0,1053.24736788358,100.0,0.0,0.0
2023,1.0,0.0,0.0,0.0,0.0,0.0,250.0,799.668867990443,100.0,0.0,0.0
2024,1.0,21.2278735118591,0.0,98.9054260124742,0.0,0.0,98.0248902078779,699.854158508434,78.77212648814084,0.0,0.0
2025,1.0,48.4393049682681,0.0,128.90173757933,222.770919568307,220.543210372624,0.0,919.69751472255,51.560695031731996,0.0,0.0
2026,1.0,73.3011084381022,0.0,66.7472289047446,434.213254500325,429.871121955321,0.0,1348.64893916315,26.69889156189784,0.0,0.0
2027,1.0,94.5303806804814,0.0,13.6740482987964,615.249650465775,609.097153961117,0.0,1956.3974441851,5.469619319518561,0.0,0.0
2028,1.0,100.0,3.03243829675264,0.0,579.209365988496,576.359343964121,0.0,2530.80039070504,0.0,0.0,0.0
2029,1.0,100.0,10.316536,0.0,675.874301092519,679.124661308794,0.0,3207.39425162313,0.0,0.0,0.0
2030,1.0,96.0790204360444,0.0,9.80244890988892,467.756941775333,463.07937235758,0.0,3667.26622972908,3.920979563955568,0.0,0.0
2031,1.0,79.7348286648361,0.0,50.6629283379097,343.606571205676,340.170505493619,0.0,4003.76946899297,20.26517133516388,0.0,0.0
2032,1.0,24.2317771494505,0.0,0.0,0.0,0.0,189.420557126374,3808.43180343673,75.7682228505496,0.0,0.0
2033,2.0,32.3924297447897,0.0,11.8185090532725,0.0,0.0,157.200416584753,3645.83507205274,67.60757025521019,0.0,0.0
2034,2.0,0.29435731625456,0.0,0.0,0.0,0.0,249.264106709364,3390.40731101163,99.70564268374561,0.0,0.0
2035,2.0,0.0,0.0,0.0,0.0,0.0,250.0,3134.49165117537,100.0,0.0,0.0
2036,2.0,0.0,0.0,0.0,0.0,0.0,250.0,2878.83190699894,100.0,0.0,0.0
2037,2.0,0.0,0.0,0.0,0.0,0.0,250.0,2623.42782256669,100.0,0.0,0.0
2038,2.0,0.0,0.0,0.0,0.0,0.0,250.0,2368.27914221887,100.0,0.0,0.0
2039,2.0,0.0,0.0,0.0,0.0,0.0,250.0,2113.3856105514,100.0,0.0,0.0
2040,0.5,0.0,0.0,0.0,0.0,0.0,250.0,1858.74697241559,100.0,0.0,0.0
2041,0.5,0.0,0.0,0.0,0.0,0.0,37.6896690365387,1818.817852679,15.075867614615483,0.0,0.0
2042,0.5,0.0,0.0,0.0,0.0,0.0,0.0,1816.99903482632,0.0,0.0,0.0
2043,0.5,0.0,0.0,0.0,0.0,0.0,0.0,1815.18203579149,0.0,0.0,0.0
2044,0.5,0.0,0.0,0.0,0.0,0.0,0.0,1813.3668537557,0.0,0.0,0.0
2045,1.0,0.0,0.0,0.0,0.0,0.0,250.0,1559.02823437669,100.0,0.0,0.0
2046,1.0,0.0,0.0,0.0,0.0,0.0,250.0,1304.94395361706,100.0,0.0,0.0
2047,1.0,0.0,0.0,0.0,0.0,0.0,250.0,1051.11375713819,100.0,0.0,0.0
2048,1.0,15.3514385319646,0.0,0.0,0.0,0.0,211.621403670089,836.303649774905,84.64856146803561,0.0,0.0
2049,1.0,50.3030664599918,0.0,124.242333850021,71.8958240858929,71.176865845034,0.0,906.644211970164,49.6969335400084,0.0,0.0
2050,1.0,63.7622485326077,0.0,90.5943786684807,152.572849822689,151.047121324462,0.0,1056.78468908266,36.23775146739228,0.0,0.0
2051,1.0,89.0696039783147,0.0,27.3259900542132,450.624424014223,446.118179774081,0.0,1501.84608416765,10.930396021685281,0.0,0.0
2052,1.0,100.0,0.430611939618174,0.0,514.00882566696,509.286517114108,0.0,2009.63075519759,0.0,0.0,0.0
2053,1.0,100.0,10.316536,0.0,702.155812752834,705.143357852505,0.0,2712.7644822949,0.0,0.0,0.0
2054,1.0,75.3926997591683,0.0,61.5182506020792,164.741398291001,163.093984308091,0.0,2873.1457021207,24.60730024083168,0.0,0.0
2055,1.0,32.5131233716184,0.0,0.0,0.0,0.0,168.717191570954,2699.85115079135,67.4868766283816,0.0,0.0
2056,1.0,35.7624706223014,0.0,0.0,0.0,0.0,160.593823444246,2534.93531636354,64.23752937769841,0.0,0.0
2057,2.0,20.7321083350561,0.0,0.0,0.0,0.0,198.16972916236,2332.22893744884,79.267891664944,0.0,0.0
2058,2.0,5.21004779685907,0.0,0.0,0.0,0.0,236.974880507852,2090.52814234184,94.7899522031408,0.0,0.0
2059,2.0,0.0,0.0,0.0,0.0,0.0,250.0,1835.91236167425,100.0,0.0,0.0
2060,2.0,0.0,0.0,0.0,0.0,0.0,250.0,1581.55119678732,100.0,0.0,0.0
2061,2.0,0.0,0.0,0.0,0.0,0.0,250.0,1327.44439306528,100.0,0.0,0.0
2062,2.0,0.0,0.0,0.0,0.0,0.0,250.0,1073.59169614696,100.0,0.0,0.0
2063,2.0,0.0,0.0,0.0,0.0,0.0,250.0,819.992851925562,100.0,0.0,0.0
2064,0.5,0.0,0.0,0.0,0.0,0.0,0.0,819.172859073636,0.0,0.0,0.0
2065,0.5,0.0,0.0,0.0,0.0,0.0,0.0,818.353686214563,0.0,0.0,0.0
2066,0.5,0.0,0.0,0.0,0.0,0.0,0.0,817.535332528348,0.0,0.0,0.0
2067,0.5,0.0,0.0,0.0,0.0,0.0,0.0,816.71779719582,0.0,0.0,0.0
2068,0.5,0.0,0.0,0.0,0.0,0.0,0.0,815.901079398624,0.0,0.0,0.0
2069,1.0,0.0,0.0,0.0,0.0,0.0,250.0,562.559925793973,100.0,0.0,0.0
2070,1.0,0.0,0.0,0.0,0.0,0.0,250.0,309.472113342926,100.0,0.0,0.0
2071,1.0,0.0,0.0,0.0,0.0,0.0,250.0,56.6373887043307,100.0,0.0,0.0
2072,1.0,22.6881748247601,0.0,137.264619135629,0.0,0.0,56.0149438024701,0.0,77.31182517523965,0.0,0.0
2073,1.0,54.8140504709306,0.0,112.964873822673,0.0,0.0,0.0,0.0,45.185949529069205,0.0,407.163632521337
2074,1.0,80.9700297070596,0.0,47.5749257323511,0.0,0.0,0.0,0.0,19.02997029294044,0.0,573.952080950092
2075,1.0,99.4268757553838,0.0,1.43281061154049,372.640097643672,368.913696667235,0.0,368.913696667235,0.573124244616196,0.0,296.041934485714
2076,1.0,100.0,8.90614947779382,0.0,748.84773108752,750.0,0.0,1118.54478297057,0.0,1.41038652220619,0.0
2077,1.0,100.0,9.05315990016597,0.0,748.703660873595,750.0,0.0,1867.4262381876,0.0,1.26337609983405,0.0
2078,1.0,100.0,10.316536,0.0,696.909666016089,699.949672583128,0.0,2565.50848453254,0.0,0.0,0.0
2079,1.0,99.4433564189397,0.0,1.39160895265086,646.962737414239,640.493110040097,0.0,3203.4360860881,0.556643581060344,0.0,0.0
2080,1.0,80.0795208131273,0.0,49.8011979671816,530.635230191063,525.328877889152,0.0,3725.56152789117,19.92047918687264,0.0,0.0
2081,2.0,48.8730801534397,0.0,127.817299616401,282.948533137602,280.119047806226,0.0,4001.9550141695,51.126919846560405,0.0,0.0
2082,2.0,12.0128374441979,0.0,0.0,0.0,0.0,219.967906389505,3775.76325472149,87.987162555802,0.0,0.0
2083,2.0,0.0,0.0,0.0,0.0,0.0,250.0,3519.46223894151,100.0,0.0,0.0
2084,2.0,0.0,0.0,0.0,0.0,0.0,250.0,3263.41752417732,100.0,0.0,0.0
2085,2.0,0.0,0.0,0.0,0.0,0.0,250.0,3007.62885412789,100.0,0.0,0.0
2086,2.0,0.0,0.0,0.0,0.0,0.0,250.0,2752.09597274851,100.0,0.0,0.0
2087,2.0,0.0,0.0,0.0,0.0,0.0,250.0,2496.81862425051,100.0,0.0,0.0
2088,0.5,0.0,0.0,0.0,0.0,0.0,250.0,2241.796553101,100.0,0.0,0.0
2089,0.5,0.0,0.0,0.0,0.0,0.0,250.0,1987.02950402265,100.0,0.0,0.0
2090,0.5,0.0,0.0,0.0,0.0,0.0,250.0,1732.51722199338,100.0,0.0,0.0
2091,0.5,0.0,0.0,0.0,0.0,0.0,250.0,1478.25945224613,100.0,0.0,0.0
2092,0.5,0.0,0.0,0.0,0.0,0.0,250.0,1224.25594026863,100.0,0.0,0.0
2093,1.0,0.0,0.0,0.0,0.0,0.0,250.0,970.506431803109,100.0,0.0,0.0
2094,1.0,0.0,0.0,0.0,0.0,0.0,250.0,717.010672846053,100.0,0.0,0.0
2095,1.0,0.0,0.0,0.0,0.0,0.0,250.0,463.768409647955,100.0,0.0,0.0
2096,1.0,23.2387277234261,0.0,115.529669512732,0.0,0.0,76.3735111787025,386.159680451739,76.7612722765738,0.0,0.0
2097,1.0,53.9524052882522,0.0,115.11898677937,392.84647542041,388.918010666206,0.0,774.691531437493,46.047594711748005,0.0,0.0
2098,1.0,81.5750511131437,0.0,46.0623722171408,616.942156566711,610.772735001044,0.0,1384.6895749071,18.42494888685632,0.0,0.0
2099,1.0,99.0202375112922,0.0,2.44940622176951,678.671173442084,671.884461707663,0.0,2055.18934703985,0.979762488707804,0.0,0.0
2100,1.0,100.0,10.316536,0.0,738.459584234002,741.084091618863,0.0,2794.21824931168,0.0,0.0,0.0
2101,1.0,100.0,10.316536,0.0,738.074331460675,740.702691373268,0.0,3532.12672243563,0.0,0.0,0.0
2102,1.0,100.0,10.316536,0.0,697.465546410656,700.499994173749,0.0,4229.09458988695,0.0,0.0,0.0
2103,1.0,99.2781785878606,0.0,1.80455353034841,644.875899759698,638.427140762101,0.0,4863.29263605916,0.721821412139364,0.0,0.0
2104,1.0,0.0,0.0,0.0,0.0,0.0,250.0,4605.90409089785,100.0,0.0,0.0
2105,2.0,43.7554116840319,0.0,140.61147078992,17.1064841504933,16.9354193089884,0.0,4618.23360611594,56.244588315968,0.0,0.0
2106,2.0,1.94278280920452,0.0,0.0,0.0,0.0,245.143042976989,4365.99613717953,98.0572171907956,0.0,0.0
2107,2.0,0.0,0.0,0.0,0.0,0.0,250.0,4109.1048885171,100.0,0.0,0.0
2108,2.0,0.0,0.0,0.0,0.0,0.0,250.0,3852.47053110333,100.0,0.0,0.0
2109,2.0,0.0,0.0,0.0,0.0,0.0,250.0,3596.09280804698,100.0,0.0,0.0
2110,2.0,0.0,0.0,0.0,0.0,0.0,250.0,3339.97146271368,100.0,0.0,0.0
2111,2.0,0.0,0.0,0.0,0.0,0.0,250.0,3084.10623872571,100.0,0.0,0.0
2112,0.5,0.0,0.0,0.0,0.0,0.0,250.0,2828.49687996173,100.0,0.0,0.0
2113,0.5,0.0,0.0,0.0,0.0,0.0,250.0,2573.14313055652,100.0,0.0,0.0
2114,0.5,0.0,0.0,0.0,0.0,0.0,250.0,2318.04473490071,100.0,0.0,0.0
2115,0.5,0.0,0.0,0.0,0.0,0.0,250.0,2063.20143764055,100.0,0.0,0.0
2116,0.5,0.0,0.0,0.0,0.0,0.0,250.0,1808.61298367766,100.0,0.0,0.0
2117,1.0,0.0,0.0,0.0,0.0,0.0,250.0,1554.27911816873,100.0,0.0,0.0
2118,1.0,0.0,0.0,0.0,0.0,0.0,250.0,1300.19958652531,100.0,0.0,0.0
2119,1.0,0.0,0.0,0.0,0.0,0.0,250.0,1046.37413441353,100.0,0.0,0.0
2120,1.0,22.5135378690388,0.0,153.742304546371,0.0,0.0,39.9738507810325,1004.95013322757,77.4864621309614,0.0,0.0
2121,1.0,50.6097885646528,0.0,123.475528588368,319.496719540678,316.301752345271,0.0,1320.24693543961,49.3902114353472,0.0,0.0
2122,1.0,73.40000410969,0.0,66.4999897257751,489.392239933738,484.498317534401,0.0,1803.42500603858,26.59999589031004,0.0,0.0
2123,1.0,93.982205339178,0.0,15.0444866520549,668.702599745186,662.015573747734,0.0,2463.63715478027,6.01779466082196,0.0,0.0
2124,1.0,100.0,5.40518541239891,0.0,686.249858843753,684.631471142424,0.0,3145.80498876791,0.0,0.0,0.0
2125,1.0,100.0,6.30934544665841,0.0,617.741826197486,617.685734887859,0.0,3760.34491866701,0.0,0.0,0.0
2126,1.0,100.0,7.58912263306733,0.0,678.53638471449,679.113987645947,0.0,4435.69856139429,0.0,0.0,0.0
2127,1.0,94.095135802173,0.0,14.7621604945675,588.653970107796,582.767430406718,0.0,5014.03029323961,5.904864197827,0.0,0.0
2128,1.0,76.0572173312709,0.0,59.8569566718228,495.94316874104,490.98373705363,0.0,5500.0,23.942782668729123,0.0,0.0
2129,2.0,26.0622219230227,0.0,0.0,0.0,0.0,184.844445192443,5307.78843919955,73.93777807697721,0.0,0.0
2130,2.0,6.81913388425532,0.0,0.0,0.0,0.0,232.952165289362,5067.17543329635,93.1808661157448,0.0,0.0
2131,2.0,0.0,0.0,0.0,0.0,0.0,250.0,4809.5830053378,100.0,0.0,0.0
2132,2.0,0.0,0.0,0.0,0.0,0.0,250.0,4552.24816980721,100.0,0.0,0.0
2133,2.0,0.0,0.0,0.0,0.0,0.0,250.0,4295.17066911215,100.0,0.0,0.0
2134,2.0,0.0,0.0,0.0,0.0,0.0,250.0,4038.35024591779,100.0,0.0,0.0
2135,2.0,0.0,0.0,0.0,0.0,0.0,250.0,3781.78664314662,100.0,0.0,0.0
2136,0.5,0.0,0.0,0.0,0.0,0.0,250.0,3525.47960397822,100.0,0.0,0.0
2137,0.5,0.0,0.0,0.0,0.0,0.0,250.0,3269.42887184899,100.0,0.0,0.0
2138,0.5,0.0,0.0,0.0,0.0,0.0,250.0,3013.63419045189,100.0,0.0,0.0
2139,0.5,0.0,0.0,0.0,0.0,0.0,250.0,2758.09530373618,100.0,0.0,0.0
2140,0.5,0.0,0.0,0.0,0.0,0.0,250.0,2502.81195590719,100.0,0.0,0.0
2141,1.0,0.0,0.0,0.0,0.0,0.0,250.0,2247.78389142603,100.0,0.0,0.0
2142,1.0,0.0,0.0,0.0,0.0,0.0,250.0,1993.01085500935,100.0,0.0,0.0
2143,1.0,0.0,0.0,0.0,0.0,0.0,250.0,1738.49259162909,100.0,0.0,0.0
2144,1.0,25.3438792638922,0.0,0.0,0.0,0.0,186.64030184027,1548.22854162305,74.65612073610801,0.0,0.0
2145,1.0,39.7880069597887,0.0,0.0,0.0,0.0,150.529982600528,1394.62982560614,60.211993040211205,0.0,0.0
2146,1.0,65.1763621016109,0.0,87.0590947459728,184.166443587628,182.324779151751,0.0,1575.55997493229,34.82363789838912,0.0,0.0
2147,1.0,94.9821764733678,0.0,12.5445588165804,633.493454630858,627.158520084549,0.0,2201.14293504191,5.01782352663216,0.0,0.0
2148,1.0,88.0751955396595,0.0,29.8120111508513,315.481925794954,312.327106537004,0.0,2511.26889864387,11.924804460340521,0.0,0.0
2149,1.0,95.0978402086584,0.0,12.255399478354,416.615443216782,412.449288784614,0.0,2921.20691852984,4.9021597913416,0.0,0.0
2150,1.0,84.1346838436792,0.0,39.6632903908021,293.365055253955,290.431404701415,0.0,3208.71711631272,15.865316156320842,0.0,0.0
2151,1.0,72.3969830395619,0.0,69.0075424010953,237.301909623561,234.928890527325,0.0,3440.43728972374,27.60301696043812,0.0,0.0
2152,1.0,70.8457917655685,0.0,72.8855205860788,401.552618684802,397.537092497954,0.0,3834.53394493197,29.154208234431522,0.0,0.0
2153,2.0,41.1133103508336,0.0,147.216724122916,154.708835678618,153.161747321831,0.0,3983.86115830887,58.8866896491664,0.0,0.0
2154,2.0,6.79672515184093,0.0,0.0,0.0,0.0,233.008187120398,3744.51549197844,93.2032748481592,0.0,0.0
2155,2.0,0.0,0.0,0.0,0.0,0.0,250.0,3488.24572396121,100.0,0.0,0.0
2156,2.0,0.0,0.0,0.0,0.0,0.0,250.0,3232.23222571199,100.0,0.0,0.0
2157,2.0,0.0,0.0,0.0,0.0,0.0,250.0,2976.47474096103,100.0,0.0,0.0
2158,2.0,0.0,0.0,0.0,0.0,0.0,250.0,2720.97301369482,100.0,0.0,0.0
2159,2.0,0.0,0.0,0.0,0.0,0.0,250.0,2465.72678815587,100.0,0.0,0.0
2160,0.5,0.0,0.0,0.0,0.0,0.0,250.0,2210.73580884246,100.0,0.0,0.0
2161,0.5,0.0,0.0,0.0,0.0,0.0,250.0,1955.99982050837,100.0,0.0,0.0
2162,0.5,0.0,0.0,0.0,0.0,0.0,250.0,1701.5185681626,100.0,0.0,0.0
2163,0.5,0.0,0.0,0.0,0.0,0.0,250.0,1447.29179706919,100.0,0.0,0.0
2164,0.5,0.0,0.0,0.0,0.0,0.0,250.0,1193.31925274687,100.0,0.0,0.0
2165,1.0,0.0,0.0,0.0,0.0,0.0,250.0,939.600680968868,100.0,0.0,0.0
2166,1.0,0.0,0.0,0.0,0.0,0.0,250.0,686.135827762646,100.0,0.0,0.0
2167,1.0,5.70211462665606,0.0,0.0,0.0,0.0,235.74471343336,447.323718769874,94.297885373344,0.0,0.0
2168,1.0,24.6912618618096,0.0,100.70672279246,0.0,0.0,87.5651225530157,358.426776310684,75.30873813819028,0.0,0.0
2169,1.0,53.9524335671246,0.0,115.118916082189,369.96855703129,366.268871460977,0.0,724.337220995351,46.047566432875605,0.0,0.0
2170,1.0,76.6703734647862,0.0,58.3240663380346,465.438601297406,460.784215284432,0.0,1184.39709905879,23.32962653521384,0.0,0.0
2171,1.0,95.2694577684759,0.0,11.8263555788103,596.595080593135,590.629129787204,0.0,1773.84183174693,4.730542231524121,0.0,0.0
2172,1.0,100.0,6.48037009070981,0.0,639.059018166539,638.95568304688,0.0,2411.02367296207,0.0,0.0,0.0
2173,1.0,100.0,7.67171213136248,0.0,589.949296904508,591.492899045311,0.0,3000.10554833441,0.0,0.0,0.0
2174,1.0,100.0,8.62145244213804,0.0,666.204789375569,667.907274641176,0.0,3665.01271742726,0.0,0.0,0.0
2175,1.0,89.6059806265978,0.0,25.9850484335055,485.337640516159,480.484264110998,0.0,4141.83196882083,10.394019373402202,0.0,0.0
2176,1.0,74.1950090290698,0.0,64.5124774273256,444.429613956406,439.985317816842,0.0,4577.67545466885,25.804990970930245,0.0,0.0
2177,2.0,46.2088279826612,0.0,134.477930043347,237.0871818152,234.716309997048,0.0,4807.81408921123,53.791172017338795,0.0,0.0
2178,2.0,11.0433784562036,0.0,0.0,0.0,0.0,222.391553859491,4578.36834193061,88.95662154379642,0.0,0.0
2179,2.0,0.0,0.0,0.0,0.0,0.0,250.0,4321.26472106343,100.0,0.0,0.0
2180,2.0,0.0,0.0,0.0,0.0,0.0,250.0,4064.41820381711,100.0,0.0,0.0
2181,2.0,0.0,0.0,0.0,0.0,0.0,250.0,3807.82853308804,100.0,0.0,0.0
2182,2.0,0.0,0.0,0.0,0.0,0.0,250.0,3551.4954520297,100.0,0.0,0.0
2183,2.0,0.0,0.0,0.0,0.0,0.0,250.0,3295.41870405242,100.0,0.0,0.0
2184,0.5,0.0,0.0,0.0,0.0,0.0,250.0,3039.59803282311,100.0,0.0,0.0
2185,0.5,0.0,0.0,0.0,0.0,0.0,250.0,2784.03318226504,100.0,0.0,0.0
2186,0.5,0.0,0.0,0.0,0.0,0.0,250.0,2528.72389655752,100.0,0.0,0.0
2187,0.5,0.0,0.0,0.0,0.0,0.0,250.0,2273.66992013571,100.0,0.0,0.0
2188,0.5,0.0,0.0,0.0,0.0,0.0,250.0,2018.87099769032,100.0,0.0,0.0
2189,1.0,0.0,0.0,0.0,0.0,0.0,250.0,1764.32687416738,100.0,0.0,0.0
2190,1.0,0.0,0.0,0.0,0.0,0.0,250.0,1510.03729476796,100.0,0.0,0.0
2191,1.0,6.68263236911536,0.0,0.0,0.0,0.0,233.293419077212,1272.87733921338,93.3173676308848,0.0,0.0
2192,1.0,24.5204000710276,0.0,149.859200596635,0.0,0.0,38.8397992257962,1232.37234144407,75.47959992897248,0.0,0.0
2193,1.0,54.0971257681208,0.0,114.757185579698,381.93072502021,378.111417770008,0.0,1609.25138687264,45.9028742318792,0.0,0.0
2194,1.0,70.6411824423044,0.0,73.3970438942391,306.842025199691,303.773604947694,0.0,1911.41574043346,29.358817557695644,0.0,0.0
2195,1.0,92.9301408662624,0.0,17.674647834344,579.803369714565,574.00533601742,0.0,2483.50966071044,7.069859133737601,0.0,0.0
2196,1.0,94.9479425092128,0.0,12.630143726968,461.520025926529,456.904825667264,0.0,2937.930976717,5.052057490787201,0.0,0.0
2197,1.0,65.6615411300551,0.0,0.0,0.0,0.0,85.8461471748623,2848.27976576567,34.33845886994492,0.0,0.0
2198,1.0,100.0,3.56249021861635,0.0,320.93040702943,321.177430969238,0.0,3166.60891696914,0.0,0.0,0.0
2199,1.0,90.9603641203336,0.0,22.599089699166,552.893529193807,547.364593901869,0.0,3710.80690195404,9.0396358796664,0.0,0.0
2200,1.0,74.2902704786831,0.0,64.2743238032922,470.66761744114,465.960941266728,0.0,4173.05703631882,25.709729521316884,0.0,0.0
2201,2.0,49.9775501421494,0.0,125.056124644626,316.707451334849,313.540376821501,0.0,4482.424356104,50.022449857850404,0.0,0.0
2202,2.0,11.7406758416759,0.0,0.0,0.0,0.0,220.64831039581,4255.06485054001,88.259324158324,0.0,0.0
2203,2.0,0.0,0.0,0.0,0.0,0.0,250.0,3998.28453316421,100.0,0.0,0.0
2204,2.0,0.0,0.0,0.0,0.0,0.0,250.0,3741.7609961058,100.0,0.0,0.0
2205,2.0,0.0,0.0,0.0,0.0,0.0,250.0,3485.49398258444,100.0,0.0,0.0
2206,2.0,0.0,0.0,0.0,0.0,0.0,250.0,3229.4832360766,100.0,0.0,0.0
2207,2.0,0.0,0.0,0.0,0.0,0.0,250.0,2973.72850031527,100.0,0.0,0.0
2208,0.5,0.0,0.0,0.0,0.0,0.0,250.0,2718.2295192897,100.0,0.0,0.0
2209,0.5,0.0,0.0,0.0,0.0,0.0,250.0,2462.98603724516,100.0,0.0,0.0
2210,0.5,0.0,0.0,0.0,0.0,0.0,250.0,2207.99779868266,100.0,0.0,0.0
2211,0.5,0.0,0.0,0.0,0.0,0.0,250.0,1953.26454835873,100.0,0.0,0.0
2212,0.5,0.0,0.0,0.0,0.0,0.0,71.0707914581811,1879.52260556978,28.428316583272444,0.0,0.0
2213,1.0,0.0,0.0,0.0,0.0,0.0,250.0,1625.11783043896,100.0,0.0,0.0
2214,1.0,0.0,0.0,0.0,0.0,0.0,250.0,1370.96746008327,100.0,0.0,0.0
2215,1.0,7.09091703078217,0.0,0.0,0.0,0.0,232.272707423045,1134.97759623627,92.909082969218,0.0,0.0
2216,1.0,24.1487828164215,0.0,0.0,0.0,0.0,189.628042958946,942.299140903726,75.8512171835784,0.0,0.0
2217,1.0,51.8458653344981,0.0,120.385336663755,102.362656944953,101.339030375503,0.0,1042.69587213833,48.154134665502,0.0,0.0
2218,1.0,73.3543478587894,0.0,66.6141303530265,427.289030663969,423.016140357329,0.0,1464.66931662352,26.6456521412106,0.0,0.0
2219,1.0,90.7915202070472,0.0,23.021199482382,573.104684775148,567.373637927397,0.0,2030.57828523429,9.208479792952799,0.0,0.0
2220,1.0,100.0,2.75930930684788,0.0,670.644404400238,666.615042245739,0.0,2695.16274919479,0.0,0.0,0.0
2221,1.0,100.0,1.72773264949718,0.0,613.452343363416,608.994066146324,0.0,3301.46165259192,0.0,0.0,0.0
2222,1.0,94.0772992283783,0.0,14.8067519290543,513.072570338147,507.941844634766,0.0,3806.1020355741,5.92270077162172,0.0,0.0
2223,1.0,92.1925699587214,0.0,19.5185751031965,608.018386044716,601.938202184269,0.0,4404.23413572279,7.8074300412786,0.0,0.0
2224,1.0,67.5914220464217,0.0,81.0214448839457,371.143652531553,367.432216006237,0.0,4767.26211759331,32.40857795357828,0.0,0.0
2225,2.0,32.9282155988145,0.0,167.679461002964,29.5227271730192,29.227499901289,0.0,4791.722355377,67.0717844011856,0.0,0.0
2226,2.0,3.49408985478731,0.0,0.0,0.0,0.0,241.264775363032,4543.22883972563,96.5059101452128,0.0,0.0
2227,2.0,0.0,0.0,0.0,0.0,0.0,250.0,4286.16035836065,100.0,0.0,0.0
2228,2.0,0.0,0.0,0.0,0.0,0.0,250.0,4029.34894547704,100.0,0.0,0.0
2229,2.0,0.0,0.0,0.0,0.0,0.0,250.0,3772.79434400631,100.0,0.0,0.0
2230,2.0,0.0,0.0,0.0,0.0,0.0,250.0,3516.49629713705,100.0,0.0,0.0
2231,2.0,0.0,0.0,0.0,0.0,0.0,250.0,3260.45454831466,100.0,0.0,0.0
2232,0.5,0.0,0.0,0.0,0.0,0.0,0.0,3257.19409376635,0.0,0.0,0.0
2233,0.5,0.0,0.0,0.0,0.0,0.0,0.0,3253.93689967258,0.0,0.0,0.0
2234,0.5,0.0,0.0,0.0,0.0,0.0,0.0,3250.68296277291,0.0,0.0,0.0
2235,0.5,0.0,0.0,0.0,0.0,0.0,0.0,3247.43227981014,0.0,0.0,0.0
2236,0.5,0.0,0.0,0.0,0.0,0.0,0.0,3244.18484753033,0.0,0.0,0.0
2237,1.0,0.0,0.0,0.0,0.0,0.0,250.0,2988.41541015754,100.0,0.0,0.0
2238,1.0,0.0,0.0,0.0,0.0,0.0,250.0,2732.90174222213,100.0,0.0,0.0
2239,1.0,8.55698876359207,0.0,0.0,0.0,0.0,228.60752809102,2499.25214543848,91.443011236408,0.0,0.0
2240,1.0,23.8617768520891,0.0,0.0,0.0,0.0,190.345557869777,2304.48465302054,76.13822314791081,0.0,0.0
2241,1.0,50.0947595643714,0.0,124.763101089071,3.50923647849892,3.47414411371393,0.0,2305.65431248123,49.9052404356284,0.0,0.0
2242,1.0,55.0243550349967,0.0,0.0,0.0,0.0,112.439112412508,2189.77379714601,44.9756449650032,0.0,0.0
2243,1.0,92.2539218504685,0.0,19.3651953738286,247.739619225218,245.262223032966,0.0,2432.84624638183,7.7460781495314395,0.0,0.0
2244,1.0,100.0,5.78749975609225,0.0,603.327233912855,602.908993837087,0.0,3033.32239397254,0.0,0.0,0.0
2245,1.0,100.0,10.316536,0.0,678.453355062662,681.677924739235,0.0,3711.9669963178,0.0,0.0,0.0
2246,1.0,100.0,9.59940429282996,0.0,664.021445349091,666.694572940504,0.0,4374.94960226199,0.0,0.0,0.0
2247,1.0,95.8175408912828,0.0,10.456147771793,582.625079429499,576.798828635204,0.0,4947.37348129493,4.1824591087172,0.0,0.0
2248,1.0,71.6162441758555,0.0,70.9593895603614,390.674372357854,386.767628634275,0.0,5329.19373644791,28.38375582414456,0.0,0.0
2249,2.0,43.1540081659847,0.0,142.114979585038,177.914603321755,176.135457288538,0.0,5500.0,56.845991834015194,0.0,0.0
2250,2.0,11.1823831150549,0.0,0.0,0.0,0.0,222.044042212363,5270.21308867438,88.81761688494521,0.0,0.0
2251,2.0,0.0,0.0,0.0,0.0,0.0,250.0,5012.41762306045,100.0,0.0,0.0
2252,2.0,0.0,0.0,0.0,0.0,0.0,250.0,4754.87995291214,100.0,0.0,0.0
2253,2.0,0.0,0.0,0.0,0.0,0.0,250.0,4497.59982043398,100.0,0.0,0.0
2254,2.0,0.0,0.0,0.0,0.0,0.0,250.0,4240.57696808829,100.0,0.0,0.0
2255,2.0,0.0,0.0,0.0,0.0,0.0,250.0,3983.81113859495,100.0,0.0,0.0
2256,0.5,0.0,0.0,0.0,0.0,0.0,0.0,3979.82732745635,0.0,0.0,0.0
2257,0.5,0.0,0.0,0.0,0.0,0.0,0.0,3975.8475001289,0.0,0.0,0.0
2258,0.5,0.0,0.0,0.0,0.0,0.0,0.0,3971.87165262877,0.0,0.0,0.0
2259,0.5,0.0,0.0,0.0,0.0,0.0,0.0,3967.89978097614,0.0,0.0,0.0
2260,0.5,0.0,0.0,0.0,0.0,0.0,0.0,3963.93188119516,0.0,0.0,0.0
2261,1.0,0.0,0.0,0.0,0.0,0.0,250.0,3707.44269678872,100.0,0.0,0.0
2262,1.0,0.0,0.0,0.0,0.0,0.0,250.0,3451.21000156667,100.0,0.0,0.0
2263,1.0,8.7117941472206,0.0,0.0,0.0,0.0,228.220514631948,3217.2330192096,91.2882058527792,0.0,0.0
2264,1.0,26.3583969209701,0.0,172.224447947381,0.0,0.0,11.8795597501938,3202.01623088717,73.64160307902993,0.0,0.0
2265,1.0,51.4703344667462,0.0,121.324163833135,127.200010701948,125.928010594928,0.0,3324.74222525121,48.529665533254004,0.0,0.0
2266,1.0,74.3553286798447,0.0,64.1116783003882,317.544615293922,314.369169140983,0.0,3635.78665216694,25.644671320155283,0.0,0.0
2267,1.0,51.8189625086459,0.0,0.0,0.0,0.0,101.790769752061,3529.33190616926,40.716307900824404,0.0,0.0
2268,1.0,43.1774899063298,0.0,0.0,0.0,0.0,0.0,3525.80257426309,0.0,0.0,0.0
2269,1.0,89.6374469015862,0.0,25.9063827460346,87.2225745961264,86.3503488501652,0.0,3608.62712053899,10.36255309841384,0.0,0.0
2270,1.0,26.474774666735,0.0,0.0,0.0,0.0,0.0,3605.01849341845,0.0,0.0,0.0
2271,1.0,36.6376566036507,0.0,0.0,0.0,0.0,0.0,3601.41347492503,0.0,0.0,0.0
2272,1.0,17.9933322111135,0.0,0.0,0.0,0.0,0.0,3597.81206145011,0.0,0.0,0.0
2273,2.0,22.5209878791749,0.0,0.0,0.0,0.0,193.697530302063,3398.56017837647,77.4790121208252,0.0,0.0
2274,2.0,8.37333726012458,0.0,0.0,0.0,0.0,229.066656849689,3163.78115673377,91.6266627398756,0.0,0.0
2275,2.0,0.0,0.0,0.0,0.0,0.0,250.0,2908.09212305178,100.0,0.0,0.0
2276,2.0,0.0,0.0,0.0,0.0,0.0,250.0,2652.65877840347,100.0,0.0,0.0
2277,2.0,0.0,0.0,0.0,0.0,0.0,250.0,2397.48086709982,100.0,0.0,0.0
2278,2.0,0.0,0.0,0.0,0.0,0.0,250.0,2142.55813370747,100.0,0.0,0.0
2279,2.0,0.0,0.0,0.0,0.0,0.0,250.0,1887.89032304851,100.0,0.0,0.0
2280,0.5,0.0,0.0,0.0,0.0,0.0,0.0,1886.00243272546,0.0,0.0,0.0
2281,0.5,0.0,0.0,0.0,0.0,0.0,0.0,1884.11643029273,0.0,0.0,0.0
2282,0.5,0.0,0.0,0.0,0.0,0.0,0.0,1882.23231386244,0.0,0.0,0.0
2283,0.5,0.0,0.0,0.0,0.0,0.0,0.0,1880.35008154858,0.0,0.0,0.0
2284,0.5,0.0,0.0,0.0,0.0,0.0,0.0,1878.46973146703,0.0,0.0,0.0
2285,1.0,0.0,0.0,0.0,0.0,0.0,0.0,1876.59126173556,0.0,0.0,0.0
2286,1.0,0.0,0.0,0.0,0.0,0.0,0.0,1874.71467047383,0.0,0.0,0.0
2287,1.0,7.61062315078588,0.0,0.0,0.0,0.0,0.0,1872.83995580335,0.0,0.0,0.0
2288,1.0,28.1787439716223,0.0,0.0,31.4021085498897,31.0880874643908,0.0,1902.05520331194,0.0,0.0,0.0
2289,1.0,21.626520457906,0.0,0.0,0.0,0.0,0.0,1900.15314810863,0.0,0.0,0.0
2290,1.0,38.3623521260943,0.0,0.0,0.0,0.0,0.0,1898.25299496052,0.0,0.0,0.0
2291,1.0,79.6706168119634,0.0,0.0,79.3707156816456,78.5770085248292,0.0,1974.93175049039,0.0,0.0,0.0
2292,1.0,47.1191398775287,0.0,0.0,0.0,0.0,0.0,1972.9568187399,0.0,0.0,0.0
2293,1.0,61.1298594973223,0.0,0.0,0.0,0.0,0.0,1970.98386192116,0.0,0.0,0.0
2294,1.0,26.3506457131388,0.0,0.0,0.0,0.0,0.0,1969.01287805924,0.0,0.0,0.0
2295,1.0,78.0895147138542,0.0,0.0,146.587331793828,145.12145847589,0.0,2112.16532365707,0.0,0.0,0.0
2296,1.0,60.1338404166771,0.0,0.0,292.505626928688,289.580570659401,0.0,2399.63372899281,0.0,0.0,0.0
2297,2.0,50.0299291130711,0.0,124.925177217322,278.961827185705,276.172208913848,0.0,2673.40630417767,49.9700708869288,0.0,0.0
2298,2.0,5.04098803254151,0.0,0.0,0.0,0.0,237.397529918646,2430.93741310718,94.95901196745841,0.0,0.0
2299,2.0,0.0,0.0,0.0,0.0,0.0,250.0,2175.98122316882,100.0,0.0,0.0
2300,2.0,0.0,0.0,0.0,0.0,0.0,250.0,1921.2799894204,100.0,0.0,0.0
2301,2.0,0.0,0.0,0.0,0.0,0.0,250.0,1666.83345690572,100.0,0.0,0.0
2302,2.0,0.0,0.0,0.0,0.0,0.0,250.0,1412.64137092357,100.0,0.0,0.0
2303,2.0,0.0,0.0,0.0,0.0,0.0,250.0,1158.70347702739,100.0,0.0,0.0
2304,0.5,0.0,0.0,0.0,0.0,0.0,0.0,1157.54477355036,0.0,0.0,0.0
2305,0.5,0.0,0.0,0.0,0.0,0.0,0.0,1156.38722877681,0.0,0.0,0.0
2306,0.5,0.0,0.0,0.0,0.0,0.0,0.0,1155.23084154804,0.0,0.0,0.0
2307,0.5,0.0,0.0,0.0,0.0,0.0,0.0,1154.07561070649,0.0,0.0,0.0
2308,0.5,0.0,0.0,0.0,0.0,0.0,0.0,1152.92153509578,0.0,0.0,0.0
2309,1.0,0.0,0.0,0.0,0.0,0.0,0.0,1151.76861356069,0.0,0.0,0.0
2310,1.0,0.0,0.0,0.0,0.0,0.0,0.0,1150.61684494712,0.0,0.0,0.0
2311,1.0,8.9425308349429,0.0,0.0,0.0,0.0,0.0,1149.46622810218,0.0,0.0,0.0
2312,1.0,25.4167794436529,0.0,0.0,0.0,0.0,0.0,1148.31676187407,0.0,0.0,0.0
2313,1.0,33.7479409316896,0.0,0.0,0.0,0.0,0.0,1147.1684451122,0.0,0.0,0.0
2314,1.0,23.8918468582216,0.0,0.0,0.0,0.0,0.0,1146.02127666709,0.0,0.0,0.0
2315,1.0,42.041935587602,0.0,0.0,0.0,0.0,0.0,1144.87525539042,0.0,0.0,0.0
2316,1.0,8.6926071503547,0.0,0.0,0.0,0.0,0.0,1143.73038013503,0.0,0.0,0.0
2317,1.0,22.697122058375,0.0,0.0,0.0,0.0,0.0,1142.5866497549,0.0,0.0,0.0
2318,1.0,9.52386308650088,0.0,0.0,0.0,0.0,0.0,1141.44406310514,0.0,0.0,0.0
2319,1.0,85.1900718616774,0.0,0.0,212.068087242122,209.947406369701,0.0,1350.25002541174,0.0,0.0,0.0
2320,1.0,25.330700807685,0.0,0.0,0.0,0.0,0.0,1348.89977538633,0.0,0.0,0.0
2321,2.0,41.0927975257018,0.0,95.5351270018418,0.0,0.0,51.7328791839036,1295.29544209184,58.90720247429817,0.0,0.0
2322,2.0,15.4701955595707,0.0,184.023133449371,0.0,0.0,27.3013776517024,1266.42299750662,84.52980444042936,0.0,0.0
2323,2.0,0.0,0.0,0.0,0.0,0.0,250.0,1012.63132198386,100.0,0.0,0.0
2324,2.0,0.0,0.0,0.0,0.0,0.0,250.0,759.093438136623,100.0,0.0,0.0
2325,2.0,0.0,0.0,0.0,0.0,0.0,250.0,505.809092173234,100.0,0.0,0.0
2326,2.0,0.0,0.0,0.0,0.0,0.0,250.0,252.778030555808,100.0,0.0,0.0
2327,2.0,0.0,0.0,0.0,0.0,0.0,250.0,0.0,100.0,0.0,0.0
2328,0.5,0.0,0.0,0.0,0.0,0.0,0.0,0.0,0.0,0.0,0.0
2329,0.5,0.0,0.0,0.0,0.0,0.0,0.0,0.0,0.0,0.0,0.0
2330,0.5,0.0,0.0,0.0,0.0,0.0,0.0,0.0,0.0,0.0,0.0
2331,0.5,0.0,0.0,0.0,0.0,0.0,0.0,0.0,0.0,0.0,0.0
2332,0.5,0.0,0.0,0.0,0.0,0.0,0.0,0.0,0.0,0.0,0.0
2333,1.0,0.0,0.0,0.0,0.0,0.0,0.0,0.0,0.0,0.0,0.0
2334,1.0,0.0,0.0,0.0,0.0,0.0,0.0,0.0,0.0,0.0,0.0
2335,1.0,6.17018024423577,0.0,0.0,0.0,0.0,0.0,0.0,0.0,0.0,0.0
2336,1.0,27.3216372533022,0.0,181.695906866745,14.7630650459441,14.6154343954847,0.0,14.6154343954847,72.678362746698,0.0,0.0
2337,1.0,57.8117169060911,0.0,105.470707734772,450.899842954993,446.390844525443,0.0,460.991663486532,42.18828309390881,0.0,0.0
2338,1.0,80.5342583795275,0.0,48.6643540511813,571.171402955285,565.459688925733,0.0,1025.99036074878,19.46574162047252,0.0,0.0
2339,1.0,97.3839909286131,0.0,6.54002267846735,646.666552390168,640.199886866266,0.0,1665.1642572543,2.6160090713869404,0.0,0.0
2340,1.0,100.0,8.4721104159766,0.0,689.491700189707,690.816424713391,0.0,2354.31551771043,0.0,0.0,0.0
2341,1.0,100.0,10.316536,0.0,708.103575933366,711.031643401233,0.0,3062.99284559395,0.0,0.0,0.0
2342,1.0,100.0,9.68206624448186,0.0,694.39325753533,696.842865630373,0.0,3756.77271837873,0.0,0.0,0.0
2343,1.0,96.4677027973377,0.0,8.83074300665566,620.689000583134,614.482110577303,0.0,4367.49805623766,3.5322972026622637,0.0,0.0
2344,1.0,72.8646298974874,0.0,67.8384252562815,424.974498116207,420.724753135045,0.0,4783.85531131647,27.1353701025126,0.0,0.0
2345,2.0,30.4054811175054,0.0,0.0,0.0,0.0,173.986297206237,4603.3277214534,69.5945188824948,0.0,0.0
2346,2.0,8.16146524421427,0.0,0.0,0.0,0.0,229.596336889464,4366.8089019244,91.8385347557856,0.0,0.0
2347,2.0,0.0,0.0,0.0,0.0,0.0,250.0,4109.91684049722,100.0,0.0,0.0
2348,2.0,0.0,0.0,0.0,0.0,0.0,250.0,3853.28167113147,100.0,0.0,0.0
2349,2.0,0.0,0.0,0.0,0.0,0.0,250.0,3596.90313693509,100.0,0.0,0.0
2350,2.0,0.0,0.0,0.0,0.0,0.0,250.0,3340.7809812729,100.0,0.0,0.0
2351,2.0,0.0,0.0,0.0,0.0,0.0,250.0,3084.91494776638,100.0,0.0,0.0
2352,0.5,0.0,0.0,0.0,0.0,0.0,0.0,3081.83003281861,0.0,0.0,0.0
2353,0.5,0.0,0.0,0.0,0.0,0.0,0.0,3078.74820278579,0.0,0.0,0.0
2354,0.5,0.0,0.0,0.0,0.0,0.0,0.0,3075.66945458301,0.0,0.0,0.0
2355,0.5,0.0,0.0,0.0,0.0,0.0,0.0,3072.59378512842,0.0,0.0,0.0
2356,0.5,0.0,0.0,0.0,0.0,0.0,0.0,3069.52119134329,0.0,0.0,0.0
2357,1.0,0.0,0.0,0.0,0.0,0.0,250.0,2813.9264176267,100.0,0.0,0.0
2358,1.0,0.0,0.0,0.0,0.0,0.0,250.0,2558.58723868382,100.0,0.0,0.0
2359,1.0,5.8853805101137,0.0,0.0,0.0,0.0,235.286548724716,2318.36547091512,94.11461948988641,0.0,0.0
2360,1.0,28.795460769246,0.0,0.0,0.0,0.0,178.011348076885,2136.2376629423,71.20453923075401,0.0,0.0
2361,1.0,56.9068228631114,0.0,107.732942842222,404.317670171246,400.274493469533,0.0,2534.37591874889,43.093177136888805,0.0,0.0
2362,1.0,65.1757060707674,0.0,87.0607348230814,136.322607220017,134.959381147817,0.0,2666.80092397796,34.82429392923256,0.0,0.0
2363,1.0,92.0487625766273,0.0,19.8780935584318,476.868205601724,472.099523545707,0.0,3136.23364659969,7.951237423372721,0.0,0.0
2364,1.0,100.0,5.62651005618163,0.0,575.123972090126,574.831572425733,0.0,3707.92898537882,0.0,0.0,0.0
2365,1.0,100.0,2.32677650299286,0.0,477.658242905317,475.139099039468,0.0,4179.36015543291,0.0,0.0,0.0
2366,1.0,100.0,3.88215946273691,0.0,555.543918882611,553.754950804532,0.0,4728.93574608201,0.0,0.0,0.0
2367,1.0,72.4736005007845,0.0,68.8159987480387,206.077295623956,204.016522667717,0.0,4928.22333300365,27.52639949921548,0.0,0.0
2368,1.0,51.1038225793949,0.0,122.240443551513,78.1531421145758,77.37161069343,0.0,5000.66672036407,48.8961774206052,0.0,0.0
2369,2.0,45.9494550261354,0.0,135.126362434662,218.339727589351,216.156330313457,0.0,5211.82238395716,54.05054497386481,0.0,0.0
2370,2.0,4.13801128223802,0.0,0.0,0.0,0.0,239.654971794405,4964.53483248795,95.861988717762,0.0,0.0
2371,2.0,0.0,0.0,0.0,0.0,0.0,250.0,4707.04504513021,100.0,0.0,0.0
2372,2.0,0.0,0.0,0.0,0.0,0.0,250.0,4449.81274755983,100.0,0.0,0.0
2373,2.0,0.0,0.0,0.0,0.0,0.0,250.0,4192.83768228701,100.0,0.0,0.0
2374,2.0,0.0,0.0,0.0,0.0,0.0,250.0,3936.11959207947,100.0,0.0,0.0
2375,2.0,0.0,0.0,0.0,0.0,0.0,250.0,3679.65821996214,100.0,0.0,0.0
2376,0.5,0.0,0.0,0.0,0.0,0.0,0.0,3675.97856174218,0.0,0.0,0.0
2377,0.5,0.0,0.0,0.0,0.0,0.0,0.0,3672.30258318044,0.0,0.0,0.0
2378,0.5,0.0,0.0,0.0,0.0,0.0,0.0,3668.63028059726,0.0,0.0,0.0
2379,0.5,0.0,0.0,0.0,0.0,0.0,0.0,3664.96165031666,0.0,0.0,0.0
2380,0.5,0.0,0.0,0.0,0.0,0.0,0.0,3661.29668866634,0.0,0.0,0.0
2381,1.0,0.0,0.0,0.0,0.0,0.0,250.0,3405.11013945242,100.0,0.0,0.0
2382,1.0,0.0,0.0,0.0,0.0,0.0,250.0,3149.17977678772,100.0,0.0,0.0
2383,1.0,6.59679964366535,0.0,0.0,0.0,0.0,233.508000890837,2910.16392944443,93.4032003563348,0.0,0.0
2384,1.0,27.9215197918222,0.0,180.196200520444,16.8460066783587,16.6775466115751,0.0,2923.93131212656,72.0784802081776,0.0,0.0
2385,1.0,57.2258006282784,0.0,106.935498429304,426.48642465264,422.221560406113,0.0,3343.22894122055,42.77419937172161,0.0,0.0
2386,1.0,65.6925617991323,0.0,85.7685955021692,150.016412423445,148.516248299211,0.0,3488.40196057854,34.307438200867686,0.0,0.0
2387,1.0,61.6975825459942,0.0,0.0,0.0,0.0,95.7560436350144,3388.19028221895,38.302417454005756,0.0,0.0
2388,1.0,83.4186336275716,0.0,41.453415931071,44.053198872032,43.6126668833117,0.0,3428.41475882005,16.581366372428402,0.0,0.0
2389,1.0,77.1114422112479,0.0,57.2213944718802,133.68986732776,132.352968654483,0.0,3557.33931271571,22.88855778875208,0.0,0.0
2390,1.0,92.5940895377545,0.0,18.5147761556137,411.850077492743,407.731576717815,0.0,3961.51355012081,7.40591046224548,0.0,0.0
2391,1.0,60.1325181469886,0.0,0.0,0.0,0.0,99.6687046325284,3856.87657734591,39.86748185301136,0.0,0.0
2392,1.0,77.193521304692,0.0,57.01619673827,221.675684567685,219.458927722008,0.0,4072.47862849057,22.806478695308,0.0,0.0
2393,2.0,43.2990741014243,0.0,141.752314746439,174.659769206895,172.913171514826,0.0,4241.31932137691,56.700925898575605,0.0,0.0
2394,2.0,14.8954288599652,0.0,0.0,0.0,0.0,212.761427850087,4022.16746887363,85.1045711400348,0.0,0.0
2395,2.0,0.0,0.0,0.0,0.0,0.0,250.0,3765.6200488795,100.0,0.0,0.0
2396,2.0,0.0,0.0,0.0,0.0,0.0,250.0,3509.32917630537,100.0,0.0,0.0
2397,2.0,0.0,0.0,0.0,0.0,0.0,250.0,3253.29459460381,100.0,0.0,0.0
2398,2.0,0.0,0.0,0.0,0.0,0.0,250.0,2997.51604748395,100.0,0.0,0.0
2399,2.0,0.0,0.0,0.0,0.0,0.0,250.0,2741.99327891122,100.0,0.0,0.0
2400,0.5,0.0,0.0,0.0,0.0,0.0,0.0,2739.25128563231,0.0,0.0,0.0
2401,0.5,0.0,0.0,0.0,0.0,0.0,0.0,2736.51203434667,0.0,0.0,0.0
2402,0.5,0.0,0.0,0.0,0.0,0.0,0.0,2733.77552231233,0.0,0.0,0.0
2403,0.5,0.0,0.0,0.0,0.0,0.0,0.0,2731.04174679001,0.0,0.0,0.0
2404,0.5,0.0,0.0,0.0,0.0,0.0,0.0,2728.31070504322,0.0,0.0,0.0
2405,1.0,0.0,0.0,0.0,0.0,0.0,250.0,2473.05714181293,100.0,0.0,0.0
2406,1.0,0.0,0.0,0.0,0.0,0.0,250.0,2218.05883214586,100.0,0.0,0.0
2407,1.0,6.20090747198931,0.0,0.0,0.0,0.0,234.497731320027,1978.97437804096,93.7990925280108,0.0,0.0
2408,1.0,28.9569215275803,0.0,162.601741787675,0.0,0.0,15.005954393374,1961.83787397264,71.0430784724196,0.0,0.0
2409,1.0,57.6996159871295,0.0,105.750960032176,446.843911080081,442.37547196928,0.0,2402.25150806795,42.3003840128704,0.0,0.0
2410,1.0,79.8996242897896,0.0,50.2509392755261,586.584817115459,580.718968944304,0.0,2980.56822550419,20.100375710210443,0.0,0.0
2411,1.0,97.9633466184015,0.0,5.09163345399628,673.744271746196,667.006829028734,0.0,3644.59448630742,2.036653381598512,0.0,0.0
2412,1.0,87.3481052444759,0.0,31.6297368888103,285.568144368046,282.712462924366,0.0,3923.66235474548,12.65189475552412,0.0,0.0
2413,1.0,83.3529112301583,0.0,41.6177219246044,211.543520708819,209.428085501731,0.0,4129.16677789246,16.647088769841762,0.0,0.0
2414,1.0,75.2177884174332,0.0,61.9555289564171,154.601375444444,153.05536169,0.0,4278.09297280457,24.78221158256684,0.0,0.0
2415,1.0,43.2073229694891,0.0,0.0,0.0,0.0,141.981692576277,4130.39902874462,56.7926770305108,0.0,0.0
2416,1.0,57.0152451063063,0.0,83.5307507021479,0.0,0.0,23.9311365320863,4102.09576453195,42.98475489369368,0.0,0.0
2417,2.0,5.53030613769467,0.0,0.0,0.0,0.0,236.174234655763,3859.4338357818,94.4696938623052,0.0,0.0
2418,2.0,0.295925897740952,0.0,0.0,0.0,0.0,249.260185255648,3603.79643704132,99.7040741022592,0.0,0.0
2419,2.0,0.0,0.0,0.0,0.0,0.0,250.0,3347.66738807903,100.0,0.0,0.0
2420,2.0,0.0,0.0,0.0,0.0,0.0,250.0,3091.79446816569,100.0,0.0,0.0
2421,2.0,0.0,0.0,0.0,0.0,0.0,250.0,2836.17742117228,100.0,0.0,0.0
2422,2.0,0.0,0.0,0.0,0.0,0.0,250.0,2580.81599122585,100.0,0.0,0.0
2423,2.0,0.0,0.0,0.0,0.0,0.0,250.0,2325.70992270937,100.0,0.0,0.0
2424,0.5,0.0,0.0,0.0,0.0,0.0,0.0,2323.38421278666,0.0,0.0,0.0
2425,0.5,0.0,0.0,0.0,0.0,0.0,0.0,2321.06082857388,0.0,0.0,0.0
2426,0.5,0.0,0.0,0.0,0.0,0.0,0.0,2318.7397677453,0.0,0.0,0.0
2427,0.5,0.0,0.0,0.0,0.0,0.0,0.0,2316.42102797756,0.0,0.0,0.0
2428,0.5,0.0,0.0,0.0,0.0,0.0,0.0,2314.10460694958,0.0,0.0,0.0
2429,1.0,0.0,0.0,0.0,0.0,0.0,250.0,2059.26524981738,100.0,0.0,0.0
2430,1.0,0.0,0.0,0.0,0.0,0.0,250.0,1804.68073204231,100.0,0.0,0.0
2431,1.0,6.52059338201166,0.0,0.0,0.0,0.0,233.698516544971,1566.81694368908,93.4794066179884,0.0,0.0
2432,1.0,29.9114719100155,0.0,94.5367401579804,0.0,0.0,80.6845800669809,1483.75055092016,70.08852808998452,0.0,0.0
2433,1.0,55.6045211448003,0.0,110.988697137999,256.155700424976,253.594143420726,0.0,1735.86094378997,44.3954788551996,0.0,0.0
2434,1.0,76.7394197691965,0.0,58.1514505770088,381.647760736962,377.831283129593,0.0,2111.95636597577,23.260580230803523,0.0,0.0
2435,1.0,73.0463840892889,0.0,67.3840397767777,122.056729903287,120.836162604254,0.0,2230.68057221405,26.95361591071108,0.0,0.0
2436,1.0,87.2089845620311,0.0,31.9775385949223,264.532403008575,261.887078978489,0.0,2490.33697062032,12.791015437968921,0.0,0.0
2437,1.0,48.8626617366384,0.0,0.0,0.0,0.0,127.843345658404,2358.71194106546,51.137338263361606,0.0,0.0
2438,1.0,10.1583988406555,0.0,0.0,0.0,0.0,224.604002898361,2129.48049892403,89.8416011593444,0.0,0.0
2439,1.0,15.3632276631466,0.0,0.0,0.0,0.0,211.591930842134,1913.62179535224,84.6367723368536,0.0,0.0
2440,1.0,18.4301686937604,0.0,0.0,0.0,0.0,203.924578265599,1705.72375106638,81.5698313062396,0.0,0.0
2441,2.0,41.3604552549678,0.0,96.601353792374,0.0,0.0,49.9975080702065,1653.51549391107,58.6395447450322,0.0,0.0
2442,2.0,10.1755275577261,0.0,0.0,0.0,0.0,224.561181105685,1425.03250255283,89.824472442274,0.0,0.0
2443,2.0,0.0,0.0,0.0,0.0,0.0,250.0,1171.08221752502,100.0,0.0,0.0
2444,2.0,0.0,0.0,0.0,0.0,0.0,250.0,917.385882782245,100.0,0.0,0.0
2445,2.0,0.0,0.0,0.0,0.0,0.0,250.0,663.94324437421,100.0,0.0,0.0
2446,2.0,0.0,0.0,0.0,0.0,0.0,250.0,410.754048604584,100.0,0.0,0.0
2447,2.0,0.0,0.0,0.0,0.0,0.0,250.0,157.818042030727,100.0,0.0,0.0
2448,0.5,0.0,0.0,0.0,0.0,0.0,0.0,157.660223988696,0.0,0.0,0.0
2449,0.5,0.0,0.0,0.0,0.0,0.0,0.0,157.502563764707,0.0,0.0,0.0
2450,0.5,0.0,0.0,0.0,0.0,0.0,0.0,157.345061200942,0.0,0.0,0.0
2451,0.5,0.0,0.0,0.0,0.0,0.0,0.0,157.187716139741,0.0,0.0,0.0
2452,0.5,0.0,0.0,0.0,0.0,0.0,0.0,157.030528423602,0.0,0.0,0.0
2453,1.0,0.0,0.0,0.0,0.0,0.0,155.304762916226,0.0,62.1219051664904,0.0,0.0
2454,1.0,0.0,0.0,0.0,0.0,0.0,0.0,0.0,0.0,0.0,0.0
2455,1.0,5.67129215752492,0.0,0.0,0.0,0.0,0.0,0.0,0.0,0.0,0.0
2456,1.0,29.2879552455422,0.0,176.780111886145,43.4755853172702,43.0408294640975,0.0,43.0408294640975,70.712044754458,0.0,0.0
2457,1.0,59.8690419683149,0.0,100.327395079213,494.533832421706,489.588494097489,0.0,532.586282732122,40.1309580316852,0.0,0.0
2458,1.0,83.2782768954093,0.0,41.8043077614767,631.520305257513,625.205102204938,0.0,1157.25879865433,16.72172310459068,0.0,0.0
2459,1.0,99.3906169206616,0.0,1.52345769834607,686.631634732723,679.765318385396,0.0,1835.86685824107,0.6093830793384281,0.0,0.0
2460,1.0,100.0,8.11417270366005,0.0,706.131371822119,706.942428460988,0.0,2540.97341984382,0.0,0.0,0.0
2461,1.0,100.0,8.98261992167239,0.0,686.206026090974,688.058903678071,0.0,3226.49135010204,0.0,0.0,0.0
2462,1.0,100.0,6.95173630043217,0.0,710.889713004833,710.525390433464,0.0,3933.79024918541,0.0,0.0,0.0
2463,1.0,94.4833664405234,0.0,13.7915838986915,631.661291360484,625.344678446879,0.0,4555.2011373831,5.5166335594766,0.0,0.0
2464,1.0,75.3114073370175,0.0,61.7214816574563,493.615615847604,488.679459689128,0.0,5039.32539593484,24.688592662982522,0.0,0.0
2465,2.0,48.7044968541174,0.0,128.238757864706,284.789572051022,281.941676330512,0.0,5316.22774686942,51.29550314588241,0.0,0.0
2466,2.0,16.4339956650225,0.0,194.968446827569,0.0,0.0,13.9465640098744,5296.82408072874,83.56600433497738,0.0,0.0
2467,2.0,0.0,0.0,0.0,0.0,0.0,250.0,5039.00200412276,100.0,0.0,0.0
2468,2.0,0.0,0.0,0.0,0.0,0.0,250.0,4781.43774959338,100.0,0.0,0.0
2469,2.0,0.0,0.0,0.0,0.0,0.0,250.0,4524.13105931854,100.0,0.0,0.0
2470,2.0,0.0,0.0,0.0,0.0,0.0,250.0,4267.08167573397,100.0,0.0,0.0
2471,2.0,0.0,0.0,0.0,0.0,0.0,250.0,4010.28934153298,100.0,0.0,0.0
2472,0.5,0.0,0.0,0.0,0.0,0.0,0.0,4006.27905219145,0.0,0.0,0.0
2473,0.5,0.0,0.0,0.0,0.0,0.0,0.0,4002.27277313925,0.0,0.0,0.0
2474,0.5,0.0,0.0,0.0,0.0,0.0,0.0,3998.27050036612,0.0,0.0,0.0
2475,0.5,0.0,0.0,0.0,0.0,0.0,0.0,3994.27222986575,0.0,0.0,0.0
2476,0.5,0.0,0.0,0.0,0.0,0.0,0.0,3990.27795763588,0.0,0.0,0.0
2477,1.0,0.0,0.0,0.0,0.0,0.0,250.0,3733.76242715299,100.0,0.0,0.0
2478,1.0,0.0,0.0,0.0,0.0,0.0,250.0,3477.50341220059,100.0,0.0,0.0
2479,1.0,3.09465059170788,0.0,0.0,0.0,0.0,242.26337352073,3229.31543048462,96.90534940829201,0.0,0.0
2480,1.0,29.4496539319852,0.0,176.375865170037,22.98769167038,22.7578147536762,0.0,3248.84392980781,70.5503460680148,0.0,0.0
2481,1.0,49.2785431096138,0.0,126.803642225966,53.0260259396838,52.495765680287,0.0,3298.09085155829,50.721456890386406,0.0,0.0
2482,1.0,28.6022583313926,0.0,0.0,0.0,0.0,178.494354171518,3114.49543326075,71.39774166860721,0.0,0.0
2483,1.0,75.5468324492128,0.0,38.8749473740738,0.0,0.0,22.2579715028942,3088.89813832962,24.4531675507872,0.0,0.0
2484,1.0,15.1852062285928,0.0,0.0,0.0,0.0,212.036984428518,2871.63046804127,84.81479377140721,0.0,0.0
2485,1.0,85.920089889197,0.0,35.1997752770074,60.3266296098545,59.723363313756,0.0,2928.48220088699,14.07991011080296,0.0,0.0
2486,1.0,82.6127646124085,0.0,43.4680884689788,240.27868089015,237.875894081249,0.0,3163.42961276735,17.38723538759152,0.0,0.0
2487,1.0,53.5925443995567,0.0,0.0,0.0,0.0,116.018639001108,3043.07563870902,46.4074556004432,0.0,0.0
2488,1.0,34.2689315643838,0.0,0.0,0.0,0.0,164.327671089041,2874.04501651572,65.7310684356164,0.0,0.0
2489,2.0,34.7106136324729,0.0,52.9517274952813,0.0,0.0,110.271738423536,2759.785377132,65.28938636752692,0.0,0.0
2490,2.0,5.84906144199494,0.0,0.0,0.0,0.0,235.377346395013,2519.27069640637,94.15093855800521,0.0,0.0
2491,2.0,0.0,0.0,0.0,0.0,0.0,250.0,2264.22617318471,100.0,0.0,0.0
2492,2.0,0.0,0.0,0.0,0.0,0.0,250.0,2009.43669448627,100.0,0.0,0.0
2493,2.0,0.0,0.0,0.0,0.0,0.0,250.0,1754.90200526653,100.0,0.0,0.0
2494,2.0,0.0,0.0,0.0,0.0,0.0,250.0,1500.62185073601,100.0,0.0,0.0
2495,2.0,0.0,0.0,0.0,0.0,0.0,250.0,1246.59597636003,100.0,0.0,0.0
2496,0.5,0.0,0.0,0.0,0.0,0.0,0.0,1245.34938038367,0.0,0.0,0.0
2497,0.5,0.0,0.0,0.0,0.0,0.0,0.0,1244.10403100328,0.0,0.0,0.0
2498,0.5,0.0,0.0,0.0,0.0,0.0,0.0,1242.85992697228,0.0,0.0,0.0
2499,0.5,0.0,0.0,0.0,0.0,0.0,0.0,1241.61706704531,0.0,0.0,0.0
2500,0.5,0.0,0.0,0.0,0.0,0.0,0.0,1240.37544997826,0.0,0.0,0.0
2501,1.0,0.0,0.0,0.0,0.0,0.0,250.0,986.609822003031,100.0,0.0,0.0
2502,1.0,0.0,0.0,0.0,0.0,0.0,250.0,733.097959655775,100.0,0.0,0.0
2503,1.0,5.98570925130561,0.0,0.0,0.0,0.0,235.035726871736,494.955036573154,94.0142907486944,0.0,0.0
2504,1.0,30.0666658141184,0.0,174.833335464704,38.9074178595231,38.5183436809278,0.0,532.978425217509,69.9333341858816,0.0,0.0
2505,1.0,60.348440681714,0.0,99.128898295715,442.974966647841,438.545216981363,0.0,970.990663773654,39.651559318286004,0.0,0.0
2506,1.0,76.1044467959098,0.0,59.7388830102255,322.682828622681,319.456000336454,0.0,1289.47567344633,23.895553204090202,0.0,0.0
2507,1.0,81.1642703425232,0.0,47.0893241436919,216.175210793575,214.01345868564,0.0,1502.19965645853,18.835729657476758,0.0,0.0
2508,1.0,93.2610224919823,0.0,16.8474437700443,319.363043472389,316.169413037665,0.0,1816.86686983973,6.7389775080177206,0.0,0.0
2509,1.0,50.3828717316002,0.0,0.0,0.0,0.0,124.042820671,1689.75422451434,49.6171282684,0.0,0.0
2510,1.0,10.5415243074077,0.0,0.0,0.0,0.0,223.646189231481,1462.15922864186,89.4584756925924,0.0,0.0
2511,1.0,89.4120029025591,0.0,26.4699927436022,208.087187386858,206.006315512989,0.0,1666.70338492621,10.587997097440882,0.0,0.0
2512,1.0,81.9749429595229,0.0,45.0626426011927,542.064460003976,536.643815403936,0.0,2201.68049694522,18.02505704047708,0.0,0.0
2513,2.0,50.5481176520444,0.0,123.629705869889,287.109188268942,284.238096386253,0.0,2483.71691283453,49.4518823479556,0.0,0.0
2514,2.0,17.1515787210454,0.0,195.213237824696,0.0,0.0,11.9078153726901,2469.20509958564,82.84842127895445,0.0,0.0
2515,2.0,0.0,0.0,0.0,0.0,0.0,250.0,2214.21064196081,100.0,0.0,0.0
2516,2.0,0.0,0.0,0.0,0.0,0.0,250.0,1959.47117879359,100.0,0.0,0.0
2517,2.0,0.0,0.0,0.0,0.0,0.0,250.0,1704.98645508955,100.0,0.0,0.0
2518,2.0,0.0,0.0,0.0,0.0,0.0,250.0,1450.7562161092,100.0,0.0,0.0
2519,2.0,0.0,0.0,0.0,0.0,0.0,250.0,1196.78020736784,100.0,0.0,0.0
2520,0.5,0.0,0.0,0.0,0.0,0.0,0.0,1195.58342716047,0.0,0.0,0.0
2521,0.5,0.0,0.0,0.0,0.0,0.0,0.0,1194.38784373331,0.0,0.0,0.0
2522,0.5,0.0,0.0,0.0,0.0,0.0,0.0,1193.19345588958,0.0,0.0,0.0
2523,0.5,0.0,0.0,0.0,0.0,0.0,0.0,1192.00026243369,0.0,0.0,0.0
2524,0.5,0.0,0.0,0.0,0.0,0.0,0.0,1190.80826217126,0.0,0.0,0.0
2525,1.0,0.0,0.0,0.0,0.0,0.0,250.0,937.092201383833,100.0,0.0,0.0
2526,1.0,0.0,0.0,0.0,0.0,0.0,250.0,683.629856657197,100.0,0.0,0.0
2527,1.0,7.95835507725879,0.0,0.0,0.0,0.0,230.104112306853,450.517830530991,92.04164492274121,0.0,0.0
2528,1.0,30.9894593981575,0.0,169.408411703111,0.0,0.0,3.11793980149492,446.917878557536,69.01054060184237,0.0,0.0
2529,1.0,59.1888483056312,0.0,102.027879235922,426.974233963724,422.704491624086,0.0,869.175452303065,40.8111516943688,0.0,0.0
2530,1.0,80.5476126757662,0.0,48.6309683105844,569.395010380042,563.701060276241,0.0,1432.007337127,19.45238732423376,0.0,0.0
2531,1.0,96.9127585248235,0.0,7.71810368794117,602.017457989462,595.997283409568,0.0,2026.57261319944,3.087241475176468,0.0,0.0
2532,1.0,100.0,9.63172914141046,0.0,672.708602192184,675.326219783258,0.0,2699.8722603695,0.0,0.0,0.0
2533,1.0,100.0,10.316536,0.0,623.683796451906,627.456061714587,0.0,3324.62844982372,0.0,0.0,0.0
2534,1.0,98.1473221247184,0.0,4.63169468820404,469.822639537625,465.124413142248,0.0,3786.42823451614,1.852677875281616,0.0,0.0
2535,1.0,55.3287415282065,0.0,0.0,0.0,0.0,111.678146179484,3669.83559801952,44.67125847179361,0.0,0.0
2536,1.0,59.9196763580115,0.0,100.200809104971,7.10467934917578,7.03363255568402,0.0,3673.19939497719,40.0803236419884,0.0,0.0
2537,2.0,18.0867916398194,0.0,0.0,0.0,0.0,204.783020900452,3462.67465931913,81.9132083601808,0.0,0.0
2538,2.0,2.3914827423846,0.0,0.0,0.0,0.0,244.021293144038,3212.72582996886,97.6085172576152,0.0,0.0
2539,2.0,0.0,0.0,0.0,0.0,0.0,250.0,2956.98785161364,100.0,0.0,0.0
2540,2.0,0.0,0.0,0.0,0.0,0.0,250.0,2701.50561123677,100.0,0.0,0.0
2541,2.0,0.0,0.0,0.0,0.0,0.0,250.0,2446.27885310028,100.0,0.0,0.0
2542,2.0,0.0,0.0,0.0,0.0,0.0,250.0,2191.30732172193,100.0,0.0,0.0
2543,2.0,0.0,0.0,0.0,0.0,0.0,250.0,1936.59076187496,100.0,0.0,0.0
2544,0.5,0.0,0.0,0.0,0.0,0.0,0.0,1934.65417111308,0.0,0.0,0.0
2545,0.5,0.0,0.0,0.0,0.0,0.0,0.0,1932.71951694197,0.0,0.0,0.0
2546,0.5,0.0,0.0,0.0,0.0,0.0,0.0,1930.78679742503,0.0,0.0,0.0
2547,0.5,0.0,0.0,0.0,0.0,0.0,0.0,1928.8560106276,0.0,0.0,0.0
2548,0.5,0.0,0.0,0.0,0.0,0.0,0.0,1926.92715461697,0.0,0.0,0.0
2549,1.0,0.0,0.0,0.0,0.0,0.0,250.0,1672.4749749371,100.0,0.0,0.0
2550,1.0,0.0,0.0,0.0,0.0,0.0,250.0,1418.27724743691,100.0,0.0,0.0
2551,1.0,6.56637116640917,0.0,0.0,0.0,0.0,233.584072083977,1180.91546303395,93.4336288335908,0.0,0.0
2552,1.0,31.3013307764488,0.0,171.746673058878,41.1854091773352,40.7735550855618,0.0,1220.50810265647,68.6986692235512,0.0,0.0
2553,1.0,48.7031589898302,0.0,0.0,0.0,0.0,51.5643987992898,1167.2023432414,20.62575951971592,0.0,0.0
2554,1.0,46.9908788174501,0.0,0.0,0.0,0.0,0.0,1166.03514089816,0.0,0.0,0.0
2555,1.0,55.3311469189158,0.0,0.0,0.0,0.0,0.0,1164.86910575726,0.0,0.0,0.0
2556,1.0,19.5205902561956,0.0,0.0,0.0,0.0,0.0,1163.70423665151,0.0,0.0,0.0
2557,1.0,14.67226815927,0.0,0.0,0.0,0.0,0.0,1162.54053241485,0.0,0.0,0.0
2558,1.0,30.7537032140299,0.0,0.0,0.0,0.0,0.0,1161.37799188244,0.0,0.0,0.0
2559,1.0,99.1760716364008,0.0,2.05982090899802,303.316689448967,300.283522554477,0.0,1460.50013644503,0.8239283635992081,0.0,0.0
2560,1.0,68.2386394599044,0.0,79.403401350239,295.209604476392,292.257508431628,0.0,1751.29714474022,31.7613605400956,0.0,0.0
2561,2.0,3.62236761123567,0.0,0.0,0.0,0.0,240.944080971911,1506.16798802789,96.37763238876441,0.0,0.0
2562,2.0,5.65742627683558,0.0,0.0,0.0,0.0,235.856434307911,1266.42299750662,94.3425737231644,0.0,0.0
2563,2.0,0.0,0.0,0.0,0.0,0.0,250.0,1012.63132198386,100.0,0.0,0.0
2564,2.0,0.0,0.0,0.0,0.0,0.0,250.0,759.093438136623,100.0,0.0,0.0
2565,2.0,0.0,0.0,0.0,0.0,0.0,250.0,505.809092173234,100.0,0.0,0.0
2566,2.0,0.0,0.0,0.0,0.0,0.0,250.0,252.778030555808,100.0,0.0,0.0
2567,2.0,0.0,0.0,0.0,0.0,0.0,250.0,0.0,100.0,0.0,0.0
2568,0.5,0.0,0.0,0.0,0.0,0.0,0.0,0.0,0.0,0.0,0.0
2569,0.5,0.0,0.0,0.0,0.0,0.0,0.0,0.0,0.0,0.0,0.0
2570,0.5,0.0,0.0,0.0,0.0,0.0,0.0,0.0,0.0,0.0,0.0
2571,0.5,0.0,0.0,0.0,0.0,0.0,0.0,0.0,0.0,0.0,0.0
2572,0.5,0.0,0.0,0.0,0.0,0.0,0.0,0.0,0.0,0.0,0.0
2573,1.0,0.0,0.0,0.0,0.0,0.0,0.0,0.0,0.0,0.0,0.0
2574,1.0,0.0,0.0,0.0,0.0,0.0,0.0,0.0,0.0,0.0,0.0
2575,1.0,7.46845697881892,0.0,0.0,0.0,0.0,0.0,0.0,0.0,0.0,0.0
2576,1.0,31.9314101127763,0.0,170.171474718059,65.5612012802143,64.9055892674122,0.0,64.9055892674122,68.0685898872236,0.0,0.0
2577,1.0,62.4246841516577,0.0,93.9382896208559,472.299275357441,467.576282603866,0.0,532.416966282011,37.57531584834236,0.0,0.0
2578,1.0,84.9667205901401,0.0,37.5831985246498,589.435676599204,583.541319833212,0.0,1115.42586914894,15.033279409859922,0.0,0.0
2579,1.0,100.0,0.534731608172578,0.0,654.26163995664,648.237820163323,0.0,1762.54826344312,0.0,0.0,0.0
2580,1.0,100.0,9.99130868254541,0.0,691.276284201667,694.057089043455,0.0,2454.84280422313,0.0,0.0,0.0
2581,1.0,100.0,5.41245602641897,0.0,551.640225909592,551.374988487328,0.0,3003.76294990623,0.0,0.0,0.0
2582,1.0,97.6106412793953,0.0,5.97339680151176,486.284719585314,481.421872389461,0.0,3482.18105934579,2.389358720604704,0.0,0.0
2583,1.0,86.7663042198859,0.0,33.0842394502854,436.25207581445,431.889555056306,0.0,3910.58843334275,13.23369578011416,0.0,0.0
2584,1.0,58.6989598937944,0.0,103.252600265514,171.872066347685,170.153345684208,0.0,4076.83119059361,41.301040106205605,0.0,0.0
2585,2.0,31.8566525177948,0.0,0.0,0.0,0.0,170.358368705513,3900.67519909442,68.1433474822052,0.0,0.0
2586,2.0,9.30395045881974,0.0,0.0,0.0,0.0,226.740123852951,3667.74409576103,90.6960495411804,0.0,0.0
2587,2.0,0.0,0.0,0.0,0.0,0.0,250.0,3411.55109914002,100.0,0.0,0.0
2588,2.0,0.0,0.0,0.0,0.0,0.0,250.0,3155.61429551563,100.0,0.0,0.0
2589,2.0,0.0,0.0,0.0,0.0,0.0,250.0,2899.93342869486,100.0,0.0,0.0
2590,2.0,0.0,0.0,0.0,0.0,0.0,250.0,2644.50824274091,100.0,0.0,0.0
2591,2.0,0.0,0.0,0.0,0.0,0.0,250.0,2389.33848197292,100.0,0.0,0.0
2592,0.5,0.0,0.0,0.0,0.0,0.0,250.0,2134.42389096569,100.0,0.0,0.0
2593,0.5,0.0,0.0,0.0,0.0,0.0,250.0,1879.76421454947,100.0,0.0,0.0
2594,0.5,0.0,0.0,0.0,0.0,0.0,250.0,1625.35919780967,100.0,0.0,0.0
2595,0.5,0.0,0.0,0.0,0.0,0.0,250.0,1371.20858608661,100.0,0.0,0.0
2596,0.5,0.0,0.0,0.0,0.0,0.0,250.0,1117.31212497527,100.0,0.0,0.0
2597,1.0,0.0,0.0,0.0,0.0,0.0,250.0,863.669560325041,100.0,0.0,0.0
2598,1.0,0.0,0.0,0.0,0.0,0.0,250.0,610.280638239463,100.0,0.0,0.0
2599,1.0,6.57401450685746,0.0,0.0,0.0,0.0,233.564963732856,373.74615181046,93.4259854931424,0.0,0.0
2600,1.0,32.4019725419917,0.0,124.226482736808,0.0,0.0,44.7685859082123,328.15161181197,67.59802745800812,0.0,0.0
2601,1.0,61.2411369323703,0.0,96.8971576690743,499.011757599063,494.021640023072,0.0,821.84510022323,38.758863067629726,0.0,0.0
2602,1.0,83.0131749335596,0.0,42.4670626661009,590.348710954415,584.445223844871,0.0,1405.46847896788,16.98682506644036,0.0,0.0
2603,1.0,94.6017163450021,0.0,13.4957091374948,511.704648481552,506.587601996736,0.0,1910.65061248565,5.39828365499792,0.0,0.0
2604,1.0,92.6984801315678,0.0,18.2537996710806,328.491907361126,325.206988287514,0.0,2233.94695016068,7.301519868432241,0.0,0.0
2605,1.0,100.0,10.0254274085319,0.0,592.172524462562,595.977468889694,0.0,2827.69047210021,0.0,0.0,0.0
2606,1.0,100.0,5.09189086847115,0.0,572.674569392731,571.887976219394,0.0,3396.7507578475,0.0,0.0,0.0
2607,1.0,90.2214268728397,0.0,24.4464328179007,470.418003480269,465.713823445466,0.0,3859.06783053512,9.77857312716028,0.0,0.0
2608,1.0,71.0802464914225,0.0,72.2993837714438,364.439103502911,360.794712467882,0.0,4216.00347517247,28.91975350857752,0.0,0.0
2609,2.0,50.6678930394926,0.0,123.330267401269,287.975064066636,285.095313425969,0.0,4496.88278512327,49.3321069605076,0.0,0.0
2610,2.0,18.6510886464239,0.0,203.37227838394,14.1404117454113,13.9990076279572,0.0,4506.3849099661,81.348911353576,0.0,0.0
2611,2.0,0.0,0.0,0.0,0.0,0.0,250.0,4249.35327253088,100.0,0.0,0.0
2612,2.0,0.0,0.0,0.0,0.0,0.0,250.0,3992.5786667331,100.0,0.0,0.0
2613,2.0,0.0,0.0,0.0,0.0,0.0,250.0,3736.06083554111,100.0,0.0,0.0
2614,2.0,0.0,0.0,0.0,0.0,0.0,250.0,3479.79952218032,100.0,0.0,0.0
2615,2.0,0.0,0.0,0.0,0.0,0.0,250.0,3223.79447013289,100.0,0.0,0.0
2616,0.5,0.0,0.0,0.0,0.0,0.0,250.0,2968.0454231375,100.0,0.0,0.0
2617,0.5,0.0,0.0,0.0,0.0,0.0,250.0,2712.55212518911,100.0,0.0,0.0
2618,0.5,0.0,0.0,0.0,0.0,0.0,250.0,2457.31432053867,100.0,0.0,0.0
2619,0.5,0.0,0.0,0.0,0.0,0.0,250.0,2202.33175369288,100.0,0.0,0.0
2620,0.5,0.0,0.0,0.0,0.0,0.0,230.703550474353,1967.09553257115,92.2814201897412,0.0,0.0
2621,1.0,0.0,0.0,0.0,0.0,0.0,250.0,1712.60318451333,100.0,0.0,0.0
2622,1.0,0.0,0.0,0.0,0.0,0.0,250.0,1458.36532880356,100.0,0.0,0.0
2623,1.0,8.55951269369013,0.0,0.0,0.0,0.0,228.601218265775,1225.99664199418,91.44048730631,0.0,0.0
2624,1.0,32.1560755474375,0.0,169.609811131406,48.8280595665448,48.3397789708794,0.0,1273.11042432306,67.8439244525624,0.0,0.0
2625,1.0,61.5335691328621,0.0,96.1660771678448,469.246509561761,464.554044466144,0.0,1736.39135836488,38.46643086713792,0.0,0.0
2626,1.0,83.9800609837766,0.0,40.0498475405585,548.875426332955,543.386672069625,0.0,2278.04163907614,16.0199390162234,0.0,0.0
2627,1.0,100.0,1.71552192630851,0.0,659.321653852756,654.392836687133,0.0,2930.1564341242,0.0,0.0,0.0
2628,1.0,100.0,8.69870496486492,0.0,603.342439329096,605.748498492717,0.0,3532.97477618279,0.0,0.0,0.0
2629,1.0,100.0,0.145207860331325,0.0,431.307540045943,427.135345311577,0.0,3956.57714671819,0.0,0.0,0.0
2630,1.0,90.5509945420019,0.0,23.6225136449953,335.697189272558,332.340217379832,0.0,4284.9607869513,9.44900545799812,0.0,0.0
2631,1.0,91.2140399094646,0.0,21.9649002263385,481.307022045198,476.493951824746,0.0,4757.16977798909,8.7859600905354,0.0,0.0
2632,1.0,77.4992290612744,0.0,56.2519273468139,474.071467432684,469.330752758357,0.0,5221.74336096946,22.500770938725562,0.0,0.0
2633,2.0,50.8330161371775,0.0,122.917459657056,286.341800395462,283.478382391507,0.0,5500.0,49.166983862822406,0.0,0.0
2634,2.0,11.8501261753038,0.0,0.0,0.0,0.0,220.37468456174,5271.89930852349,88.149873824696,0.0,0.0
2635,2.0,0.0,0.0,0.0,0.0,0.0,250.0,5014.10215668972,100.0,0.0,0.0
2636,2.0,0.0,0.0,0.0,0.0,0.0,250.0,4756.56280200778,100.0,0.0,0.0
2637,2.0,0.0,0.0,0.0,0.0,0.0,250.0,4499.28098668052,100.0,0.0,0.0
2638,2.0,0.0,0.0,0.0,0.0,0.0,250.0,4242.25645316858,100.0,0.0,0.0
2639,2.0,0.0,0.0,0.0,0.0,0.0,250.0,3985.48894419016,100.0,0.0,0.0
2640,0.5,0.0,0.0,0.0,0.0,0.0,0.0,3981.50345524597,0.0,0.0,0.0
2641,0.5,0.0,0.0,0.0,0.0,0.0,0.0,3977.52195179072,0.0,0.0,0.0
2642,0.5,0.0,0.0,0.0,0.0,0.0,0.0,3973.54442983893,0.0,0.0,0.0
2643,0.5,0.0,0.0,0.0,0.0,0.0,0.0,3969.57088540909,0.0,0.0,0.0
2644,0.5,0.0,0.0,0.0,0.0,0.0,0.0,3965.60131452369,0.0,0.0,0.0
2645,1.0,0.0,0.0,0.0,0.0,0.0,250.0,3709.11046068391,100.0,0.0,0.0
2646,1.0,0.0,0.0,0.0,0.0,0.0,250.0,3452.87609769797,100.0,0.0,0.0
2647,1.0,9.01077304645435,0.0,0.0,0.0,0.0,227.473067383864,3219.65244646506,90.9892269535456,0.0,0.0
2648,1.0,32.6024835167476,0.0,0.0,0.0,0.0,168.493791208131,3046.23704532351,67.3975164832524,0.0,0.0
2649,1.0,33.4571945045268,0.0,0.0,0.0,0.0,166.357013738683,2875.15342066336,66.5428054954732,0.0,0.0
2650,1.0,26.2375537259344,0.0,0.0,0.0,0.0,184.406115685164,2686.0094635203,73.7624462740656,0.0,0.0
2651,1.0,30.8858540082582,0.0,0.0,0.0,0.0,172.785364979354,2508.79278236047,69.11414599174161,0.0,0.0
2652,1.0,68.8217617811479,0.0,0.0,0.0,0.0,77.9455955471303,2427.55106478303,31.17823821885212,0.0,0.0
2653,1.0,100.0,3.12008838249908,0.0,355.06662363931,354.543067151617,0.0,2779.66658086986,0.0,0.0,0.0
2654,1.0,28.4712811190984,0.0,0.0,0.0,0.0,178.821797202254,2596.25883630691,71.52871888090161,0.0,0.0
2655,1.0,60.5638915238392,0.0,0.0,0.0,0.0,98.590271190402,2494.07644495505,39.436108476160804,0.0,0.0
2656,1.0,77.6357516649909,0.0,55.9106208375227,418.321802228718,414.138584206431,0.0,2905.72095271653,22.36424833500908,0.0,0.0
2657,2.0,53.7187223280666,0.0,115.703194179834,327.7748460321,324.497097571779,0.0,3227.31232933559,46.2812776719336,0.0,0.0
2658,2.0,20.7998035106233,0.0,198.000491223442,47.0939765796034,46.6230368138074,0.0,3270.70805382006,79.20019648937681,0.0,0.0
2659,2.0,0.0,0.0,0.0,0.0,0.0,250.0,3014.91209324099,100.0,0.0,0.0
2660,2.0,0.0,0.0,0.0,0.0,0.0,250.0,2759.37192862249,100.0,0.0,0.0
2661,2.0,0.0,0.0,0.0,0.0,0.0,250.0,2504.08730416862,100.0,0.0,0.0
2662,2.0,0.0,0.0,0.0,0.0,0.0,250.0,2249.0579643392,100.0,0.0,0.0
2663,2.0,0.0,0.0,0.0,0.0,0.0,250.0,1994.28365384961,100.0,0.0,0.0
2664,0.5,0.0,0.0,0.0,0.0,0.0,0.0,1992.28937019576,0.0,0.0,0.0
2665,0.5,0.0,0.0,0.0,0.0,0.0,0.0,1990.29708082556,0.0,0.0,0.0
2666,0.5,0.0,0.0,0.0,0.0,0.0,0.0,1988.30678374474,0.0,0.0,0.0
2667,0.5,0.0,0.0,0.0,0.0,0.0,0.0,1986.31847696099,0.0,0.0,0.0
2668,0.5,0.0,0.0,0.0,0.0,0.0,0.0,1984.33215848403,0.0,0.0,0.0
2669,1.0,0.0,0.0,0.0,0.0,0.0,250.0,1729.82257380029,100.0,0.0,0.0
2670,1.0,0.0,0.0,0.0,0.0,0.0,250.0,1475.56749870124,100.0,0.0,0.0
2671,1.0,9.66335802122776,0.0,0.0,0.0,0.0,225.841604946931,1245.96909792281,90.3366419787724,0.0,0.0
2672,1.0,32.1278906525861,0.0,0.0,0.0,0.0,169.680273368535,1073.32891330112,67.87210934741401,0.0,0.0
2673,1.0,44.0910303746939,0.0,0.0,0.0,0.0,139.772424063265,931.071317657244,55.908969625306,0.0,0.0
2674,1.0,84.2559089865664,0.0,39.360227533584,528.508908747873,523.223819660394,0.0,1453.36406599998,15.744091013433602,0.0,0.0
2675,1.0,100.0,1.73952977039433,0.0,652.687443339002,647.848260688849,0.0,2099.75896262283,0.0,0.0,0.0
2676,1.0,89.754494177819,0.0,25.6137645554525,282.673462377817,279.846727754039,0.0,2377.50593141425,10.245505822181002,0.0,0.0
2677,1.0,51.2213922629296,0.0,0.0,0.0,0.0,121.946519342676,2251.95012311649,48.7786077370704,0.0,0.0
2678,1.0,100.0,6.71033291089836,0.0,323.368501900347,326.645181871498,0.0,2576.34335486487,0.0,0.0,0.0
2679,1.0,95.6430639862101,0.0,10.8923400344747,626.817531103128,620.549355792096,0.0,3194.31636730211,4.35693601378988,0.0,0.0
2680,1.0,64.2994268092814,0.0,89.2514329767964,272.907370765978,270.178297058318,0.0,3461.30034799312,35.70057319071856,0.0,0.0
2681,2.0,17.6986126093861,0.0,0.0,0.0,0.0,205.753468476535,3250.00726130519,82.30138739061401,0.0,0.0
2682,2.0,0.818628582476231,0.0,0.0,0.0,0.0,247.953428543809,2996.29924541378,99.18137141752361,0.0,0.0
2683,2.0,0.0,0.0,0.0,0.0,0.0,250.0,2740.77769364311,100.0,0.0,0.0
2684,2.0,0.0,0.0,0.0,0.0,0.0,250.0,2485.51166342422,100.0,0.0,0.0
2685,2.0,0.0,0.0,0.0,0.0,0.0,250.0,2230.50089923554,100.0,0.0,0.0
2686,2.0,0.0,0.0,0.0,0.0,0.0,250.0,1975.74514581105,100.0,0.0,0.0
2687,2.0,0.0,0.0,0.0,0.0,0.0,250.0,1721.24414813999,100.0,0.0,0.0
2688,0.5,0.0,0.0,0.0,0.0,0.0,0.0,1719.52290399185,0.0,0.0,0.0
2689,0.5,0.0,0.0,0.0,0.0,0.0,0.0,1717.80338108786,0.0,0.0,0.0
2690,0.5,0.0,0.0,0.0,0.0,0.0,0.0,1716.08557770677,0.0,0.0,0.0
2691,0.5,0.0,0.0,0.0,0.0,0.0,0.0,1714.36949212906,0.0,0.0,0.0
2692,0.5,0.0,0.0,0.0,0.0,0.0,0.0,1712.65512263693,0.0,0.0,0.0
2693,1.0,0.0,0.0,0.0,0.0,0.0,250.0,1458.41721498904,100.0,0.0,0.0
2694,1.0,0.0,0.0,0.0,0.0,0.0,250.0,1204.4335452488,100.0,0.0,0.0
2695,1.0,9.13757608035833,0.0,0.0,0.0,0.0,227.156059799104,973.778546249911,90.86242391964161,0.0,0.0
2696,1.0,22.8803087039364,0.0,0.0,0.0,0.0,192.799228240159,778.058072511581,77.1196912960636,0.0,0.0
2697,1.0,54.7093216001036,0.0,31.9483749156387,0.0,0.0,11.9725292559298,765.186550544191,17.5683616686274,0.0,0.0
2698,1.0,70.3291225314597,0.0,74.1771936713506,154.569438792236,153.023744404314,0.0,917.445108397961,29.67087746854024,0.0,0.0
2699,1.0,89.7247316368331,0.0,25.6881709079172,343.546168449106,340.110706764615,0.0,1256.63837005418,10.27526836316688,0.0,0.0
2700,1.0,61.5734921622914,0.0,0.0,0.0,0.0,0.0,1255.38173168412,0.0,0.0,0.0
2701,1.0,100.0,6.41902585546228,0.0,249.506931188152,253.23960076124,0.0,1507.36595071368,0.0,0.0,0.0
2702,1.0,84.2037547614793,0.0,39.4906130963018,233.364188054249,231.030546173706,0.0,1736.88913093667,15.79624523852072,0.0,0.0
2703,1.0,59.8167042559834,0.0,0.0,0.0,0.0,0.0,1735.15224180574,0.0,0.0,0.0
2704,1.0,23.7056247048959,0.0,0.0,0.0,0.0,0.0,1733.41708956393,0.0,0.0,0.0
2705,2.0,11.2850095193995,0.0,0.0,0.0,0.0,221.787476201501,1507.65591873548,88.7149904806004,0.0,0.0
2706,2.0,5.06879493719195,0.0,0.0,0.0,0.0,237.32801265702,1266.42299750662,94.931205062808,0.0,0.0
2707,2.0,0.0,0.0,0.0,0.0,0.0,250.0,1012.63132198386,100.0,0.0,0.0
2708,2.0,0.0,0.0,0.0,0.0,0.0,250.0,759.093438136623,100.0,0.0,0.0
2709,2.0,0.0,0.0,0.0,0.0,0.0,250.0,505.809092173234,100.0,0.0,0.0
2710,2.0,0.0,0.0,0.0,0.0,0.0,250.0,252.778030555808,100.0,0.0,0.0
2711,2.0,0.0,0.0,0.0,0.0,0.0,250.0,0.0,100.0,0.0,0.0
2712,0.5,0.0,0.0,0.0,0.0,0.0,0.0,0.0,0.0,0.0,0.0
2713,0.5,0.0,0.0,0.0,0.0,0.0,0.0,0.0,0.0,0.0,0.0
2714,0.5,0.0,0.0,0.0,0.0,0.0,0.0,0.0,0.0,0.0,0.0
2715,0.5,0.0,0.0,0.0,0.0,0.0,0.0,0.0,0.0,0.0,0.0
2716,0.5,0.0,0.0,0.0,0.0,0.0,0.0,0.0,0.0,0.0,0.0
2717,1.0,0.0,0.0,0.0,0.0,0.0,0.0,0.0,0.0,0.0,0.0
2718,1.0,0.0,0.0,0.0,0.0,0.0,0.0,0.0,0.0,0.0,0.0
2719,1.0,9.92416856190136,0.0,0.0,0.0,0.0,0.0,0.0,0.0,0.0,0.0
2720,1.0,34.3226217083401,0.0,107.459292006923,0.0,0.0,0.0,0.0,42.9837168027692,0.0,0.0
2721,1.0,62.0831897744122,0.0,94.7920255639695,408.703877323013,404.616838549783,0.0,404.616838549783,37.9168102255878,0.0,0.0
2722,1.0,66.5383508803049,0.0,83.6541227992377,107.034289000985,105.963946110975,0.0,510.176167822208,33.46164911969508,0.0,0.0
2723,1.0,68.0481787083347,0.0,0.0,0.0,0.0,79.8795532291632,428.979574251191,31.95182129166528,0.0,0.0
2724,1.0,100.0,4.3143455525925,0.0,253.346717702882,254.999028580978,0.0,683.549623257917,0.0,0.0,0.0
2725,1.0,64.6349929311938,0.0,0.0,0.0,0.0,88.4125176720155,593.560500228583,35.3650070688062,0.0,0.0
2726,1.0,100.0,9.57935874360717,0.0,321.699013688334,327.775917404498,0.0,920.742857132853,0.0,0.0,0.0
2727,1.0,97.5355931241269,0.0,6.16101718968267,594.572255833364,588.626533275031,0.0,1508.44864755075,2.464406875873068,0.0,0.0
2728,1.0,67.974635754923,0.0,80.0634106126926,304.731978361123,301.684658577512,0.0,1808.62485748071,32.02536424507704,0.0,0.0
2729,2.0,19.1032450080582,0.0,0.0,0.0,0.0,202.241887479855,1602.5314977951,80.896754991942,0.0,0.0
2730,2.0,5.85118535266711,0.0,0.0,0.0,0.0,235.372036618332,1363.17943435959,94.14881464733281,0.0,0.0
2731,2.0,0.0,0.0,0.0,0.0,0.0,250.0,1109.29100239998,100.0,0.0,0.0
2732,2.0,0.0,0.0,0.0,0.0,0.0,250.0,855.656458872326,100.0,0.0,0.0
2733,2.0,0.0,0.0,0.0,0.0,0.0,250.0,602.275549888201,100.0,0.0,0.0
2734,2.0,0.0,0.0,0.0,0.0,0.0,250.0,349.14802181306,100.0,0.0,0.0
2735,2.0,0.0,0.0,0.0,0.0,0.0,250.0,96.2736212659948,100.0,0.0,0.0
2736,0.5,0.0,0.0,0.0,0.0,0.0,0.0,96.1773476447288,0.0,0.0,0.0
2737,0.5,0.0,0.0,0.0,0.0,0.0,0.0,96.0811702970841,0.0,0.0,0.0
2738,0.5,0.0,0.0,0.0,0.0,0.0,0.0,95.985089126787,0.0,0.0,0.0
2739,0.5,0.0,0.0,0.0,0.0,0.0,0.0,95.8891040376602,0.0,0.0,0.0
2740,0.5,0.0,0.0,0.0,0.0,0.0,0.0,95.7932149336225,0.0,0.0,0.0
2741,1.0,0.0,0.0,0.0,0.0,0.0,94.740447501502,0.0,37.8961790006008,0.0,0.0
2742,1.0,0.0,0.0,0.0,0.0,0.0,0.0,0.0,0.0,0.0,0.0
2743,1.0,11.1149831107214,0.0,0.0,0.0,0.0,0.0,0.0,0.0,0.0,0.0
2744,1.0,33.8185503020076,0.0,165.453624244981,0.0,0.0,0.0,0.0,66.1814496979924,0.0,38.9995034802816
2745,1.0,62.7064769574216,0.0,93.2338076064459,0.0,0.0,0.0,0.0,37.29352304257836,0.0,445.206073651964
2746,1.0,84.7853598209529,0.0,38.0366004476177,0.0,0.0,0.0,0.0,15.21464017904708,0.0,560.790368004567
2747,1.0,100.0,0.0,0.0,4.88934517621217,4.84045172445005,0.0,4.84045172445005,0.0,2.54104112178499,660.511873822338
2748,1.0,100.0,0.0,0.0,709.141768595456,702.050350909502,0.0,706.885962182227,0.0,10.316536,0.0
2749,1.0,100.0,10.316536,0.0,708.894827689008,711.814982639318,0.0,1417.99405885936,0.0,0.0,0.0
2750,1.0,100.0,9.65535754673314,0.0,667.355560429199,670.049632716747,0.0,2086.62569751725,0.0,0.0,0.0
2751,1.0,95.9635435460746,0.0,10.0911411348134,586.254976112055,580.392426350934,0.0,2664.93149817067,4.03645645392536,0.0,0.0
2752,1.0,73.5277688515723,0.0,66.1805778710692,414.630125730205,410.483824472903,0.0,3072.7503911454,26.47223114842768,0.0,0.0
2753,2.0,45.904758942583,0.0,135.238102643542,200.626733869224,198.620466530532,0.0,3268.29810728479,54.0952410574168,0.0,0.0
2754,2.0,19.0268944075594,0.0,202.432763981101,12.7370256455294,12.6096553890741,0.0,3277.63946456658,80.9731055924404,0.0,0.0
2755,2.0,0.0,0.0,0.0,0.0,0.0,250.0,3021.83657257676,100.0,0.0,0.0
2756,2.0,0.0,0.0,0.0,0.0,0.0,250.0,2766.28948347893,100.0,0.0,0.0
2757,2.0,0.0,0.0,0.0,0.0,0.0,250.0,2510.99794147019,100.0,0.0,0.0
2758,2.0,0.0,0.0,0.0,0.0,0.0,250.0,2255.96169100347,100.0,0.0,0.0
2759,2.0,0.0,0.0,0.0,0.0,0.0,250.0,2001.18047678722,100.0,0.0,0.0
2760,0.5,0.0,0.0,0.0,0.0,0.0,250.0,1746.65404378518,100.0,0.0,0.0
2761,0.5,0.0,0.0,0.0,0.0,0.0,250.0,1492.38213721614,100.0,0.0,0.0
2762,0.5,0.0,0.0,0.0,0.0,0.0,250.0,1238.36450255367,100.0,0.0,0.0
2763,0.5,0.0,0.0,0.0,0.0,0.0,250.0,984.600885525864,100.0,0.0,0.0
2764,0.5,0.0,0.0,0.0,0.0,0.0,250.0,731.091032115086,100.0,0.0,0.0
2765,1.0,0.0,0.0,0.0,0.0,0.0,250.0,477.834688557718,100.0,0.0,0.0
2766,1.0,0.0,0.0,0.0,0.0,0.0,250.0,224.831601343908,100.0,0.0,0.0
2767,1.0,11.0557191819447,0.0,0.0,0.0,0.0,222.360702045138,0.0,88.9442808180552,0.0,0.0
2768,1.0,33.3599803990976,0.0,166.600049002256,0.0,0.0,0.0,0.0,66.64001960090239,0.0,52.0989495541934
2769,1.0,60.7344239482281,0.0,98.1639401294297,0.0,0.0,0.0,0.0,39.26557605177189,0.0,443.12264967998
2770,1.0,81.1103012303525,0.0,47.2242469241188,0.0,0.0,0.0,0.0,18.88969876964752,0.0,565.797092485163
2771,1.0,94.3815129500191,0.0,14.0462176249522,143.741834063051,142.304415722421,0.0,142.304415722421,5.618487049980881,0.0,509.744640884386
2772,1.0,100.0,0.0,0.0,702.159512225864,695.137917103605,0.0,837.300028410304,0.0,4.14253773785545,0.0
2773,1.0,100.0,9.588468742258,0.0,701.364050624703,703.653142492195,0.0,1540.11587087409,0.0,0.0,0.0
2774,1.0,100.0,6.81279214923902,0.0,677.988301746102,677.818189671833,0.0,2216.39394467505,0.0,0.0,0.0
2775,1.0,94.6382207370478,0.0,13.4044481573804,594.104416398786,588.163372234798,0.0,2802.34092296517,5.361779262952161,0.0,0.0
2776,1.0,74.9815463361709,0.0,62.5461341595728,458.868805750591,454.280117693086,0.0,3253.81869973529,25.01845366382912,0.0,0.0
2777,2.0,48.7729397512057,0.0,128.067650621986,260.368167428563,257.764485754278,0.0,3508.32936678983,51.2270602487944,0.0,0.0
2778,2.0,10.6237613041869,0.0,0.0,0.0,0.0,223.440596739533,3279.12346495887,89.3762386958132,0.0,0.0
2779,2.0,0.0,0.0,0.0,0.0,0.0,250.0,3023.31908896866,100.0,0.0,0.0
2780,2.0,0.0,0.0,0.0,0.0,0.0,250.0,2767.77051735444,100.0,0.0,0.0
2781,2.0,0.0,0.0,0.0,0.0,0.0,250.0,2512.47749431183,100.0,0.0,0.0
2782,2.0,0.0,0.0,0.0,0.0,0.0,250.0,2257.43976429226,100.0,0.0,0.0
2783,2.0,0.0,0.0,0.0,0.0,0.0,250.0,2002.65707200272,100.0,0.0,0.0
2784,0.5,0.0,0.0,0.0,0.0,0.0,250.0,1748.12916240546,100.0,0.0,0.0
2785,0.5,0.0,0.0,0.0,0.0,0.0,250.0,1493.85578071781,100.0,0.0,0.0
2786,0.5,0.0,0.0,0.0,0.0,0.0,250.0,1239.83667241184,100.0,0.0,0.0
2787,0.5,0.0,0.0,0.0,0.0,0.0,250.0,986.071583214171,100.0,0.0,0.0
2788,0.5,0.0,0.0,0.0,0.0,0.0,250.0,732.560259105705,100.0,0.0,0.0
2789,1.0,0.0,0.0,0.0,0.0,0.0,250.0,479.302446321346,100.0,0.0,0.0
2790,1.0,0.0,0.0,0.0,0.0,0.0,250.0,226.297891349772,100.0,0.0,0.0
2791,1.0,10.4756489904646,0.0,0.0,0.0,0.0,223.810877523838,0.0,89.52435100953521,0.0,0.0
2792,1.0,33.8672917619606,0.0,165.331770595098,0.0,0.0,0.0,0.0,66.1327082380392,0.0,48.4492918856596
2793,1.0,61.5294973404697,0.0,96.1762566488256,0.0,0.0,0.0,0.0,38.47050265953024,0.0,453.117560559822
2794,1.0,82.7077207687396,0.0,43.2306980781511,564.894495864926,559.245550906277,0.0,559.245550906277,17.29227923126044,0.0,11.8075385443552
2795,1.0,98.8089874078138,0.0,2.97753148046557,661.550236574884,654.934734209135,0.0,1213.62103956451,1.191012592186228,0.0,0.0
2796,1.0,100.0,7.31175131637114,0.0,659.150098424466,659.652458567364,0.0,1872.05987709231,0.0,0.0,0.0
2797,1.0,100.0,10.316536,0.0,688.526550914117,691.650388632176,0.0,2561.83820584739,0.0,0.0,0.0
2798,1.0,100.0,2.14367030121207,0.0,566.099485338899,562.518279411746,0.0,3121.79464705329,0.0,0.0,0.0
2799,1.0,90.6280708685042,0.0,23.4298228287395,504.689394734882,499.642500787533,0.0,3618.31535319377,9.3719291314958,0.0,0.0
2800,1.0,61.8796546221305,0.0,95.3008634446737,227.904048094251,225.625007613308,0.0,3840.32204545388,38.12034537786948,0.0,0.0
2801,2.0,9.36113531939343,0.0,0.0,0.0,0.0,226.597161701516,3607.5957014877,90.6388646806064,0.0,0.0
2802,2.0,18.0777664446043,0.0,7.00793842986408,0.0,0.0,197.797645458625,3404.19250431286,81.92223355539564,0.0,0.0
2803,2.0,0.0,0.0,0.0,0.0,0.0,250.0,3148.26305928329,100.0,0.0,0.0
2804,2.0,0.0,0.0,0.0,0.0,0.0,250.0,2892.58954369876,100.0,0.0,0.0
2805,2.0,0.0,0.0,0.0,0.0,0.0,250.0,2637.17170162981,100.0,0.0,0.0
2806,2.0,0.0,0.0,0.0,0.0,0.0,250.0,2382.00927740292,100.0,0.0,0.0
2807,2.0,0.0,0.0,0.0,0.0,0.0,250.0,2127.10201560027,100.0,0.0,0.0
2808,0.5,0.0,0.0,0.0,0.0,0.0,250.0,1872.44966105941,100.0,0.0,0.0
2809,0.5,0.0,0.0,0.0,0.0,0.0,250.0,1618.0519588731,100.0,0.0,0.0
2810,0.5,0.0,0.0,0.0,0.0,0.0,250.0,1363.90865438898,100.0,0.0,0.0
2811,0.5,0.0,0.0,0.0,0.0,0.0,250.0,1110.01949320933,100.0,0.0,0.0
2812,0.5,0.0,0.0,0.0,0.0,0.0,250.0,856.384221190873,100.0,0.0,0.0
2813,1.0,0.0,0.0,0.0,0.0,0.0,250.0,603.00258444443,100.0,0.0,0.0
2814,1.0,0.0,0.0,0.0,0.0,0.0,250.0,349.874329334733,100.0,0.0,0.0
2815,1.0,12.3111369685197,0.0,0.0,0.0,0.0,219.222157578701,128.087932198629,87.68886303148041,0.0,0.0
2816,1.0,35.5346703320141,0.0,34.4830783461982,0.0,0.0,126.680245823766,0.0,64.46532966798569,0.0,0.0
2817,1.0,63.4193651776467,0.0,91.4515870558833,0.0,0.0,0.0,0.0,36.58063482235332,0.0,442.19316322739
2818,1.0,85.987905142922,0.0,35.030237142695,0.0,0.0,0.0,0.0,14.012094857078,0.0,590.306652748283
2819,1.0,100.0,0.0,0.0,0.0,0.0,0.0,0.0,0.0,3.25943592449499,677.996201767904
2820,1.0,100.0,0.0,0.0,595.794763821815,589.836816183597,0.0,589.836816183597,0.0,10.316536,116.440788360371
2821,1.0,100.0,10.316536,0.0,662.97330502167,666.352675198654,0.0,1255.59965456607,0.0,0.0,0.0
2822,1.0,100.0,9.60099058658099,0.0,651.392033612945,654.192994343916,0.0,1908.53704925542,0.0,0.0,0.0
2823,1.0,99.5569181639934,0.0,1.10770459001653,633.299918106578,626.966918925512,0.0,2533.59543113167,0.44308183600661205,0.0,0.0
2824,1.0,77.9330504946557,0.0,55.1673737633608,477.343923711846,472.570484474728,0.0,3003.63232017527,22.066949505344322,0.0,0.0
2825,2.0,49.3987822933147,0.0,126.503044266713,250.329366612446,247.826072946321,0.0,3248.45476080141,50.601217706685205,0.0,0.0
2826,2.0,20.652984011163,0.0,198.367539972093,33.1688219752641,32.8371337555114,0.0,3278.04343979612,79.3470159888372,0.0,0.0
2827,2.0,0.0,0.0,0.0,0.0,0.0,250.0,3022.24014383108,100.0,0.0,0.0
2828,2.0,0.0,0.0,0.0,0.0,0.0,250.0,2766.69265116199,100.0,0.0,0.0
2829,2.0,0.0,0.0,0.0,0.0,0.0,250.0,2511.40070598558,100.0,0.0,0.0
2830,2.0,0.0,0.0,0.0,0.0,0.0,250.0,2256.36405275434,100.0,0.0,0.0
2831,2.0,0.0,0.0,0.0,0.0,0.0,250.0,2001.58243617633,100.0,0.0,0.0
2832,0.5,0.0,0.0,0.0,0.0,0.0,250.0,1747.0556012149,100.0,0.0,0.0
2833,0.5,0.0,0.0,0.0,0.0,0.0,250.0,1492.78329308844,100.0,0.0,0.0
2834,0.5,0.0,0.0,0.0,0.0,0.0,250.0,1238.7652572701,100.0,0.0,0.0
2835,0.5,0.0,0.0,0.0,0.0,0.0,250.0,985.001239487573,100.0,0.0,0.0
2836,0.5,0.0,0.0,0.0,0.0,0.0,250.0,731.490985722833,100.0,0.0,0.0
2837,1.0,0.0,0.0,0.0,0.0,0.0,250.0,478.234242211857,100.0,0.0,0.0
2838,1.0,0.0,0.0,0.0,0.0,0.0,250.0,225.230755444393,100.0,0.0,0.0
2839,1.0,10.8978122231764,0.0,0.0,0.0,0.0,222.755469442059,0.0,89.1021877768236,0.0,0.0
2840,1.0,36.0251533584873,0.0,159.937116603782,0.0,0.0,0.0,0.0,63.9748466415128,0.0,71.6935377565146
2841,1.0,65.3479692158745,0.0,86.6300769603137,0.0,0.0,0.0,0.0,34.65203078412548,0.0,486.53756123195
2842,1.0,87.6294196234099,0.0,30.9264509414753,0.0,0.0,0.0,0.0,12.37058037659012,0.0,613.443610120361
2843,1.0,100.0,0.0,0.0,277.287542626951,274.514667200681,0.0,274.514667200681,0.0,4.25609587845328,411.198820212384
2844,1.0,100.0,0.0,0.0,732.686019959853,725.359159760255,0.0,999.599312293736,0.0,10.316536,0.0
2845,1.0,100.0,10.316536,0.0,732.274575438617,734.960932911431,0.0,1733.56064589287,0.0,0.0,0.0
2846,1.0,100.0,10.316536,0.0,718.373833318031,721.199198212051,0.0,2453.02628345903,0.0,0.0,0.0
2847,1.0,100.0,1.00715331632054,0.0,656.177105803857,650.592474893313,0.0,3101.16573206888,0.0,0.0,0.0
2848,1.0,79.5355302771419,0.0,51.1611743071453,502.937058364515,497.90768778087,0.0,3595.97225411769,20.464469722858123,0.0,0.0
2849,2.0,52.0384307192097,0.0,119.903923201976,295.467037066107,292.512366695446,0.0,3884.88864855901,47.9615692807904,0.0,0.0
2850,2.0,21.907024540257,0.0,195.232438649358,58.8634193739455,58.2747851802061,0.0,3939.27854509066,78.0929754597432,0.0,0.0
2851,2.0,0.0,0.0,0.0,0.0,0.0,250.0,3682.81401402032,100.0,0.0,0.0
2852,2.0,0.0,0.0,0.0,0.0,0.0,250.0,3426.60594748105,100.0,0.0,0.0
2853,2.0,0.0,0.0,0.0,0.0,0.0,250.0,3170.65408900831,100.0,0.0,0.0
2854,2.0,0.0,0.0,0.0,0.0,0.0,250.0,2914.95818239405,100.0,0.0,0.0
2855,2.0,0.0,0.0,0.0,0.0,0.0,250.0,2659.5179716864,100.0,0.0,0.0
2856,0.5,0.0,0.0,0.0,0.0,0.0,250.0,2404.33320118946,100.0,0.0,0.0
2857,0.5,0.0,0.0,0.0,0.0,0.0,250.0,2149.40361546302,100.0,0.0,0.0
2858,0.5,0.0,0.0,0.0,0.0,0.0,250.0,1894.72895932231,100.0,0.0,0.0
2859,0.5,0.0,0.0,0.0,0.0,0.0,250.0,1640.30897783773,100.0,0.0,0.0
2860,0.5,0.0,0.0,0.0,0.0,0.0,250.0,1386.14341633464,100.0,0.0,0.0
2861,1.0,0.0,0.0,0.0,0.0,0.0,250.0,1132.23202039305,100.0,0.0,0.0
2862,1.0,0.0,0.0,0.0,0.0,0.0,250.0,878.574535847409,100.0,0.0,0.0
2863,1.0,10.9281624531438,0.0,0.0,0.0,0.0,222.67959386714,652.76707861748,89.071837546856,0.0,0.0
2864,1.0,35.3124785117491,0.0,161.718803720627,71.2139072071141,70.501768135043,0.0,722.616079673906,64.6875214882508,0.0,0.0
2865,1.0,62.423861725277,0.0,93.9403456868075,480.910047708898,476.100947231809,0.0,1197.99441082604,37.576138274723,0.0,0.0
2866,1.0,83.3617673435128,0.0,41.5955816412179,592.645719317744,586.719262124566,0.0,1783.51567853978,16.63823265648716,0.0,0.0
2867,1.0,99.8645982208259,0.0,0.338504447935328,679.360813591346,672.567205455432,0.0,2454.29936831667,0.1354017791741312,0.0,0.0
2868,1.0,100.0,8.28659145702154,0.0,669.704943205624,671.04754480517,0.0,3122.89261375353,0.0,0.0,0.0
2869,1.0,100.0,3.96221363836979,0.0,540.55597316507,538.994553105365,0.0,3658.76427424514,0.0,0.0,0.0
2870,1.0,100.0,3.21528155045733,0.0,599.677264915193,596.799958426295,0.0,4251.90546839719,0.0,0.0,0.0
2871,1.0,92.6467952108472,0.0,18.383011972882,554.978356895471,549.428573326517,0.0,4797.08213625531,7.3532047891528,0.0,0.0
2872,1.0,50.4407280384223,0.0,123.898179903944,63.2059142814503,62.5738551386358,0.0,4854.85890925769,49.5592719615776,0.0,0.0
2873,2.0,37.7450468212931,0.0,155.637382946767,55.5540937565725,54.9985528190067,0.0,4905.00260316744,62.2549531787068,0.0,0.0
2874,2.0,16.6938915429887,0.0,0.0,0.0,0.0,208.265271142528,4689.72863981424,83.3061084570112,0.0,0.0
2875,2.0,0.0,0.0,0.0,0.0,0.0,250.0,4432.51365864918,100.0,0.0,0.0
2876,2.0,0.0,0.0,0.0,0.0,0.0,250.0,4175.55589246527,100.0,0.0,0.0
2877,2.0,0.0,0.0,0.0,0.0,0.0,250.0,3918.85508404756,100.0,0.0,0.0
2878,2.0,0.0,0.0,0.0,0.0,0.0,250.0,3662.41097643826,100.0,0.0,0.0
2879,2.0,0.0,0.0,0.0,0.0,0.0,250.0,3406.22331293656,100.0,0.0,0.0
2880,0.5,0.0,0.0,0.0,0.0,0.0,250.0,3150.29183709838,100.0,0.0,0.0
2881,0.5,0.0,0.0,0.0,0.0,0.0,250.0,2894.61629273602,100.0,0.0,0.0
2882,0.5,0.0,0.0,0.0,0.0,0.0,250.0,2639.19642391804,100.0,0.0,0.0
2883,0.5,0.0,0.0,0.0,0.0,0.0,250.0,2384.03197496887,100.0,0.0,0.0
2884,0.5,0.0,0.0,0.0,0.0,0.0,250.0,2129.12269046864,100.0,0.0,0.0
2885,1.0,0.0,0.0,0.0,0.0,0.0,250.0,1874.46831525292,100.0,0.0,0.0
2886,1.0,0.0,0.0,0.0,0.0,0.0,250.0,1620.06859441242,100.0,0.0,0.0
2887,1.0,12.8495087109178,0.0,0.0,0.0,0.0,217.876228222706,1398.37152761325,87.15049128908241,0.0,0.0
2888,1.0,31.5840318575735,0.0,0.0,0.0,0.0,171.039920356066,1224.20555976638,68.41596814242641,0.0,0.0
2889,1.0,51.3005742074406,0.0,0.0,0.0,0.0,121.748564481398,1100.0030062456,48.699425792559204,0.0,0.0
2890,1.0,38.7884483011434,0.0,0.0,0.0,0.0,153.028879247142,944.328377737196,61.211551698856795,0.0,0.0
2891,1.0,23.9585900909763,0.0,0.0,0.0,0.0,190.103524772559,751.360286962934,76.04140990902361,0.0,0.0
2892,1.0,83.7399843504516,0.0,12.7662524130314,0.0,0.0,27.8837867108395,722.443485553911,16.26001564954836,0.0,0.0
2893,1.0,100.0,8.63337625733136,0.0,509.422846749061,512.704719926433,0.0,1234.42576199479,0.0,0.0,0.0
2894,1.0,100.0,10.316536,0.0,610.367095964374,614.27252823193,0.0,1847.46386446473,0.0,0.0,0.0
2895,1.0,99.9646228196893,0.0,0.0884429507767592,602.763532399661,596.735897075664,0.0,2442.35229767593,0.035377180310703686,0.0,0.0
2896,1.0,79.4867048012093,0.0,51.2832379969767,485.154644644316,480.303098197872,0.0,2920.21304357612,20.513295198790683,0.0,0.0
2897,2.0,52.798516100554,0.0,118.003709748615,305.847370771474,302.788897063759,0.0,3220.0817275963,47.201483899446,0.0,0.0
2898,2.0,22.3193342742907,0.0,194.201664314273,60.3995286093678,59.7955333232741,0.0,3276.65717919198,77.6806657257092,0.0,0.0
2899,2.0,0.0,0.0,0.0,0.0,0.0,250.0,3020.85526948754,100.0,0.0,0.0
2900,2.0,0.0,0.0,0.0,0.0,0.0,250.0,2765.3091616928,100.0,0.0,0.0
2901,2.0,0.0,0.0,0.0,0.0,0.0,250.0,2510.01860000585,100.0,0.0,0.0
2902,2.0,0.0,0.0,0.0,0.0,0.0,250.0,2254.98332888059,100.0,0.0,0.0
2903,2.0,0.0,0.0,0.0,0.0,0.0,250.0,2000.20309302646,100.0,0.0,0.0
2904,0.5,0.0,0.0,0.0,0.0,0.0,250.0,1745.67763740818,100.0,0.0,0.0
2905,0.5,0.0,0.0,0.0,0.0,0.0,250.0,1491.40670724552,100.0,0.0,0.0
2906,0.5,0.0,0.0,0.0,0.0,0.0,250.0,1237.39004801302,100.0,0.0,0.0
2907,0.5,0.0,0.0,0.0,0.0,0.0,250.0,983.627405439758,100.0,0.0,0.0
2908,0.5,0.0,0.0,0.0,0.0,0.0,250.0,730.118525509066,100.0,0.0,0.0
2909,1.0,0.0,0.0,0.0,0.0,0.0,250.0,476.863154458304,100.0,0.0,0.0
2910,1.0,0.0,0.0,0.0,0.0,0.0,250.0,223.861038778593,100.0,0.0,0.0
2911,1.0,11.4396776150334,0.0,0.0,0.0,0.0,221.400805962416,0.0,88.56032238496641,0.0,0.0
2912,1.0,36.5108659541463,0.0,158.722835114634,0.0,0.0,0.0,0.0,63.4891340458536,0.0,74.9316900741851
2913,1.0,64.910498516003,0.0,87.7237537099926,0.0,0.0,0.0,0.0,35.08950148399704,0.0,480.309206537284
2914,1.0,86.5448205786573,0.0,33.6379485533569,0.0,0.0,0.0,0.0,13.455179421342761,0.0,572.121984781608
2915,1.0,100.0,0.0,0.0,0.0,0.0,0.0,0.0,0.0,1.93964168664183,613.941848981613
2916,1.0,100.0,0.0,0.0,499.740351957291,494.742948437719,0.0,494.742948437719,0.0,10.316536,140.554191740879
2917,1.0,100.0,0.0,0.0,675.653842586716,668.897304160848,0.0,1163.14550965013,0.0,10.316536,0.0
2918,1.0,100.0,0.0,0.0,661.981727941583,655.361910662167,0.0,1817.34427480265,0.0,10.316536,0.0
2919,1.0,99.0512818676966,0.0,2.3717953307586,615.447772932255,609.293295202932,0.0,2424.82022573078,0.9487181323034402,0.0,0.0
2920,1.0,78.3607406893687,0.0,54.0981482765782,480.957085913015,476.147515053884,0.0,2898.54292055893,21.63925931063128,0.0,0.0
2921,2.0,53.8423432757055,0.0,115.394141810736,327.758442560041,324.480858134441,0.0,3220.12523577281,46.157656724294405,0.0,0.0
2922,2.0,22.2918191977497,0.0,194.270452005626,59.7568807499562,59.1593119424566,0.0,3276.0644224795,77.70818080225041,0.0,0.0
2923,2.0,0.0,0.0,0.0,0.0,0.0,250.0,3020.26310553176,100.0,0.0,0.0
2924,2.0,0.0,0.0,0.0,0.0,0.0,250.0,2764.71758990098,100.0,0.0,0.0
2925,2.0,0.0,0.0,0.0,0.0,0.0,250.0,2509.42761978582,100.0,0.0,0.0
2926,2.0,0.0,0.0,0.0,0.0,0.0,250.0,2254.39293964079,100.0,0.0,0.0
2927,2.0,0.0,0.0,0.0,0.0,0.0,250.0,1999.61329417589,100.0,0.0,0.0
2928,0.5,0.0,0.0,0.0,0.0,0.0,250.0,1745.08842835646,100.0,0.0,0.0
2929,0.5,0.0,0.0,0.0,0.0,0.0,250.0,1490.81808740286,100.0,0.0,0.0
2930,0.5,0.0,0.0,0.0,0.0,0.0,250.0,1236.8020167902,100.0,0.0,0.0
2931,0.5,0.0,0.0,0.0,0.0,0.0,250.0,983.039962248158,100.0,0.0,0.0
2932,0.5,0.0,0.0,0.0,0.0,0.0,250.0,729.531669760657,100.0,0.0,0.0
2933,1.0,0.0,0.0,0.0,0.0,0.0,250.0,476.276885565644,100.0,0.0,0.0
2934,1.0,0.0,0.0,0.0,0.0,0.0,250.0,223.275356154826,100.0,0.0,0.0
2935,1.0,11.6713760037264,0.0,0.0,0.0,0.0,220.821559990684,0.0,88.3286239962736,0.0,0.0
2936,1.0,37.0310718533502,0.0,157.422320366625,0.0,0.0,0.0,0.0,62.96892814665,0.0,75.5773298300649
2937,1.0,65.4611773700784,0.0,86.3470565748041,0.0,0.0,0.0,0.0,34.53882262992164,0.0,463.498712235993
2938,1.0,87.6491064447667,0.0,30.8772338880832,0.0,0.0,0.0,0.0,12.35089355523328,0.0,585.994110452577
2939,1.0,100.0,0.0,0.0,0.0,0.0,0.0,0.0,0.0,3.66045253718876,650.231556662645
2940,1.0,100.0,0.0,0.0,586.904234099556,581.03519175856,0.0,581.03519175856,0.0,10.316536,77.6288615421405
2941,1.0,100.0,0.0,0.0,651.434120438462,644.919779234077,0.0,1225.37393580088,0.0,10.316536,0.0
2942,1.0,100.0,0.0,0.0,655.222718819963,648.670491631764,0.0,1872.81905349684,0.0,10.316536,0.0
2943,1.0,99.0725918709559,0.0,2.31852032261031,621.722380349238,615.505156545745,0.0,2486.45139098909,0.9274081290441241,0.0,0.0
2944,1.0,77.235823573996,0.0,56.9104410650101,460.689096305062,456.082205342011,0.0,2940.04714494011,22.764176426004042,0.0,0.0
2945,2.0,51.3246298205496,0.0,121.688425448626,280.85470392099,278.04615688178,0.0,3215.15325467695,48.675370179450404,0.0,0.0
2946,2.0,22.5962621623062,0.0,193.509344594235,64.8187339625169,64.1705466228918,0.0,3276.10864804517,77.403737837694,0.0,0.0
2947,2.0,0.0,0.0,0.0,0.0,0.0,250.0,3020.30728687187,100.0,0.0,0.0
2948,2.0,0.0,0.0,0.0,0.0,0.0,250.0,2764.76172705974,100.0,0.0,0.0
2949,2.0,0.0,0.0,0.0,0.0,0.0,250.0,2509.47171280743,100.0,0.0,0.0
2950,2.0,0.0,0.0,0.0,0.0,0.0,250.0,2254.43698856937,100.0,0.0,0.0
2951,2.0,0.0,0.0,0.0,0.0,0.0,250.0,1999.65729905555,100.0,0.0,0.0
2952,0.5,0.0,0.0,0.0,0.0,0.0,250.0,1745.13238923124,100.0,0.0,0.0
2953,0.5,0.0,0.0,0.0,0.0,0.0,250.0,1490.86200431676,100.0,0.0,0.0
2954,0.5,0.0,0.0,0.0,0.0,0.0,250.0,1236.84588978719,100.0,0.0,0.0
2955,0.5,0.0,0.0,0.0,0.0,0.0,250.0,983.083791372149,100.0,0.0,0.0
2956,0.5,0.0,0.0,0.0,0.0,0.0,250.0,729.575455055525,100.0,0.0,0.0
2957,1.0,0.0,0.0,0.0,0.0,0.0,250.0,476.320627075217,100.0,0.0,0.0
2958,1.0,0.0,0.0,0.0,0.0,0.0,250.0,223.319053922889,100.0,0.0,0.0
2959,1.0,11.6540889918894,0.0,0.0,0.0,0.0,220.864777520276,0.0,88.3459110081104,0.0,0.0
2960,1.0,36.4152127169303,0.0,158.961968207674,0.0,0.0,0.0,0.0,63.5847872830696,0.0,64.8201460640101
2961,1.0,63.4121222920656,0.0,91.4696942698359,0.0,0.0,0.0,0.0,36.58787770793436,0.0,458.324758855971
2962,1.0,84.31622042782,0.0,39.20944893045,0.0,0.0,0.0,0.0,15.68377957218,0.0,580.225425774957
2963,1.0,99.3964900814325,0.0,1.50877479641871,0.0,0.0,0.0,0.0,0.603509918567484,0.0,650.884576298179
2964,1.0,100.0,0.0,0.0,457.896664887083,453.317698238212,0.0,453.317698238212,0.0,9.12508377393925,208.991001249015
2965,1.0,100.0,0.0,0.0,666.122648073049,659.461421592318,0.0,1112.32580213229,0.0,10.316536,0.0
2966,1.0,100.0,0.0,0.0,664.192266350158,657.550343686656,0.0,1768.76382001682,0.0,7.68893974613046,0.0
2967,1.0,96.7914943508329,0.0,8.02126412291774,612.521583233653,606.396367401317,0.0,2373.39142359812,3.2085056491670962,0.0,0.0
2968,1.0,76.8724969591753,0.0,57.8187576020618,478.734332736698,473.946989409331,0.0,2844.96502158385,23.12750304082472,0.0,0.0
2969,2.0,52.8420162060673,0.0,117.894959484832,322.682888440744,319.456059556337,0.0,3161.5761161186,47.1579837939328,0.0,0.0
2970,2.0,21.752935481139,0.0,195.617661297153,47.3161130227441,46.8429518925166,0.0,3205.257491895,78.24706451886121,0.0,0.0
2971,2.0,0.0,0.0,0.0,0.0,0.0,250.0,2949.52698187785,100.0,0.0,0.0
2972,2.0,0.0,0.0,0.0,0.0,0.0,250.0,2694.05220237072,100.0,0.0,0.0
2973,2.0,0.0,0.0,0.0,0.0,0.0,250.0,2438.8328976431,100.0,0.0,0.0
2974,2.0,0.0,0.0,0.0,0.0,0.0,250.0,2183.8688122202,100.0,0.0,0.0
2975,2.0,0.0,0.0,0.0,0.0,0.0,250.0,1929.15969088273,100.0,0.0,0.0
2976,0.5,0.0,0.0,0.0,0.0,0.0,250.0,1674.7052786666,100.0,0.0,0.0
2977,0.5,0.0,0.0,0.0,0.0,0.0,250.0,1420.50532086268,100.0,0.0,0.0
2978,0.5,0.0,0.0,0.0,0.0,0.0,250.0,1166.55956301656,100.0,0.0,0.0
2979,0.5,0.0,0.0,0.0,0.0,0.0,250.0,912.867750928293,100.0,0.0,0.0
2980,0.5,0.0,0.0,0.0,0.0,0.0,250.0,659.429630652112,100.0,0.0,0.0
2981,1.0,0.0,0.0,0.0,0.0,0.0,250.0,406.244948496207,100.0,0.0,0.0
2982,1.0,0.0,0.0,0.0,0.0,0.0,250.0,153.313451022458,100.0,0.0,0.0
2983,1.0,12.0515890214996,0.0,68.2424912505295,0.0,0.0,151.628536195722,0.0,87.9484109785006,0.0,0.0
2984,1.0,36.2692682278838,0.0,159.32682943029,0.0,0.0,0.0,0.0,63.730731772116,0.0,307.55554504216
2985,1.0,63.3225339624111,0.0,91.6936650939723,0.0,0.0,0.0,0.0,36.67746603758892,0.0,472.517012760089
2986,1.0,83.7754644794951,0.0,40.5613388012624,0.0,0.0,0.0,0.0,16.22453552050496,0.0,582.852025711749
2987,1.0,99.6083370815126,0.0,0.979157296218531,0.0,0.0,0.0,0.0,0.3916629184874124,0.0,674.316451435059
2988,1.0,100.0,0.0,0.0,420.942905736023,416.733476678663,0.0,416.733476678663,0.0,8.59317782221586,269.770295957867
2989,1.0,100.0,0.0,0.0,689.55649798685,682.660933006982,0.0,1098.97767620897,0.0,10.316536,0.0
2990,1.0,100.0,0.0,0.0,666.485383019251,659.820529189059,0.0,1757.69922772182,0.0,7.53657113089565,0.0
2991,1.0,95.6853814288387,0.0,10.7865464279034,602.970874182024,596.941165440204,0.0,2352.8826939343,4.31461857116136,0.0,0.0
2992,1.0,76.4516445712479,0.0,58.8708885718803,481.263177052758,476.45054528223,0.0,2826.98035652259,23.54835542875212,0.0,0.0
2993,2.0,52.5549253250019,0.0,118.612686687495,321.377479649706,318.163704853209,0.0,3142.31708101928,47.445074674998004,0.0,0.0
2994,2.0,22.3190451241051,0.0,194.202387189737,60.4430337765681,59.8386034388024,0.0,3199.01336737706,77.68095487589481,0.0,0.0
2995,2.0,0.0,0.0,0.0,0.0,0.0,250.0,2943.28910148443,100.0,0.0,0.0
2996,2.0,0.0,0.0,0.0,0.0,0.0,250.0,2687.8205598577,100.0,0.0,0.0
2997,2.0,0.0,0.0,0.0,0.0,0.0,250.0,2432.60748677259,100.0,0.0,0.0
2998,2.0,0.0,0.0,0.0,0.0,0.0,250.0,2177.64962676056,100.0,0.0,0.0
2999,2.0,0.0,0.0,0.0,0.0,0.0,250.0,1922.94672460855,100.0,0.0,0.0
3000,0.5,0.0,0.0,0.0,0.0,0.0,250.0,1668.49852535869,100.0,0.0,0.0
3001,0.5,0.0,0.0,0.0,0.0,0.0,250.0,1414.30477430808,100.0,0.0,0.0
3002,0.5,0.0,0.0,0.0,0.0,0.0,250.0,1160.36521700851,100.0,0.0,0.0
3003,0.5,0.0,0.0,0.0,0.0,0.0,250.0,906.679599266254,100.0,0.0,0.0
3004,0.5,0.0,0.0,0.0,0.0,0.0,250.0,653.247667141735,100.0,0.0,0.0
3005,1.0,0.0,0.0,0.0,0.0,0.0,250.0,400.069166949341,100.0,0.0,0.0
3006,1.0,0.0,0.0,0.0,0.0,0.0,250.0,147.143845257139,100.0,0.0,0.0
3007,1.0,11.8216885972687,0.0,74.9190441090655,0.0,0.0,145.526734397763,0.0,88.17831140273141,0.0,0.0
3008,1.0,36.2803461576849,0.0,159.299134605788,0.0,0.0,0.0,0.0,63.7196538423152,0.0,295.348845892724
3009,1.0,63.6170461919357,0.0,90.9573845201607,0.0,0.0,0.0,0.0,36.38295380806428,0.0,467.006594169266
3010,1.0,84.4357472825895,0.0,38.9106317935262,0.0,0.0,0.0,0.0,15.564252717410481,0.0,576.905208555305
3011,1.0,98.8963474771547,0.0,2.75913130711317,64.0681612202218,63.4274796080196,0.0,63.4274796080196,1.103652522845268,0.0,583.389981022253
3012,1.0,100.0,0.0,0.0,665.656401213844,658.999837201706,0.0,722.363889330117,0.0,7.12258560543867,0.0
3013,1.0,100.0,8.49526646619329,0.0,664.447565461773,666.045197332656,0.0,1387.68672277344,0.0,0.0,0.0
3014,1.0,100.0,3.30785995682869,0.0,642.216764438772,639.003882524499,0.0,2025.30291857517,0.0,0.0,0.0
3015,1.0,90.44868285053,0.0,23.8782928736751,554.251324198236,548.708810956254,0.0,2571.98642661285,9.55131714947004,0.0,0.0
3016,1.0,78.1627480422091,0.0,54.5931298944772,543.93460162671,538.495255610443,0.0,3107.90969579668,21.837251957790883,0.0,0.0
3017,2.0,54.0119951414994,0.0,114.970012146252,368.518353315032,364.833169781882,0.0,3469.63495588276,45.9880048585008,0.0,0.0
3018,2.0,23.7127264923763,0.0,190.718183769059,98.8577579124698,97.8691803333451,0.0,3564.03450126022,76.28727350762361,0.0,0.0
3019,2.0,0.0,0.0,0.0,0.0,0.0,250.0,3307.94521423371,100.0,0.0,0.0
3020,2.0,0.0,0.0,0.0,0.0,0.0,250.0,3052.11201649422,100.0,0.0,0.0
3021,2.0,0.0,0.0,0.0,0.0,0.0,250.0,2796.53465195248,100.0,0.0,0.0
3022,2.0,0.0,0.0,0.0,0.0,0.0,250.0,2541.21286477527,100.0,0.0,0.0
3023,2.0,0.0,0.0,0.0,0.0,0.0,250.0,2286.14639938524,100.0,0.0,0.0
3024,0.5,0.0,0.0,0.0,0.0,0.0,250.0,2031.33500046061,100.0,0.0,0.0
3025,0.5,0.0,0.0,0.0,0.0,0.0,250.0,1776.77841293489,100.0,0.0,0.0
3026,0.5,0.0,0.0,0.0,0.0,0.0,250.0,1522.47638199671,100.0,0.0,0.0
3027,0.5,0.0,0.0,0.0,0.0,0.0,250.0,1268.42865308946,100.0,0.0,0.0
3028,0.5,0.0,0.0,0.0,0.0,0.0,250.0,1014.63497191112,100.0,0.0,0.0
3029,1.0,0.0,0.0,0.0,0.0,0.0,250.0,761.095084413951,100.0,0.0,0.0
3030,1.0,0.0,0.0,0.0,0.0,0.0,250.0,507.808736804285,100.0,0.0,0.0
3031,1.0,12.2210037118095,0.0,70.8011481241939,0.0,0.0,148.646342596282,357.153107263155,87.77899628819037,0.0,0.0
3032,1.0,36.215228481022,0.0,159.461928797445,305.436781062537,302.382413251912,0.0,659.178367407804,63.784771518978005,0.0,0.0
3033,1.0,62.66721482979,0.0,93.3319629255251,467.271114510994,462.598403365885,0.0,1121.11759240628,37.332785170210045,0.0,0.0
3034,1.0,82.6271885503007,0.0,43.4320286242481,582.880003256988,577.051203224418,0.0,1697.04767803829,17.37281144969924,0.0,0.0
3035,1.0,96.9384053663246,0.0,7.65398658418853,662.082653187736,655.461826655859,0.0,2350.81245701611,3.061594633675412,0.0,0.0
3036,1.0,100.0,6.20918755776374,0.0,703.478694073397,702.468060901206,0.0,3050.9297054603,0.0,0.0,0.0
3037,1.0,100.0,8.37946266999278,0.0,683.716997538223,685.009582245268,0.0,3732.88835800011,0.0,0.0,0.0
3038,1.0,100.0,4.02903908215026,0.0,642.612164508518,640.095016580934,0.0,4369.25048622304,0.0,0.0,0.0
3039,1.0,91.9527525702113,0.0,20.1181185744718,570.014955936579,564.314806377214,0.0,4929.19604211403,8.04724742978872,0.0,0.0
3040,1.0,73.4628747753306,0.0,66.3428130616734,449.439456119191,444.945061557999,0.0,5369.21190762992,26.53712522466936,0.0,0.0
3041,2.0,42.22973079827,0.0,144.425673004325,137.532630583545,136.15730427771,0.0,5500.0,57.77026920173,0.0,0.0
3042,2.0,15.4641416722179,0.0,0.0,0.0,0.0,211.339645819455,5281.02561028338,84.53585832778201,0.0,0.0
3043,2.0,0.0,0.0,0.0,0.0,0.0,250.0,5023.21933214784,100.0,0.0,0.0
3044,2.0,0.0,0.0,0.0,0.0,0.0,250.0,4765.67086029044,100.0,0.0,0.0
3045,2.0,0.0,0.0,0.0,0.0,0.0,250.0,4508.3799369049,100.0,0.0,0.0
3046,2.0,0.0,0.0,0.0,0.0,0.0,250.0,4251.34630444274,100.0,0.0,0.0
3047,2.0,0.0,0.0,0.0,0.0,0.0,250.0,3994.56970561305,100.0,0.0,0.0
3048,0.5,0.0,0.0,0.0,0.0,0.0,0.0,3990.57513590743,0.0,0.0,0.0
3049,0.5,0.0,0.0,0.0,0.0,0.0,0.0,3986.58456077153,0.0,0.0,0.0
3050,0.5,0.0,0.0,0.0,0.0,0.0,0.0,3982.59797621075,0.0,0.0,0.0
3051,0.5,0.0,0.0,0.0,0.0,0.0,0.0,3978.61537823454,0.0,0.0,0.0
3052,0.5,0.0,0.0,0.0,0.0,0.0,0.0,3974.63676285631,0.0,0.0,0.0
3053,1.0,0.0,0.0,0.0,0.0,0.0,250.0,3718.1368735682,100.0,0.0,0.0
3054,1.0,0.0,0.0,0.0,0.0,0.0,250.0,3461.89348416938,100.0,0.0,0.0
3055,1.0,12.3767753371948,0.0,78.7085111576474,0.0,0.0,140.349550499366,3316.66436795858,87.62322466280536,0.0,0.0
3056,1.0,32.4600775103141,0.0,0.0,0.0,0.0,168.849806224215,3142.79234376818,67.539922489686,0.0,0.0
3057,1.0,61.1169030061454,0.0,97.2077424846364,112.437379409394,111.3130056153,0.0,3250.96255703971,38.883096993854565,0.0,0.0
3058,1.0,82.5835759493089,0.0,43.5410601267277,502.338394513129,497.315010567997,0.0,3745.02660505067,17.41642405069108,0.0,0.0
3059,1.0,93.8612835414156,0.0,15.3467911464611,473.870465441579,469.131760787164,0.0,4210.41333923278,6.13871645858444,0.0,0.0
3060,1.0,100.0,1.44638391032873,0.0,489.949899999017,486.453682668828,0.0,4692.65660856238,0.0,0.0,0.0
3061,1.0,66.3155199702094,0.0,0.0,0.0,0.0,84.2112000744766,4602.90213369677,33.68448002979064,0.0,0.0
3062,1.0,55.2416495463932,0.0,0.0,0.0,0.0,111.895876134017,4485.27309405396,44.7583504536068,0.0,0.0
3063,1.0,92.6767341622473,0.0,18.3081645943819,397.485227223421,393.510374951186,0.0,4874.29819591109,7.323265837752761,0.0,0.0
3064,1.0,71.0275320052098,0.0,72.4311699869754,362.175400101714,358.553646100697,0.0,5227.97754381588,28.972467994790165,0.0,0.0
3065,2.0,45.1887278827988,0.0,137.028180293003,174.698404286945,172.951420244075,0.0,5395.70098651614,54.811272117201206,0.0,0.0
3066,2.0,23.2274626350716,0.0,191.931343412321,73.726319266996,72.989056074326,0.0,5463.29434160395,76.77253736492841,0.0,0.0
3067,2.0,0.0,0.0,0.0,0.0,0.0,250.0,5205.30579473709,100.0,0.0,0.0
3068,2.0,0.0,0.0,0.0,0.0,0.0,250.0,4947.5752364171,100.0,0.0,0.0
3069,2.0,0.0,0.0,0.0,0.0,0.0,250.0,4690.10240865543,100.0,0.0,0.0
3070,2.0,0.0,0.0,0.0,0.0,0.0,250.0,4432.88705372153,100.0,0.0,0.0
3071,2.0,0.0,0.0,0.0,0.0,0.0,250.0,4175.92891414255,100.0,0.0,0.0
3072,0.5,0.0,0.0,0.0,0.0,0.0,0.0,4171.75298522841,0.0,0.0,0.0
3073,0.5,0.0,0.0,0.0,0.0,0.0,0.0,4167.58123224318,0.0,0.0,0.0
3074,0.5,0.0,0.0,0.0,0.0,0.0,0.0,4163.41365101094,0.0,0.0,0.0
3075,0.5,0.0,0.0,0.0,0.0,0.0,0.0,4159.25023735993,0.0,0.0,0.0
3076,0.5,0.0,0.0,0.0,0.0,0.0,0.0,4155.09098712257,0.0,0.0,0.0
3077,1.0,0.0,0.0,0.0,0.0,0.0,250.0,3898.41064361019,100.0,0.0,0.0
3078,1.0,0.0,0.0,0.0,0.0,0.0,250.0,3641.98698044133,100.0,0.0,0.0
3079,1.0,13.9156056158885,0.0,0.0,0.0,0.0,215.210985960279,3420.96015915758,86.0843943841116,0.0,0.0
3080,1.0,32.4600864555131,0.0,0.0,0.0,0.0,168.849783861217,3246.98386176487,67.5399135444868,0.0,0.0
3081,1.0,50.1978144168258,0.0,0.0,0.0,0.0,124.505463957935,3117.97378299609,49.80218558317401,0.0,0.0
3082,1.0,7.48230488588286,0.0,0.0,0.0,0.0,231.294237785293,2881.22526599563,92.5176951141172,0.0,0.0
3083,1.0,78.8987481432887,0.0,52.7531296417782,6.27303905296227,6.21030866243265,0.0,2884.55434939207,21.101251856711283,0.0,0.0
3084,1.0,33.9181740288222,0.0,0.0,0.0,0.0,165.204564927944,2714.79649713566,66.08182597117761,0.0,0.0
3085,1.0,9.55859799157443,0.0,0.0,0.0,0.0,226.103505021064,2483.69432182937,90.4414020084256,0.0,0.0
3086,1.0,8.24820672920868,0.0,0.0,0.0,0.0,229.379483176978,2249.51417985403,91.75179327079121,0.0,0.0
3087,1.0,6.07593278726422,0.0,0.0,0.0,0.0,234.810168031839,2010.08267776322,93.92406721273561,0.0,0.0
3088,1.0,4.45052087003555,0.0,0.0,0.0,0.0,238.873697824911,1766.78603162596,95.54947912996441,0.0,0.0
3089,2.0,11.3068651131395,0.0,0.0,0.0,0.0,221.732837217151,1541.04668274872,88.6931348868604,0.0,0.0
3090,2.0,1.54292994863531,0.0,0.0,0.0,0.0,246.142675128412,1290.8766712898,98.45707005136481,0.0,0.0
3091,2.0,0.0,0.0,0.0,0.0,0.0,250.0,1037.06054209326,100.0,0.0,0.0
3092,2.0,0.0,0.0,0.0,0.0,0.0,250.0,783.498229025912,100.0,0.0,0.0
3093,2.0,0.0,0.0,0.0,0.0,0.0,250.0,530.189478271633,100.0,0.0,0.0
3094,2.0,0.0,0.0,0.0,0.0,0.0,250.0,277.134036268109,100.0,0.0,0.0
3095,2.0,0.0,0.0,0.0,0.0,0.0,250.0,24.3316497065884,100.0,0.0,0.0
3096,0.5,0.0,0.0,0.0,0.0,0.0,0.0,24.3073180568818,0.0,0.0,0.0
3097,0.5,0.0,0.0,0.0,0.0,0.0,0.0,24.2830107388249,0.0,0.0,0.0
3098,0.5,0.0,0.0,0.0,0.0,0.0,0.0,24.2587277280861,0.0,0.0,0.0
3099,0.5,0.0,0.0,0.0,0.0,0.0,0.0,24.234469000358,0.0,0.0,0.0
3100,0.5,0.0,0.0,0.0,0.0,0.0,0.0,24.2102345313577,0.0,0.0,0.0
3101,1.0,0.0,0.0,0.0,0.0,0.0,23.944164053858,0.0,9.5776656215432,0.0,0.0
3102,1.0,0.0,0.0,0.0,0.0,0.0,0.0,0.0,0.0,0.0,0.0
3103,1.0,12.6294834658786,0.0,110.313173084461,0.0,0.0,0.0,0.0,44.1252692337844,0.0,0.0
3104,1.0,36.5066246237582,0.0,158.733438440605,170.37272838714,168.669001103269,0.0,168.669001103269,63.493375376242,0.0,176.875656816621
3105,1.0,64.5531085338822,0.0,88.6172286652945,532.719649950704,527.392453451197,0.0,695.892785553362,35.446891466117805,0.0,0.0
3106,1.0,85.8209330791551,0.0,35.4476673021124,630.781693988183,624.473877048302,0.0,1319.67076981611,14.17906692084496,0.0,0.0
3107,1.0,100.0,1.3863487368363,0.0,644.524938853249,639.424725009196,0.0,1957.77582405549,0.0,0.0,0.0
3108,1.0,86.8943646539216,0.0,32.7640883651961,220.840304919097,218.631901869906,0.0,2174.44995010134,13.105635346078442,0.0,0.0
3109,1.0,100.0,10.316536,0.0,597.039668607651,601.078375148774,0.0,2773.35387530001,0.0,0.0,0.0
3110,1.0,100.0,8.89070488276127,0.0,634.64570907012,636.925013856674,0.0,3407.50553528139,0.0,0.0,0.0
3111,1.0,85.7928124578363,0.0,35.5179688554093,395.127478676563,391.176203889797,0.0,3795.2742336359,14.207187542163721,0.0,0.0
3112,1.0,72.1203355322356,0.0,69.6991611694109,374.446689766504,370.702222868839,0.0,4162.18118227111,27.87966446776436,0.0,0.0
3113,2.0,51.5678401032456,0.0,121.080399741886,287.984722364063,285.104875140422,0.0,4443.12387622926,48.4321598967544,0.0,0.0
3114,2.0,21.5647927859894,0.0,196.088018035027,25.4970348625968,25.2420645139708,0.0,4463.922816867,78.4352072140108,0.0,0.0
3115,2.0,0.0,0.0,0.0,0.0,0.0,250.0,4206.93364152488,100.0,0.0,0.0
3116,2.0,0.0,0.0,0.0,0.0,0.0,250.0,3950.2014553581,100.0,0.0,0.0
3117,2.0,0.0,0.0,0.0,0.0,0.0,250.0,3693.72600137749,100.0,0.0,0.0
3118,2.0,0.0,0.0,0.0,0.0,0.0,250.0,3437.50702285086,100.0,0.0,0.0
3119,2.0,0.0,0.0,0.0,0.0,0.0,250.0,3181.54426330276,100.0,0.0,0.0
3120,0.5,0.0,0.0,0.0,0.0,0.0,250.0,2925.8374665142,100.0,0.0,0.0
3121,0.5,0.0,0.0,0.0,0.0,0.0,250.0,2670.38637652243,100.0,0.0,0.0
3122,0.5,0.0,0.0,0.0,0.0,0.0,250.0,2415.19073762066,100.0,0.0,0.0
3123,0.5,0.0,0.0,0.0,0.0,0.0,250.0,2160.25029435779,100.0,0.0,0.0
3124,0.5,0.0,0.0,0.0,0.0,0.0,250.0,1905.56479153817,100.0,0.0,0.0
3125,1.0,0.0,0.0,0.0,0.0,0.0,250.0,1651.13397422138,100.0,0.0,0.0
3126,1.0,0.0,0.0,0.0,0.0,0.0,250.0,1396.95758772191,100.0,0.0,0.0
3127,1.0,11.2031408404896,0.0,0.0,0.0,0.0,221.992147898776,1171.32613730714,88.7968591595104,0.0,0.0
3128,1.0,4.78774917356736,0.0,0.0,0.0,0.0,238.030627066082,929.719834335408,95.21225082643281,0.0,0.0
3129,1.0,22.061967465346,0.0,0.0,0.0,0.0,194.845081336635,731.976901029725,77.938032534654,0.0,0.0
3130,1.0,74.3461180171198,0.0,64.1347049572004,44.0815576668932,43.6407420902242,0.0,774.885666218919,25.65388198288016,0.0,0.0
3131,1.0,78.7303720209085,0.0,53.1740699477286,149.146587048921,147.655121178432,0.0,921.765901731132,21.26962797909144,0.0,0.0
3132,1.0,100.0,10.316536,0.0,673.648557385451,676.921175038797,0.0,1597.7653108682,0.0,0.0,0.0
3133,1.0,100.0,10.316536,0.0,663.651659415085,667.024246048134,0.0,2263.19179160546,0.0,0.0,0.0
3134,1.0,100.0,10.132025577809,0.0,631.460930288114,634.976412200823,0.0,2895.90501201468,0.0,0.0,0.0
3135,1.0,98.2477654560497,0.0,4.38058635987577,595.254874581525,589.30232583571,0.0,3482.31143283838,1.7522345439503082,0.0,0.0
3136,1.0,78.5150969160693,0.0,53.7122577098269,473.685145734266,468.948294276924,0.0,3947.77741568246,21.48490308393076,0.0,0.0
3137,2.0,54.1004043341162,0.0,114.74898916471,319.202166339677,316.01014467628,0.0,4259.83978294306,45.899595665884,0.0,0.0
3138,2.0,24.3227319387055,0.0,189.193170153236,81.3492904459815,80.5357975415216,0.0,4336.11574070164,75.6772680612944,0.0,0.0
3139,2.0,0.0,0.0,0.0,0.0,0.0,250.0,4079.25437243568,100.0,0.0,0.0
3140,2.0,0.0,0.0,0.0,0.0,0.0,250.0,3822.649865538,100.0,0.0,0.0
3141,2.0,0.0,0.0,0.0,0.0,0.0,250.0,3566.3019631472,100.0,0.0,0.0
3142,2.0,0.0,0.0,0.0,0.0,0.0,250.0,3310.2104086588,100.0,0.0,0.0
3143,2.0,0.0,0.0,0.0,0.0,0.0,250.0,3054.37494572489,100.0,0.0,0.0
3144,0.5,0.0,0.0,0.0,0.0,0.0,250.0,2798.79531825392,100.0,0.0,0.0
3145,0.5,0.0,0.0,0.0,0.0,0.0,250.0,2543.47127041041,100.0,0.0,0.0
3146,0.5,0.0,0.0,0.0,0.0,0.0,250.0,2288.40254661475,100.0,0.0,0.0
3147,0.5,0.0,0.0,0.0,0.0,0.0,250.0,2033.58889154288,100.0,0.0,0.0
3148,0.5,0.0,0.0,0.0,0.0,0.0,250.0,1779.03005012608,100.0,0.0,0.0
3149,1.0,0.0,0.0,0.0,0.0,0.0,250.0,1524.72576755071,100.0,0.0,0.0
3150,1.0,0.0,0.0,0.0,0.0,0.0,250.0,1270.6757892579,100.0,0.0,0.0
3151,1.0,13.7971796151669,0.0,77.0798482141979,0.0,0.0,138.427202747885,1129.57965614755,86.20282038483316,0.0,0.0
3152,1.0,38.1849545928384,0.0,154.537613517904,155.858711610386,154.300124494282,0.0,1282.75020098568,61.8150454071616,0.0,0.0
3153,1.0,63.7907766897428,0.0,90.5230582756429,428.736534496756,424.449169151789,0.0,1705.91661993649,36.20922331025716,0.0,0.0
3154,1.0,85.2002277455688,0.0,36.999430636078,599.124605753943,593.133359696404,0.0,2297.34406301295,14.799772254431202,0.0,0.0
3155,1.0,100.0,1.26487739741846,0.0,677.916624960546,672.364642761915,0.0,2967.41136171186,0.0,0.0,0.0
3156,1.0,100.0,10.316536,0.0,692.880796347364,695.96109161109,0.0,3660.40504196123,0.0,0.0,0.0
3157,1.0,100.0,10.316536,0.0,691.314340173728,694.41029999919,0.0,4351.15493691846,0.0,0.0,0.0
3158,1.0,100.0,8.68290137622179,0.0,659.324972093971,661.155873288242,0.0,5007.95965526979,0.0,0.0,0.0
3159,1.0,91.9195997385582,0.0,20.2010006536045,502.068994328771,497.048304385484,0.0,5500.0,8.0804002614418,0.0,0.0
3160,1.0,44.7184982787381,0.0,0.0,0.0,0.0,138.203754303155,5354.90024817863,55.281501721262,0.0,0.0
3161,2.0,31.9172574321803,0.0,0.0,0.0,0.0,170.206856419549,5177.61923033495,68.08274256781961,0.0,0.0
3162,2.0,15.1450587976459,0.0,0.0,0.0,0.0,212.137353005885,4958.16145655321,84.854941202354,0.0,0.0
3163,2.0,0.0,0.0,0.0,0.0,0.0,250.0,4700.67804257141,100.0,0.0,0.0
3164,2.0,0.0,0.0,0.0,0.0,0.0,250.0,4443.45211200358,100.0,0.0,0.0
3165,2.0,0.0,0.0,0.0,0.0,0.0,250.0,4186.48340736633,100.0,0.0,0.0
3166,2.0,0.0,0.0,0.0,0.0,0.0,250.0,3929.77167143371,100.0,0.0,0.0
3167,2.0,0.0,0.0,0.0,0.0,0.0,250.0,3673.31664723702,100.0,0.0,0.0
3168,0.5,0.0,0.0,0.0,0.0,0.0,0.0,3669.64333058978,0.0,0.0,0.0
3169,0.5,0.0,0.0,0.0,0.0,0.0,0.0,3665.9736872592,0.0,0.0,0.0
3170,0.5,0.0,0.0,0.0,0.0,0.0,0.0,3662.30771357194,0.0,0.0,0.0
3171,0.5,0.0,0.0,0.0,0.0,0.0,0.0,3658.64540585836,0.0,0.0,0.0
3172,0.5,0.0,0.0,0.0,0.0,0.0,0.0,3654.98676045251,0.0,0.0,0.0
3173,1.0,0.0,0.0,0.0,0.0,0.0,250.0,3398.8065211668,100.0,0.0,0.0
3174,1.0,0.0,0.0,0.0,0.0,0.0,250.0,3142.88246212038,100.0,0.0,0.0
3175,1.0,15.1416732234608,0.0,0.0,0.0,0.0,212.145816941348,2925.4508756771,84.8583267765392,0.0,0.0
3176,1.0,38.2887436353356,0.0,103.53634660691,0.0,0.0,50.7417943047506,2871.27108711986,61.71125636466425,0.0,0.0
3177,1.0,51.7652951528599,0.0,0.0,0.0,0.0,120.58676211785,2746.59500581269,48.23470484714,0.0,0.0
3178,1.0,29.1984997896144,0.0,0.0,0.0,0.0,177.003750525964,2565.05674360893,70.8015002103856,0.0,0.0
3179,1.0,27.5435457853668,0.0,0.0,0.0,0.0,181.141135536583,2379.52084288898,72.4564542146332,0.0,0.0
3180,1.0,40.403856787024,0.0,0.0,0.0,0.0,148.99035803244,2226.64601090221,59.59614321297601,0.0,0.0
3181,1.0,51.6977117018645,0.0,0.0,0.0,0.0,120.755720745339,2102.44388939096,48.30228829813561,0.0,0.0
3182,1.0,28.6938216320818,0.0,0.0,0.0,0.0,178.265445919795,1920.27533851188,71.30617836791801,0.0,0.0
3183,1.0,52.2559103370536,0.0,0.0,0.0,0.0,119.360224157366,1797.78918018613,47.74408966294641,0.0,0.0
3184,1.0,27.0672302071216,0.0,0.0,0.0,0.0,182.331924482196,1611.81772991282,72.9327697928784,0.0,0.0
3185,2.0,43.1078236690775,0.0,82.5191504001872,0.0,0.0,59.7112904271192,1549.89147740803,56.89217633092257,0.0,0.0
3186,2.0,4.13953410053066,0.0,0.0,0.0,0.0,239.651164748673,1306.26970234611,95.8604658994692,0.0,0.0
3187,2.0,0.0,0.0,0.0,0.0,0.0,250.0,1052.43818011851,100.0,0.0,0.0
3188,2.0,0.0,0.0,0.0,0.0,0.0,250.0,798.860489413138,100.0,0.0,0.0
3189,2.0,0.0,0.0,0.0,0.0,0.0,250.0,545.536376398472,100.0,0.0,0.0
3190,2.0,0.0,0.0,0.0,0.0,0.0,250.0,292.465587496821,100.0,0.0,0.0
3191,2.0,0.0,0.0,0.0,0.0,0.0,250.0,39.6478693840719,100.0,0.0,0.0
3192,0.5,0.0,0.0,0.0,0.0,0.0,0.0,39.6082215146878,0.0,0.0,0.0
3193,0.5,0.0,0.0,0.0,0.0,0.0,0.0,39.5686132931731,0.0,0.0,0.0
3194,0.5,0.0,0.0,0.0,0.0,0.0,0.0,39.52904467988,0.0,0.0,0.0
3195,0.5,0.0,0.0,0.0,0.0,0.0,0.0,39.4895156352001,0.0,0.0,0.0
3196,0.5,0.0,0.0,0.0,0.0,0.0,0.0,39.4500261195649,0.0,0.0,0.0
3197,1.0,0.0,0.0,0.0,0.0,0.0,39.0164703325109,0.0,15.60658813300436,0.0,0.0
3198,1.0,0.0,0.0,0.0,0.0,0.0,0.0,0.0,0.0,0.0,0.0
3199,1.0,16.1574453968214,0.0,0.0,0.0,0.0,0.0,0.0,0.0,0.0,0.0
3200,1.0,37.5156282496569,0.0,0.0,0.0,0.0,0.0,0.0,0.0,0.0,0.0
3201,1.0,52.5273912998703,0.0,0.0,0.0,0.0,0.0,0.0,0.0,0.0,0.0
3202,1.0,71.1461196915666,0.0,72.1347007710834,92.352646751362,91.4291202838484,0.0,91.4291202838484,28.85388030843336,0.0,0.0
3203,1.0,12.7798416403063,0.0,0.0,0.0,0.0,90.4243142519289,0.0,36.169725700771565,0.0,0.0
3204,1.0,82.2626822713702,0.0,1.32511739260245,0.0,0.0,0.0,0.0,0.53004695704098,0.0,0.0
3205,1.0,100.0,1.92643397796468,0.0,427.364157001715,424.959541677119,0.0,424.959541677119,0.0,0.0,0.0
3206,1.0,100.0,0.344969074493903,0.0,473.782112377202,469.378980249504,0.0,893.913562384946,0.0,0.0,0.0
3207,1.0,89.6146271545996,0.0,25.963432113501,434.830771368143,430.482463654462,0.0,1323.50211247702,10.3853728454004,0.0,0.0
3208,1.0,76.9087307897625,0.0,57.7281730255938,436.903624762834,432.534588515206,0.0,1754.71319887975,23.09126921023752,0.0,0.0
3209,2.0,37.8536900661847,0.0,155.365774834538,24.814005306981,24.5658652539111,0.0,1777.52435093478,62.1463099338152,0.0,0.0
3210,2.0,25.5736823599093,0.0,186.065794100227,98.589808492916,97.6039104079868,0.0,1873.35073699184,74.4263176400908,0.0,0.0
3211,2.0,0.0,0.0,0.0,0.0,0.0,250.0,1618.95213372959,100.0,0.0,0.0
3212,2.0,0.0,0.0,0.0,0.0,0.0,250.0,1364.80792907061,100.0,0.0,0.0
3213,2.0,0.0,0.0,0.0,0.0,0.0,250.0,1110.91786861629,100.0,0.0,0.0
3214,2.0,0.0,0.0,0.0,0.0,0.0,250.0,857.281698222417,100.0,0.0,0.0
3215,2.0,0.0,0.0,0.0,0.0,0.0,250.0,603.899163998942,100.0,0.0,0.0
3216,0.5,0.0,0.0,0.0,0.0,0.0,0.0,603.295264834943,0.0,0.0,0.0
3217,0.5,0.0,0.0,0.0,0.0,0.0,0.0,602.691969570108,0.0,0.0,0.0
3218,0.5,0.0,0.0,0.0,0.0,0.0,0.0,602.089277600538,0.0,0.0,0.0
3219,0.5,0.0,0.0,0.0,0.0,0.0,0.0,601.487188322937,0.0,0.0,0.0
3220,0.5,0.0,0.0,0.0,0.0,0.0,0.0,600.885701134614,0.0,0.0,0.0
3221,1.0,0.0,0.0,0.0,0.0,0.0,250.0,347.759562908227,100.0,0.0,0.0
3222,1.0,0.0,0.0,0.0,0.0,0.0,250.0,94.8865508200663,100.0,0.0,0.0
3223,1.0,13.2203669705346,0.0,117.329436628826,0.0,0.0,93.8437476265538,0.0,84.46927370215192,0.0,0.0
3224,1.0,39.0564733200821,0.0,152.358816699795,0.0,0.0,0.0,0.0,60.943526679918,0.0,341.654956335311
3225,1.0,66.9222139127227,0.0,82.6944652181933,0.0,0.0,0.0,0.0,33.077786087277325,0.0,508.634572357598
3226,1.0,87.5078350145091,0.0,31.2304124637274,0.0,0.0,0.0,0.0,12.49216498549096,0.0,608.374680616316
3227,1.0,100.0,0.0,0.0,0.0,0.0,0.0,0.0,0.0,3.84667827505513,681.589603778898
3228,1.0,100.0,0.0,0.0,268.236861791194,265.554493173282,0.0,265.554493173282,0.0,10.316536,429.055782083099
3229,1.0,100.0,0.0,0.0,676.854815969491,670.086267809796,0.0,935.375206489905,0.0,10.316536,0.0
3230,1.0,100.0,9.72685242428936,0.0,674.108046698892,676.803958453949,0.0,1611.24378973736,0.0,0.0,0.0
3231,1.0,98.0445797048591,0.0,4.88855073785231,617.021126779302,610.850915511509,0.0,2220.48346145914,1.9554202951409243,0.0,0.0
3232,1.0,79.1330747210353,0.0,52.1673131974118,498.145278967017,493.163826177347,0.0,2711.42680417502,20.86692527896472,0.0,0.0
3233,2.0,55.3706046598966,0.0,111.573488350259,346.398814778226,342.934826630444,0.0,3051.65020400129,44.6293953401036,0.0,0.0
3234,2.0,25.7090393395364,0.0,185.727401651159,104.484425738149,103.439581480768,0.0,3152.03813527806,74.2909606604636,0.0,0.0
3235,2.0,0.0,0.0,0.0,0.0,0.0,250.0,2896.36084461753,100.0,0.0,0.0
3236,2.0,0.0,0.0,0.0,0.0,0.0,250.0,2640.93923124766,100.0,0.0,0.0
3237,2.0,0.0,0.0,0.0,0.0,0.0,250.0,2385.77303949116,100.0,0.0,0.0
3238,2.0,0.0,0.0,0.0,0.0,0.0,250.0,2130.86201392641,100.0,0.0,0.0
3239,2.0,0.0,0.0,0.0,0.0,0.0,250.0,1876.20589938723,100.0,0.0,0.0
3240,0.5,0.0,0.0,0.0,0.0,0.0,250.0,1621.8044409626,100.0,0.0,0.0
3241,0.5,0.0,0.0,0.0,0.0,0.0,250.0,1367.65738399638,100.0,0.0,0.0
3242,0.5,0.0,0.0,0.0,0.0,0.0,250.0,1113.76447408713,100.0,0.0,0.0
3243,0.5,0.0,0.0,0.0,0.0,0.0,250.0,860.125457087791,100.0,0.0,0.0
3244,0.5,0.0,0.0,0.0,0.0,0.0,250.0,606.740079105451,100.0,0.0,0.0
3245,1.0,0.0,0.0,0.0,0.0,0.0,250.0,353.608086501093,100.0,0.0,0.0
3246,1.0,0.0,0.0,0.0,0.0,0.0,250.0,100.72922588934,100.0,0.0,0.0
3247,1.0,13.3167397819284,0.0,117.085938848363,0.0,0.0,99.6222116968157,0.0,86.68326021807148,0.0,0.0
3248,1.0,38.2062989872112,0.0,154.484252531972,0.0,0.0,0.0,0.0,61.7937010127888,0.0,337.185471965938
3249,1.0,65.2445130426617,0.0,86.8887173933458,0.0,0.0,0.0,0.0,34.75548695733832,0.0,501.134619152162
3250,1.0,86.8078572302098,0.0,32.9803569244756,0.0,0.0,0.0,0.0,13.192142769790241,0.0,620.344830549556
3251,1.0,100.0,0.0,0.0,458.30951504238,453.726419891956,0.0,453.726419891956,0.0,2.82675035411928,228.410288484332
3252,1.0,100.0,10.316536,0.0,711.624578353664,714.517435797327,0.0,1167.79012926939,0.0,0.0,0.0
3253,1.0,100.0,10.316536,0.0,699.585539609861,702.598787440962,0.0,1869.22112658108,0.0,0.0,0.0
3254,1.0,100.0,8.73402509239813,0.0,669.212079813699,670.993710160207,0.0,2538.34561561471,0.0,0.0,0.0
3255,1.0,96.537199004751,0.0,8.65700248812249,599.252046301696,593.259525838679,0.0,3129.06679583777,3.462800995248996,0.0,0.0
3256,1.0,78.6971511904397,0.0,53.2571220239007,500.750503191113,495.742998159202,0.0,3621.68072720114,21.30284880956028,0.0,0.0
3257,2.0,32.2097743200435,0.0,0.0,0.0,0.0,169.475564199891,3446.87160788819,67.79022567995641,0.0,0.0
3258,2.0,8.01169594380262,0.0,0.0,0.0,0.0,229.970760140493,3211.13103916869,91.98830405619721,0.0,0.0
3259,2.0,0.0,0.0,0.0,0.0,0.0,250.0,2955.39465560427,100.0,0.0,0.0
3260,2.0,0.0,0.0,0.0,0.0,0.0,250.0,2699.91400842341,100.0,0.0,0.0
3261,2.0,0.0,0.0,0.0,0.0,0.0,250.0,2444.68884188974,100.0,0.0,0.0
3262,2.0,0.0,0.0,0.0,0.0,0.0,250.0,2189.71890052259,100.0,0.0,0.0
3263,2.0,0.0,0.0,0.0,0.0,0.0,250.0,1935.00392909682,100.0,0.0,0.0
3264,0.5,0.0,0.0,0.0,0.0,0.0,250.0,1680.54367264247,100.0,0.0,0.0
3265,0.5,0.0,0.0,0.0,0.0,0.0,250.0,1426.33787644457,100.0,0.0,0.0
3266,0.5,0.0,0.0,0.0,0.0,0.0,250.0,1172.38628604288,100.0,0.0,0.0
3267,0.5,0.0,0.0,0.0,0.0,0.0,250.0,918.688647231582,100.0,0.0,0.0
3268,0.5,0.0,0.0,0.0,0.0,0.0,250.0,665.244706059098,100.0,0.0,0.0
3269,1.0,0.0,0.0,0.0,0.0,0.0,250.0,412.054208827787,100.0,0.0,0.0
3270,1.0,4.34159795558124,0.0,0.0,0.0,0.0,239.146005111047,170.080533294669,95.6584020444188,0.0,0.0
3271,1.0,15.7819189865987,0.0,42.3338542997426,0.0,0.0,168.211348233761,0.0,84.21808101340145,0.0,0.0
3272,1.0,38.0177508384922,0.0,154.955622903769,0.0,0.0,0.0,0.0,61.98224916150761,0.0,324.508715146273
3273,1.0,64.6941434039958,0.0,88.2646414900104,279.047722056847,276.257244836279,0.0,276.257244836279,35.30585659600416,0.0,205.972613770976
3274,1.0,85.6486549971549,0.0,35.8783625071127,592.717010400359,586.789840296355,0.0,862.770827887798,14.351345002845079,0.0,0.0
3275,1.0,100.0,0.947859445159196,0.0,651.036561554965,645.445809173108,0.0,1507.35386623302,0.0,0.0,0.0
3276,1.0,100.0,10.316536,0.0,674.785397059331,678.046646315938,0.0,2183.89315868272,0.0,0.0,0.0
3277,1.0,100.0,9.10358770958257,0.0,592.334286469734,595.243244400874,0.0,2776.95250992491,0.0,0.0,0.0
3278,1.0,100.0,0.995230374729317,0.0,520.238554892494,516.001741853132,0.0,3290.17729926812,0.0,0.0,0.0
3279,1.0,86.0140172802637,0.0,34.9649567993408,400.755280332623,396.747727529296,0.0,3683.63484949815,13.98598271973632,0.0,0.0
3280,1.0,29.4687055255011,0.0,0.0,0.0,0.0,176.328236186247,3501.84188516759,70.53129447449881,0.0,0.0
3281,2.0,37.4278430180854,0.0,0.0,0.0,0.0,156.430392454786,3340.32954585335,62.5721569819144,0.0,0.0
3282,2.0,18.4285233518597,0.0,0.0,0.0,0.0,203.928691620351,3131.0006389132,81.5714766481404,0.0,0.0
3283,2.0,0.0,0.0,0.0,0.0,0.0,250.0,2875.34438574904,100.0,0.0,0.0
3284,2.0,0.0,0.0,0.0,0.0,0.0,250.0,2619.94378883803,100.0,0.0,0.0
3285,2.0,0.0,0.0,0.0,0.0,0.0,250.0,2364.79859252394,100.0,0.0,0.0
3286,2.0,0.0,0.0,0.0,0.0,0.0,250.0,2109.90854140617,100.0,0.0,0.0
3287,2.0,0.0,0.0,0.0,0.0,0.0,250.0,1855.27338033951,100.0,0.0,0.0
3288,0.5,0.0,0.0,0.0,0.0,0.0,250.0,1600.89285443392,100.0,0.0,0.0
3289,0.5,0.0,0.0,0.0,0.0,0.0,250.0,1346.76670905423,100.0,0.0,0.0
3290,0.5,0.0,0.0,0.0,0.0,0.0,250.0,1092.89468981992,100.0,0.0,0.0
3291,0.5,0.0,0.0,0.0,0.0,0.0,250.0,839.276542604851,100.0,0.0,0.0
3292,0.5,0.0,0.0,0.0,0.0,0.0,250.0,585.912013536993,100.0,0.0,0.0
3293,1.0,0.0,0.0,0.0,0.0,0.0,250.0,332.800848998204,100.0,0.0,0.0
3294,1.0,5.13846850928837,0.0,0.0,0.0,0.0,237.153828726779,92.9187262029641,94.86153149071161,0.0,0.0
3295,1.0,13.5801446073466,0.0,124.15208907964,0.0,0.0,91.8975494019935,0.0,86.4198553926534,0.0,0.0
3296,1.0,38.489926018989,0.0,153.775184952527,0.0,0.0,0.0,0.0,61.510073981010805,0.0,339.75567004208
3297,1.0,63.828314487588,0.0,90.42921378103,0.0,0.0,0.0,0.0,36.171685512412004,0.0,497.724783383727
3298,1.0,84.4785773025687,0.0,38.8035567435783,0.0,0.0,0.0,0.0,15.52142269743132,0.0,605.818788217247
3299,1.0,100.0,0.0,0.0,0.0,0.0,0.0,0.0,0.0,1.10407246106551,685.430851900473
3300,1.0,100.0,0.0,0.0,258.381739465515,255.79792207086,0.0,255.79792207086,0.0,10.316536,452.309707870573
3301,1.0,100.0,0.0,0.0,698.727196547901,691.739924582422,0.0,947.282048731211,0.0,10.316536,0.0
3302,1.0,100.0,9.08786253893615,0.0,677.463980336179,679.506384768093,0.0,1625.84115145057,0.0,0.0,0.0
3303,1.0,97.035031450977,0.0,7.41242137255746,608.312631470546,602.22950515584,0.0,2226.44481545496,2.9649685490229842,0.0,0.0
3304,1.0,78.2622778693873,0.0,54.3443053265318,491.037399334672,486.127025341325,0.0,2710.34539598083,21.737722130612724,0.0,0.0
3305,2.0,54.4364877189276,0.0,113.908780702681,336.019212954006,332.659020824466,0.0,3040.29407140932,45.563512281072406,0.0,0.0
3306,2.0,25.6757155848107,0.0,185.810711037973,104.243625538066,103.201189282685,0.0,3140.45496662059,74.3242844151892,0.0,0.0
3307,2.0,0.0,0.0,0.0,0.0,0.0,250.0,2884.78925912872,100.0,0.0,0.0
3308,2.0,0.0,0.0,0.0,0.0,0.0,250.0,2629.37921734434,100.0,0.0,0.0
3309,2.0,0.0,0.0,0.0,0.0,0.0,250.0,2374.22458560174,100.0,0.0,0.0
3310,2.0,0.0,0.0,0.0,0.0,0.0,250.0,2119.32510849089,100.0,0.0,0.0
3311,2.0,0.0,0.0,0.0,0.0,0.0,250.0,1864.68053085714,100.0,0.0,0.0
3312,0.5,0.0,0.0,0.0,0.0,0.0,250.0,1610.29059780103,100.0,0.0,0.0
3313,0.5,0.0,0.0,0.0,0.0,0.0,250.0,1356.15505467798,100.0,0.0,0.0
3314,0.5,0.0,0.0,0.0,0.0,0.0,250.0,1102.27364709805,100.0,0.0,0.0
3315,0.5,0.0,0.0,0.0,0.0,0.0,250.0,848.646120925699,100.0,0.0,0.0
3316,0.5,0.0,0.0,0.0,0.0,0.0,250.0,595.272222279521,100.0,0.0,0.0
3317,1.0,0.0,0.0,0.0,0.0,0.0,250.0,342.151697531989,100.0,0.0,0.0
3318,1.0,5.13450375113078,0.0,0.0,0.0,0.0,237.163740622173,102.250211872666,94.8654962488692,0.0,0.0
3319,1.0,13.657101919001,0.0,114.730763158312,0.0,0.0,101.126482044185,0.0,86.3428980809988,0.0,0.0
3320,1.0,37.9494637352306,0.0,155.126340661924,0.0,0.0,0.0,0.0,62.0505362647696,0.0,324.09794629114
3321,1.0,64.3114109801452,0.0,89.2214725496371,245.600048239947,243.144047757548,0.0,243.144047757548,35.68858901985484,0.0,235.822115786222
3322,1.0,84.7416099564342,0.0,38.1459751089144,595.736996365497,589.779626401842,0.0,832.680530111632,15.258390043565761,0.0,0.0
3323,1.0,100.0,0.274561661902951,0.0,675.356142404795,668.868960705125,0.0,1500.71681028665,0.0,0.0,0.0
3324,1.0,100.0,8.4923268233953,0.0,691.497026854157,692.821312069673,0.0,2192.03740554603,0.0,0.0,0.0
3325,1.0,100.0,10.2431982045579,0.0,670.183282555684,673.419400628189,0.0,2863.26476876867,0.0,0.0,0.0
3326,1.0,100.0,6.1792060642411,0.0,658.165148070055,657.578562312882,0.0,3517.98006631279,0.0,0.0,0.0
3327,1.0,94.9345998278889,0.0,12.6635004302777,594.272686787241,588.329959919369,0.0,4102.79204616584,5.06540017211108,0.0,0.0
3328,1.0,75.3149392199573,0.0,61.7126519501068,453.569359463996,449.033665869356,0.0,4547.72291998904,24.685060780042722,0.0,0.0
3329,2.0,51.4575037355391,0.0,121.356240661152,283.701117400903,280.864106226894,0.0,4824.03930329594,48.5424962644608,0.0,0.0
3330,2.0,24.8881621135688,0.0,187.779594716078,86.9292869764411,86.0599941066767,0.0,4905.27525809932,75.1118378864312,0.0,0.0
3331,2.0,0.0,0.0,0.0,0.0,0.0,250.0,4647.84473031597,100.0,0.0,0.0
3332,2.0,0.0,0.0,0.0,0.0,0.0,250.0,4390.6716330604,100.0,0.0,0.0
3333,2.0,0.0,0.0,0.0,0.0,0.0,250.0,4133.75570890209,100.0,0.0,0.0
3334,2.0,0.0,0.0,0.0,0.0,0.0,250.0,3877.09670066793,100.0,0.0,0.0
3335,2.0,0.0,0.0,0.0,0.0,0.0,250.0,3620.69435144201,100.0,0.0,0.0
3336,0.5,0.0,0.0,0.0,0.0,0.0,250.0,3364.54840456532,100.0,0.0,0.0
3337,0.5,0.0,0.0,0.0,0.0,0.0,250.0,3108.6586036355,100.0,0.0,0.0
3338,0.5,0.0,0.0,0.0,0.0,0.0,250.0,2853.02469250661,100.0,0.0,0.0
3339,0.5,0.0,0.0,0.0,0.0,0.0,250.0,2597.64641528885,100.0,0.0,0.0
3340,0.5,0.0,0.0,0.0,0.0,0.0,250.0,2342.52351634831,100.0,0.0,0.0
3341,1.0,0.0,0.0,0.0,0.0,0.0,250.0,2087.65574030671,100.0,0.0,0.0
3342,1.0,7.06645178666406,0.0,0.0,0.0,0.0,232.33387053334,1850.88740726,92.933548213336,0.0,0.0
3343,1.0,14.42306223094,0.0,89.2536889165324,0.0,0.0,124.688655506118,1723.08838297787,85.57693776906017,0.0,0.0
3344,1.0,24.0324202824314,0.0,0.0,0.0,0.0,189.918949293922,1529.52797207578,75.9675797175688,0.0,0.0
3345,1.0,7.48801084748076,0.0,0.0,0.0,0.0,231.279972881298,1294.38230988017,92.5119891525192,0.0,0.0
3346,1.0,76.5535924675247,0.0,58.6160188311883,177.141925332647,175.370506079321,0.0,1468.45843364961,23.44640753247532,0.0,0.0
3347,1.0,79.9552781835284,0.0,50.1118045411789,257.900107115195,255.321106044043,0.0,1722.31108126001,20.04472181647156,0.0,0.0
3348,1.0,100.0,5.58962012998198,0.0,683.91514071938,682.499038762295,0.0,2403.08780894104,0.0,0.0,0.0
3349,1.0,100.0,7.56328288609896,0.0,638.298070322514,639.252986675382,0.0,3039.93770780748,0.0,0.0,0.0
3350,1.0,100.0,1.20872615244672,0.0,571.442272449719,566.900555838325,0.0,3603.798325938,0.0,0.0,0.0
3351,1.0,94.7648166991402,0.0,13.0879582521495,609.447668238712,603.353191556325,0.0,4203.54771916839,5.2351833008598,0.0,0.0
3352,1.0,69.1758113798358,0.0,77.0604715504104,344.44880684882,341.004318780331,0.0,4540.34849022955,30.82418862016416,0.0,0.0
3353,2.0,47.4681174738397,0.0,131.329706315401,213.66541272856,211.528758601275,0.0,4747.3369003406,52.53188252616041,0.0,0.0
3354,2.0,19.1102413572738,0.0,0.0,0.0,0.0,202.224396606816,4538.32249616064,80.8897586427264,0.0,0.0
3355,2.0,0.0,0.0,0.0,0.0,0.0,250.0,4281.25892113923,100.0,0.0,0.0
3356,2.0,0.0,0.0,0.0,0.0,0.0,250.0,4024.45240969284,100.0,0.0,0.0
3357,2.0,0.0,0.0,0.0,0.0,0.0,250.0,3767.90270475789,100.0,0.0,0.0
3358,2.0,0.0,0.0,0.0,0.0,0.0,250.0,3511.60954952788,100.0,0.0,0.0
3359,2.0,0.0,0.0,0.0,0.0,0.0,250.0,3255.5726874531,100.0,0.0,0.0
3360,0.5,0.0,0.0,0.0,0.0,0.0,250.0,2999.79186224039,100.0,0.0,0.0
3361,0.5,0.0,0.0,0.0,0.0,0.0,250.0,2744.2668178529,100.0,0.0,0.0
3362,0.5,0.0,0.0,0.0,0.0,0.0,250.0,2488.9972985098,100.0,0.0,0.0
3363,0.5,0.0,0.0,0.0,0.0,0.0,250.0,2233.98304868603,100.0,0.0,0.0
3364,0.5,0.0,0.0,0.0,0.0,0.0,250.0,1979.2238131121,100.0,0.0,0.0
3365,1.0,0.0,0.0,0.0,0.0,0.0,250.0,1724.71933677373,100.0,0.0,0.0
3366,1.0,6.51752395153643,0.0,0.0,0.0,0.0,233.706190121159,1486.92775872872,93.48247604846361,0.0,0.0
3367,1.0,15.1054727480932,0.0,66.1343140959486,0.0,0.0,146.102004033818,1337.86304911765,84.89452725190664,0.0,0.0
3368,1.0,37.2685207416363,0.0,156.828698145909,251.560091802868,249.044490884839,0.0,1585.56967695337,62.7314792583636,0.0,0.0
3369,1.0,59.5105056554412,0.0,101.223735861397,314.479683569187,311.334886733495,0.0,1895.31899400991,40.48949434455881,0.0,0.0
3370,1.0,78.1159194081941,0.0,54.7102014795147,454.050319196608,449.509816004642,0.0,2342.93349102054,21.884080591805883,0.0,0.0
3371,1.0,92.0730582381447,0.0,19.8173544046384,536.299972066137,530.936972345476,0.0,2871.527529875,7.92694176185536,0.0,0.0
3372,1.0,100.0,1.04845222226024,0.0,590.772118275505,585.881605438787,0.0,3454.53760778391,0.0,0.0,0.0
3373,1.0,98.5145641991155,0.0,3.71358950221129,488.795410005123,483.907455905071,0.0,3934.9905260812,1.485435800884516,0.0,0.0
3374,1.0,89.9123055080432,0.0,25.2192362298921,381.348933318281,377.535443985098,0.0,4308.59097954021,10.08769449195684,0.0,0.0
3375,1.0,93.2082401608664,0.0,16.9793995978339,577.965118995152,572.185467805201,0.0,4876.46785636587,6.791759839133561,0.0,0.0
3376,1.0,60.4489734331829,0.0,98.8775664170428,197.653559404921,195.677023810872,0.0,5067.26841232038,39.55102656681712,0.0,0.0
3377,2.0,54.307091281018,0.0,114.232271797455,346.945757201271,343.476299629258,0.0,5405.67744353732,45.692908718982004,0.0,0.0
3378,2.0,25.390326839275,0.0,186.524182901813,100.735589804262,99.7282339062195,0.0,5500.0,74.6096731607252,0.0,0.0
3379,2.0,0.0,0.0,0.0,0.0,0.0,250.0,5241.97474747475,100.0,0.0,0.0
3380,2.0,0.0,0.0,0.0,0.0,0.0,250.0,4984.20752020202,100.0,0.0,0.0
3381,2.0,0.0,0.0,0.0,0.0,0.0,250.0,4726.69806015656,100.0,0.0,0.0
3382,2.0,0.0,0.0,0.0,0.0,0.0,250.0,4469.44610957116,100.0,0.0,0.0
3383,2.0,0.0,0.0,0.0,0.0,0.0,250.0,4212.45141093633,100.0,0.0,0.0
3384,0.5,0.0,0.0,0.0,0.0,0.0,250.0,3955.71370700014,100.0,0.0,0.0
3385,0.5,0.0,0.0,0.0,0.0,0.0,250.0,3699.23274076789,100.0,0.0,0.0
3386,0.5,0.0,0.0,0.0,0.0,0.0,188.071395470584,3505.56240149118,75.2285581882336,0.0,0.0
3387,0.5,0.0,0.0,0.0,0.0,0.0,0.0,3502.05683908969,0.0,0.0,0.0
3388,0.5,0.0,0.0,0.0,0.0,0.0,0.0,3498.5547822506,0.0,0.0,0.0
3389,1.0,0.0,0.0,0.0,0.0,0.0,250.0,3242.53097494309,100.0,0.0,0.0
3390,1.0,6.95748663893806,0.0,0.0,0.0,0.0,232.606283402655,3004.33260214729,93.042513361062,0.0,0.0
3391,1.0,14.6998533159361,0.0,81.2489964992894,0.0,0.0,132.00137021087,2867.99355216042,85.30014668406376,0.0,0.0
3392,1.0,37.0778548043968,0.0,157.305362989008,264.390779454906,261.746871660357,0.0,3126.87243026862,62.9221451956032,0.0,0.0
3393,1.0,59.5383233157145,0.0,101.154191710714,328.964143371981,325.674501938261,0.0,3449.42005977661,40.46167668428561,0.0,0.0
3394,1.0,78.2471661192365,0.0,54.3820847019088,471.05094428381,466.340434840972,0.0,3912.31107455781,21.75283388076352,0.0,0.0
3395,1.0,83.1535453214886,0.0,42.1161366962785,321.239260087169,318.026867486298,0.0,4226.42563096955,16.846454678511403,0.0,0.0
3396,1.0,98.781605768073,0.0,3.04598557981738,551.887746280349,546.368868817545,0.0,4768.56807415612,1.218394231926952,0.0,0.0
3397,1.0,83.6865478185543,0.0,40.7836304536142,245.625869854154,243.169611155612,0.0,5006.96911723758,16.31345218144568,0.0,0.0
3398,1.0,95.3832761026868,0.0,11.541809743283,503.068537252182,498.03785187966,0.0,5500.0,4.6167238973132,0.0,0.0
3399,1.0,56.5343915644817,0.0,0.0,0.0,0.0,108.664021088796,5384.73836253657,43.465608435518405,0.0,0.0
3400,1.0,42.1047516578892,0.0,0.0,0.0,0.0,144.738120855277,5233.153502098,57.895248342110804,0.0,0.0
3401,2.0,48.4482844504557,0.0,128.879288873861,133.346029163199,132.012568871567,0.0,5359.93291746747,51.5517155495444,0.0,0.0
3402,2.0,16.4835763790489,0.0,0.0,0.0,0.0,208.791059052378,5143.67292490113,83.5164236209512,0.0,0.0
3403,2.0,0.0,0.0,0.0,0.0,0.0,250.0,4886.00399945098,100.0,0.0,0.0
3404,2.0,0.0,0.0,0.0,0.0,0.0,250.0,4628.59274292627,100.0,0.0,0.0
3405,2.0,0.0,0.0,0.0,0.0,0.0,250.0,4371.4388976581,100.0,0.0,0.0
3406,2.0,0.0,0.0,0.0,0.0,0.0,250.0,4114.54220623519,100.0,0.0,0.0
3407,2.0,0.0,0.0,0.0,0.0,0.0,250.0,3857.9024115037,100.0,0.0,0.0
3408,0.5,0.0,0.0,0.0,0.0,0.0,0.0,3854.04450909219,0.0,0.0,0.0
3409,0.5,0.0,0.0,0.0,0.0,0.0,0.0,3850.1904645831,0.0,0.0,0.0
3410,0.5,0.0,0.0,0.0,0.0,0.0,0.0,3846.34027411852,0.0,0.0,0.0
3411,0.5,0.0,0.0,0.0,0.0,0.0,0.0,3842.4939338444,0.0,0.0,0.0
3412,0.5,0.0,0.0,0.0,0.0,0.0,0.0,3838.65143991056,0.0,0.0,0.0
3413,1.0,0.0,0.0,0.0,0.0,0.0,250.0,3582.28753594539,100.0,0.0,0.0
3414,1.0,0.89833591522214,0.0,0.0,0.0,0.0,247.754160211945,3328.44852092263,99.10166408477801,0.0,0.0
3415,1.0,11.1759275293018,0.0,0.0,0.0,0.0,222.060181176745,3100.81685909187,88.82407247069801,0.0,0.0
3416,1.0,31.542490444637,0.0,0.0,0.0,0.0,171.143773888408,2924.8435433556,68.4575095553632,0.0,0.0
3417,1.0,20.0092904677639,0.0,0.0,0.0,0.0,199.97677383059,2719.92195856922,79.990709532236,0.0,0.0
3418,1.0,16.3408808036926,0.0,0.0,0.0,0.0,209.147797990769,2505.94163459977,83.6591191963076,0.0,0.0
3419,1.0,13.5803719412322,0.0,0.0,0.0,0.0,216.049070146919,2285.20430897839,86.41962805876761,0.0,0.0
3420,1.0,8.86924289256632,0.0,0.0,0.0,0.0,227.826892768584,2052.79093015569,91.13075710743361,0.0,0.0
3421,1.0,36.7826358214782,0.0,0.0,0.0,0.0,158.043410446305,1891.09833069391,63.217364178522,0.0,0.0
3422,1.0,10.1373449508562,0.0,0.0,0.0,0.0,215.219292473273,1671.81400764274,86.0877169893092,0.0,0.0
3423,1.0,51.6116301750619,0.0,0.0,0.0,0.0,0.0,1670.1421936351,0.0,0.0,0.0
3424,1.0,38.1447242164359,0.0,0.0,0.0,0.0,0.0,1668.47205144146,0.0,0.0,0.0
3425,2.0,26.6289095646913,0.0,0.0,0.0,0.0,183.427726088272,1481.52304798772,73.3710904353088,0.0,0.0
3426,2.0,15.4056664699843,0.0,0.0,0.0,0.0,211.485833825039,1266.41947057101,84.5943335300156,0.0,0.0
3427,2.0,0.00139526983465654,0.0,0.0,0.0,0.0,249.996511825413,1012.63132198386,99.9986047301652,0.0,0.0
3428,2.0,0.0,0.0,0.0,0.0,0.0,250.0,759.093438136623,100.0,0.0,0.0
3429,2.0,0.0,0.0,0.0,0.0,0.0,250.0,505.809092173234,100.0,0.0,0.0
3430,2.0,0.0,0.0,0.0,0.0,0.0,250.0,252.778030555808,100.0,0.0,0.0
3431,2.0,0.0,0.0,0.0,0.0,0.0,250.0,0.0,100.0,0.0,0.0
3432,0.5,0.0,0.0,0.0,0.0,0.0,0.0,0.0,0.0,0.0,0.0
3433,0.5,0.0,0.0,0.0,0.0,0.0,0.0,0.0,0.0,0.0,0.0
3434,0.5,0.0,0.0,0.0,0.0,0.0,0.0,0.0,0.0,0.0,0.0
3435,0.5,0.0,0.0,0.0,0.0,0.0,0.0,0.0,0.0,0.0,0.0
3436,0.5,0.0,0.0,0.0,0.0,0.0,0.0,0.0,0.0,0.0,0.0
3437,1.0,0.0,0.0,0.0,0.0,0.0,0.0,0.0,0.0,0.0,0.0
3438,1.0,6.14684086828741,0.0,0.0,0.0,0.0,0.0,0.0,0.0,0.0,0.0
3439,1.0,15.5703633413591,0.0,0.0,0.0,0.0,0.0,0.0,0.0,0.0,0.0
3440,1.0,39.2593637130698,0.0,87.0767953229586,0.0,0.0,0.0,0.0,34.830718129183445,0.0,0.0
3441,1.0,57.6649627117621,0.0,105.837593220595,144.476070220202,143.031309518,0.0,143.031309518,42.335037288238,0.0,0.0
3442,1.0,41.6264665791345,0.0,0.0,0.0,0.0,0.0,142.888278208482,0.0,0.0,0.0
3443,1.0,74.7887421898297,0.0,0.0,0.0,0.0,0.0,142.745389930274,0.0,0.0,0.0
3444,1.0,59.3424774084967,0.0,0.0,0.0,0.0,0.0,142.602644540343,0.0,0.0,0.0
3445,1.0,91.8027585541468,0.0,20.4931036146329,110.454029477691,109.349489182914,0.0,251.809531078717,8.19724144585316,0.0,0.0
3446,1.0,94.5571831665166,0.0,13.6070420837085,406.395334481224,402.331381136411,0.0,653.889102684049,5.4428168334834,0.0,0.0
3447,1.0,88.8367946723328,0.0,1.52519559786094,466.099784025585,461.438786185329,0.0,1114.67399976669,0.610078239144376,0.0,0.0
3448,1.0,70.0143629848427,0.0,0.0,391.26272679385,387.350099525911,0.0,1500.90942529284,0.0,0.0,0.0
3449,2.0,54.623204679836,0.0,113.44198830041,315.20144591985,312.049431460652,0.0,1811.4579473282,45.37679532016401,0.0,0.0
3450,2.0,16.2525459097206,0.0,0.0,0.0,0.0,209.368635225699,1598.16301945592,83.7474540902796,0.0,0.0
3451,2.0,0.0,0.0,0.0,0.0,0.0,250.0,1344.03960391121,100.0,0.0,0.0
3452,2.0,0.0,0.0,0.0,0.0,0.0,250.0,1090.17031178205,100.0,0.0,0.0
3453,2.0,0.0,0.0,0.0,0.0,0.0,250.0,836.554888945015,100.0,0.0,0.0
3454,2.0,0.0,0.0,0.0,0.0,0.0,250.0,583.193081530818,100.0,0.0,0.0
3455,2.0,0.0,0.0,0.0,0.0,0.0,250.0,330.084635924034,100.0,0.0,0.0
3456,0.5,0.0,0.0,0.0,0.0,0.0,0.0,329.75455128811,0.0,0.0,0.0
3457,0.5,0.0,0.0,0.0,0.0,0.0,0.0,329.424796736822,0.0,0.0,0.0
3458,0.5,0.0,0.0,0.0,0.0,0.0,0.0,329.095371940085,0.0,0.0,0.0
3459,0.5,0.0,0.0,0.0,0.0,0.0,0.0,328.766276568145,0.0,0.0,0.0
3460,0.5,0.0,0.0,0.0,0.0,0.0,0.0,328.437510291577,0.0,0.0,0.0
3461,1.0,0.0,0.0,0.0,0.0,0.0,0.0,328.109072781286,0.0,0.0,0.0
3462,1.0,6.29175876362072,0.0,0.0,0.0,0.0,0.0,327.780963708504,0.0,0.0,0.0
3463,1.0,17.9811283123585,0.0,0.0,0.0,0.0,0.0,327.453182744796,0.0,0.0,0.0
3464,1.0,38.1177534748344,0.0,0.0,0.0,0.0,0.0,327.125729562051,0.0,0.0,0.0
3465,1.0,56.6890263847043,0.0,0.0,28.1075134687947,27.8264383341068,0.0,354.625042166596,0.0,0.0,0.0
3466,1.0,64.7078759958967,0.0,0.0,0.0,0.0,0.0,354.270417124429,0.0,0.0,0.0
3467,1.0,79.3227361363956,0.0,0.0,34.4442672699461,34.0998245972466,0.0,388.015971304551,0.0,0.0,0.0
3468,1.0,60.7951391625777,0.0,0.0,0.0,0.0,0.0,387.627955333247,0.0,0.0,0.0
3469,1.0,89.6607931325349,0.0,0.0,106.962343249201,105.892719816709,0.0,493.133047194622,0.0,0.0,0.0
3470,1.0,97.9364184906037,0.0,0.0,461.239729965269,456.627332665617,0.0,949.267246813044,0.0,0.0,0.0
3471,1.0,74.9796390869493,0.0,0.0,275.67782983436,272.921051536017,0.0,1221.23903110225,0.0,0.0,0.0
3472,1.0,71.7558209363847,0.0,0.0,419.458112095073,415.263530974122,0.0,1635.28132304527,0.0,0.0,0.0
3473,2.0,36.5498417134907,0.0,0.0,0.0,0.0,158.625395716273,1473.41836928154,63.45015828650921,0.0,0.0
3474,2.0,18.3167079736874,0.0,0.0,0.0,0.0,204.208230065781,1265.67401145188,81.68329202631242,0.0,0.0
3475,2.0,0.296301879200594,0.0,0.0,0.0,0.0,249.259245301999,1012.63132198386,99.7036981207996,0.0,0.0
3476,2.0,0.0,0.0,0.0,0.0,0.0,250.0,759.093438136623,100.0,0.0,0.0
3477,2.0,0.0,0.0,0.0,0.0,0.0,250.0,505.809092173234,100.0,0.0,0.0
3478,2.0,0.0,0.0,0.0,0.0,0.0,250.0,252.778030555808,100.0,0.0,0.0
3479,2.0,0.0,0.0,0.0,0.0,0.0,250.0,0.0,100.0,0.0,0.0
3480,0.5,0.0,0.0,0.0,0.0,0.0,0.0,0.0,0.0,0.0,0.0
3481,0.5,0.0,0.0,0.0,0.0,0.0,0.0,0.0,0.0,0.0,0.0
3482,0.5,0.0,0.0,0.0,0.0,0.0,0.0,0.0,0.0,0.0,0.0
3483,0.5,0.0,0.0,0.0,0.0,0.0,0.0,0.0,0.0,0.0,0.0
3484,0.5,0.0,0.0,0.0,0.0,0.0,0.0,0.0,0.0,0.0,0.0
3485,1.0,0.0,0.0,0.0,0.0,0.0,0.0,0.0,0.0,0.0,0.0
3486,1.0,5.33185652091401,0.0,0.0,0.0,0.0,0.0,0.0,0.0,0.0,0.0
3487,1.0,14.4235174096569,0.0,128.100099121083,0.0,0.0,0.0,0.0,51.240039648433196,0.0,0.0
3488,1.0,39.3494555032852,0.0,151.626361241787,0.0,0.0,0.0,0.0,60.65054449671481,0.0,332.033370765473
3489,1.0,65.7196392660814,0.0,85.7009018347966,0.0,0.0,0.0,0.0,34.28036073391864,0.0,477.607531711712
3490,1.0,86.4749841648013,0.0,33.8125395879966,0.0,0.0,0.0,0.0,13.525015835198642,0.0,601.010730907943
3491,1.0,100.0,0.0,0.0,0.0,0.0,0.0,0.0,0.0,2.38173439888793,674.811570765949
3492,1.0,100.0,0.0,0.0,245.950456445968,243.490951881509,0.0,243.490951881509,0.0,10.316536,464.342646417609
3493,1.0,100.0,0.0,0.0,698.681875775118,691.695057017367,0.0,934.942517946994,0.0,10.316536,0.0
3494,1.0,100.0,9.38251451161774,0.0,668.885277496517,671.299340300723,0.0,1605.30691572977,0.0,0.0,0.0
3495,1.0,97.2307349833495,0.0,6.92316254162627,602.118417693633,596.097233516696,0.0,2199.79884233074,2.769265016650508,0.0,0.0
3496,1.0,78.7210431980615,0.0,53.1973920048462,487.083849508097,482.213011013016,0.0,2679.81205450142,21.27895680193848,0.0,0.0
3497,2.0,55.3704786193644,0.0,111.573803451589,336.140162488897,332.778760864008,0.0,3009.91100331093,44.6295213806356,0.0,0.0
3498,2.0,27.557897093504,0.0,181.10525726624,119.995869829495,118.7959111312,0.0,3125.69700343882,72.442102906496,0.0,0.0
3499,2.0,0.386907934355512,0.0,0.0,0.0,0.0,249.032730164111,2871.0230941484,99.61309206564441,0.0,0.0
3500,2.0,0.0,0.0,0.0,0.0,0.0,250.0,2615.626818529,100.0,0.0,0.0
3501,2.0,0.0,0.0,0.0,0.0,0.0,250.0,2360.48593918522,100.0,0.0,0.0
3502,2.0,0.0,0.0,0.0,0.0,0.0,250.0,2105.60020072078,100.0,0.0,0.0
3503,2.0,0.0,0.0,0.0,0.0,0.0,250.0,1850.9693479948,100.0,0.0,0.0
3504,0.5,0.0,0.0,0.0,0.0,0.0,250.0,1596.59312612156,100.0,0.0,0.0
3505,0.5,0.0,0.0,0.0,0.0,0.0,250.0,1342.47128047018,100.0,0.0,0.0
3506,0.5,0.0,0.0,0.0,0.0,0.0,250.0,1088.60355666446,100.0,0.0,0.0
3507,0.5,0.0,0.0,0.0,0.0,0.0,250.0,834.989700582543,100.0,0.0,0.0
3508,0.5,0.0,0.0,0.0,0.0,0.0,250.0,581.629458356708,100.0,0.0,0.0
3509,1.0,0.0,0.0,0.0,0.0,0.0,250.0,328.522576373099,100.0,0.0,0.0
3510,1.0,5.39852667026376,0.0,0.0,0.0,0.0,236.503683324341,89.3014443781999,94.60147332973641,0.0,0.0
3511,1.0,14.5727806106015,0.0,125.248026969013,0.0,0.0,88.3200215044835,0.0,85.4272193893986,0.0,0.0
3512,1.0,39.1746338059891,0.0,152.063415485027,0.0,0.0,0.0,0.0,60.825366194010805,0.0,333.494562678988
3513,1.0,65.1531554400096,0.0,87.1171113999759,0.0,0.0,0.0,0.0,34.84684455999036,0.0,476.938867942467
3514,1.0,85.2661018495117,0.0,36.8347453762207,323.681155076709,320.444343525942,0.0,320.444343525942,14.733898150488281,0.0,276.014118495569
3515,1.0,100.0,0.0,0.0,676.651632652974,669.885116326444,0.0,990.00901550886,0.0,0.788349207458182,0.0
3516,1.0,100.0,8.43128820255838,0.0,663.74543218655,665.288013678807,0.0,1654.30702017216,0.0,0.0,0.0
3517,1.0,100.0,7.77384498757471,0.0,612.144769738774,613.565506448331,0.0,2266.21821960032,0.0,0.0,0.0
3518,1.0,100.0,2.67136575461824,0.0,571.401346618092,568.279092207042,0.0,2832.23109358776,0.0,0.0,0.0
3519,1.0,56.242325036733,0.0,0.0,0.0,0.0,109.394187408168,2718.899683294,43.7576749632672,0.0,0.0
3520,1.0,66.3424342698283,0.0,84.1439143254292,89.0701440325483,88.1794425922229,0.0,2804.36022620293,33.657565730171676,0.0,0.0
3521,2.0,49.0734249392205,0.0,127.316437651949,215.540278695782,213.384875908824,0.0,3014.94074188555,50.926575060779605,0.0,0.0
3522,2.0,26.7326705162706,0.0,183.168323709324,103.46890827187,102.434219189151,0.0,3114.36002033282,73.2673294837296,0.0,0.0
3523,2.0,0.797632879569173,0.0,0.0,0.0,0.0,248.005917801077,2860.73463223059,99.20236712043081,0.0,0.0
3524,2.0,0.0,0.0,0.0,0.0,0.0,250.0,2605.34864507311,100.0,0.0,0.0
3525,2.0,0.0,0.0,0.0,0.0,0.0,250.0,2350.21804390278,100.0,0.0,0.0
3526,2.0,0.0,0.0,0.0,0.0,0.0,250.0,2095.34257333362,100.0,0.0,0.0
3527,2.0,0.0,0.0,0.0,0.0,0.0,250.0,1840.72197823504,100.0,0.0,0.0
3528,0.5,0.0,0.0,0.0,0.0,0.0,250.0,1586.35600373155,100.0,0.0,0.0
3529,0.5,0.0,0.0,0.0,0.0,0.0,250.0,1332.24439520257,100.0,0.0,0.0
3530,0.5,0.0,0.0,0.0,0.0,0.0,250.0,1078.38689828211,100.0,0.0,0.0
3531,0.5,0.0,0.0,0.0,0.0,0.0,250.0,824.783258858577,100.0,0.0,0.0
3532,0.5,0.0,0.0,0.0,0.0,0.0,250.0,571.433223074465,100.0,0.0,0.0
3533,1.0,0.0,0.0,0.0,0.0,0.0,250.0,318.336537326139,100.0,0.0,0.0
3534,1.0,5.60838089712993,0.0,0.0,0.0,0.0,235.979047757175,79.6555262866152,94.39161910287001,0.0,0.0
3535,1.0,14.8343874261803,0.0,134.133919381824,0.0,0.0,78.7801120527253,0.0,85.16561257381973,0.0,0.0
3536,1.0,40.3160141353129,0.0,149.209964661718,0.0,0.0,0.0,0.0,59.6839858646872,0.0,333.61859286962
3537,1.0,67.2435329553629,0.0,81.8911676115927,0.0,0.0,0.0,0.0,32.756467044637084,0.0,486.194035747831
3538,1.0,88.1784297470912,0.0,29.553925632272,0.0,0.0,0.0,0.0,11.821570252908801,0.0,601.780854998024
3539,1.0,100.0,0.0,0.0,0.0,0.0,0.0,0.0,0.0,4.22921496226809,672.571768067018
3540,1.0,100.0,0.0,0.0,325.834819336559,322.576471143193,0.0,322.576471143193,0.0,10.316536,372.843592874136
3541,1.0,100.0,0.0,0.0,687.035846394842,680.165487930893,0.0,1002.41938260294,0.0,10.316536,0.0
3542,1.0,100.0,10.316536,0.0,668.476126843305,671.800468802072,0.0,1673.21743202241,0.0,0.0,0.0
3543,1.0,98.8330747261304,0.0,2.91731318467392,613.858267283511,607.719684610676,0.0,2279.26389920107,1.1669252738695681,0.0,0.0
3544,1.0,80.1035145539972,0.0,49.7412136150069,498.094785999055,493.113838139064,0.0,2770.09847344093,19.89648544600276,0.0,0.0
3545,2.0,56.691708419017,0.0,108.270728952458,351.73360195242,348.216265932896,0.0,3115.54464090038,43.3082915809832,0.0,0.0
3546,2.0,28.750476867699,0.0,178.123807830753,141.129750901068,139.718453392057,0.0,3252.14754965154,71.2495231323012,0.0,0.0
3547,2.0,0.990504305961358,0.0,0.0,0.0,0.0,247.523739235097,2998.87142307654,99.0094956940388,0.0,0.0
3548,2.0,0.0,0.0,0.0,0.0,0.0,250.0,2743.34729912821,100.0,0.0,0.0
3549,2.0,0.0,0.0,0.0,0.0,0.0,250.0,2488.07869930383,100.0,0.0,0.0
3550,2.0,0.0,0.0,0.0,0.0,0.0,250.0,2233.06536807927,100.0,0.0,0.0
3551,2.0,0.0,0.0,0.0,0.0,0.0,250.0,1978.30705018594,100.0,0.0,0.0
3552,0.5,0.0,0.0,0.0,0.0,0.0,250.0,1723.8034906105,100.0,0.0,0.0
3553,0.5,0.0,0.0,0.0,0.0,0.0,250.0,1469.55443459464,100.0,0.0,0.0
3554,0.5,0.0,0.0,0.0,0.0,0.0,250.0,1215.55962763479,100.0,0.0,0.0
3555,0.5,0.0,0.0,0.0,0.0,0.0,250.0,961.818815481905,100.0,0.0,0.0
3556,0.5,0.0,0.0,0.0,0.0,0.0,250.0,708.33174414117,100.0,0.0,0.0
3557,1.0,0.0,0.0,0.0,0.0,0.0,250.0,455.098159871777,100.0,0.0,0.0
3558,1.0,5.50003325779019,0.0,0.0,0.0,0.0,236.249916855525,216.00678205986,94.49996674221,0.0,0.0
3559,1.0,14.8587731900108,0.0,133.86868886872,0.0,0.0,78.984378156253,136.008575119969,85.1412268099892,0.0,0.0
3560,1.0,39.9089999217263,0.0,150.227500195684,331.786399219529,328.468535227333,0.0,464.341101772182,60.0910000782736,0.0,0.0
3561,1.0,66.3120116591832,0.0,84.2199708520419,483.05470337598,478.224156342221,0.0,942.100917012631,33.68798834081676,0.0,0.0
3562,1.0,86.4998613484627,0.0,33.7503466288432,608.382566812413,602.298741144289,0.0,1543.45755723991,13.500138651537279,0.0,0.0
3563,1.0,100.0,1.3068897703034,0.0,673.371106062995,667.905339457514,0.0,2209.81943914018,0.0,0.0,0.0
3564,1.0,100.0,9.83899768562394,0.0,690.678081471978,693.31709621185,0.0,2900.92671591289,0.0,0.0,0.0
3565,1.0,100.0,10.316536,0.0,689.314778145563,692.430733591308,0.0,3590.45652278829,0.0,0.0,0.0
3566,1.0,89.1738098953364,0.0,27.0654752616591,343.659068794499,340.222478106554,0.0,3927.08854437205,10.82619010466364,0.0,0.0
3567,1.0,99.200996832092,0.0,1.99750791977003,679.068748517646,672.278061032469,0.0,4595.43951686015,0.7990031679080121,0.0,0.0
3568,1.0,76.6131010000041,0.0,58.4672474999897,470.505076047076,465.800025286605,0.0,5056.64410262989,23.386898999995882,0.0,0.0
3569,2.0,54.9134795251652,0.0,112.716301187087,339.400200413282,336.006198409149,0.0,5387.59365693641,45.0865204748348,0.0,0.0
3570,2.0,27.5116243272231,0.0,181.220939181942,118.983774465175,117.793936720523,0.0,5500.0,72.4883756727768,0.0,0.0
3571,2.0,0.959367743049946,0.0,0.0,0.0,0.0,247.601580642375,5244.39739329053,99.04063225695,0.0,0.0
3572,2.0,0.0,0.0,0.0,0.0,0.0,250.0,4986.62774337199,100.0,0.0,0.0
3573,2.0,0.0,0.0,0.0,0.0,0.0,250.0,4729.11586310336,100.0,0.0,0.0
3574,2.0,0.0,0.0,0.0,0.0,0.0,250.0,4471.86149471501,100.0,0.0,0.0
3575,2.0,0.0,0.0,0.0,0.0,0.0,250.0,4214.86438069504,100.0,0.0,0.0
3576,0.5,0.0,0.0,0.0,0.0,0.0,250.0,3958.12426378909,100.0,0.0,0.0
3577,0.5,0.0,0.0,0.0,0.0,0.0,250.0,3701.64088700005,100.0,0.0,0.0
3578,0.5,0.0,0.0,0.0,0.0,0.0,250.0,3445.4139935878,100.0,0.0,0.0
3579,0.5,0.0,0.0,0.0,0.0,0.0,250.0,3189.44332706896,100.0,0.0,0.0
3580,0.5,0.0,0.0,0.0,0.0,0.0,250.0,2933.72863121663,100.0,0.0,0.0
3581,1.0,0.0,0.0,0.0,0.0,0.0,250.0,2678.26965006017,100.0,0.0,0.0
3582,1.0,5.3422872326733,0.0,0.0,0.0,0.0,236.644281918317,2436.55675220979,94.65771276732681,0.0,0.0
3583,1.0,17.0154189851815,0.0,59.3720424833987,0.0,0.0,148.089410053648,2284.53493277712,82.98458101481869,0.0,0.0
3584,1.0,38.3031179018343,0.0,154.242205245414,283.664920633111,280.82827142678,0.0,2563.07866927113,61.6968820981656,0.0,0.0
3585,1.0,52.6336769031333,0.0,0.0,0.0,0.0,118.415807742167,2440.90366358957,47.36632309686681,0.0,0.0
3586,1.0,52.3418089204287,0.0,0.0,0.0,0.0,119.145477698928,2318.11379255332,47.6581910795712,0.0,0.0
3587,1.0,95.1964077227796,0.0,12.0089806930511,485.408409188454,480.55432509657,0.0,2796.35000385734,4.8035922772204405,0.0,0.0
3588,1.0,100.0,1.97629646394769,0.0,620.644427390016,616.355385945438,0.0,3409.90903979892,0.0,0.0,0.0
3589,1.0,100.0,6.38943262384421,0.0,668.69533455637,668.20740874246,0.0,4074.70653950158,0.0,0.0,0.0
3590,1.0,59.3140743139049,0.0,0.0,0.0,0.0,101.714814215238,3967.88959638103,40.6859256860952,0.0,0.0
3591,1.0,85.2502306898363,0.0,36.8744232754092,203.887350824618,201.848477316372,0.0,4165.77018410102,14.74976931016368,0.0,0.0
3592,1.0,42.1401465596988,0.0,0.0,0.0,0.0,144.649633600753,4015.49367290606,57.8598534403012,0.0,0.0
3593,2.0,4.91241583152415,0.0,0.0,0.0,0.0,237.71896042119,3771.35801719154,95.087584168476,0.0,0.0
3594,2.0,2.32404968268507,0.0,0.0,0.0,0.0,244.189875793287,3520.93021897911,97.6759503173148,0.0,0.0
3595,2.0,0.0,0.0,0.0,0.0,0.0,250.0,3264.88403623488,100.0,0.0,0.0
3596,2.0,0.0,0.0,0.0,0.0,0.0,250.0,3009.09389967339,100.0,0.0,0.0
3597,2.0,0.0,0.0,0.0,0.0,0.0,250.0,2753.55955324847,100.0,0.0,0.0
3598,2.0,0.0,0.0,0.0,0.0,0.0,250.0,2498.28074116997,100.0,0.0,0.0
3599,2.0,0.0,0.0,0.0,0.0,0.0,250.0,2243.25720790354,100.0,0.0,0.0
3600,0.5,0.0,0.0,0.0,0.0,0.0,250.0,1988.48869817039,100.0,0.0,0.0
3601,0.5,0.0,0.0,0.0,0.0,0.0,250.0,1733.97495694696,100.0,0.0,0.0
3602,0.5,0.0,0.0,0.0,0.0,0.0,250.0,1479.71572946477,100.0,0.0,0.0
3603,0.5,0.0,0.0,0.0,0.0,0.0,250.0,1225.71076121005,100.0,0.0,0.0
3604,0.5,0.0,0.0,0.0,0.0,0.0,250.0,971.959797923586,100.0,0.0,0.0
3605,1.0,0.0,0.0,0.0,0.0,0.0,250.0,718.46258560041,100.0,0.0,0.0
3606,1.0,7.81690238990137,0.0,0.0,0.0,0.0,230.457744025247,484.958522989308,92.1830976100988,0.0,0.0
3607,1.0,16.4797810958406,0.0,0.0,0.0,0.0,208.800547260398,273.563920768946,83.52021890415921,0.0,0.0
3608,1.0,38.0203180404649,0.0,154.949204898838,96.2303088574521,95.2680057688776,0.0,368.558362617055,61.9796819595352,0.0,0.0
3609,1.0,57.8480163623738,0.0,105.379959094065,198.473757587205,196.489020011333,0.0,564.67882426577,42.151983637626,0.0,0.0
3610,1.0,81.7473833086653,0.0,45.6315417283368,543.627949430182,538.19166993588,0.0,1102.30581537738,18.25261669133472,0.0,0.0
3611,1.0,95.0737307695317,0.0,12.3156730761706,570.254687143635,564.552140272199,0.0,1665.75564983421,4.9262692304682405,0.0,0.0
3612,1.0,100.0,4.60080759357299,0.0,620.793025060714,619.048798337391,0.0,2283.13869252176,0.0,0.0,0.0
3613,1.0,100.0,9.28973037541465,0.0,675.649875245606,677.906272903377,0.0,2958.76182673262,0.0,0.0,0.0
3614,1.0,95.5419811178035,0.0,11.1450472054912,461.229786810678,456.617488942571,0.0,3412.42055384846,4.45801888219648,0.0,0.0
3615,1.0,59.1700263126567,0.0,0.0,0.0,0.0,102.074934218358,3305.90213913465,40.8299736873432,0.0,0.0
3616,1.0,42.7862669224514,0.0,0.0,0.0,0.0,143.034332693872,3158.11711306231,57.213733077548795,0.0,0.0
3617,2.0,4.65719861185041,0.0,0.0,0.0,0.0,238.357003470374,2914.19434597918,95.34280138814961,0.0,0.0
3618,2.0,9.29042419802458,0.0,0.0,0.0,0.0,226.773939504939,2682.21556627467,90.7095758019756,0.0,0.0
3619,2.0,0.0,0.0,0.0,0.0,0.0,250.0,2427.00809818315,100.0,0.0,0.0
3620,2.0,0.0,0.0,0.0,0.0,0.0,250.0,2172.05583755971,100.0,0.0,0.0
3621,2.0,0.0,0.0,0.0,0.0,0.0,250.0,1917.3585291969,100.0,0.0,0.0
3622,2.0,0.0,0.0,0.0,0.0,0.0,250.0,1662.91591814245,100.0,0.0,0.0
3623,2.0,0.0,0.0,0.0,0.0,0.0,250.0,1408.72774969905,100.0,0.0,0.0
3624,0.5,0.0,0.0,0.0,0.0,0.0,250.0,1154.7937694241,100.0,0.0,0.0
3625,0.5,0.0,0.0,0.0,0.0,0.0,250.0,901.113723129424,100.0,0.0,0.0
3626,0.5,0.0,0.0,0.0,0.0,0.0,250.0,647.687356881042,100.0,0.0,0.0
3627,0.5,0.0,0.0,0.0,0.0,0.0,67.9419282055146,578.411459215561,27.17677128220584,0.0,0.0
3628,0.5,0.0,0.0,0.0,0.0,0.0,0.0,577.833047756345,0.0,0.0,0.0
3629,1.0,0.0,0.0,0.0,0.0,0.0,250.0,324.729962183336,100.0,0.0,0.0
3630,1.0,5.6827874572482,0.0,0.0,0.0,0.0,235.793031356879,86.2304530727898,94.3172125427516,0.0,0.0
3631,1.0,14.7607821746386,0.0,127.815264169884,0.0,0.0,85.2827803935199,0.0,85.23921782536156,0.0,0.0
3632,1.0,38.4192067913656,0.0,153.951983021586,324.058149963196,320.817568463564,0.0,320.817568463564,61.5807932086344,0.0,0.0
3633,1.0,64.2277926391316,0.0,89.430518402171,482.882189056275,478.053367165712,0.0,798.550118060813,35.7722073608684,0.0,0.0
3634,1.0,83.8129740373915,0.0,40.4675649065212,594.811309005513,588.863195915457,0.0,1386.61476385821,16.18702596260848,0.0,0.0
3635,1.0,97.5984432024706,0.0,6.00389199382338,651.987109526035,645.467238430775,0.0,2030.69538752513,2.401556797529352,0.0,0.0
3636,1.0,98.4628896087605,0.0,3.84277597809884,514.492506093272,509.34758103234,0.0,2538.01227316994,1.537110391239536,0.0,0.0
3637,1.0,93.1570220791179,0.0,17.1074448022052,387.951065174624,384.071554522877,0.0,2919.54581541965,6.842977920882081,0.0,0.0
3638,1.0,92.7973080898893,0.0,18.0067297752769,443.223780158792,438.791542357204,0.0,3355.41781196143,7.20269191011076,0.0,0.0
3639,1.0,50.72465967258,0.0,0.0,0.0,0.0,123.18835081855,3227.62971655498,49.275340327420004,0.0,0.0
3640,1.0,69.6696452892843,0.0,75.8258867767892,133.790792846915,132.452884918446,0.0,3356.85497175687,30.33035471071568,0.0,0.0
3641,2.0,6.93084406636379,0.0,0.0,0.0,0.0,232.672889834091,3118.47499574057,93.06915593363641,0.0,0.0
3642,2.0,4.4294956309034,0.0,0.0,0.0,0.0,238.926260922741,2874.01686324711,95.5705043690964,0.0,0.0
3643,2.0,0.466877603775732,0.0,0.0,0.0,0.0,248.832805990561,2619.79657770653,99.53312239622441,0.0,0.0
3644,2.0,0.0,0.0,0.0,0.0,0.0,250.0,2364.65152860357,100.0,0.0,0.0
3645,2.0,0.0,0.0,0.0,0.0,0.0,250.0,2109.76162454972,100.0,0.0,0.0
3646,2.0,0.0,0.0,0.0,0.0,0.0,250.0,1855.12661039992,100.0,0.0,0.0
3647,2.0,0.0,0.0,0.0,0.0,0.0,250.0,1600.74623126426,100.0,0.0,0.0
3648,0.5,0.0,0.0,0.0,0.0,0.0,250.0,1346.62023250775,100.0,0.0,0.0
3649,0.5,0.0,0.0,0.0,0.0,0.0,250.0,1092.74835974999,100.0,0.0,0.0
3650,0.5,0.0,0.0,0.0,0.0,0.0,250.0,839.130358864984,100.0,0.0,0.0
3651,0.5,0.0,0.0,0.0,0.0,0.0,246.384417742583,589.418079271187,98.5537670970332,0.0,0.0
3652,0.5,0.0,0.0,0.0,0.0,0.0,0.0,588.828661191916,0.0,0.0,0.0
3653,1.0,0.0,0.0,0.0,0.0,0.0,250.0,335.714580005471,100.0,0.0,0.0
3654,1.0,5.79213236343525,0.0,0.0,0.0,0.0,235.519669091412,97.480209777575,94.2078676365648,0.0,0.0
3655,1.0,14.6461242691724,0.0,116.97578705495,0.0,0.0,96.4089022721194,0.0,85.35387573082777,0.0,0.0
3656,1.0,37.7700710660857,0.0,155.574822334786,314.67488328076,311.528134447953,0.0,311.528134447953,62.22992893391441,0.0,0.0
3657,1.0,62.2919642303315,0.0,94.2700894241713,478.48020996693,473.695407867261,0.0,784.912014180765,37.70803576966852,0.0,0.0
3658,1.0,79.8567114353565,0.0,50.3582214116086,576.908200538725,571.139118533337,0.0,1355.26622069992,20.14328856464344,0.0,0.0
3659,1.0,93.5156541141533,0.0,16.2108647146167,661.366472137012,654.752807415642,0.0,2008.66376189486,6.484345885846681,0.0,0.0
3660,1.0,100.0,3.18343300098067,0.0,685.806323719544,682.0368271799,0.0,2688.69192531287,0.0,0.0,0.0
3661,1.0,99.0729303455186,0.0,2.31767413620346,529.359349612847,524.065756116719,0.0,3210.06898950428,0.927069654481384,0.0,0.0
3662,1.0,75.3200053619795,0.0,61.6999865950513,171.999064367014,170.279073723343,0.0,3377.13799423811,24.67999463802052,0.0,0.0
3663,1.0,8.29522148936371,0.0,0.0,0.0,0.0,229.261946276591,3142.18313273217,91.7047785106364,0.0,0.0
3664,1.0,9.68479199340287,0.0,0.0,0.0,0.0,225.788020016493,2910.97224251207,90.3152080065972,0.0,0.0
3665,2.0,32.7626252057057,0.0,0.0,0.0,0.0,168.093436985736,2738.26991977892,67.2373747942944,0.0,0.0
3666,2.0,5.20319300041389,0.0,0.0,0.0,0.0,236.992017498965,2496.14577359756,94.79680699958601,0.0,0.0
3667,2.0,0.554273650026724,0.0,0.0,0.0,0.0,248.614315874933,2242.52405623312,99.4457263499732,0.0,0.0
3668,2.0,0.0,0.0,0.0,0.0,0.0,250.0,1987.75627965163,100.0,0.0,0.0
3669,2.0,0.0,0.0,0.0,0.0,0.0,250.0,1733.24327084673,100.0,0.0,0.0
3670,2.0,0.0,0.0,0.0,0.0,0.0,250.0,1478.98477505063,100.0,0.0,0.0
3671,2.0,0.0,0.0,0.0,0.0,0.0,250.0,1224.98053775032,100.0,0.0,0.0
3672,0.5,0.0,0.0,0.0,0.0,0.0,250.0,971.230304687322,100.0,0.0,0.0
3673,0.5,0.0,0.0,0.0,0.0,0.0,250.0,717.733821857382,100.0,0.0,0.0
3674,0.5,0.0,0.0,0.0,0.0,0.0,133.419751057142,582.24866272528,53.367900422856806,0.0,0.0
3675,0.5,0.0,0.0,0.0,0.0,0.0,0.0,581.666414062555,0.0,0.0,0.0
3676,0.5,0.0,0.0,0.0,0.0,0.0,0.0,581.084747648493,0.0,0.0,0.0
3677,1.0,0.0,0.0,0.0,0.0,0.0,250.0,327.978410375592,100.0,0.0,0.0
3678,1.0,5.94982798741328,0.0,0.0,0.0,0.0,235.125430031467,90.1499975899971,94.05017201258681,0.0,0.0
3679,1.0,14.4465979620186,0.0,124.72425597847,0.0,0.0,89.1592491164831,0.0,85.55340203798124,0.0,0.0
3680,1.0,37.5219450648076,0.0,156.195137337981,0.0,0.0,0.0,0.0,62.478054935192404,0.0,376.051969978806
3681,1.0,61.5903005770253,0.0,96.0242485574368,0.0,0.0,0.0,0.0,38.409699422974725,0.0,444.209777773306
3682,1.0,81.5106987787017,0.0,46.2232530532458,499.125898403987,494.134639419947,0.0,494.134639419947,18.48930122129832,0.0,85.0265301191824
3683,1.0,97.1272145297406,0.0,7.1819636756484,671.794263612092,665.076320975971,0.0,1158.7168257565,2.8727854702593603,0.0,0.0
3684,1.0,100.0,3.12282543573119,0.0,612.496512553421,609.401312665633,0.0,1766.95942159637,0.0,0.0,0.0
3685,1.0,91.7849260691758,0.0,20.5376848270605,350.934691792476,347.425344874551,0.0,2112.61780704933,8.2150739308242,0.0,0.0
3686,1.0,98.9687512729472,0.0,2.57812181763207,547.097849109975,541.626870618876,0.0,2652.13205986116,1.031248727052828,0.0,0.0
3687,1.0,62.0781770011573,0.0,0.0,0.0,0.0,94.8045574971067,2553.71774851129,37.92182299884268,0.0,0.0
3688,1.0,69.8675483137663,0.0,75.3311292155842,141.467808516834,140.053130431665,0.0,2691.21716119444,30.13245168623368,0.0,0.0
3689,2.0,52.5237842402709,0.0,118.690539399323,302.288792594116,299.265904668174,0.0,2987.79184870142,47.4762157597292,0.0,0.0
3690,2.0,27.5325722076284,0.0,181.168569480929,122.059601200648,120.839005188641,0.0,3105.64306204136,72.4674277923716,0.0,0.0
3691,2.0,3.23065602526911,0.0,0.0,0.0,0.0,241.923359936827,2858.1703887401,96.76934397473082,0.0,0.0
3692,2.0,0.0,0.0,0.0,0.0,0.0,250.0,2602.78696582611,100.0,0.0,0.0
3693,2.0,0.0,0.0,0.0,0.0,0.0,250.0,2347.65892633503,100.0,0.0,0.0
3694,2.0,0.0,0.0,0.0,0.0,0.0,250.0,2092.78601488344,100.0,0.0,0.0
3695,2.0,0.0,0.0,0.0,0.0,0.0,250.0,1838.16797634331,100.0,0.0,0.0
3696,0.5,0.0,0.0,0.0,0.0,0.0,250.0,1583.80455584171,100.0,0.0,0.0
3697,0.5,0.0,0.0,0.0,0.0,0.0,250.0,1329.69549876062,100.0,0.0,0.0
3698,0.5,0.0,0.0,0.0,0.0,0.0,250.0,1075.8405507366,100.0,0.0,0.0
3699,0.5,0.0,0.0,0.0,0.0,0.0,250.0,822.239457660613,100.0,0.0,0.0
3700,0.5,0.0,0.0,0.0,0.0,0.0,250.0,568.8919656777,100.0,0.0,0.0
3701,1.0,0.0,0.0,0.0,0.0,0.0,250.0,315.79782118677,100.0,0.0,0.0
3702,1.0,5.67096235240129,0.0,0.0,0.0,0.0,235.822594118997,77.2773828413435,94.3290376475988,0.0,0.0
3703,1.0,14.5842243771752,0.0,137.111334653145,0.0,0.0,76.4281044039172,0.0,85.4157756228249,0.0,0.0
3704,1.0,38.7482315698054,0.0,153.129421075486,0.0,0.0,0.0,0.0,61.2517684301944,0.0,316.294685755744
3705,1.0,63.787614506581,0.0,90.5309637335475,0.0,0.0,0.0,0.0,36.212385493419,0.0,473.613363542901
3706,1.0,83.4108083028987,0.0,41.4729792427532,0.0,0.0,0.0,0.0,16.58919169710128,0.0,575.041021089774
3707,1.0,98.3767177253998,0.0,4.05820568650054,0.0,0.0,0.0,0.0,1.623282274600216,0.0,653.165998487303
3708,1.0,100.0,0.0,0.0,196.161349725468,194.199736228213,0.0,194.199736228213,0.0,7.39144413525557,486.610108210348
3709,1.0,100.0,0.0,0.0,681.343908719678,674.530469632481,0.0,868.536006124466,0.0,9.68109009050237,0.0
3710,1.0,100.0,7.20479800399673,0.0,690.084625770871,690.173874536639,0.0,1557.84134465498,0.0,0.0,0.0
3711,1.0,95.6424114089777,0.0,10.8939714775559,626.322771618596,620.05954390241,0.0,2176.34304721274,4.35758859102236,0.0,0.0
3712,1.0,77.493849658212,0.0,56.2653758544699,497.541936491522,492.566517126607,0.0,2666.73322129213,22.50615034178796,0.0,0.0
3713,2.0,53.8748711306224,0.0,115.312822173444,321.88861159382,318.669725477882,0.0,2982.73621354872,46.125128869377605,0.0,0.0
3714,2.0,28.4946868143391,0.0,178.763282964152,137.004266370219,135.634223706516,0.0,3115.38770104169,71.50531318566081,0.0,0.0
3715,2.0,3.19711355609599,0.0,0.0,0.0,0.0,242.00721610976,2867.82057989644,96.80288644390401,0.0,0.0
3716,2.0,0.0,0.0,0.0,0.0,0.0,250.0,2612.42750679129,100.0,0.0,0.0
3717,2.0,0.0,0.0,0.0,0.0,0.0,250.0,2357.28982675925,100.0,0.0,0.0
3718,2.0,0.0,0.0,0.0,0.0,0.0,250.0,2102.40728440724,100.0,0.0,0.0
3719,2.0,0.0,0.0,0.0,0.0,0.0,250.0,1847.77962459758,100.0,0.0,0.0
3720,0.5,0.0,0.0,0.0,0.0,0.0,250.0,1593.40659244773,100.0,0.0,0.0
3721,0.5,0.0,0.0,0.0,0.0,0.0,250.0,1339.28793333003,100.0,0.0,0.0
3722,0.5,0.0,0.0,0.0,0.0,0.0,250.0,1085.42339287145,100.0,0.0,0.0
3723,0.5,0.0,0.0,0.0,0.0,0.0,250.0,831.812716953322,100.0,0.0,0.0
3724,0.5,0.0,0.0,0.0,0.0,0.0,250.0,578.455651711117,100.0,0.0,0.0
3725,1.0,0.0,0.0,0.0,0.0,0.0,250.0,325.351943534153,100.0,0.0,0.0
3726,1.0,5.76605145600039,0.0,0.0,0.0,0.0,235.584871359999,87.0620750653672,94.2339485439996,0.0,0.0
3727,1.0,15.0632748190973,0.0,126.236550091858,0.0,0.0,86.1052628603989,0.0,84.93672518090277,0.0,0.0
3728,1.0,38.4872192053697,0.0,153.781951986576,0.0,0.0,0.0,0.0,61.5127807946304,0.0,311.298405495424
3729,1.0,64.1449925728352,0.0,89.6375185679119,0.0,0.0,0.0,0.0,35.85500742716476,0.0,554.4813726636
3730,1.0,82.1750741425218,0.0,44.5623146436956,0.0,0.0,0.0,0.0,17.82492585747824,0.0,596.468683352495
3731,1.0,96.3298498606968,0.0,9.17537534825797,0.0,0.0,0.0,0.0,3.6701501393031886,0.0,663.477381356525
3732,1.0,100.0,0.0,0.0,160.455047415598,158.850496941442,0.0,158.850496941442,0.0,3.85448703155207,538.898553881479
3733,1.0,100.0,0.0,0.0,698.312960703283,691.32983109625,0.0,850.021477540751,0.0,4.294836780628,0.0
3734,1.0,100.0,1.70867649489348,0.0,716.992861298744,711.480690621102,0.0,1560.65214668431,0.0,0.0,0.0
3735,1.0,91.3310085305074,0.0,21.6724786737315,623.242190998343,617.00976908836,0.0,2176.10126362599,8.668991469492601,0.0,0.0
3736,1.0,75.4996710044041,0.0,61.2508224889898,500.078565007966,495.077779357886,0.0,2669.00294172025,24.500328995595922,0.0,0.0
3737,2.0,52.9124968584474,0.0,117.718757853882,319.213578758962,316.021442971372,0.0,2982.3553817499,47.0875031415528,0.0,0.0
3738,2.0,28.2631793409957,0.0,179.342051647511,138.50211527161,137.117094118893,0.0,3116.49012048704,71.73682065900441,0.0,0.0
3739,2.0,3.22249996083467,0.0,0.0,0.0,0.0,241.943750097913,2868.98600400503,96.7775000391652,0.0,0.0
3740,2.0,0.0,0.0,0.0,0.0,0.0,250.0,2613.59176547577,100.0,0.0,0.0
3741,2.0,0.0,0.0,0.0,0.0,0.0,250.0,2358.45292118504,100.0,0.0,0.0
3742,2.0,0.0,0.0,0.0,0.0,0.0,250.0,2103.5692157386,100.0,0.0,0.0
3743,2.0,0.0,0.0,0.0,0.0,0.0,250.0,1848.94039399761,100.0,0.0,0.0
3744,0.5,0.0,0.0,0.0,0.0,0.0,250.0,1594.56620107836,100.0,0.0,0.0
3745,0.5,0.0,0.0,0.0,0.0,0.0,250.0,1340.44638235203,100.0,0.0,0.0
3746,0.5,0.0,0.0,0.0,0.0,0.0,250.0,1086.58068344443,100.0,0.0,0.0
3747,0.5,0.0,0.0,0.0,0.0,0.0,250.0,832.968850235731,100.0,0.0,0.0
3748,0.5,0.0,0.0,0.0,0.0,0.0,250.0,579.610628860243,100.0,0.0,0.0
3749,1.0,0.0,0.0,0.0,0.0,0.0,250.0,326.50576570613,100.0,0.0,0.0
3750,1.0,6.10029942278932,0.0,0.0,0.0,0.0,234.749251443027,89.0588039373663,93.89970057721081,0.0,0.0
3751,1.0,14.6672177010575,0.0,125.251908065262,0.0,0.0,88.0800476820947,0.0,85.33278229894267,0.0,0.0
3752,1.0,37.6918507190892,0.0,155.770373202277,0.0,0.0,0.0,0.0,62.308149280910804,0.0,310.443846364778
3753,1.0,61.2991340030369,0.0,96.7521649924078,253.109108481599,250.578017396783,0.0,250.578017396783,38.700865996963124,0.0,220.176180846973
3754,1.0,80.5207218977918,0.0,48.6981952555206,582.841583356422,577.013167522858,0.0,827.340606902244,19.47927810220824,0.0,0.0
3755,1.0,95.0694039997951,0.0,12.3264900005121,659.392981065352,652.799051254698,0.0,1479.31231755004,4.93059600020484,0.0,0.0
3756,1.0,100.0,2.91289438273357,0.0,680.849793202964,676.867385401063,0.0,2154.70039063355,0.0,0.0,0.0
3757,1.0,100.0,1.44801213225361,0.0,621.768152179628,616.955332028544,0.0,2769.50102227146,0.0,0.0,0.0
3758,1.0,98.3318305104595,0.0,4.17042372385126,624.786954707589,618.539085160514,0.0,3385.27060640971,1.6681694895405041,0.0,0.0
3759,1.0,83.8323653754318,0.0,40.4190865614206,443.887670314398,439.448793611254,0.0,3821.33412941455,16.16763462456824,0.0,0.0
3760,1.0,29.774966832853,0.0,0.0,0.0,0.0,175.562582917867,3640.17685294386,70.2250331671468,0.0,0.0
3761,2.0,8.93986375328183,0.0,0.0,0.0,0.0,227.650340616795,3406.58683708405,91.060136246718,0.0,0.0
3762,2.0,4.85170326423374,0.0,0.0,0.0,0.0,237.870741839416,3162.90677364149,95.14829673576641,0.0,0.0
3763,2.0,0.0711231427119462,0.0,0.0,0.0,0.0,249.82219214322,2907.39821823834,99.928876857288,0.0,0.0
3764,2.0,0.0,0.0,0.0,0.0,0.0,250.0,2651.96556749484,100.0,0.0,0.0
3765,2.0,0.0,0.0,0.0,0.0,0.0,250.0,2396.7883494021,100.0,0.0,0.0
3766,2.0,0.0,0.0,0.0,0.0,0.0,250.0,2141.86630852744,100.0,0.0,0.0
3767,2.0,0.0,0.0,0.0,0.0,0.0,250.0,1887.19918969366,100.0,0.0,0.0
3768,0.5,0.0,0.0,0.0,0.0,0.0,250.0,1632.78673797872,100.0,0.0,0.0
3769,0.5,0.0,0.0,0.0,0.0,0.0,250.0,1378.62869871548,100.0,0.0,0.0
3770,0.5,0.0,0.0,0.0,0.0,0.0,250.0,1124.72481749152,100.0,0.0,0.0
3771,0.5,0.0,0.0,0.0,0.0,0.0,250.0,871.074840148773,100.0,0.0,0.0
3772,0.5,0.0,0.0,0.0,0.0,0.0,250.0,617.678512783371,100.0,0.0,0.0
3773,1.0,0.0,0.0,0.0,0.0,0.0,250.0,364.535581745335,100.0,0.0,0.0
3774,1.0,6.04428329657513,0.0,0.0,0.0,0.0,234.889291758562,126.909135296355,93.9557167034248,0.0,0.0
3775,1.0,14.4070928125611,0.0,136.604781182718,0.0,0.0,77.3774867858794,48.6231485995648,85.59290718743897,0.0,0.0
3776,1.0,38.0872415064646,0.0,154.781896233839,311.247340250085,308.134866847584,0.0,356.709392298549,61.912758493535605,0.0,0.0
3777,1.0,62.9999428561301,0.0,92.5001428596747,468.369241604241,463.685549188199,0.0,820.03823209445,37.00005714386988,0.0,0.0
3778,1.0,82.1646170443563,0.0,44.5884573891092,568.145458604846,562.464004018797,0.0,1381.68219788115,17.83538295564368,0.0,0.0
3779,1.0,96.9642483210557,0.0,7.5893791973607,646.071991954809,639.611272035261,0.0,2019.91178771853,3.03575167894428,0.0,0.0
3780,1.0,100.0,6.55262000092168,0.0,680.035937614183,679.592930162936,0.0,2697.48480609375,0.0,0.0,0.0
3781,1.0,100.0,5.22841292019535,0.0,609.563025154872,608.540001118497,0.0,3303.32732240615,0.0,0.0,0.0
3782,1.0,100.0,4.13726538286289,0.0,651.04689964792,648.550405525894,0.0,3948.57440060964,0.0,0.0,0.0
3783,1.0,94.0133171810274,0.0,14.9667070474315,603.29102708578,597.258116814923,0.0,4541.88394302395,5.9866828189726,0.0,0.0
3784,1.0,76.503706125604,0.0,58.7407346859899,483.411120969907,478.577009760208,0.0,5015.91906884114,23.49629387439596,0.0,0.0
3785,2.0,53.3352489063964,0.0,116.661877734009,311.078299561613,307.967516565997,0.0,5318.87066633829,46.6647510936036,0.0,0.0
3786,2.0,26.025994274178,0.0,184.935014314555,70.7890169532188,70.0811267836866,0.0,5383.63292245564,73.974005725822,0.0,0.0
3787,2.0,4.31971489282304,0.0,0.0,0.0,0.0,239.200712767942,5136.63240794941,95.68028510717681,0.0,0.0
3788,2.0,0.0,0.0,0.0,0.0,0.0,250.0,4878.9705230162,100.0,0.0,0.0
3789,2.0,0.0,0.0,0.0,0.0,0.0,250.0,4621.56629996793,100.0,0.0,0.0
3790,2.0,0.0,0.0,0.0,0.0,0.0,250.0,4364.41948114271,100.0,0.0,0.0
3791,2.0,0.0,0.0,0.0,0.0,0.0,250.0,4107.52980913632,100.0,0.0,0.0
3792,0.5,0.0,0.0,0.0,0.0,0.0,250.0,3850.89702680193,100.0,0.0,0.0
3793,0.5,0.0,0.0,0.0,0.0,0.0,250.0,3594.52087724987,100.0,0.0,0.0
3794,0.5,0.0,0.0,0.0,0.0,0.0,250.0,3338.40110384737,100.0,0.0,0.0
3795,0.5,0.0,0.0,0.0,0.0,0.0,250.0,3082.53745021827,100.0,0.0,0.0
3796,0.5,0.0,0.0,0.0,0.0,0.0,250.0,2826.9296602428,100.0,0.0,0.0
3797,1.0,0.0,0.0,0.0,0.0,0.0,250.0,2571.57747805731,100.0,0.0,0.0
3798,1.0,7.6255449577011,0.0,0.0,0.0,0.0,230.936137605747,2335.73707471486,92.3744550422988,0.0,0.0
3799,1.0,17.8995819278049,0.0,0.0,0.0,0.0,205.251045180488,2126.07704957904,82.10041807219521,0.0,0.0
3800,1.0,38.2376784301524,0.0,154.405803924619,342.295122557627,338.87217133205,0.0,2462.82314386151,61.7623215698476,0.0,0.0
3801,1.0,61.6736665902081,0.0,95.8158335244799,368.44477872456,364.760330937314,0.0,2825.12065165497,38.326333409791964,0.0,0.0
3802,1.0,70.4180911550702,0.0,73.9547721123244,198.861236965901,196.872624596242,0.0,3019.16815559956,29.581908844929764,0.0,0.0
3803,1.0,87.2089187024033,0.0,31.9777032439919,368.605141854959,364.919090436409,0.0,3381.06807788037,12.791081297596762,0.0,0.0
3804,1.0,99.4838425139807,0.0,1.29039371504831,513.338203114984,508.204821083835,0.0,3885.89183088632,0.516157486019324,0.0,0.0
3805,1.0,91.8506920463719,0.0,20.3732698840703,342.794862288649,339.366913665763,0.0,4221.3728527212,8.14930795362812,0.0,0.0
3806,1.0,93.0862769463994,0.0,17.2843076340014,431.621851557845,427.305633042267,0.0,4644.45711291074,6.9137230536005605,0.0,0.0
3807,1.0,65.4026917302789,0.0,86.4932706743027,112.557394745893,111.431820798434,0.0,4751.24447659627,34.59730826972108,0.0,0.0
3808,1.0,65.6680157073147,0.0,85.8299607317132,274.700309207293,271.95330611522,0.0,5018.44653823489,34.331984292685284,0.0,0.0
3809,2.0,48.0070337198494,0.0,129.982415700376,199.579955468567,197.584155913881,0.0,5211.01224761054,51.992966280150405,0.0,0.0
3810,2.0,31.4344205632784,0.0,171.413948591804,201.637544565219,199.621169119567,0.0,5405.42240448249,68.5655794367216,0.0,0.0
3811,2.0,3.80144881894055,0.0,0.0,0.0,0.0,240.496377952649,5157.09134778241,96.1985511810596,0.0,0.0
3812,2.0,0.0,0.0,0.0,0.0,0.0,250.0,4899.40900390937,100.0,0.0,0.0
3813,2.0,0.0,0.0,0.0,0.0,0.0,250.0,4641.98434238021,100.0,0.0,0.0
3814,2.0,0.0,0.0,0.0,0.0,0.0,250.0,4384.81710551257,100.0,0.0,0.0
3815,2.0,0.0,0.0,0.0,0.0,0.0,250.0,4127.90703588181,100.0,0.0,0.0
3816,0.5,0.0,0.0,0.0,0.0,0.0,250.0,3871.25387632068,100.0,0.0,0.0
3817,0.5,0.0,0.0,0.0,0.0,0.0,250.0,3614.8573699191,100.0,0.0,0.0
3818,0.5,0.0,0.0,0.0,0.0,0.0,250.0,3358.71726002393,100.0,0.0,0.0
3819,0.5,0.0,0.0,0.0,0.0,0.0,250.0,3102.83329023865,100.0,0.0,0.0
3820,0.5,0.0,0.0,0.0,0.0,0.0,250.0,2847.20520442316,100.0,0.0,0.0
3821,1.0,0.0,0.0,0.0,0.0,0.0,250.0,2591.83274669349,100.0,0.0,0.0
3822,1.0,7.18692393591012,0.0,0.0,0.0,0.0,232.032690160225,2354.8644592395,92.81307606409001,0.0,0.0
3823,1.0,14.5873335496195,0.0,121.207378399875,0.0,0.0,92.3242877260766,2259.25273849129,85.41266645038064,0.0,0.0
3824,1.0,37.6476526913754,0.0,155.880868271561,288.596122553401,285.710161327867,0.0,2542.70364708066,62.35234730862441,0.0,0.0
3825,1.0,62.4169190479507,0.0,93.9577023801233,454.074017866279,449.533277687617,0.0,2989.6942211212,37.58308095204932,0.0,0.0
3826,1.0,81.1073319596491,0.0,47.2316701008773,553.328054796483,547.794774248518,0.0,3534.4993011486,18.892668040350923,0.0,0.0
3827,1.0,95.2352980009341,0.0,11.9117549976649,629.697575758712,623.400600001125,0.0,4154.36540184857,4.76470199906596,0.0,0.0
3828,1.0,94.3700153697481,0.0,14.0749615756297,446.688310659893,442.221427553294,0.0,4592.43246400002,5.62998463025188,0.0,0.0
3829,1.0,78.4326533474935,0.0,53.9183666312663,159.583112060913,157.987280940304,0.0,4745.82731247632,21.567346652506522,0.0,0.0
3830,1.0,76.6625480091354,0.0,58.3436299771614,182.567819033856,180.742140843517,0.0,4921.82362600736,23.33745199086456,0.0,0.0
3831,1.0,76.0814570999585,0.0,59.7963572501036,276.152217401195,273.390695227183,0.0,5190.29249760854,23.91854290004144,0.0,0.0
3832,1.0,67.6857700654586,0.0,80.7855748363535,318.07858069603,314.89779488907,0.0,5500.0,32.3142299345414,0.0,0.0
3833,2.0,13.1546541275487,0.0,0.0,0.0,0.0,217.113364681128,5275.19357102916,86.8453458724512,0.0,0.0
3834,2.0,2.05725863629285,0.0,0.0,0.0,0.0,244.856853409268,5022.58822249928,97.94274136370721,0.0,0.0
3835,2.0,4.43369426786127,0.0,0.0,0.0,0.0,238.915764330347,4776.23657939764,95.5663057321388,0.0,0.0
3836,2.0,0.0,0.0,0.0,0.0,0.0,250.0,4518.93509029299,100.0,0.0,0.0
3837,2.0,0.0,0.0,0.0,0.0,0.0,250.0,4261.89090267744,100.0,0.0,0.0
3838,2.0,0.0,0.0,0.0,0.0,0.0,250.0,4005.10375924951,100.0,0.0,0.0
3839,2.0,0.0,0.0,0.0,0.0,0.0,250.0,3748.57340296501,100.0,0.0,0.0
3840,0.5,0.0,0.0,0.0,0.0,0.0,0.0,3744.82482956205,0.0,0.0,0.0
3841,0.5,0.0,0.0,0.0,0.0,0.0,0.0,3741.08000473248,0.0,0.0,0.0
3842,0.5,0.0,0.0,0.0,0.0,0.0,0.0,3737.33892472775,0.0,0.0,0.0
3843,0.5,0.0,0.0,0.0,0.0,0.0,0.0,3733.60158580302,0.0,0.0,0.0
3844,0.5,0.0,0.0,0.0,0.0,0.0,0.0,3729.86798421722,0.0,0.0,0.0
3845,1.0,0.0,0.0,0.0,0.0,0.0,0.0,3726.138116233,0.0,0.0,0.0
3846,1.0,7.88220037325631,0.0,0.0,0.0,0.0,0.0,3722.41197811677,0.0,0.0,0.0
3847,1.0,17.395341425783,0.0,6.43683138267095,0.0,0.0,0.0,3718.68956613865,2.57473255306838,0.0,0.0
3848,1.0,38.0632332117956,0.0,133.533161668728,201.235715331171,199.223358177859,0.0,3914.19423475037,53.413264667491205,0.0,0.0
3849,1.0,54.9038664814346,0.0,0.0,230.935698277075,228.626341294304,0.0,4138.90638180993,0.0,0.0,0.0
3850,1.0,44.1644467915113,0.0,0.0,0.0,0.0,0.0,4134.76747542812,0.0,0.0,0.0
3851,1.0,54.2236907586891,0.0,0.0,0.0,0.0,0.0,4130.63270795269,0.0,0.0,0.0
3852,1.0,100.0,4.09277652210325,0.0,511.766756379743,510.61990059769,0.0,4637.12197584243,0.0,0.0,0.0
3853,1.0,65.93458695379,0.0,0.0,0.0,0.0,0.0,4632.48485386659,0.0,0.0,0.0
3854,1.0,61.3895203894877,0.0,0.0,0.0,0.0,0.0,4627.85236901272,0.0,0.0,0.0
3855,1.0,76.6518619449558,0.0,0.0,240.038077644027,237.637696867587,0.0,4860.86221351129,0.0,0.0,0.0
3856,1.0,38.1266294356587,0.0,0.0,0.0,0.0,0.0,4856.00135129778,0.0,0.0,0.0
3857,2.0,37.7903070974995,0.0,0.0,0.0,0.0,155.524232256251,4694.05016584926,62.2096929025004,0.0,0.0
3858,2.0,18.9843582426317,0.0,0.0,0.0,0.0,202.539104393421,4484.77116175066,81.01564175736841,0.0,0.0
3859,2.0,0.860560413730243,0.0,0.0,0.0,0.0,247.848598965674,4229.93427042156,99.1394395862696,0.0,0.0
3860,2.0,0.0,0.0,0.0,0.0,0.0,250.0,3973.17908362589,100.0,0.0,0.0
3861,2.0,0.0,0.0,0.0,0.0,0.0,250.0,3716.68065201701,100.0,0.0,0.0
3862,2.0,0.0,0.0,0.0,0.0,0.0,250.0,3460.43871883974,100.0,0.0,0.0
3863,2.0,0.0,0.0,0.0,0.0,0.0,250.0,3204.45302759565,100.0,0.0,0.0
3864,0.5,0.0,0.0,0.0,0.0,0.0,0.0,3201.24857456805,0.0,0.0,0.0
3865,0.5,0.0,0.0,0.0,0.0,0.0,0.0,3198.04732599349,0.0,0.0,0.0
3866,0.5,0.0,0.0,0.0,0.0,0.0,0.0,3194.84927866749,0.0,0.0,0.0
3867,0.5,0.0,0.0,0.0,0.0,0.0,0.0,3191.65442938882,0.0,0.0,0.0
3868,0.5,0.0,0.0,0.0,0.0,0.0,0.0,3188.46277495944,0.0,0.0,0.0
3869,1.0,0.0,0.0,0.0,0.0,0.0,0.0,3185.27431218448,0.0,0.0,0.0
3870,1.0,6.34495749687993,0.0,0.0,0.0,0.0,0.0,3182.08903787229,0.0,0.0,0.0
3871,1.0,17.7058370921422,0.0,0.0,0.0,0.0,0.0,3178.90694883442,0.0,0.0,0.0
3872,1.0,28.2867080311188,0.0,0.0,0.0,0.0,0.0,3175.72804188558,0.0,0.0,0.0
3873,1.0,50.3263741056484,0.0,0.0,0.0,0.0,0.0,3172.5523138437,0.0,0.0,0.0
3874,1.0,75.7636479320221,0.0,0.0,319.2023345112,316.010311166088,0.0,3485.39007269594,0.0,0.0,0.0
3875,1.0,80.290342951115,0.0,0.0,262.597079350486,259.971108556981,0.0,3741.87579118023,0.0,0.0,0.0
3876,1.0,37.5977698094211,0.0,0.0,0.0,0.0,0.0,3738.13391538905,0.0,0.0,0.0
3877,1.0,71.8611454242046,0.0,0.0,0.0,0.0,0.0,3734.39578147366,0.0,0.0,0.0
3878,1.0,47.215761296158,0.0,0.0,0.0,0.0,0.0,3730.66138569218,0.0,0.0,0.0
3879,1.0,52.2109895435929,0.0,0.0,0.0,0.0,0.0,3726.93072430649,0.0,0.0,0.0
3880,1.0,83.3819754691332,0.0,0.0,490.883205946038,485.974373886577,0.0,4209.17816746876,0.0,0.0,0.0
3881,2.0,60.6295817270838,0.0,98.4260456822904,407.747914100212,403.670434959209,0.0,4608.6394242605,39.37041827291616,0.0,0.0
3882,2.0,18.7138519603882,0.0,0.0,0.0,0.0,203.215370099029,4398.76273423116,81.2861480396116,0.0,0.0
3883,2.0,3.85080078615981,0.0,0.0,0.0,0.0,240.3729980346,4151.56296338117,96.14919921384,0.0,0.0
3884,2.0,0.0,0.0,0.0,0.0,0.0,250.0,3894.88614789254,100.0,0.0,0.0
3885,2.0,0.0,0.0,0.0,0.0,0.0,250.0,3638.46600921939,100.0,0.0,0.0
3886,2.0,0.0,0.0,0.0,0.0,0.0,250.0,3382.30229068492,100.0,0.0,0.0
3887,2.0,0.0,0.0,0.0,0.0,0.0,250.0,3126.39473586899,100.0,0.0,0.0
3888,0.5,0.0,0.0,0.0,0.0,0.0,0.0,3123.26834113312,0.0,0.0,0.0
3889,0.5,0.0,0.0,0.0,0.0,0.0,0.0,3120.14507279198,0.0,0.0,0.0
3890,0.5,0.0,0.0,0.0,0.0,0.0,0.0,3117.02492771919,0.0,0.0,0.0
3891,0.5,0.0,0.0,0.0,0.0,0.0,0.0,3113.90790279147,0.0,0.0,0.0
3892,0.5,0.0,0.0,0.0,0.0,0.0,0.0,3110.79399488868,0.0,0.0,0.0
3893,1.0,0.0,0.0,0.0,0.0,0.0,0.0,3107.68320089379,0.0,0.0,0.0
3894,1.0,6.57939008080471,0.0,0.0,0.0,0.0,0.0,3104.5755176929,0.0,0.0,0.0
3895,1.0,12.5323946133154,0.0,0.0,0.0,0.0,0.0,3101.4709421752,0.0,0.0,0.0
3896,1.0,33.8517899001308,0.0,0.0,0.0,0.0,0.0,3098.36947123303,0.0,0.0,0.0
3897,1.0,48.2458449598839,0.0,0.0,0.0,0.0,0.0,3095.2711017618,0.0,0.0,0.0
3898,1.0,38.8757581860156,0.0,0.0,0.0,0.0,0.0,3092.17583066003,0.0,0.0,0.0
3899,1.0,14.4563192803068,0.0,0.0,0.0,0.0,0.0,3089.08365482937,0.0,0.0,0.0
3900,1.0,10.9040035829231,0.0,0.0,0.0,0.0,0.0,3085.99457117455,0.0,0.0,0.0
3901,1.0,36.5432897762021,0.0,0.0,0.0,0.0,0.0,3082.90857660337,0.0,0.0,0.0
3902,1.0,37.5721982790595,0.0,0.0,0.0,0.0,0.0,3079.82566802677,0.0,0.0,0.0
3903,1.0,72.711458355412,0.0,0.0,67.5354106358119,66.8600565294538,0.0,3143.60589888819,0.0,0.0,0.0
3904,1.0,23.0976666855705,0.0,0.0,0.0,0.0,0.0,3140.46229298931,0.0,0.0,0.0
3905,2.0,60.8286326743998,0.0,97.9284183140004,156.972674178661,155.402947436874,0.0,3292.72477813319,39.17136732560016,0.0,0.0
3906,2.0,30.9247154596009,0.0,172.688211350998,157.19745216039,155.625477638786,0.0,3445.05753099384,69.0752845403992,0.0,0.0
3907,2.0,1.10055410298746,0.0,0.0,0.0,0.0,247.248614742531,3191.86639796534,98.89944589701241,0.0,0.0
3908,2.0,0.0,0.0,0.0,0.0,0.0,250.0,2936.14927904213,100.0,0.0,0.0
3909,2.0,0.0,0.0,0.0,0.0,0.0,250.0,2680.68787723783,100.0,0.0,0.0
3910,2.0,0.0,0.0,0.0,0.0,0.0,250.0,2425.48193683534,100.0,0.0,0.0
3911,2.0,0.0,0.0,0.0,0.0,0.0,250.0,2170.53120237325,100.0,0.0,0.0
3912,0.5,0.0,0.0,0.0,0.0,0.0,0.0,2168.36067117088,0.0,0.0,0.0
3913,0.5,0.0,0.0,0.0,0.0,0.0,0.0,2166.19231049971,0.0,0.0,0.0
3914,0.5,0.0,0.0,0.0,0.0,0.0,0.0,2164.02611818921,0.0,0.0,0.0
3915,0.5,0.0,0.0,0.0,0.0,0.0,0.0,2161.86209207102,0.0,0.0,0.0
3916,0.5,0.0,0.0,0.0,0.0,0.0,0.0,2159.70022997895,0.0,0.0,0.0
3917,1.0,0.0,0.0,0.0,0.0,0.0,0.0,2157.54052974897,0.0,0.0,0.0
3918,1.0,6.05638077233924,0.0,0.0,0.0,0.0,0.0,2155.38298921922,0.0,0.0,0.0
3919,1.0,18.3915304301797,0.0,0.0,0.0,0.0,0.0,2153.22760623,0.0,0.0,0.0
3920,1.0,36.3134899167531,0.0,0.0,0.0,0.0,0.0,2151.07437862377,0.0,0.0,0.0
3921,1.0,40.7985677891343,0.0,0.0,0.0,0.0,0.0,2148.92330424515,0.0,0.0,0.0
3922,1.0,31.2483784945298,0.0,0.0,0.0,0.0,0.0,2146.7743809409,0.0,0.0,0.0
3923,1.0,95.8711921165142,0.0,0.0,254.628873288166,252.082584555285,0.0,2396.71019111525,0.0,0.0,0.0
3924,1.0,63.003972272518,0.0,0.0,0.0,0.0,0.0,2394.31348092413,0.0,0.0,0.0
3925,1.0,63.8206679209273,0.0,0.0,0.0,0.0,0.0,2391.91916744321,0.0,0.0,0.0
3926,1.0,60.477646695962,0.0,0.0,0.0,0.0,0.0,2389.52724827576,0.0,0.0,0.0
3927,1.0,53.7589757544657,0.0,0.0,0.0,0.0,0.0,2387.13772102749,0.0,0.0,0.0
3928,1.0,71.2290360390373,0.0,0.0,190.528282420168,188.622999595967,0.0,2573.37358290243,0.0,0.0,0.0
3929,2.0,57.693666017885,0.0,105.765834955288,339.056711434689,335.666144320342,0.0,2906.46635363987,42.306333982115206,0.0,0.0
3930,2.0,24.6342082554398,0.0,187.927287068885,0.0,0.0,0.487192292516045,2903.06777385944,75.36579174456043,0.0,0.0
3931,2.0,4.87553576643968,0.0,0.0,0.0,0.0,237.811160583901,2659.95141256649,95.1244642335604,0.0,0.0
3932,2.0,0.0,0.0,0.0,0.0,0.0,250.0,2404.76620862867,100.0,0.0,0.0
3933,2.0,0.0,0.0,0.0,0.0,0.0,250.0,2149.83618989479,100.0,0.0,0.0
3934,2.0,0.0,0.0,0.0,0.0,0.0,250.0,1895.16110117964,100.0,0.0,0.0
3935,2.0,0.0,0.0,0.0,0.0,0.0,250.0,1640.74068755321,100.0,0.0,0.0
3936,0.5,0.0,0.0,0.0,0.0,0.0,0.0,1639.09994686566,0.0,0.0,0.0
3937,0.5,0.0,0.0,0.0,0.0,0.0,0.0,1637.46084691879,0.0,0.0,0.0
3938,0.5,0.0,0.0,0.0,0.0,0.0,0.0,1635.82338607187,0.0,0.0,0.0
3939,0.5,0.0,0.0,0.0,0.0,0.0,0.0,1634.1875626858,0.0,0.0,0.0
3940,0.5,0.0,0.0,0.0,0.0,0.0,0.0,1632.55337512312,0.0,0.0,0.0
3941,1.0,0.0,0.0,0.0,0.0,0.0,0.0,1630.92082174799,0.0,0.0,0.0
3942,1.0,5.82360039238956,0.0,0.0,0.0,0.0,0.0,1629.28990092625,0.0,0.0,0.0
3943,1.0,17.6668819671967,0.0,0.0,22.6547659838233,22.4282183239851,0.0,1650.0888293493,0.0,0.0,0.0
3944,1.0,39.4049610138214,0.0,0.0,305.750166456736,302.692664792169,0.0,1951.13140531212,0.0,0.0,0.0
3945,1.0,61.3190101473425,0.0,0.0,356.43670835398,352.87234127044,0.0,2302.05261517725,0.0,0.0,0.0
3946,1.0,68.4599166833744,0.0,0.0,198.645133942568,196.658682603142,0.0,2496.40924516522,0.0,0.0,0.0
3947,1.0,57.313534520091,0.0,0.0,0.0,0.0,0.0,2493.91283592005,0.0,0.0,0.0
3948,1.0,45.2982707099078,0.0,0.0,0.0,0.0,0.0,2491.41892308413,0.0,0.0,0.0
3949,1.0,29.528118495225,0.0,0.0,0.0,0.0,0.0,2488.92750416105,0.0,0.0,0.0
3950,1.0,67.6041605852395,0.0,0.0,0.0,0.0,0.0,2486.43857665689,0.0,0.0,0.0
3951,1.0,59.5635596643684,0.0,0.0,0.0,0.0,0.0,2483.95213808023,0.0,0.0,0.0
3952,1.0,33.2292334014588,0.0,0.0,0.0,0.0,0.0,2481.46818594215,0.0,0.0,0.0
3953,2.0,16.1889227503661,0.0,0.0,0.0,0.0,209.527693124085,2267.34258328744,83.81107724963401,0.0,0.0
3954,2.0,23.2183291202089,0.0,0.0,0.0,0.0,191.954177199478,2071.18213242185,76.7816708797912,0.0,0.0
3955,2.0,5.31572452041729,0.0,0.0,0.0,0.0,236.710688698957,1830.0092445329,94.68427547958281,0.0,0.0
3956,2.0,0.0,0.0,0.0,0.0,0.0,250.0,1575.65398276312,100.0,0.0,0.0
3957,2.0,0.0,0.0,0.0,0.0,0.0,250.0,1321.5530762551,100.0,0.0,0.0
3958,2.0,0.0,0.0,0.0,0.0,0.0,250.0,1067.7062706536,100.0,0.0,0.0
3959,2.0,0.0,0.0,0.0,0.0,0.0,250.0,814.113311857689,100.0,0.0,0.0
3960,0.5,0.0,0.0,0.0,0.0,0.0,0.0,813.299198545832,0.0,0.0,0.0
3961,0.5,0.0,0.0,0.0,0.0,0.0,0.0,812.485899347286,0.0,0.0,0.0
3962,0.5,0.0,0.0,0.0,0.0,0.0,0.0,811.673413447939,0.0,0.0,0.0
3963,0.5,0.0,0.0,0.0,0.0,0.0,0.0,810.861740034491,0.0,0.0,0.0
3964,0.5,0.0,0.0,0.0,0.0,0.0,0.0,810.050878294456,0.0,0.0,0.0
3965,1.0,0.0,0.0,0.0,0.0,0.0,0.0,809.240827416162,0.0,0.0,0.0
3966,1.0,5.83534305043379,0.0,0.0,0.0,0.0,0.0,808.431586588746,0.0,0.0,0.0
3967,1.0,16.4554615750595,0.0,0.0,83.0039586068935,82.1739190208245,0.0,889.797074022981,0.0,0.0,0.0
3968,1.0,37.2429851168377,0.0,0.0,0.0,0.0,0.0,888.907276948958,0.0,0.0,0.0
3969,1.0,23.1263913019435,0.0,0.0,0.0,0.0,0.0,888.018369672009,0.0,0.0,0.0
3970,1.0,84.7233598965165,0.0,0.0,285.037879512329,282.187500717205,0.0,1169.31785201954,0.0,0.0,0.0
3971,1.0,90.1858308119857,0.0,0.0,391.779099315055,387.861308321905,0.0,1556.00984248943,0.0,0.0,0.0
3972,1.0,41.6425905311386,0.0,0.0,0.0,0.0,0.0,1554.45383264694,0.0,0.0,0.0
3973,1.0,13.0398654829071,0.0,0.0,0.0,0.0,0.0,1552.89937881429,0.0,0.0,0.0
3974,1.0,15.5985668361923,0.0,0.0,0.0,0.0,0.0,1551.34647943548,0.0,0.0,0.0
3975,1.0,13.9905124883713,0.0,0.0,0.0,0.0,0.0,1549.79513295604,0.0,0.0,0.0
3976,1.0,17.8996557773393,0.0,0.0,0.0,0.0,0.0,1548.24533782309,0.0,0.0,0.0
3977,2.0,44.8126633087146,0.0,50.6480664884228,0.0,0.0,87.3202752397907,1458.49479426325,55.187336691285395,0.0,0.0
3978,2.0,19.9011764988231,0.0,0.0,0.0,0.0,200.247058752942,1254.76654315289,80.09882350117681,0.0,0.0
3979,2.0,4.61133996815439,0.0,0.0,0.0,0.0,238.471650079614,1012.63132198386,95.3886600318456,0.0,0.0
3980,2.0,0.0,0.0,0.0,0.0,0.0,250.0,759.093438136623,100.0,0.0,0.0
3981,2.0,0.0,0.0,0.0,0.0,0.0,250.0,505.809092173234,100.0,0.0,0.0
3982,2.0,0.0,0.0,0.0,0.0,0.0,250.0,252.778030555808,100.0,0.0,0.0
3983,2.0,0.0,0.0,0.0,0.0,0.0,250.0,0.0,100.0,0.0,0.0
3984,0.5,0.0,0.0,0.0,0.0,0.0,0.0,0.0,0.0,0.0,0.0
3985,0.5,0.0,0.0,0.0,0.0,0.0,0.0,0.0,0.0,0.0,0.0
3986,0.5,0.0,0.0,0.0,0.0,0.0,0.0,0.0,0.0,0.0,0.0
3987,0.5,0.0,0.0,0.0,0.0,0.0,0.0,0.0,0.0,0.0,0.0
3988,0.5,0.0,0.0,0.0,0.0,0.0,0.0,0.0,0.0,0.0,0.0
3989,1.0,0.0,0.0,0.0,0.0,0.0,0.0,0.0,0.0,0.0,0.0
3990,1.0,6.25572265516674,0.0,0.0,0.0,0.0,0.0,0.0,0.0,0.0,0.0
3991,1.0,16.1117597149671,0.0,91.738868278155,0.0,0.0,0.0,0.0,36.695547311262,0.0,0.0
3992,1.0,38.5615837981877,0.0,153.596040504531,0.0,0.0,0.0,0.0,61.4384162018124,0.0,365.716121767178
3993,1.0,64.4003177424359,0.0,88.9992056439101,0.0,0.0,0.0,0.0,35.59968225756404,0.0,465.797364607341
3994,1.0,76.9685905211893,0.0,57.5785236970268,0.0,0.0,0.0,0.0,23.031409478810723,0.0,316.233457147681
3995,1.0,95.1001730233381,0.0,12.2495674416547,501.675872771753,496.659114044035,0.0,496.659114044035,4.89982697666188,0.0,0.0
3996,1.0,100.0,1.03933254300372,0.0,497.222854242635,493.25898613343,0.0,989.421441063421,0.0,0.468110122917726,0.0
3997,1.0,100.0,0.41131472672167,0.0,444.292398443875,440.248532007301,0.0,1428.68055162966,0.0,0.0,0.0
3998,1.0,91.3263773721696,0.0,21.6840565695761,343.856782733677,340.41821490634,0.0,1767.67008598437,8.67362262783044,0.0,0.0
3999,1.0,92.686930871801,0.0,18.2826728204975,503.04892702524,498.018437754988,0.0,2263.92085365337,7.313069128199,0.0,0.0
4000,1.0,75.1800379899361,0.0,62.0499050251599,400.668538393626,396.66185300969,0.0,2658.31878580941,24.81996201006396,0.0,0.0
4001,2.0,54.2018436325549,0.0,114.495390918613,279.917952827345,277.118773299072,0.0,2932.77924032267,45.7981563674452,0.0,0.0
4002,2.0,31.1852781094683,0.0,172.036804726329,156.857700640128,155.289123633727,0.0,3085.13558471608,68.8147218905316,0.0,0.0
4003,2.0,4.94660759535369,0.0,0.0,0.0,0.0,237.633481011616,2842.01662992771,95.0533924046464,0.0,0.0
4004,2.0,0.0,0.0,0.0,0.0,0.0,250.0,2586.64936077253,100.0,0.0,0.0
4005,2.0,0.0,0.0,0.0,0.0,0.0,250.0,2331.5374588865,100.0,0.0,0.0
4006,2.0,0.0,0.0,0.0,0.0,0.0,250.0,2076.68066890236,100.0,0.0,0.0
4007,2.0,0.0,0.0,0.0,0.0,0.0,250.0,1822.07873570821,100.0,0.0,0.0
4008,0.5,0.0,0.0,0.0,0.0,0.0,250.0,1567.73140444725,100.0,0.0,0.0
4009,0.5,0.0,0.0,0.0,0.0,0.0,250.0,1313.63842051755,100.0,0.0,0.0
4010,0.5,0.0,0.0,0.0,0.0,0.0,250.0,1059.79952957178,100.0,0.0,0.0
4011,0.5,0.0,0.0,0.0,0.0,0.0,250.0,806.214477516952,100.0,0.0,0.0
4012,0.5,0.0,0.0,0.0,0.0,0.0,250.0,552.883010514183,100.0,0.0,0.0
4013,1.0,0.0,0.0,0.0,0.0,0.0,250.0,299.804874978416,100.0,0.0,0.0
4014,1.0,5.92715010782791,0.0,0.0,0.0,0.0,235.18212473043,61.9473683555286,94.072849892172,0.0,0.0
4015,1.0,14.6712874608305,0.0,152.055214570622,0.0,0.0,61.2665667773013,0.0,85.32871253916933,0.0,0.0
4016,1.0,37.9149207373109,0.0,155.212698156723,0.0,0.0,0.0,0.0,62.085079262689206,0.0,337.040991284218
4017,1.0,63.7993198919084,0.0,90.5017002702291,0.0,0.0,0.0,0.0,36.20068010809164,0.0,497.999754998483
4018,1.0,83.572423087655,0.0,41.0689422808626,0.0,0.0,0.0,0.0,16.427576912345042,0.0,594.263406530924
4019,1.0,97.9425260417232,0.0,5.14368489569211,0.0,0.0,0.0,0.0,2.057473958276844,0.0,644.176192418901
4020,1.0,100.0,0.0,0.0,156.881000355806,155.312190352248,0.0,155.312190352248,0.0,4.08679762420965,438.402892617669
4021,1.0,100.0,0.0,0.0,630.990528058389,624.680622777805,0.0,779.837500939701,0.0,8.00946082636695,0.0
4022,1.0,100.0,6.54777141166046,0.0,648.313956443536,648.183464702693,0.0,1427.24112814145,0.0,0.0,0.0
4023,1.0,96.4335312001244,0.0,8.91617199968895,598.90599141024,592.916931496138,0.0,2018.73081850945,3.5664687998755804,0.0,0.0
4024,1.0,78.2569338728853,0.0,54.3576653177867,476.877108544554,472.108337459108,0.0,2488.82042515005,21.74306612711468,0.0,0.0
4025,2.0,60.2314094387415,0.0,99.4214764031464,411.908031521008,407.788951205798,0.0,2894.1205559307,39.76859056125856,0.0,0.0
4026,2.0,32.9983965323663,0.0,167.504008669084,206.336981642967,204.273611826537,0.0,3095.5000472013,67.0016034676336,0.0,0.0
4027,2.0,4.64526618305091,0.0,0.0,0.0,0.0,238.386834542373,2851.60976478807,95.3547338169492,0.0,0.0
4028,2.0,0.0,0.0,0.0,0.0,0.0,250.0,2596.23290249803,100.0,0.0,0.0
4029,2.0,0.0,0.0,0.0,0.0,0.0,250.0,2341.11141707028,100.0,0.0,0.0
4030,2.0,0.0,0.0,0.0,0.0,0.0,250.0,2086.24505312796,100.0,0.0,0.0
4031,2.0,0.0,0.0,0.0,0.0,0.0,250.0,1831.63355554957,100.0,0.0,0.0
4032,0.5,0.0,0.0,0.0,0.0,0.0,250.0,1577.27666946877,100.0,0.0,0.0
4033,0.5,0.0,0.0,0.0,0.0,0.0,250.0,1323.17414027405,100.0,0.0,0.0
4034,0.5,0.0,0.0,0.0,0.0,0.0,250.0,1069.32571360852,100.0,0.0,0.0
4035,0.5,0.0,0.0,0.0,0.0,0.0,250.0,815.731135369663,100.0,0.0,0.0
4036,0.5,0.0,0.0,0.0,0.0,0.0,250.0,562.390151709041,100.0,0.0,0.0
4037,1.0,0.0,0.0,0.0,0.0,0.0,250.0,309.30250903208,100.0,0.0,0.0
4038,1.0,5.90336629290597,0.0,0.0,0.0,0.0,235.241584267735,71.3754446364465,94.096633707094,0.0,0.0
4039,1.0,13.9191466278192,0.0,144.61110493056,0.0,0.0,70.591028499892,0.0,86.08085337218081,0.0,0.0
4040,1.0,37.3693882297176,0.0,156.576529425706,0.0,0.0,0.0,0.0,62.63061177028241,0.0,328.230253657015
4041,1.0,62.1685526758442,0.0,94.5786183103896,0.0,0.0,0.0,0.0,37.83144732415584,0.0,476.440639579217
4042,1.0,80.874293872561,0.0,47.8142653185975,0.0,0.0,0.0,0.0,19.125706127439,0.0,586.614605043646
4043,1.0,94.0883977128219,0.0,14.7790057179453,339.97722671735,336.577454450177,0.0,336.577454450177,5.91160228717812,0.0,294.012639455035
4044,1.0,100.0,0.690255080408562,0.0,594.648124884456,589.371329114624,0.0,925.612206110351,0.0,0.0,0.0
4045,1.0,94.3267053804645,0.0,14.1832365488388,410.9626933699,406.853066436201,0.0,1331.53966034044,5.67329461953552,0.0,0.0
4046,1.0,99.6433282564213,0.0,0.891679358946718,566.135842545619,560.474484120163,0.0,1890.68260480026,0.35667174357868725,0.0,0.0
4047,1.0,78.0628419510716,0.0,54.8428951223209,295.153967026091,292.20242735583,0.0,2180.99434955129,21.93715804892836,0.0,0.0
4048,1.0,76.7721458032179,0.0,58.0696354919554,472.177088781251,467.455317893439,0.0,2646.26867309518,23.22785419678216,0.0,0.0
4049,2.0,55.4882588619532,0.0,111.279352845117,335.545715753521,332.190258595986,0.0,2975.81266301807,44.5117411380468,0.0,0.0
4050,2.0,29.0356767730149,0.0,177.410808067463,119.628669310266,118.432382617163,0.0,3091.26923297222,70.9643232269852,0.0,0.0
4051,2.0,4.8852649414628,0.0,0.0,0.0,0.0,237.786837646343,2847.98923884395,95.1147350585372,0.0,0.0
4052,2.0,0.0,0.0,0.0,0.0,0.0,250.0,2592.61599707985,100.0,0.0,0.0
4053,2.0,0.0,0.0,0.0,0.0,0.0,250.0,2337.49812855752,100.0,0.0,0.0
4054,2.0,0.0,0.0,0.0,0.0,0.0,250.0,2082.63537790371,100.0,0.0,0.0
4055,2.0,0.0,0.0,0.0,0.0,0.0,250.0,1828.02749000055,100.0,0.0,0.0
4056,0.5,0.0,0.0,0.0,0.0,0.0,250.0,1573.6742099853,100.0,0.0,0.0
4057,0.5,0.0,0.0,0.0,0.0,0.0,250.0,1319.57528325006,100.0,0.0,0.0
4058,0.5,0.0,0.0,0.0,0.0,0.0,250.0,1065.73045544156,100.0,0.0,0.0
4059,0.5,0.0,0.0,0.0,0.0,0.0,250.0,812.139472460866,100.0,0.0,0.0
4060,0.5,0.0,0.0,0.0,0.0,0.0,250.0,558.802080463152,100.0,0.0,0.0
4061,1.0,0.0,0.0,0.0,0.0,0.0,250.0,305.718025857436,100.0,0.0,0.0
4062,1.0,5.90800293408775,0.0,0.0,0.0,0.0,235.229992664781,67.8062546348309,94.09199706591241,0.0,0.0
4063,1.0,13.7987127573392,0.0,148.442154210258,0.0,0.0,67.0610638963941,0.0,86.20128724266084,0.0,0.0
4064,1.0,37.1550947647891,0.0,157.112263088027,0.0,0.0,0.0,0.0,62.8449052352108,0.0,331.296799166094
4065,1.0,62.2127009091157,0.0,94.4682477272109,0.0,0.0,0.0,0.0,37.78729909088436,0.0,490.113132263983
4066,1.0,81.6008229717359,0.0,45.9979425706603,0.0,0.0,0.0,0.0,18.39917702826412,0.0,593.734218051925
4067,1.0,96.9599739235162,0.0,7.60006519120946,0.0,0.0,0.0,0.0,3.040026076483784,0.0,663.28109824095
4068,1.0,100.0,0.0,0.0,64.9148678512992,64.2657191727862,0.0,64.2657191727862,0.0,7.43568081170621,652.679611259301
4069,1.0,100.0,0.0,0.0,698.63523390774,691.648881568663,0.0,755.850335022277,0.0,9.5266576625047,0.0
4070,1.0,100.0,8.31231038060814,0.0,716.857463083105,717.75349198354,0.0,1472.84797667079,0.0,0.0,0.0
4071,1.0,96.2186494939692,0.0,9.45337626507712,636.594297870464,630.228354891759,0.0,2101.60348358588,3.781350506030848,0.0,0.0
4072,1.0,79.1205102762556,0.0,52.198724309361,518.988085750918,513.798204893408,0.0,2613.30008499571,20.8794897237444,0.0,0.0
4073,2.0,55.6587399675527,0.0,110.853150081118,341.766225989126,338.348563729235,0.0,2949.03534863994,44.3412600324472,0.0,0.0
4074,2.0,30.9071401645109,0.0,172.732149588723,166.097820894823,164.436842685875,0.0,3110.52315597718,69.0928598354892,0.0,0.0
4075,2.0,5.03601519263528,0.0,0.0,0.0,0.0,237.409962018412,2867.60459037836,94.9639848073648,0.0,0.0
4076,2.0,0.0,0.0,0.0,0.0,0.0,250.0,2612.21173326273,100.0,0.0,0.0
4077,2.0,0.0,0.0,0.0,0.0,0.0,250.0,2357.07426900421,100.0,0.0,0.0
4078,2.0,0.0,0.0,0.0,0.0,0.0,250.0,2102.19194220996,100.0,0.0,0.0
4079,2.0,0.0,0.0,0.0,0.0,0.0,250.0,1847.56449774249,100.0,0.0,0.0
4080,0.5,0.0,0.0,0.0,0.0,0.0,250.0,1593.1916807195,100.0,0.0,0.0
4081,0.5,0.0,0.0,0.0,0.0,0.0,250.0,1339.07323651353,100.0,0.0,0.0
4082,0.5,0.0,0.0,0.0,0.0,0.0,250.0,1085.20891075176,100.0,0.0,0.0
4083,0.5,0.0,0.0,0.0,0.0,0.0,250.0,831.598449315757,100.0,0.0,0.0
4084,0.5,0.0,0.0,0.0,0.0,0.0,250.0,578.241598341189,100.0,0.0,0.0
4085,1.0,0.0,0.0,0.0,0.0,0.0,250.0,325.138104217596,100.0,0.0,0.0
4086,1.0,5.97937007635655,0.0,0.0,0.0,0.0,235.051574809109,87.3871329728641,94.02062992364361,0.0,0.0
4087,1.0,14.0668282397849,0.0,128.406181019045,0.0,0.0,86.4267483814924,0.0,85.93317176021498,0.0,0.0
4088,1.0,36.9530725363184,0.0,157.617318659204,0.0,0.0,0.0,0.0,63.0469274636816,0.0,304.767588662108
4089,1.0,61.0038429797429,0.0,97.4903925506427,0.0,0.0,0.0,0.0,38.99615702025708,0.0,449.423126138054
4090,1.0,79.1927164476027,0.0,52.0182088809932,0.0,0.0,0.0,0.0,20.80728355239728,0.0,546.985663350562
4091,1.0,94.1606226027482,0.0,14.5984434931296,0.0,0.0,0.0,0.0,5.839377397251841,0.0,637.65293218782
4092,1.0,100.0,0.0,0.0,287.95241606631,285.072891905647,0.0,285.072891905647,0.0,3.198841860755,381.902612586908
4093,1.0,100.0,0.0,0.0,658.729827109345,652.142528838252,0.0,936.930347851993,0.0,5.30345536507991,0.0
4094,1.0,100.0,0.0,0.0,688.760756896745,681.873149327778,0.0,1617.86656683192,0.0,4.0639664905908,0.0
4095,1.0,92.9689477522174,0.0,17.5776306194566,611.500641371592,605.385634957877,0.0,2221.63433522296,7.03105224778264,0.0,0.0
4096,1.0,75.4206260297846,0.0,61.4484349255385,474.472575688094,469.727849931213,0.0,2689.14055081895,24.5793739702154,0.0,0.0
4097,2.0,53.3064885601459,0.0,116.733778599635,307.924110537771,304.844869432393,0.0,2991.29627970053,46.69351143985401,0.0,0.0
4098,2.0,29.2659812273805,0.0,176.835046931549,132.962760884496,131.633133275651,0.0,3119.93811669648,70.73401877261959,0.0,0.0
4099,2.0,4.54428673230597,0.0,0.0,0.0,0.0,238.639283169235,2875.76839760076,95.45571326769401,0.0,0.0
4100,2.0,0.0,0.0,0.0,0.0,0.0,250.0,2620.3673766779,100.0,0.0,0.0
4101,2.0,0.0,0.0,0.0,0.0,0.0,250.0,2365.22175677597,100.0,0.0,0.0
4102,2.0,0.0,0.0,0.0,0.0,0.0,250.0,2110.33128249394,100.0,0.0,0.0
4103,2.0,0.0,0.0,0.0,0.0,0.0,250.0,1855.6956986862,100.0,0.0,0.0
4104,0.5,0.0,0.0,0.0,0.0,0.0,250.0,1601.31475046226,100.0,0.0,0.0
4105,0.5,0.0,0.0,0.0,0.0,0.0,250.0,1347.18818318654,100.0,0.0,0.0
4106,0.5,0.0,0.0,0.0,0.0,0.0,250.0,1093.3157424781,100.0,0.0,0.0
4107,0.5,0.0,0.0,0.0,0.0,0.0,250.0,839.697174210373,100.0,0.0,0.0
4108,0.5,0.0,0.0,0.0,0.0,0.0,250.0,586.33222451091,100.0,0.0,0.0
4109,1.0,0.0,0.0,0.0,0.0,0.0,250.0,333.220639761146,100.0,0.0,0.0
4110,1.0,5.95103271780023,0.0,0.0,0.0,0.0,235.122418205499,95.3900269946181,94.04896728219961,0.0,0.0
4111,1.0,13.9924203296813,0.0,120.67725857785,0.0,0.0,94.3416905979472,0.0,86.00757967031889,0.0,0.0
4112,1.0,36.4977853646437,0.0,158.755536588391,181.622506593762,179.806281527824,0.0,179.806281527824,63.50221463535641,0.0,123.16965294197
4113,1.0,61.3705136752682,0.0,96.5737158118296,469.179852242148,464.488053719727,0.0,644.114528966023,38.62948632473184,0.0,0.0
4114,1.0,80.6440931924014,0.0,48.3897670189965,580.160684055692,574.359077215135,0.0,1217.82949165219,19.3559068075986,0.0,0.0
4115,1.0,94.8359895915169,0.0,12.9100260212077,648.569446901128,642.083752432116,0.0,1858.69541459266,5.1640104084830805,0.0,0.0
4116,1.0,100.0,2.43724694038964,0.0,680.159002327711,675.722029286,0.0,2532.55874846406,0.0,0.0,0.0
4117,1.0,92.6696052648213,0.0,18.3259868379468,413.6251010589,409.488850048311,0.0,2939.51503976391,7.330394735178721,0.0,0.0
4118,1.0,94.6990562431134,0.0,13.2523593922165,519.527827730294,514.332549452991,0.0,3450.90807417714,5.3009437568866,0.0,0.0
4119,1.0,54.7496547013657,0.0,0.0,0.0,0.0,113.125863246586,3333.18861736904,45.2503452986344,0.0,0.0
4120,1.0,51.4054800328216,0.0,0.0,0.0,0.0,121.486299917946,3207.14199449111,48.5945199671784,0.0,0.0
4121,2.0,46.2311841436831,0.0,134.422039640792,163.9812366085,162.341424242415,0.0,3366.27627673904,53.768815856316806,0.0,0.0
4122,2.0,15.7165273848903,0.0,0.0,0.0,0.0,210.708681537774,3150.07294840394,84.2834726151096,0.0,0.0
4123,2.0,4.6788077698935,0.0,0.0,0.0,0.0,238.302980575266,2906.21279406638,95.3211922301064,0.0,0.0
4124,2.0,0.0,0.0,0.0,0.0,0.0,250.0,2650.78132874706,100.0,0.0,0.0
4125,2.0,0.0,0.0,0.0,0.0,0.0,250.0,2395.60529489306,100.0,0.0,0.0
4126,2.0,0.0,0.0,0.0,0.0,0.0,250.0,2140.68443707292,100.0,0.0,0.0
4127,2.0,0.0,0.0,0.0,0.0,0.0,250.0,1886.01850011059,100.0,0.0,0.0
4128,0.5,0.0,0.0,0.0,0.0,0.0,250.0,1631.60722908523,100.0,0.0,0.0
4129,0.5,0.0,0.0,0.0,0.0,0.0,250.0,1377.45036933089,100.0,0.0,0.0
4130,0.5,0.0,0.0,0.0,0.0,0.0,250.0,1123.54766643631,100.0,0.0,0.0
4131,0.5,0.0,0.0,0.0,0.0,0.0,250.0,869.898866244617,100.0,0.0,0.0
4132,0.5,0.0,0.0,0.0,0.0,0.0,250.0,616.50371485312,100.0,0.0,0.0
4133,1.0,0.0,0.0,0.0,0.0,0.0,250.0,363.361958613014,100.0,0.0,0.0
4134,1.0,6.19908959393525,0.0,0.0,0.0,0.0,234.502276015162,126.1276107805,93.80091040606482,0.0,0.0
4135,1.0,14.9610630057214,0.0,87.8558741476743,0.0,0.0,124.741468338022,0.0,85.03893699427852,0.0,0.0
4136,1.0,36.557591806541,0.0,158.606020483647,0.0,0.0,0.0,0.0,63.4424081934588,0.0,309.407681804012
4137,1.0,61.4481630215878,0.0,96.3795924460305,0.0,0.0,0.0,0.0,38.551836978412204,0.0,466.501861947126
4138,1.0,80.9167271060572,0.0,47.7081822348571,0.0,0.0,0.0,0.0,19.08327289394284,0.0,577.356977610196
4139,1.0,75.719510795581,0.0,60.7012230110474,0.0,0.0,0.0,0.0,24.28048920441896,0.0,173.185857008547
4140,1.0,97.354556224694,0.0,6.61360943826491,415.670180504255,411.513478699212,0.0,411.513478699212,2.645443775305964,0.0,78.5843069441798
4141,1.0,100.0,0.0,0.0,692.328611828439,685.405325710154,0.0,1096.50729093067,0.0,9.36625158052129,0.0
4142,1.0,99.5987986721671,0.0,1.00300331958227,547.725423268756,542.248169036068,0.0,1637.65895267581,0.4012013278329081,0.0,0.0
4143,1.0,94.09393379191,0.0,14.765165520225,582.039121315231,576.218730102079,0.0,2212.24002382521,5.90606620809,0.0,0.0
4144,1.0,77.6665774046832,0.0,55.833556488292,483.551594940004,478.716078990604,0.0,2688.74386279199,22.3334225953168,0.0,0.0
4145,2.0,54.3167438146809,0.0,114.208140463298,305.178008397823,302.126228313845,0.0,2988.18134724304,45.6832561853192,0.0,0.0
4146,2.0,29.504836168629,0.0,176.237909578427,126.574109154963,125.308368063413,0.0,3110.50153395921,70.4951638313708,0.0,0.0
4147,2.0,5.10262476827923,0.0,0.0,0.0,0.0,237.243438079302,2867.75119598151,94.8973752317208,0.0,0.0
4148,2.0,0.0,0.0,0.0,0.0,0.0,250.0,2612.35819226028,100.0,0.0,0.0
4149,2.0,0.0,0.0,0.0,0.0,0.0,250.0,2357.22058154277,100.0,0.0,0.0
4150,2.0,0.0,0.0,0.0,0.0,0.0,250.0,2102.33810843597,100.0,0.0,0.0
4151,2.0,0.0,0.0,0.0,0.0,0.0,250.0,1847.71051780228,100.0,0.0,0.0
4152,0.5,0.0,0.0,0.0,0.0,0.0,250.0,1593.33755475923,100.0,0.0,0.0
4153,0.5,0.0,0.0,0.0,0.0,0.0,250.0,1339.21896467922,100.0,0.0,0.0
4154,0.5,0.0,0.0,0.0,0.0,0.0,250.0,1085.35449318928,100.0,0.0,0.0
4155,0.5,0.0,0.0,0.0,0.0,0.0,250.0,831.743886170842,100.0,0.0,0.0
4156,0.5,0.0,0.0,0.0,0.0,0.0,250.0,578.386889759418,100.0,0.0,0.0
4157,1.0,0.0,0.0,0.0,0.0,0.0,250.0,325.283250344406,100.0,0.0,0.0
4158,1.0,5.87936814514721,0.0,0.0,0.0,0.0,235.301579637132,87.2796038242315,94.1206318548528,0.0,0.0
4159,1.0,13.8670676233419,0.0,129.011929963442,0.0,0.0,86.3204009782032,0.0,86.13293237665808,0.0,0.0
4160,1.0,37.0800623667356,0.0,157.299844083161,0.0,0.0,0.0,0.0,62.9199376332644,0.0,312.288901274946
4161,1.0,62.4216991938219,0.0,93.9457520154453,0.0,0.0,0.0,0.0,37.57830080617812,0.0,470.183882911035
4162,1.0,81.7280273098173,0.0,45.6799317254567,0.0,0.0,0.0,0.0,18.27197269018268,0.0,550.009710967983
4163,1.0,96.5174721328057,0.0,8.7063196679858,0.0,0.0,0.0,0.0,3.4825278671943205,0.0,617.049619800986
4164,1.0,100.0,0.0,0.0,294.823848616031,291.87561012987,0.0,291.87561012987,0.0,6.82009306477595,371.908177648777
4165,1.0,100.0,0.0,0.0,642.555984233849,636.130424391511,0.0,927.714158911252,0.0,8.81903921961381,0.0
4166,1.0,100.0,7.80411286466997,0.0,674.679399222168,675.504155531249,0.0,1602.29060028359,0.0,0.0,0.0
4167,1.0,95.0995053778405,0.0,12.2512365553988,573.193878060266,567.461939279663,0.0,2168.15024896297,4.9004946221595205,0.0,0.0
4168,1.0,78.5965479700304,0.0,53.508630074924,477.699016822306,472.922026654083,0.0,2638.90412536809,21.4034520299696,0.0,0.0
4169,2.0,55.9356802943812,0.0,110.160799264047,320.064569416565,316.8639237224,0.0,2953.12914496512,44.0643197056188,0.0,0.0
4170,2.0,31.2461919768841,0.0,171.88452005779,155.772805382504,154.215077328679,0.0,3104.39109314883,68.75380802311601,0.0,0.0
4171,2.0,5.92445794995019,0.0,0.0,0.0,0.0,235.188855125124,2863.7222019293,94.0755420500496,0.0,0.0
4172,2.0,0.0,0.0,0.0,0.0,0.0,250.0,2608.33322720212,100.0,0.0,0.0
4173,2.0,0.0,0.0,0.0,0.0,0.0,250.0,2353.19964144966,100.0,0.0,0.0
4174,2.0,0.0,0.0,0.0,0.0,0.0,250.0,2098.32118928296,100.0,0.0,0.0
4175,2.0,0.0,0.0,0.0,0.0,0.0,250.0,1843.69761556842,100.0,0.0,0.0
4176,0.5,0.0,0.0,0.0,0.0,0.0,250.0,1589.3286654276,100.0,0.0,0.0
4177,0.5,0.0,0.0,0.0,0.0,0.0,250.0,1335.21408423692,100.0,0.0,0.0
4178,0.5,0.0,0.0,0.0,0.0,0.0,250.0,1081.35361762743,100.0,0.0,0.0
4179,0.5,0.0,0.0,0.0,0.0,0.0,250.0,827.747011484553,100.0,0.0,0.0
4180,0.5,0.0,0.0,0.0,0.0,0.0,250.0,574.394011947816,100.0,0.0,0.0
4181,1.0,0.0,0.0,0.0,0.0,0.0,250.0,321.294365410615,100.0,0.0,0.0
4182,1.0,5.8937199698823,0.0,0.0,0.0,0.0,235.265700075294,83.3309497570287,94.1062800301176,0.0,0.0
4183,1.0,13.7928434969909,0.0,133.102748638324,0.0,0.0,82.415142619199,0.0,86.2071565030092,0.0,0.0
4184,1.0,36.8722648436576,0.0,157.819337890856,0.0,0.0,0.0,0.0,63.127735156342396,0.0,319.350102816288
4185,1.0,61.7177024183553,0.0,95.7057439541118,430.933180732165,426.623848924843,0.0,426.623848924843,38.28229758164472,0.0,38.3594307114654
4186,1.0,80.6465062614983,0.0,48.3837343462541,570.872995884576,565.164265925731,0.0,991.361491001649,19.35349373850164,0.0,0.0
4187,1.0,91.500478145463,0.0,21.2488046363424,538.092838148946,532.711909767457,0.0,1523.0820392781,8.49952185453696,0.0,0.0
4188,1.0,91.5769397270712,0.0,21.057650682322,395.827728019423,391.869450739229,0.0,1913.42840797806,8.423060272928799,0.0,0.0
4189,1.0,100.0,5.59527139319039,0.0,658.598043581483,657.440595451341,0.0,2568.95557502142,0.0,0.0,0.0
4190,1.0,87.6451110381661,0.0,30.8872224045847,347.2508123333,343.778304209967,0.0,2910.16492365636,12.35488896183388,0.0,0.0
4191,1.0,58.9575330668114,0.0,0.0,0.0,0.0,102.606167332972,2803.61216546708,41.042466933188805,0.0,0.0
4192,1.0,55.8528304810809,0.0,35.5879540100205,0.0,0.0,74.7799697872771,2725.27323028416,44.14716951891904,0.0,0.0
4193,2.0,51.2894683487576,0.0,121.776329128106,247.305171071662,244.832119360946,0.0,2967.38007641482,48.710531651242405,0.0,0.0
4194,2.0,30.4664980338908,0.0,173.833754915273,151.904338048834,150.385294668345,0.0,3114.79799100675,69.5335019661092,0.0,0.0
4195,2.0,3.28502362563029,0.0,0.0,0.0,0.0,241.787440935924,2867.45345469663,96.7149763743696,0.0,0.0
4196,2.0,0.0,0.0,0.0,0.0,0.0,250.0,2612.06074871668,100.0,0.0,0.0
4197,2.0,0.0,0.0,0.0,0.0,0.0,250.0,2356.92343544271,100.0,0.0,0.0
4198,2.0,0.0,0.0,0.0,0.0,0.0,250.0,2102.04125948202,100.0,0.0,0.0
4199,2.0,0.0,0.0,0.0,0.0,0.0,250.0,1847.41396569728,100.0,0.0,0.0
4200,0.5,0.0,0.0,0.0,0.0,0.0,250.0,1593.04129920633,100.0,0.0,0.0
4201,0.5,0.0,0.0,0.0,0.0,0.0,250.0,1338.92300538187,100.0,0.0,0.0
4202,0.5,0.0,0.0,0.0,0.0,0.0,250.0,1085.05882985124,100.0,0.0,0.0
4203,0.5,0.0,0.0,0.0,0.0,0.0,250.0,831.448518496135,100.0,0.0,0.0
4204,0.5,0.0,0.0,0.0,0.0,0.0,250.0,578.091817452386,100.0,0.0,0.0
4205,1.0,0.0,0.0,0.0,0.0,0.0,250.0,324.988473109681,100.0,0.0,0.0
4206,1.0,5.75421599896182,0.0,0.0,0.0,0.0,235.614460002595,86.6690805935459,94.245784001038,0.0,0.0
4207,1.0,13.4775993946168,0.0,130.589414115635,0.0,0.0,85.7165873978228,0.0,86.52240060538314,0.0,0.0
4208,1.0,36.270310969646,0.0,159.324222575885,0.0,0.0,0.0,0.0,63.729689030353995,0.0,311.312218697371
4209,1.0,60.6064703945112,0.0,98.483824013722,0.0,0.0,0.0,0.0,39.3935296054888,0.0,459.312951678299
4210,1.0,79.7058066010976,0.0,50.735483497256,0.0,0.0,0.0,0.0,20.2941933989024,0.0,569.688526750305
4211,1.0,93.6725101338142,0.0,15.8187246654645,273.668084486887,270.931403642018,0.0,270.931403642018,6.3274898661858,0.0,362.499757638623
4212,1.0,100.0,0.0,0.0,650.979468103163,644.469673422132,0.0,915.130145660508,0.0,0.975365865269126,0.0
4213,1.0,99.274128658735,0.0,1.81467835316248,556.456601067979,550.892035057299,0.0,1465.10705057215,0.725871341264992,0.0,0.0
4214,1.0,96.6991251941776,0.0,8.25218701455601,579.143044544866,573.351614099417,0.0,2036.99355762099,3.3008748058224047,0.0,0.0
4215,1.0,90.165558248265,0.0,24.5861043793376,569.9840204331,564.284180228769,0.0,2599.24074429214,9.83444175173504,0.0,0.0
4216,1.0,64.4141692878148,0.0,88.964576780463,265.943554808255,263.284119260172,0.0,2859.92562280802,35.585830712185206,0.0,0.0
4217,2.0,46.7542418044919,0.0,133.11439548877,176.617181253719,174.851009441181,0.0,3031.91670662639,53.245758195507996,0.0,0.0
4218,2.0,27.8676003559025,0.0,180.330999110244,94.8885902120265,93.9397043099062,0.0,3122.82449422967,72.1323996440976,0.0,0.0
4219,2.0,4.53878379968684,0.0,0.0,0.0,0.0,238.653040500783,2878.63799246193,95.4612162003132,0.0,0.0
4220,2.0,0.0,0.0,0.0,0.0,0.0,250.0,2623.23410194421,100.0,0.0,0.0
4221,2.0,0.0,0.0,0.0,0.0,0.0,250.0,2368.08561531701,100.0,0.0,0.0
4222,2.0,0.0,0.0,0.0,0.0,0.0,250.0,2113.19227717644,100.0,0.0,0.0
4223,2.0,0.0,0.0,0.0,0.0,0.0,250.0,1858.55383237402,100.0,0.0,0.0
4224,0.5,0.0,0.0,0.0,0.0,0.0,250.0,1604.17002601639,100.0,0.0,0.0
4225,0.5,0.0,0.0,0.0,0.0,0.0,250.0,1350.04060346512,100.0,0.0,0.0
4226,0.5,0.0,0.0,0.0,0.0,0.0,250.0,1096.1653103364,100.0,0.0,0.0
4227,0.5,0.0,0.0,0.0,0.0,0.0,250.0,842.543892500813,100.0,0.0,0.0
4228,0.5,0.0,0.0,0.0,0.0,0.0,250.0,589.17609608306,100.0,0.0,0.0
4229,1.0,0.0,0.0,0.0,0.0,0.0,250.0,336.061667461724,100.0,0.0,0.0
4230,1.0,5.74325412506447,0.0,0.0,0.0,0.0,235.641864687339,97.7035202514959,94.2567458749356,0.0,0.0
4231,1.0,13.6530282312337,0.0,119.237670857984,0.0,0.0,96.629758563932,0.0,86.34697176876641,0.0,0.0
4232,1.0,36.2424767106377,0.0,159.393808223406,0.0,0.0,0.0,0.0,63.75752328936241,0.0,296.632116090643
4233,1.0,60.0161676281929,0.0,99.9595809295177,0.0,0.0,0.0,0.0,39.98383237180708,0.0,451.622534339684
4234,1.0,77.9769046681481,0.0,55.0577383296299,0.0,0.0,0.0,0.0,22.023095331851962,0.0,559.795609704943
4235,1.0,90.7705251247998,0.0,23.0736871880004,0.0,0.0,0.0,0.0,9.22947487520016,0.0,623.628840268569
4236,1.0,98.1119368966505,0.0,4.72015775837381,304.814197080808,301.76605511,0.0,301.76605511,1.8880631033495243,0.0,355.943391354113
4237,1.0,100.0,0.0,0.0,666.120219035613,659.459016845256,0.0,960.923305900147,0.0,1.76012177400051,0.0
4238,1.0,99.712890023088,0.0,0.717774942280016,675.202429527863,668.450405232584,0.0,1628.41278782683,0.2871099769120064,0.0,0.0
4239,1.0,90.8927222210163,0.0,22.7681944474593,603.236801705167,597.204433688115,0.0,2223.98880872712,9.10727777898372,0.0,0.0
4240,1.0,74.1549633209305,0.0,64.6125916976737,468.401655354081,463.71763880054,0.0,2685.48245871893,25.84503667906948,0.0,0.0
4241,2.0,52.769387579078,0.0,118.076531052305,304.257485020887,301.214910170679,0.0,2984.01188643089,47.230612420922,0.0,0.0
4242,2.0,29.5417365355512,0.0,176.145658661122,138.370354264443,136.986650721798,0.0,3118.01452526626,70.4582634644488,0.0,0.0
4243,2.0,4.89945529689147,0.0,0.0,0.0,0.0,237.751361757771,2874.74362007658,95.10054470310841,0.0,0.0
4244,2.0,0.0,0.0,0.0,0.0,0.0,250.0,2619.34362393125,100.0,0.0,0.0
4245,2.0,0.0,0.0,0.0,0.0,0.0,250.0,2364.19902778207,100.0,0.0,0.0
4246,2.0,0.0,0.0,0.0,0.0,0.0,250.0,2109.30957622903,100.0,0.0,0.0
4247,2.0,0.0,0.0,0.0,0.0,0.0,250.0,1854.67501412755,100.0,0.0,0.0
4248,0.5,0.0,0.0,0.0,0.0,0.0,250.0,1600.29508658817,100.0,0.0,0.0
4249,0.5,0.0,0.0,0.0,0.0,0.0,250.0,1346.16953897633,100.0,0.0,0.0
4250,0.5,0.0,0.0,0.0,0.0,0.0,250.0,1092.2981169121,100.0,0.0,0.0
4251,0.5,0.0,0.0,0.0,0.0,0.0,250.0,838.680566269935,100.0,0.0,0.0
4252,0.5,0.0,0.0,0.0,0.0,0.0,250.0,585.316633178413,100.0,0.0,0.0
4253,1.0,0.0,0.0,0.0,0.0,0.0,250.0,332.206064019982,100.0,0.0,0.0
4254,1.0,5.56271184553845,0.0,0.0,0.0,0.0,236.093220386154,93.3958575659072,94.43728815446161,0.0,0.0
4255,1.0,13.3551862033724,0.0,124.242597400311,0.0,0.0,92.3694370912579,0.0,86.64481379662756,0.0,0.0
4256,1.0,35.8598879244679,0.0,160.35028018883,0.0,0.0,0.0,0.0,64.140112075532,0.0,297.312087588378
4257,1.0,59.6437017396929,0.0,100.890745650768,0.0,0.0,0.0,0.0,40.3562982603072,0.0,452.130284236943
4258,1.0,77.7104411178968,0.0,55.7238972052579,0.0,0.0,0.0,0.0,22.28955888210316,0.0,550.936870563251
4259,1.0,91.4634290553004,0.0,21.3414273617491,0.0,0.0,0.0,0.0,8.53657094469964,0.0,627.256129467131
4260,1.0,100.0,0.0,0.0,351.76473326422,348.247085931577,0.0,348.247085931577,0.0,1.43622912970505,362.282575868329
4261,1.0,100.0,0.0,0.0,686.591412707631,679.725498580555,0.0,1027.6243374262,0.0,2.48881940177878,0.0
4262,1.0,99.7379562820077,0.0,0.65510929498064,668.201115147766,661.519103996288,0.0,1688.11581708506,0.262043717992256,0.0,0.0
4263,1.0,90.8665608720832,0.0,22.8335978197921,605.063725272908,599.013088020179,0.0,2285.44078928816,9.13343912791684,0.0,0.0
4264,1.0,74.039035812272,0.0,64.9024104693201,470.336149954966,465.632788455416,0.0,2748.78813695428,25.96096418772804,0.0,0.0
4265,2.0,51.8393753757754,0.0,120.401561560561,288.30760596974,285.424529910043,0.0,3031.46387872737,48.160624624224404,0.0,0.0
4266,2.0,28.6586009619162,0.0,178.353497595209,119.975113580269,118.775362444466,0.0,3147.20777729311,71.34139903808361,0.0,0.0
4267,2.0,4.45735876170777,0.0,0.0,0.0,0.0,238.856603095731,2902.79127345953,95.5426412382924,0.0,0.0
4268,2.0,0.0,0.0,0.0,0.0,0.0,250.0,2647.36322966081,100.0,0.0,0.0
4269,2.0,0.0,0.0,0.0,0.0,0.0,250.0,2392.1906139059,100.0,0.0,0.0
4270,2.0,0.0,0.0,0.0,0.0,0.0,250.0,2137.27317076674,100.0,0.0,0.0
4271,2.0,0.0,0.0,0.0,0.0,0.0,250.0,1882.61064507072,100.0,0.0,0.0
4272,0.5,0.0,0.0,0.0,0.0,0.0,250.0,1628.2027819004,100.0,0.0,0.0
4273,0.5,0.0,0.0,0.0,0.0,0.0,250.0,1374.04932659325,100.0,0.0,0.0
4274,0.5,0.0,0.0,0.0,0.0,0.0,250.0,1120.1500247414,100.0,0.0,0.0
4275,0.5,0.0,0.0,0.0,0.0,0.0,250.0,866.504622191406,100.0,0.0,0.0
4276,0.5,0.0,0.0,0.0,0.0,0.0,250.0,613.112865043962,100.0,0.0,0.0
4277,1.0,0.0,0.0,0.0,0.0,0.0,250.0,359.974499653666,100.0,0.0,0.0
4278,1.0,5.86987818885429,0.0,0.0,0.0,0.0,235.325304527864,121.912197348089,94.13012181114561,0.0,0.0
4279,1.0,14.0984614612518,0.0,94.1814640476372,0.0,0.0,120.572382299233,0.0,85.90153853874808,0.0,0.0
4280,1.0,35.4624583202702,0.0,161.343854199325,0.0,0.0,0.0,0.0,64.53754167973,0.0,257.51016114378
4281,1.0,58.5090544560283,0.0,103.727363859929,0.0,0.0,0.0,0.0,41.490945543971606,0.0,396.327530784621
4282,1.0,75.6984693943451,0.0,60.7538265141374,0.0,0.0,0.0,0.0,24.30153060565496,0.0,487.995992903096
4283,1.0,88.7854184846497,0.0,28.0364537883758,0.0,0.0,0.0,0.0,11.21458151535032,0.0,561.295599166828
4284,1.0,98.2118781111586,0.0,4.47030472210347,623.390197903303,617.15629592427,0.0,617.15629592427,1.7881218888413881,0.0,14.0292834128034
4285,1.0,100.0,1.16053314154368,0.0,642.522650757568,637.223373503918,0.0,1253.76251313226,0.0,0.0,0.0
4286,1.0,99.1296787417589,0.0,2.17580314560283,647.324604065868,640.851358025209,0.0,1893.36010864434,0.870321258241132,0.0,0.0
4287,1.0,87.8733096801375,0.0,30.3167257996563,546.307525991371,540.844450731458,0.0,2432.31119926715,12.12669031986252,0.0,0.0
4288,1.0,71.0562699987148,0.0,72.3593250032131,411.360443041038,407.246838610627,0.0,2837.12572667851,28.943730001285243,0.0,0.0
4289,2.0,49.8897914206782,0.0,125.275521448305,250.113328875599,247.612195586843,0.0,3081.90079653868,50.110208579322006,0.0,0.0
4290,2.0,26.011149235857,0.0,184.972126910357,60.2736629389208,59.6709263095315,0.0,3138.48982205167,73.9888507641428,0.0,0.0
4291,2.0,4.42869811662757,0.0,0.0,0.0,0.0,238.928254708431,2894.00966080696,95.57130188337241,0.0,0.0
4292,2.0,0.0,0.0,0.0,0.0,0.0,250.0,2638.5903986209,100.0,0.0,0.0
4293,2.0,0.0,0.0,0.0,0.0,0.0,250.0,2383.42655569703,100.0,0.0,0.0
4294,2.0,0.0,0.0,0.0,0.0,0.0,250.0,2128.51787661608,100.0,0.0,0.0
4295,2.0,0.0,0.0,0.0,0.0,0.0,250.0,1873.86410621421,100.0,0.0,0.0
4296,0.5,0.0,0.0,0.0,0.0,0.0,250.0,1619.46498958274,100.0,0.0,0.0
4297,0.5,0.0,0.0,0.0,0.0,0.0,250.0,1365.32027206791,100.0,0.0,0.0
4298,0.5,0.0,0.0,0.0,0.0,0.0,250.0,1111.42969927059,100.0,0.0,0.0
4299,0.5,0.0,0.0,0.0,0.0,0.0,250.0,857.793017046065,100.0,0.0,0.0
4300,0.5,0.0,0.0,0.0,0.0,0.0,250.0,604.409971503767,100.0,0.0,0.0
4301,1.0,0.0,0.0,0.0,0.0,0.0,250.0,351.28030900701,100.0,0.0,0.0
4302,1.0,5.55204000315517,0.0,0.0,0.0,0.0,236.119899992112,112.424079211022,94.44795999684482,0.0,0.0
4303,1.0,13.5452097960715,0.0,104.948436929329,0.0,0.0,111.188538580492,0.0,86.45479020392841,0.0,0.0
4304,1.0,35.4998769536844,0.0,161.250307615789,0.0,0.0,0.0,0.0,64.50012304631561,0.0,293.284519257465
4305,1.0,59.4685787656007,0.0,101.328553085998,0.0,0.0,0.0,0.0,40.531421234399204,0.0,438.514431035728
4306,1.0,78.2790168417419,0.0,54.3024578956452,0.0,0.0,0.0,0.0,21.72098315825808,0.0,549.688457380332
4307,1.0,92.2615838866133,0.0,19.3460402834668,190.035814230753,188.135456088445,0.0,188.135456088445,7.7384161133867195,0.0,426.017306572496
4308,1.0,99.1393183314566,0.0,2.15170417135841,615.16668833899,609.0150214556,0.0,796.962342087957,0.8606816685433641,0.0,0.0
4309,1.0,100.0,3.83418239288197,0.0,675.148914805082,672.117349414606,0.0,1468.28272916047,0.0,0.0,0.0
4310,1.0,100.0,0.321295584073667,0.0,657.385972594248,651.123833843974,0.0,2117.93828027529,0.0,0.0,0.0
4311,1.0,89.5318229041742,0.0,26.1704427395645,561.443481502062,555.829046687041,0.0,2671.64938868205,10.468177095825801,0.0,0.0
4312,1.0,72.7688127064061,0.0,68.0779682339847,435.352038578111,430.99851819233,0.0,3099.9762574857,27.231187293593884,0.0,0.0
4313,2.0,50.673946048016,0.0,123.31513487996,259.530393772545,256.93508983482,0.0,3353.81137106304,49.326053951984,0.0,0.0
4314,2.0,22.577734800806,0.0,0.0,0.0,0.0,193.555662997985,3154.94678898694,77.422265199194,0.0,0.0
4315,2.0,1.07950524507162,0.0,0.0,0.0,0.0,247.301236887321,2901.99261301884,98.92049475492841,0.0,0.0
4316,2.0,0.0,0.0,0.0,0.0,0.0,250.0,2646.56536788057,100.0,0.0,0.0
4317,2.0,0.0,0.0,0.0,0.0,0.0,250.0,2391.39354998743,100.0,0.0,0.0
4318,2.0,0.0,0.0,0.0,0.0,0.0,250.0,2136.47690391219,100.0,0.0,0.0
4319,2.0,0.0,0.0,0.0,0.0,0.0,250.0,1881.81517448303,100.0,0.0,0.0
4320,0.5,0.0,0.0,0.0,0.0,0.0,250.0,1627.40810678329,100.0,0.0,0.0
4321,0.5,0.0,0.0,0.0,0.0,0.0,250.0,1373.25544615126,100.0,0.0,0.0
4322,0.5,0.0,0.0,0.0,0.0,0.0,250.0,1119.35693817985,100.0,0.0,0.0
4323,0.5,0.0,0.0,0.0,0.0,0.0,250.0,865.712328716421,100.0,0.0,0.0
4324,0.5,0.0,0.0,0.0,0.0,0.0,250.0,612.321363862452,100.0,0.0,0.0
4325,1.0,0.0,0.0,0.0,0.0,0.0,250.0,359.183789973338,100.0,0.0,0.0
4326,1.0,5.79964601237896,0.0,0.0,0.0,0.0,235.500884969053,120.944924396442,94.20035398762121,0.0,0.0
4327,1.0,13.5521504842783,0.0,96.5038841119789,0.0,0.0,119.615739677325,0.0,86.44784951572156,0.0,0.0
4328,1.0,34.5495094400466,0.0,163.626226399883,0.0,0.0,0.0,0.0,65.4504905599532,0.0,269.905758413784
4329,1.0,58.4966028538181,0.0,103.758492865455,0.0,0.0,0.0,0.0,41.503397146182,0.0,434.39171735495
4330,1.0,77.9657596644057,0.0,55.0856008389857,0.0,0.0,0.0,0.0,22.03424033559428,0.0,546.94271277997
4331,1.0,93.2809918294302,0.0,16.7975204264245,0.0,0.0,0.0,0.0,6.719008170569801,0.0,626.083126332798
4332,1.0,100.0,0.0,0.0,560.389430859801,554.785536551203,0.0,554.785536551203,0.0,2.7175453443116,99.9718329637871
4333,1.0,100.0,0.0,0.0,667.86609553306,661.187434577729,0.0,1215.41818559238,0.0,6.35530834554643,0.0
4334,1.0,100.0,3.62566877290894,0.0,660.095605950217,657.012273734191,0.0,1871.21504114098,0.0,0.0,0.0
4335,1.0,91.7978048601292,0.0,20.505487849677,561.32298614946,555.709756287966,0.0,2425.0535823878,8.2021951398708,0.0,0.0
4336,1.0,73.5656931285634,0.0,66.0857671785916,423.052081381346,418.821560567532,0.0,2841.45008937295,26.43430687143664,0.0,0.0
4337,2.0,51.0660560707671,0.0,122.334859823082,248.47713810565,245.992366724593,0.0,3084.60100600817,48.933943929232804,0.0,0.0
4338,2.0,26.5946246178875,0.0,183.513438455281,56.3615119869611,55.7978968670915,0.0,3137.31430186925,73.40537538211241,0.0,0.0
4339,2.0,3.61604513421313,0.0,0.0,0.0,0.0,240.959887164467,2890.78316214873,96.3839548657868,0.0,0.0
4340,2.0,0.0,0.0,0.0,0.0,0.0,250.0,2635.36712646133,100.0,0.0,0.0
4341,2.0,0.0,0.0,0.0,0.0,0.0,250.0,2380.20650680961,100.0,0.0,0.0
4342,2.0,0.0,0.0,0.0,0.0,0.0,250.0,2125.30104777755,100.0,0.0,0.0
4343,2.0,0.0,0.0,0.0,0.0,0.0,250.0,1870.65049420452,100.0,0.0,0.0
4344,0.5,0.0,0.0,0.0,0.0,0.0,250.0,1616.25459118507,100.0,0.0,0.0
4345,0.5,0.0,0.0,0.0,0.0,0.0,250.0,1362.11308406863,100.0,0.0,0.0
4346,0.5,0.0,0.0,0.0,0.0,0.0,250.0,1108.22571845931,100.0,0.0,0.0
4347,0.5,0.0,0.0,0.0,0.0,0.0,250.0,854.592240215595,100.0,0.0,0.0
4348,0.5,0.0,0.0,0.0,0.0,0.0,250.0,601.212395450126,100.0,0.0,0.0
4349,1.0,0.0,0.0,0.0,0.0,0.0,250.0,348.085930529424,100.0,0.0,0.0
4350,1.0,4.87263714679994,0.0,0.0,0.0,0.0,237.818407133,107.517231333238,95.1273628532,0.0,0.0
4351,1.0,14.0079607780434,0.0,108.644481094006,0.0,0.0,106.335616960885,0.0,85.99203922195642,0.0,0.0
4352,1.0,36.9151721555558,0.0,157.71206961111,0.0,0.0,0.0,0.0,63.084827844444,0.0,340.647612505183
4353,1.0,63.5503538338944,0.0,91.124115415264,0.0,0.0,0.0,0.0,36.4496461661056,0.0,472.801275492609
4354,1.0,77.397813524768,0.0,56.5054661880801,0.0,0.0,0.0,0.0,22.602186475232042,0.0,342.680821730786
4355,1.0,97.8431302994681,0.0,5.39217425132982,0.0,0.0,0.0,0.0,2.156869700531928,0.0,583.183234807052
4356,1.0,100.0,0.0,0.0,0.0,0.0,0.0,0.0,0.0,5.05698264025,572.469756942667
4357,1.0,100.0,0.0,0.0,615.126366093481,608.975102432546,0.0,608.975102432546,0.0,10.316536,28.4007519524612
4358,1.0,100.0,8.75546196818901,0.0,673.56652494478,675.325408896869,0.0,1283.69153622698,0.0,0.0,0.0
4359,1.0,100.0,0.956813630794315,0.0,668.765461667356,663.006107635279,0.0,1945.41395232604,0.0,0.0,0.0
4360,1.0,86.0274205381528,0.0,34.931448654618,600.196306075078,594.194343014327,0.0,2537.66288138804,13.972579461847202,0.0,0.0
4361,2.0,59.381790267673,0.0,101.545524330817,378.971730654858,375.182013348309,0.0,2910.30723185496,40.618209732326804,0.0,0.0
4362,2.0,34.3259473508416,0.0,164.185131622896,216.522795316163,214.357567363001,0.0,3121.7544919861,65.6740526491584,0.0,0.0
4363,2.0,6.7054793911786,0.0,0.0,0.0,0.0,233.236301522053,2883.04051373447,93.2945206088212,0.0,0.0
4364,2.0,0.0,0.0,0.0,0.0,0.0,250.0,2627.63222069548,100.0,0.0,0.0
4365,2.0,0.0,0.0,0.0,0.0,0.0,250.0,2372.47933594953,100.0,0.0,0.0
4366,2.0,0.0,0.0,0.0,0.0,0.0,250.0,2117.58160408833,100.0,0.0,0.0
4367,2.0,0.0,0.0,0.0,0.0,0.0,250.0,1862.93876995899,100.0,0.0,0.0
4368,0.5,0.0,0.0,0.0,0.0,0.0,250.0,1608.55057866378,100.0,0.0,0.0
4369,0.5,0.0,0.0,0.0,0.0,0.0,250.0,1354.41677555986,100.0,0.0,0.0
4370,0.5,0.0,0.0,0.0,0.0,0.0,250.0,1100.53710625905,100.0,0.0,0.0
4371,0.5,0.0,0.0,0.0,0.0,0.0,250.0,846.911316627537,100.0,0.0,0.0
4372,0.5,0.0,0.0,0.0,0.0,0.0,250.0,593.539152785657,100.0,0.0,0.0
4373,1.0,0.0,0.0,0.0,0.0,0.0,250.0,340.420361107619,100.0,0.0,0.0
4374,1.0,5.17806321855164,0.0,0.0,0.0,0.0,237.054841953621,100.630605439824,94.82193678144841,0.0,0.0
4375,1.0,13.3281809589466,0.0,117.154872516593,0.0,0.0,99.52467508604,0.0,86.67181904105321,0.0,0.0
4376,1.0,36.3349960339972,0.0,159.162509915007,0.0,0.0,0.0,0.0,63.66500396600281,0.0,312.441408276027
4377,1.0,60.4538504022406,0.0,98.8653739943985,0.0,0.0,0.0,0.0,39.5461495977594,0.0,399.210953125089
4378,1.0,78.7438526497783,0.0,53.1403683755543,0.0,0.0,0.0,0.0,21.256147350221724,0.0,558.82373506681
4379,1.0,92.964847374757,0.0,17.5878815631076,0.0,0.0,0.0,0.0,7.0351526252430405,0.0,658.110036202734
4380,1.0,100.0,0.0,0.0,370.27651541015,366.573750256048,0.0,366.573750256048,0.0,0.717843279686363,278.12348069612
4381,1.0,100.0,0.0,0.0,715.010651626318,707.860545110055,0.0,1074.06772161585,0.0,6.79243865446567,0.0
4382,1.0,100.0,0.0,0.0,670.016279935619,663.316117136263,0.0,1736.30977103049,0.0,2.75000102061695,0.0
4383,1.0,91.1349433230387,0.0,22.1626416924033,552.985941879021,547.456082460231,0.0,2282.02954371969,8.865056676961322,0.0,0.0
4384,1.0,78.4452354790074,0.0,53.8869113024814,512.552751692497,507.427224175572,0.0,2787.17473835155,21.554764520992563,0.0,0.0
4385,2.0,47.1764449450129,0.0,132.058887637468,163.408916883202,161.77482771437,0.0,2946.16239132757,52.823555054987196,0.0,0.0
4386,2.0,31.652529685371,0.0,170.868675786572,172.243552905709,170.521117376652,0.0,3113.73734631289,68.34747031462881,0.0,0.0
4387,2.0,7.01213592331507,0.0,0.0,0.0,0.0,232.469660191712,2875.80577038909,92.9878640766848,0.0,0.0
4388,2.0,0.0,0.0,0.0,0.0,0.0,250.0,2620.40471209345,100.0,0.0,0.0
4389,2.0,0.0,0.0,0.0,0.0,0.0,250.0,2365.2590548561,100.0,0.0,0.0
4390,2.0,0.0,0.0,0.0,0.0,0.0,250.0,2110.36854327599,100.0,0.0,0.0
4391,2.0,0.0,0.0,0.0,0.0,0.0,250.0,1855.73292220747,100.0,0.0,0.0
4392,0.5,0.0,0.0,0.0,0.0,0.0,250.0,1601.35193676001,100.0,0.0,0.0
4393,0.5,0.0,0.0,0.0,0.0,0.0,250.0,1347.22533229799,100.0,0.0,0.0
4394,0.5,0.0,0.0,0.0,0.0,0.0,250.0,1093.35285444044,100.0,0.0,0.0
4395,0.5,0.0,0.0,0.0,0.0,0.0,250.0,839.734249060749,100.0,0.0,0.0
4396,0.5,0.0,0.0,0.0,0.0,0.0,250.0,586.369262286436,100.0,0.0,0.0
4397,1.0,0.0,0.0,0.0,0.0,0.0,250.0,333.257640498897,100.0,0.0,0.0
4398,1.0,5.0869474520319,0.0,0.0,0.0,0.0,237.28263136992,93.2449572322162,94.91305254796801,0.0,0.0
4399,1.0,12.4551814334027,0.0,126.641851264259,0.0,0.0,92.2201951522341,0.0,87.54481856659726,0.0,0.0
4400,1.0,35.3361421256426,0.0,161.659644685894,0.0,0.0,0.0,0.0,64.6638578743576,0.0,330.241054185405
4401,1.0,61.0063228719458,0.0,97.4841928201355,0.0,0.0,0.0,0.0,38.9936771280542,0.0,477.749927538883
4402,1.0,81.8236693223809,0.0,45.4408266940477,0.0,0.0,0.0,0.0,18.17633067761908,0.0,611.204681148337
4403,1.0,95.9090287506849,0.0,10.2274281232877,0.0,0.0,0.0,0.0,4.09097124931508,0.0,653.179202486271
4404,1.0,100.0,0.0,0.0,64.9747319073649,64.3249845882912,0.0,64.3249845882912,0.0,5.05420673212801,626.545536665013
4405,1.0,100.0,0.0,0.0,730.284897562338,722.982048586715,0.0,787.242708190418,0.0,10.316536,0.0
4406,1.0,100.0,6.36848048797361,0.0,694.32091123037,693.556401887498,0.0,1480.01186736973,0.0,0.0,0.0
4407,1.0,94.7488916269513,0.0,13.1277709326218,614.216049059572,608.073888568976,0.0,2086.60574407133,5.25110837304872,0.0,0.0
4408,1.0,79.2541751102973,0.0,51.8645622242568,519.920108012144,514.720906932022,0.0,2599.24004525928,20.74582488970272,0.0,0.0
4409,2.0,56.0735719110396,0.0,109.816070222401,344.833770912167,341.385433203045,0.0,2938.02623841707,43.9264280889604,0.0,0.0
4410,2.0,32.2734478417596,0.0,169.316380395601,191.140915616846,189.229506460677,0.0,3124.31771863933,67.7265521582404,0.0,0.0
4411,2.0,4.92385895204001,0.0,0.0,0.0,0.0,237.6903526199,2881.10213564806,95.07614104796001,0.0,0.0
4412,2.0,0.0,0.0,0.0,0.0,0.0,250.0,2625.69578098716,100.0,0.0,0.0
4413,2.0,0.0,0.0,0.0,0.0,0.0,250.0,2370.54483268092,100.0,0.0,0.0
4414,2.0,0.0,0.0,0.0,0.0,0.0,250.0,2115.64903532299,100.0,0.0,0.0
4415,2.0,0.0,0.0,0.0,0.0,0.0,250.0,1861.00813376241,100.0,0.0,0.0
4416,0.5,0.0,0.0,0.0,0.0,0.0,250.0,1606.6218731034,100.0,0.0,0.0
4417,0.5,0.0,0.0,0.0,0.0,0.0,250.0,1352.48999870504,100.0,0.0,0.0
4418,0.5,0.0,0.0,0.0,0.0,0.0,250.0,1098.61225618108,100.0,0.0,0.0
4419,0.5,0.0,0.0,0.0,0.0,0.0,250.0,844.988391399651,100.0,0.0,0.0
4420,0.5,0.0,0.0,0.0,0.0,0.0,250.0,591.618150482999,100.0,0.0,0.0
4421,1.0,0.0,0.0,0.0,0.0,0.0,250.0,338.501279807264,100.0,0.0,0.0
4422,1.0,4.90709787341516,0.0,0.0,0.0,0.0,237.732255316462,98.0291872987067,95.0929021265848,0.0,0.0
4423,1.0,12.2691459687583,0.0,122.37528854781,0.0,0.0,96.9518465302939,0.0,87.73085403124156,0.0,0.0
4424,1.0,35.2131747459424,0.0,161.967063135144,0.0,0.0,0.0,0.0,64.7868252540576,0.0,344.744423758964
4425,1.0,61.5223594295184,0.0,96.194101426204,0.0,0.0,0.0,0.0,38.477640570481604,0.0,490.556756535748
4426,1.0,81.6647840190621,0.0,45.8380399523447,0.0,0.0,0.0,0.0,18.335215980937882,0.0,579.512599980646
4427,1.0,97.7574253510923,0.0,5.6064366222693,0.0,0.0,0.0,0.0,2.24257464890772,0.0,660.331142953236
4428,1.0,100.0,0.0,0.0,186.514083675729,184.648942838971,0.0,184.648942838971,0.0,6.83566300483849,497.383624706128
4429,1.0,100.0,0.0,0.0,666.002347677117,659.342324200346,0.0,843.806618096479,0.0,9.08356521372222,0.0
4430,1.0,100.0,5.53047626955093,0.0,650.243199648737,649.106435728968,0.0,1492.06924720735,0.0,0.0,0.0
4431,1.0,96.1756435152356,0.0,9.56089121191091,610.744412387224,604.636968263352,0.0,2095.21414622349,3.824356484764364,0.0,0.0
4432,1.0,80.2723769049531,0.0,49.3190577376173,514.855120829487,509.706569621193,0.0,2602.82550169846,19.727623095046923,0.0,0.0
4433,2.0,57.0906137552086,0.0,107.273465611978,348.188303502259,344.706420467236,0.0,2944.929096664,42.9093862447912,0.0,0.0
4434,2.0,31.7195016684547,0.0,170.701245828863,166.77445918152,165.106714589705,0.0,3107.09088215704,68.2804983315452,0.0,0.0
4435,2.0,5.78823784528473,0.0,0.0,0.0,0.0,235.529405386788,2866.0753009852,94.2117621547152,0.0,0.0
4436,2.0,0.0,0.0,0.0,0.0,0.0,250.0,2610.68397315896,100.0,0.0,0.0
4437,2.0,0.0,0.0,0.0,0.0,0.0,250.0,2355.54803666055,100.0,0.0,0.0
4438,2.0,0.0,0.0,0.0,0.0,0.0,250.0,2100.66723609864,100.0,0.0,0.0
4439,2.0,0.0,0.0,0.0,0.0,0.0,250.0,1846.04131633729,100.0,0.0,0.0
4440,0.5,0.0,0.0,0.0,0.0,0.0,250.0,1591.6700224957,100.0,0.0,0.0
4441,0.5,0.0,0.0,0.0,0.0,0.0,250.0,1337.55309994795,100.0,0.0,0.0
4442,0.5,0.0,0.0,0.0,0.0,0.0,250.0,1083.69029432275,100.0,0.0,0.0
4443,0.5,0.0,0.0,0.0,0.0,0.0,250.0,830.081351503173,100.0,0.0,0.0
4444,0.5,0.0,0.0,0.0,0.0,0.0,250.0,576.726017626417,100.0,0.0,0.0
4445,1.0,0.0,0.0,0.0,0.0,0.0,250.0,323.624039083538,100.0,0.0,0.0
4446,1.0,4.71486587281185,0.0,0.0,0.0,0.0,238.21283531797,82.681389470747,95.285134127188,0.0,0.0
4447,1.0,12.8193346043948,0.0,136.178942488549,0.0,0.0,81.7727210004635,0.0,87.180665395605,0.0,0.0
4448,1.0,35.6372145906772,0.0,160.906963523307,0.0,0.0,0.0,0.0,64.36278540932281,0.0,346.66661319606
4449,1.0,62.6480463784188,0.0,93.379884053953,0.0,0.0,0.0,0.0,37.3519536215812,0.0,509.344246150065
4450,1.0,83.3887283769317,0.0,41.5281790576707,0.0,0.0,0.0,0.0,16.61127162306828,0.0,599.784100174369
4451,1.0,99.8966110024996,0.0,0.258472493751007,0.0,0.0,0.0,0.0,0.10338899750040281,0.0,692.053789036803
4452,1.0,100.0,0.0,0.0,16.7475756766751,16.5800999199083,0.0,16.5800999199083,0.0,10.0417636415744,694.065233585532
4453,1.0,100.0,0.0,0.0,702.455305656138,695.430752599577,0.0,711.994272419565,0.0,10.316536,0.0
4454,1.0,100.0,8.99259522628722,0.0,675.791121077421,677.757825755191,0.0,1389.04010390234,0.0,0.0,0.0
4455,1.0,98.1008961477558,0.0,4.74775963061056,623.129068411909,616.89777772779,0.0,2004.54884152622,1.8991038522442238,0.0,0.0
4456,1.0,82.0699780583829,0.0,44.8250548540427,527.656792006659,522.380224086592,0.0,2524.92451677129,17.93002194161708,0.0,0.0
4457,2.0,59.907962674909,0.0,100.230093312728,389.955641346608,386.056084933142,0.0,2908.45567718766,40.092037325091205,0.0,0.0
4458,2.0,33.7828870340866,0.0,165.542782414784,204.0425534403,202.002127905897,0.0,3107.54934941637,66.2171129659136,0.0,0.0
4459,2.0,6.79877758249446,0.0,0.0,0.0,0.0,233.003056043764,2869.08517780053,93.2012224175056,0.0,0.0
4460,2.0,0.0,0.0,0.0,0.0,0.0,250.0,2613.69084009747,100.0,0.0,0.0
4461,2.0,0.0,0.0,0.0,0.0,0.0,250.0,2358.55189673212,100.0,0.0,0.0
4462,2.0,0.0,0.0,0.0,0.0,0.0,250.0,2103.66809231014,100.0,0.0,0.0
4463,2.0,0.0,0.0,0.0,0.0,0.0,250.0,1849.03917169258,100.0,0.0,0.0
4464,0.5,0.0,0.0,0.0,0.0,0.0,250.0,1594.66487999563,100.0,0.0,0.0
4465,0.5,0.0,0.0,0.0,0.0,0.0,250.0,1340.54496259038,100.0,0.0,0.0
4466,0.5,0.0,0.0,0.0,0.0,0.0,250.0,1086.67916510254,100.0,0.0,0.0
4467,0.5,0.0,0.0,0.0,0.0,0.0,250.0,833.067233412185,100.0,0.0,0.0
4468,0.5,0.0,0.0,0.0,0.0,0.0,250.0,579.708913653521,100.0,0.0,0.0
4469,1.0,0.0,0.0,0.0,0.0,0.0,250.0,326.603952214614,100.0,0.0,0.0
4470,1.0,4.86188965716803,0.0,0.0,0.0,0.0,237.84527585708,86.02959487141,95.13811034283201,0.0,0.0
4471,1.0,12.8894879099058,0.0,132.692150601462,0.0,0.0,85.0841296237732,0.0,87.11051209009409,0.0,0.0
4472,1.0,35.5472510544677,0.0,161.131872363831,0.0,0.0,0.0,0.0,64.4527489455324,0.0,304.462085900028
4473,1.0,60.9558009590992,0.0,97.610497602252,0.0,0.0,0.0,0.0,39.0441990409008,0.0,476.527945861676
4474,1.0,81.3500893339803,0.0,46.6247766650492,0.0,0.0,0.0,0.0,18.64991066601968,0.0,582.145244399876
4475,1.0,96.6883569893274,0.0,8.2791075266816,0.0,0.0,0.0,0.0,3.3116430106726398,0.0,652.769797612273
4476,1.0,100.0,0.0,0.0,71.2396306632646,70.527234356632,0.0,70.527234356632,0.0,6.29205843992266,607.75884492811
4477,1.0,100.0,0.0,0.0,680.660080642906,673.853479836477,0.0,744.310186958752,0.0,8.76394752956027,0.0
4478,1.0,100.0,4.3842831767379,0.0,628.358379678856,626.328427420138,0.0,1369.89430419193,0.0,0.0,0.0
4479,1.0,97.6754147175393,0.0,5.81146320615179,645.533140775193,639.077809367441,0.0,2007.60221925518,2.324585282460716,0.0,0.0
4480,1.0,80.754007178728,0.0,48.1149820531801,530.421674544967,525.117457799518,0.0,2530.71207483544,19.24599282127204,0.0,0.0
4481,2.0,58.742984397093,0.0,103.142539007268,385.633755103445,381.77741755241,0.0,2909.95878031302,41.2570156029072,0.0,0.0
4482,2.0,33.0878407140311,0.0,167.280398214922,200.353838241643,198.350299859227,0.0,3105.39912139193,66.9121592859688,0.0,0.0
4483,2.0,6.29125644929927,0.0,0.0,0.0,0.0,234.271858876752,2865.65548098089,93.7087435507008,0.0,0.0
4484,2.0,0.0,0.0,0.0,0.0,0.0,250.0,2610.26457297466,100.0,0.0,0.0
4485,2.0,0.0,0.0,0.0,0.0,0.0,250.0,2355.12905587643,100.0,0.0,0.0
4486,2.0,0.0,0.0,0.0,0.0,0.0,250.0,2100.2486742953,100.0,0.0,0.0
4487,2.0,0.0,0.0,0.0,0.0,0.0,250.0,1845.62317309575,100.0,0.0,0.0
4488,0.5,0.0,0.0,0.0,0.0,0.0,250.0,1591.25229739741,100.0,0.0,0.0
4489,0.5,0.0,0.0,0.0,0.0,0.0,250.0,1337.13579257476,100.0,0.0,0.0
4490,0.5,0.0,0.0,0.0,0.0,0.0,250.0,1083.27340425693,100.0,0.0,0.0
4491,0.5,0.0,0.0,0.0,0.0,0.0,250.0,829.664878327419,100.0,0.0,0.0
4492,0.5,0.0,0.0,0.0,0.0,0.0,250.0,576.309960923839,100.0,0.0,0.0
4493,1.0,0.0,0.0,0.0,0.0,0.0,250.0,323.208398437663,100.0,0.0,0.0
4494,1.0,4.76546760685347,0.0,0.0,0.0,0.0,238.086330982866,82.3939466221882,95.23453239314641,0.0,0.0
4495,1.0,12.3925010268137,0.0,137.530310284155,0.0,0.0,81.4884371488103,0.0,87.60749897318613,0.0,0.0
4496,1.0,34.7585075725688,0.0,163.103731068578,0.0,0.0,0.0,0.0,65.24149242743121,0.0,344.121813888263
4497,1.0,61.2636497623664,0.0,96.8408755940839,0.0,0.0,0.0,0.0,38.73635023763356,0.0,497.671297745265
4498,1.0,81.4782670411748,0.0,46.304332397063,0.0,0.0,0.0,0.0,18.5217329588252,0.0,587.042320352576
4499,1.0,97.4136481625747,0.0,6.46587959356332,0.0,0.0,0.0,0.0,2.5863518374253283,0.0,668.912274217039
4500,1.0,100.0,0.0,0.0,158.426100256835,156.841839254267,0.0,156.841839254267,0.0,6.73151800703215,535.186955358836
4501,1.0,100.0,0.0,0.0,675.767052647745,669.009382121268,0.0,825.694379536281,0.0,8.82381167921957,0.0
4502,1.0,100.0,6.15760912366845,0.0,668.699799142271,667.986913522632,0.0,1492.85559867938,0.0,0.0,0.0
4503,1.0,96.3157956189616,0.0,9.21051095259589,620.776081325264,614.568320512011,0.0,2105.93106359271,3.684204381038356,0.0,0.0
4504,1.0,80.00623268709,0.0,49.984418282275,516.383777013098,511.219939242967,0.0,2615.04507177208,19.993767312910002,0.0,0.0
4505,2.0,58.3875731132781,0.0,104.031067216805,380.425727763978,376.621470486339,0.0,2989.05149718665,41.612426886722005,0.0,0.0
4506,2.0,31.4014511112697,0.0,171.496372221826,161.279259615721,159.666467019564,0.0,3145.72891270903,68.5985488887304,0.0,0.0
4507,2.0,5.50228399031224,0.0,0.0,0.0,0.0,236.244290024219,2903.95258781226,94.49771600968761,0.0,0.0
4508,2.0,0.0,0.0,0.0,0.0,0.0,250.0,2648.52338269919,100.0,0.0,0.0
4509,2.0,0.0,0.0,0.0,0.0,0.0,250.0,2393.34960679124,100.0,0.0,0.0
4510,2.0,0.0,0.0,0.0,0.0,0.0,250.0,2138.4310046592,100.0,0.0,0.0
4511,2.0,0.0,0.0,0.0,0.0,0.0,250.0,1883.76732112928,100.0,0.0,0.0
4512,0.5,0.0,0.0,0.0,0.0,0.0,250.0,1629.3583012829,100.0,0.0,0.0
4513,0.5,0.0,0.0,0.0,0.0,0.0,250.0,1375.20369045637,100.0,0.0,0.0
4514,0.5,0.0,0.0,0.0,0.0,0.0,250.0,1121.30323424066,100.0,0.0,0.0
4515,0.5,0.0,0.0,0.0,0.0,0.0,250.0,867.656678481165,100.0,0.0,0.0
4516,0.5,0.0,0.0,0.0,0.0,0.0,250.0,614.263769277431,100.0,0.0,0.0
4517,1.0,0.0,0.0,0.0,0.0,0.0,250.0,361.124252982901,100.0,0.0,0.0
4518,1.0,5.34526007692839,0.0,0.0,0.0,0.0,236.636849807679,121.736007712061,94.6547399230716,0.0,0.0
4519,1.0,12.8704673552312,0.0,97.4257026246168,0.0,0.0,120.398128987305,0.0,87.12953264476873,0.0,0.0
4520,1.0,34.7433830407389,0.0,163.141542398153,0.0,0.0,0.0,0.0,65.25661695926121,0.0,318.834820338839
4521,1.0,59.318209487148,0.0,101.70447628213,0.0,0.0,0.0,0.0,40.681790512852004,0.0,430.470035997258
4522,1.0,79.8104126636985,0.0,50.4739683407538,0.0,0.0,0.0,0.0,20.18958733630152,0.0,578.096614560139
4523,1.0,95.0995835706655,0.0,12.2510410733363,0.0,0.0,0.0,0.0,4.90041642933452,0.0,649.156120790467
4524,1.0,100.0,0.0,0.0,86.2596187693245,85.3970225816312,0.0,85.3970225816312,0.0,4.88263632978294,592.680059104699
4525,1.0,100.0,0.0,0.0,668.635280530087,661.948927724786,0.0,747.260553283836,0.0,7.95650691099644,0.0
4526,1.0,100.0,4.87221733085774,0.0,663.246290184049,661.340852536606,0.0,1407.85414526716,0.0,0.0,0.0
4527,1.0,95.8318645681981,0.0,10.4203385795048,615.323114274845,609.169883132097,0.0,2015.61617425399,4.168135431801921,0.0,0.0
4528,1.0,80.3818768880741,0.0,49.0453077798147,529.451189133558,524.156677242223,0.0,2537.75723532196,19.618123111925883,0.0,0.0
4529,2.0,58.3580211404886,0.0,104.104947148778,383.303601080222,379.47056506942,0.0,2914.69004315605,41.6419788595112,0.0,0.0
4530,2.0,33.109846672748,0.0,167.22538331813,206.660299789256,204.593696791363,0.0,3116.36904990426,66.89015332725201,0.0,0.0
4531,2.0,6.45411014136577,0.0,0.0,0.0,0.0,233.864724646586,2877.02568626185,93.54588985863441,0.0,0.0
4532,2.0,0.0,0.0,0.0,0.0,0.0,250.0,2621.62340805033,100.0,0.0,0.0
4533,2.0,0.0,0.0,0.0,0.0,0.0,250.0,2366.47653211703,100.0,0.0,0.0
4534,2.0,0.0,0.0,0.0,0.0,0.0,250.0,2111.58480305966,100.0,0.0,0.0
4535,2.0,0.0,0.0,0.0,0.0,0.0,250.0,1856.94796573135,100.0,0.0,0.0
4536,0.5,0.0,0.0,0.0,0.0,0.0,250.0,1602.56576524036,100.0,0.0,0.0
4537,0.5,0.0,0.0,0.0,0.0,0.0,250.0,1348.43794694987,100.0,0.0,0.0
4538,0.5,0.0,0.0,0.0,0.0,0.0,250.0,1094.56425647767,100.0,0.0,0.0
4539,0.5,0.0,0.0,0.0,0.0,0.0,250.0,840.944439695939,100.0,0.0,0.0
4540,0.5,0.0,0.0,0.0,0.0,0.0,250.0,587.57824273099,100.0,0.0,0.0
4541,1.0,0.0,0.0,0.0,0.0,0.0,250.0,334.465411963007,100.0,0.0,0.0
4542,1.0,4.7528149630447,0.0,0.0,0.0,0.0,238.117962592388,93.6077520132778,95.24718503695522,0.0,0.0
4543,1.0,12.7477898673483,0.0,125.551522512977,0.0,0.0,92.5790028186519,0.0,87.25221013265157,0.0,0.0
4544,1.0,35.0394602984752,0.0,162.401349253812,0.0,0.0,0.0,0.0,64.9605397015248,0.0,329.960350599755
4545,1.0,61.1880509059896,0.0,97.0298727350259,0.0,0.0,0.0,0.0,38.811949094010366,0.0,480.309935038452
4546,1.0,81.7525382520235,0.0,45.6186543699412,0.0,0.0,0.0,0.0,18.24746174797648,0.0,586.325946451729
4547,1.0,97.0534456629094,0.0,7.36638584272661,0.0,0.0,0.0,0.0,2.946554337090644,0.0,657.932288335797
4548,1.0,100.0,0.0,0.0,155.707677097099,154.150600326128,0.0,154.150600326128,0.0,6.7764648306955,536.208273241575
4549,1.0,100.0,0.0,0.0,683.26056364594,676.427958009481,0.0,830.424407735282,0.0,9.72486620930266,0.0
4550,1.0,100.0,6.66892953725922,0.0,666.634561208981,666.43841103394,0.0,1496.03239436149,0.0,0.0,0.0
4551,1.0,96.6089284945937,0.0,8.47767876351568,609.439450741937,603.345056234518,0.0,2097.88141820164,3.391071505406272,0.0,0.0
4552,1.0,79.7151679916187,0.0,50.7120800209532,502.811760766274,497.783643158612,0.0,2593.56717994205,20.284832008381283,0.0,0.0
4553,2.0,57.2391644633014,0.0,106.902088841746,348.233730429506,344.751393125211,0.0,2935.72500588732,42.7608355366984,0.0,0.0
4554,2.0,32.5285007650079,0.0,168.67874808748,186.615634913343,184.74947856421,0.0,3117.53875944564,67.471499234992,0.0,0.0
4555,2.0,5.83565727993278,0.0,0.0,0.0,0.0,235.410856800168,2876.6324764436,94.16434272006721,0.0,0.0
4556,2.0,0.0,0.0,0.0,0.0,0.0,250.0,2621.23059144191,100.0,0.0,0.0
4557,2.0,0.0,0.0,0.0,0.0,0.0,250.0,2366.08410832521,100.0,0.0,0.0
4558,2.0,0.0,0.0,0.0,0.0,0.0,250.0,2111.19277169164,100.0,0.0,0.0
4559,2.0,0.0,0.0,0.0,0.0,0.0,250.0,1856.55632639469,100.0,0.0,0.0
4560,0.5,0.0,0.0,0.0,0.0,0.0,250.0,1602.17451754304,100.0,0.0,0.0
4561,0.5,0.0,0.0,0.0,0.0,0.0,250.0,1348.04709050025,100.0,0.0,0.0
4562,0.5,0.0,0.0,0.0,0.0,0.0,250.0,1094.1737908845,100.0,0.0,0.0
4563,0.5,0.0,0.0,0.0,0.0,0.0,250.0,840.554364568359,100.0,0.0,0.0
4564,0.5,0.0,0.0,0.0,0.0,0.0,250.0,587.188557678538,100.0,0.0,0.0
4565,1.0,0.0,0.0,0.0,0.0,0.0,250.0,334.076116595607,100.0,0.0,0.0
4566,1.0,4.65333417664624,0.0,0.0,0.0,0.0,238.366664558384,92.9676318341782,95.3466658233536,0.0,0.0
4567,1.0,12.633592031927,0.0,126.470102359862,0.0,0.0,91.9459175603206,0.0,87.36640796807303,0.0,0.0
4568,1.0,35.422205513819,0.0,161.444486215453,0.0,0.0,0.0,0.0,64.5777944861812,0.0,308.701089980205
4569,1.0,61.4121989756639,0.0,96.4695025608401,0.0,0.0,0.0,0.0,38.587801024336045,0.0,483.761401176184
4570,1.0,81.7424021377434,0.0,45.6439946556415,0.0,0.0,0.0,0.0,18.2575978622566,0.0,579.641287680774
4571,1.0,97.5903821918707,0.0,6.02404452032324,0.0,0.0,0.0,0.0,2.409617808129296,0.0,662.689667585114
4572,1.0,100.0,0.0,0.0,0.0,0.0,0.0,0.0,0.0,7.02346630868472,675.166343965356
4573,1.0,100.0,0.0,0.0,622.187008528376,615.965138443092,0.0,615.965138443092,0.0,10.316536,65.2892998990839
4574,1.0,100.0,9.2503694926905,0.0,699.249184560957,701.231401197156,0.0,1316.58057450181,0.0,0.0,0.0
4575,1.0,99.1202851467949,0.0,2.19928713301265,657.589862848165,651.013964219683,0.0,1966.27795814699,0.8797148532050602,0.0,0.0
4576,1.0,82.6307485622994,0.0,43.4231285942515,551.925299326424,546.40604633316,0.0,2510.717726522,17.3692514377006,0.0,0.0
4577,2.0,60.1419778737142,0.0,99.6450553157146,404.650480762207,400.603975954585,0.0,2908.81098475006,39.858022126285846,0.0,0.0
4578,2.0,33.9315463392124,0.0,165.171134151969,219.021277402412,216.831064628388,0.0,3122.7332383937,66.0684536607876,0.0,0.0
4579,2.0,7.04467769415892,0.0,0.0,0.0,0.0,232.388305764603,2884.87484276682,92.95532230584121,0.0,0.0
4580,2.0,0.0,0.0,0.0,0.0,0.0,250.0,2629.4647153988,100.0,0.0,0.0
4581,2.0,0.0,0.0,0.0,0.0,0.0,250.0,2374.30999815815,100.0,0.0,0.0
4582,2.0,0.0,0.0,0.0,0.0,0.0,250.0,2119.41043563474,100.0,0.0,0.0
4583,2.0,0.0,0.0,0.0,0.0,0.0,250.0,1864.76577267385,100.0,0.0,0.0
4584,0.5,0.0,0.0,0.0,0.0,0.0,250.0,1610.37575437592,100.0,0.0,0.0
4585,0.5,0.0,0.0,0.0,0.0,0.0,250.0,1356.2401260963,100.0,0.0,0.0
4586,0.5,0.0,0.0,0.0,0.0,0.0,250.0,1102.35863344495,100.0,0.0,0.0
4587,0.5,0.0,0.0,0.0,0.0,0.0,250.0,848.731022286249,100.0,0.0,0.0
4588,0.5,0.0,0.0,0.0,0.0,0.0,250.0,595.35703873871,100.0,0.0,0.0
4589,1.0,0.0,0.0,0.0,0.0,0.0,250.0,342.236429174719,100.0,0.0,0.0
4590,1.0,4.75525977838304,0.0,0.0,0.0,0.0,238.111850554042,101.377171983885,95.24474022161681,0.0,0.0
4591,1.0,11.8238350892731,0.0,120.177375413035,0.0,0.0,100.263036863782,0.0,88.17616491072681,0.0,0.0
4592,1.0,34.7707051438009,0.0,163.073237140498,0.0,0.0,0.0,0.0,65.2292948561992,0.0,350.961334289723
4593,1.0,60.7753891147627,0.0,98.0615272130933,0.0,0.0,0.0,0.0,39.224610885237325,0.0,490.105498208751
4594,1.0,80.8864907463446,0.0,47.7837731341384,0.0,0.0,0.0,0.0,19.113509253655362,0.0,588.405508827171
4595,1.0,96.5034782196963,0.0,8.7413044507592,0.0,0.0,0.0,0.0,3.4965217803036803,0.0,660.437460103001
4596,1.0,100.0,0.0,0.0,66.8071379062326,66.1390665271703,0.0,66.1390665271703,0.0,6.13340988358911,620.673441610167
4597,1.0,100.0,0.0,0.0,676.861217871544,670.092605692829,0.0,736.165533153472,0.0,10.1225007931892,0.0
4598,1.0,100.0,7.43796786176219,0.0,660.194391431157,660.808763936327,0.0,1396.23813155665,0.0,0.0,0.0
4599,1.0,97.7768617129059,0.0,5.55784571773529,627.493185060656,621.218253210049,0.0,2016.06014663514,2.223138287094116,0.0,0.0
4600,1.0,81.9289844174615,0.0,45.1775389563463,533.294351293515,527.96140778058,0.0,2542.00549426908,18.071015582538518,0.0,0.0
4601,2.0,59.596064785259,0.0,101.009838036852,387.154399613778,383.282855617641,0.0,2922.74634439245,40.403935214740805,0.0,0.0
4602,2.0,33.5948758315174,0.0,166.012810421207,204.599253893521,202.553261354586,0.0,3122.37685940265,66.4051241684828,0.0,0.0
4603,2.0,6.56520231623879,0.0,0.0,0.0,0.0,233.586994209403,2883.30802374587,93.4347976837612,0.0,0.0
4604,2.0,0.0,0.0,0.0,0.0,0.0,250.0,2627.89946319687,100.0,0.0,0.0
4605,2.0,0.0,0.0,0.0,0.0,0.0,250.0,2372.74631120842,100.0,0.0,0.0
4606,2.0,0.0,0.0,0.0,0.0,0.0,250.0,2117.84831237196,100.0,0.0,0.0
4607,2.0,0.0,0.0,0.0,0.0,0.0,250.0,1863.20521153433,100.0,0.0,0.0
4608,0.5,0.0,0.0,0.0,0.0,0.0,250.0,1608.81675379755,100.0,0.0,0.0
4609,0.5,0.0,0.0,0.0,0.0,0.0,250.0,1354.6826845185,100.0,0.0,0.0
4610,0.5,0.0,0.0,0.0,0.0,0.0,250.0,1100.80274930873,100.0,0.0,0.0
4611,0.5,0.0,0.0,0.0,0.0,0.0,250.0,847.176694034165,100.0,0.0,0.0
4612,0.5,0.0,0.0,0.0,0.0,0.0,250.0,593.804264814878,100.0,0.0,0.0
4613,1.0,0.0,0.0,0.0,0.0,0.0,250.0,340.685208024811,100.0,0.0,0.0
4614,1.0,4.66674995063628,0.0,0.0,0.0,0.0,238.333125123409,99.6039923890996,95.3332500493636,0.0,0.0
4615,1.0,11.6540738813544,0.0,122.355470783871,0.0,0.0,98.5093445127434,0.0,88.34592611864576,0.0,0.0
4616,1.0,35.1117693206076,0.0,162.220576698481,0.0,0.0,0.0,0.0,64.88823067939241,0.0,311.536074590859
4617,1.0,60.9066711293731,0.0,97.7333221765672,0.0,0.0,0.0,0.0,39.093328870626884,0.0,503.798443651952
4618,1.0,79.3814263179558,0.0,51.5464342051105,0.0,0.0,0.0,0.0,20.6185736820442,0.0,607.899657822714
4619,1.0,94.0529649656693,0.0,14.8675875858268,0.0,0.0,0.0,0.0,5.947035034330721,0.0,678.946696026617
4620,1.0,100.0,0.0,0.0,0.0,0.0,0.0,0.0,0.0,6.18201701868814,731.940177422055
4621,1.0,100.0,0.0,0.0,673.624239630533,666.887997234228,0.0,666.887997234228,0.0,9.60164790944742,40.1534489661475
4622,1.0,100.0,7.37193857790172,0.0,697.341643099863,697.520481477145,0.0,1363.74159071414,0.0,0.0,0.0
4623,1.0,97.8033374242787,0.0,5.4916564393033,652.949006694256,646.419516627313,0.0,2008.79736575074,2.1966625757213203,0.0,0.0
4624,1.0,82.14765291627,0.0,44.6308677093251,556.770474446767,551.202769702299,0.0,2557.99133808729,17.85234708373004,0.0,0.0
4625,2.0,59.6119025426657,0.0,100.970243643336,402.564635349024,398.538988995534,0.0,2953.97233574473,40.3880974573344,0.0,0.0
4626,2.0,33.386177550833,0.0,166.534556122917,213.055166805415,210.924615137361,0.0,3161.94297854635,66.6138224491668,0.0,0.0
4627,2.0,6.88715261114377,0.0,0.0,0.0,0.0,232.782118472141,2923.64758256564,93.11284738885641,0.0,0.0
4628,2.0,0.0,0.0,0.0,0.0,0.0,250.0,2668.19868245782,100.0,0.0,0.0
4629,2.0,0.0,0.0,0.0,0.0,0.0,250.0,2413.00523125011,100.0,0.0,0.0
4630,2.0,0.0,0.0,0.0,0.0,0.0,250.0,2158.06697349361,100.0,0.0,0.0
4631,2.0,0.0,0.0,0.0,0.0,0.0,250.0,1903.38365399486,100.0,0.0,0.0
4632,0.5,0.0,0.0,0.0,0.0,0.0,250.0,1648.95501781561,100.0,0.0,0.0
4633,0.5,0.0,0.0,0.0,0.0,0.0,250.0,1394.78081027255,100.0,0.0,0.0
4634,0.5,0.0,0.0,0.0,0.0,0.0,250.0,1140.86077693702,100.0,0.0,0.0
4635,0.5,0.0,0.0,0.0,0.0,0.0,250.0,887.194663634832,100.0,0.0,0.0
4636,0.5,0.0,0.0,0.0,0.0,0.0,250.0,633.782216445945,100.0,0.0,0.0
4637,1.0,0.0,0.0,0.0,0.0,0.0,250.0,380.623181704246,100.0,0.0,0.0
4638,1.0,0.0,0.0,0.0,0.0,0.0,250.0,127.717305997289,100.0,0.0,0.0
4639,1.0,12.0089058692421,0.0,93.6640425225156,0.0,0.0,126.313692804379,0.0,87.99109413075786,0.0,0.0
4640,1.0,33.7223190820197,0.0,165.694202294951,0.0,0.0,0.0,0.0,66.2776809179804,0.0,311.221897216286
4641,1.0,59.1253512138848,0.0,102.186621965288,0.0,0.0,0.0,0.0,40.8746487861152,0.0,459.305094597224
4642,1.0,79.0699829505938,0.0,52.3250426235155,0.0,0.0,0.0,0.0,20.930017049406203,0.0,552.528911344929
4643,1.0,94.6848774654884,0.0,13.2878063362789,0.0,0.0,0.0,0.0,5.31512253451156,0.0,635.016523598765
4644,1.0,100.0,0.0,0.0,505.124466715652,500.073222048496,0.0,500.073222048496,0.0,4.66361951361252,160.181329511422
4645,1.0,100.0,0.0,0.0,653.341592687929,646.80817676105,0.0,1146.3813255875,0.0,7.50004652487766,0.0
4646,1.0,100.0,4.28773880767181,0.0,637.07966116944,634.868828748949,0.0,1780.10377301086,0.0,0.0,0.0
4647,1.0,93.8564073902539,0.0,15.3589815243651,573.647127086135,567.910655815274,0.0,2346.23432505312,6.14359260974604,0.0,0.0
4648,1.0,76.7459085970234,0.0,58.1352285074416,459.498367908464,454.903384229379,0.0,2798.79147495745,23.25409140297664,0.0,0.0
4649,2.0,52.7493602392504,0.0,118.126599401874,270.244961592623,267.542511976697,0.0,3063.53519545919,47.25063976074961,0.0,0.0
4650,2.0,28.1181720377224,0.0,179.704569905694,88.7366132870453,87.8492471541748,0.0,3148.3209074179,71.8818279622776,0.0,0.0
4651,2.0,4.91161895844424,0.0,0.0,0.0,0.0,237.720952603889,2905.05041216312,95.0883810415556,0.0,0.0
4652,2.0,0.0,0.0,0.0,0.0,0.0,250.0,2649.62010922571,100.0,0.0,0.0
4653,2.0,0.0,0.0,0.0,0.0,0.0,250.0,2394.44523659123,100.0,0.0,0.0
4654,2.0,0.0,0.0,0.0,0.0,0.0,250.0,2139.52553882938,100.0,0.0,0.0
4655,2.0,0.0,0.0,0.0,0.0,0.0,250.0,1884.8607607653,100.0,0.0,0.0
4656,0.5,0.0,0.0,0.0,0.0,0.0,250.0,1630.45064747928,100.0,0.0,0.0
4657,0.5,0.0,0.0,0.0,0.0,0.0,250.0,1376.29494430655,100.0,0.0,0.0
4658,0.5,0.0,0.0,0.0,0.0,0.0,250.0,1122.39339683699,100.0,0.0,0.0
4659,0.5,0.0,0.0,0.0,0.0,0.0,250.0,868.745750914903,100.0,0.0,0.0
4660,0.5,0.0,0.0,0.0,0.0,0.0,250.0,615.351752638735,100.0,0.0,0.0
4661,1.0,0.0,0.0,0.0,0.0,0.0,250.0,362.211148360844,100.0,0.0,0.0
4662,1.0,0.0,0.0,0.0,0.0,0.0,250.0,109.32368468723,100.0,0.0,0.0
4663,1.0,11.2351649912806,0.0,113.789870129281,0.0,0.0,108.122217392518,0.0,88.7648350087196,0.0,0.0
4664,1.0,34.0783130698398,0.0,164.8042173254,0.0,0.0,0.0,0.0,65.92168693016,0.0,329.349090397575
4665,1.0,60.6793638666569,0.0,98.3015903333578,0.0,0.0,0.0,0.0,39.32063613334312,0.0,485.480648550509
4666,1.0,81.7891894473131,0.0,45.5270263817173,0.0,0.0,0.0,0.0,18.21081055268692,0.0,594.973253522655
4667,1.0,98.1197281940095,0.0,4.70067951497619,0.0,0.0,0.0,0.0,1.880271805990476,0.0,678.784993256517
4668,1.0,100.0,0.0,0.0,130.049710056521,128.749212955955,0.0,128.749212955955,0.0,8.35527941827166,571.500641419361
4669,1.0,100.0,0.0,0.0,693.295763902665,686.362806263638,0.0,814.983270006638,0.0,10.316536,0.0
4670,1.0,100.0,7.53012354148942,0.0,667.059915799018,667.695042500981,0.0,1481.86332923761,0.0,0.0,0.0
4671,1.0,97.4710833659535,0.0,6.32229158511624,614.087149561973,607.946278066353,0.0,2088.32774397473,2.528916634046496,0.0,0.0
4672,1.0,80.9535843024691,0.0,47.6160392438274,517.779805514125,512.602007458984,0.0,2598.84142368974,19.04641569753096,0.0,0.0
4673,2.0,57.9527929277196,0.0,105.118017680701,360.91617648141,357.307014716596,0.0,2953.54959698264,42.0472070722804,0.0,0.0
4674,2.0,32.5658246000154,0.0,168.585438499962,188.183616559525,186.30178039393,0.0,3136.89782777959,67.43417539998481,0.0,0.0
4675,2.0,5.70166281928643,0.0,0.0,0.0,0.0,235.745842951784,2895.6338158591,94.2983371807136,0.0,0.0
4676,2.0,0.0,0.0,0.0,0.0,0.0,250.0,2640.21292951799,100.0,0.0,0.0
4677,2.0,0.0,0.0,0.0,0.0,0.0,250.0,2385.04746406322,100.0,0.0,0.0
4678,2.0,0.0,0.0,0.0,0.0,0.0,250.0,2130.1371640739,100.0,0.0,0.0
4679,2.0,0.0,0.0,0.0,0.0,0.0,250.0,1875.48177438457,100.0,0.0,0.0
4680,0.5,0.0,0.0,0.0,0.0,0.0,250.0,1621.08104008494,100.0,0.0,0.0
4681,0.5,0.0,0.0,0.0,0.0,0.0,250.0,1366.9347065196,100.0,0.0,0.0
4682,0.5,0.0,0.0,0.0,0.0,0.0,250.0,1113.04251928783,100.0,0.0,0.0
4683,0.5,0.0,0.0,0.0,0.0,0.0,250.0,859.404224243287,100.0,0.0,0.0
4684,0.5,0.0,0.0,0.0,0.0,0.0,250.0,606.019567493791,100.0,0.0,0.0
4685,1.0,0.0,0.0,0.0,0.0,0.0,250.0,352.888295401045,100.0,0.0,0.0
4686,1.0,0.0,0.0,0.0,0.0,0.0,250.0,100.010154580391,100.0,0.0,0.0
4687,1.0,12.4067098366089,0.0,120.072182426925,0.0,0.0,98.9110429815528,0.0,87.59329016339112,0.0,0.0
4688,1.0,34.6784460197689,0.0,163.303884950578,0.0,0.0,0.0,0.0,65.3215539802312,0.0,321.81507362022
4689,1.0,59.3842158626432,0.0,101.539460343392,0.0,0.0,0.0,0.0,40.6157841373568,0.0,479.092910713802
4690,1.0,80.036576868934,0.0,49.9085578276649,0.0,0.0,0.0,0.0,19.963423131065962,0.0,574.135168584824
4691,1.0,95.7178987526721,0.0,10.7052531183198,0.0,0.0,0.0,0.0,4.28210124732792,0.0,646.293807550732
4692,1.0,100.0,0.0,0.0,103.950810735253,102.9113026279,0.0,102.9113026279,0.0,5.93013318552941,595.139721348245
4693,1.0,100.0,8.54294208007332,0.0,676.467817044563,677.991501280205,0.0,780.799892605477,0.0,0.0,0.0
4694,1.0,100.0,2.6394808621758,0.0,611.365236943284,607.812408906334,0.0,1387.83150161921,0.0,0.0,0.0
4695,1.0,97.5738459900523,0.0,6.06538502486927,659.083987908523,652.493148029438,0.0,2038.93681814702,2.4261540099477084,0.0,0.0
4696,1.0,81.0289392016323,0.0,47.4276519959194,545.674703910444,540.21795687134,0.0,2577.11583820022,18.97106079836776,0.0,0.0
4697,2.0,58.7398726188535,0.0,103.150318452866,388.676100136135,384.789339134774,0.0,2959.32806149679,41.260127381146404,0.0,0.0
4698,2.0,32.9858539478737,0.0,167.535365130316,204.353351516442,202.309818001277,0.0,3158.67855143657,67.0141460521264,0.0,0.0
4699,2.0,6.16596565509144,0.0,0.0,0.0,0.0,234.585085862271,2918.56524070102,93.8340343449084,0.0,0.0
4700,2.0,0.0,0.0,0.0,0.0,0.0,250.0,2663.12142293507,100.0,0.0,0.0
4701,2.0,0.0,0.0,0.0,0.0,0.0,250.0,2407.93304898688,100.0,0.0,0.0
4702,2.0,0.0,0.0,0.0,0.0,0.0,250.0,2152.99986341264,100.0,0.0,0.0
4703,2.0,0.0,0.0,0.0,0.0,0.0,250.0,1898.32161102398,100.0,0.0,0.0
4704,0.5,0.0,0.0,0.0,0.0,0.0,250.0,1643.8980368877,100.0,0.0,0.0
4705,0.5,0.0,0.0,0.0,0.0,0.0,250.0,1389.72888632556,100.0,0.0,0.0
4706,0.5,0.0,0.0,0.0,0.0,0.0,250.0,1135.81390491398,100.0,0.0,0.0
4707,0.5,0.0,0.0,0.0,0.0,0.0,250.0,882.152838483815,100.0,0.0,0.0
4708,0.5,0.0,0.0,0.0,0.0,0.0,250.0,628.745433120078,100.0,0.0,0.0
4709,1.0,0.0,0.0,0.0,0.0,0.0,250.0,375.591435161706,100.0,0.0,0.0
4710,1.0,0.0,0.0,0.0,0.0,0.0,250.0,122.690591201291,100.0,0.0,0.0
4711,1.0,11.2262131887721,0.0,100.59224542408,0.0,0.0,121.342221603989,0.0,88.77378681122761,0.0,0.0
4712,1.0,33.881941949134,0.0,165.295145127165,0.0,0.0,0.0,0.0,66.118058050866,0.0,305.797363065729
4713,1.0,59.5581061341218,0.0,101.104734664696,0.0,0.0,0.0,0.0,40.4418938658784,0.0,466.358535652892
4714,1.0,78.8330131129812,0.0,52.9174672175469,0.0,0.0,0.0,0.0,21.166986887018762,0.0,571.778379115554
4715,1.0,92.2205428779616,0.0,19.448642805096,0.0,0.0,0.0,0.0,7.779457122038401,0.0,639.286673066425
4716,1.0,98.3489198056019,0.0,4.12770048599526,199.667561005326,197.670885395273,0.0,197.670885395273,1.6510801943981042,0.0,481.973260530867
4717,1.0,100.0,0.0,0.0,679.223939528641,672.431700133354,0.0,869.904914643232,0.0,0.322763989721778,0.0
4718,1.0,99.3810838292697,0.0,1.54729042682582,661.080289076078,654.469486185317,0.0,1523.50449591391,0.6189161707303281,0.0,0.0
4719,1.0,92.4977552635156,0.0,18.755611841211,624.005831798248,617.765773480265,0.0,2139.74676489826,7.5022447364844,0.0,0.0
4720,1.0,77.4478855021721,0.0,56.3802862445699,514.276876621015,509.134107854805,0.0,2646.74112598816,22.55211449782796,0.0,0.0
4721,2.0,56.7004120431636,0.0,108.248969892091,370.265588990998,366.562933101088,0.0,3010.65731796326,43.299587956836405,0.0,0.0
4722,2.0,31.1258539837459,0.0,172.185365040635,174.079959743891,172.339160146452,0.0,3179.98582079175,68.874146016254,0.0,0.0
4723,2.0,5.00083737797349,0.0,0.0,0.0,0.0,237.497906555066,2936.90895966281,94.9991626220264,0.0,0.0
4724,2.0,0.0,0.0,0.0,0.0,0.0,250.0,2681.4467981779,100.0,0.0,0.0
4725,2.0,0.0,0.0,0.0,0.0,0.0,250.0,2426.24009885447,100.0,0.0,0.0
4726,2.0,0.0,0.0,0.0,0.0,0.0,250.0,2171.28860623036,100.0,0.0,0.0
4727,2.0,0.0,0.0,0.0,0.0,0.0,250.0,1916.59206509888,100.0,0.0,0.0
4728,0.5,0.0,0.0,0.0,0.0,0.0,250.0,1662.15022050853,100.0,0.0,0.0
4729,0.5,0.0,0.0,0.0,0.0,0.0,250.0,1407.96281776276,100.0,0.0,0.0
4730,0.5,0.0,0.0,0.0,0.0,0.0,250.0,1154.02960241975,100.0,0.0,0.0
4731,0.5,0.0,0.0,0.0,0.0,0.0,250.0,900.350320292077,100.0,0.0,0.0
4732,0.5,0.0,0.0,0.0,0.0,0.0,250.0,646.924717446532,100.0,0.0,0.0
4733,1.0,0.0,0.0,0.0,0.0,0.0,250.0,393.752540203833,100.0,0.0,0.0
4734,1.0,0.0,0.0,0.0,0.0,0.0,250.0,140.833535138377,100.0,0.0,0.0
4735,1.0,11.34721398971,0.0,82.346190438519,0.0,0.0,139.285774587206,0.0,88.65278601029,0.0,0.0
4736,1.0,33.0104402939024,0.0,167.473899265244,0.0,0.0,0.0,0.0,66.98955970609761,0.0,293.065916160851
4737,1.0,57.5629473815461,0.0,106.092631546135,0.0,0.0,0.0,0.0,42.437052618454004,0.0,411.835353660271
4738,1.0,77.9435906156721,0.0,55.1410234608199,0.0,0.0,0.0,0.0,22.056409384327964,0.0,567.681452669058
4739,1.0,92.3537061343336,0.0,19.115734664166,0.0,0.0,0.0,0.0,7.6462938656664,0.0,618.61062774686
4740,1.0,100.0,0.0,0.0,286.147202815719,283.285730787562,0.0,283.285730787562,0.0,2.13952533324129,380.281561523566
4741,1.0,100.0,0.0,0.0,656.820316427868,650.252113263589,0.0,933.254558320363,0.0,4.71815261688381,0.0
4742,1.0,100.0,1.32469600863779,0.0,651.856683887541,646.623337116246,0.0,1578.94464087829,0.0,0.0,0.0
4743,1.0,92.7220654090225,0.0,18.1948364774438,595.664464001151,589.70781936114,0.0,2167.07351559855,7.27793459097752,0.0,0.0
4744,1.0,77.202151411337,0.0,56.9946214716576,501.610814155212,496.59470601366,0.0,2661.50114809661,22.797848588663044,0.0,0.0
4745,2.0,55.8469445734396,0.0,110.382638566401,355.187473905297,351.635599166244,0.0,3010.47524611476,44.1530554265604,0.0,0.0
4746,2.0,30.6139304039856,0.0,173.465173990036,165.645176416728,163.988724652561,0.0,3171.45349552121,69.3860695960144,0.0,0.0
4747,2.0,4.44601801260321,0.0,0.0,0.0,0.0,238.884954968492,2926.98410771408,95.55398198739681,0.0,0.0
4748,2.0,0.0,0.0,0.0,0.0,0.0,250.0,2671.53187108111,100.0,0.0,0.0
4749,2.0,0.0,0.0,0.0,0.0,0.0,250.0,2416.33508668478,100.0,0.0,0.0
4750,2.0,0.0,0.0,0.0,0.0,0.0,250.0,2161.39349907284,100.0,0.0,0.0
4751,2.0,0.0,0.0,0.0,0.0,0.0,250.0,1906.70685304851,100.0,0.0,0.0
4752,0.5,0.0,0.0,0.0,0.0,0.0,250.0,1652.27489367021,100.0,0.0,0.0
4753,0.5,0.0,0.0,0.0,0.0,0.0,250.0,1398.09736625129,100.0,0.0,0.0
4754,0.5,0.0,0.0,0.0,0.0,0.0,250.0,1144.17401635979,100.0,0.0,0.0
4755,0.5,0.0,0.0,0.0,0.0,0.0,250.0,890.504589818173,100.0,0.0,0.0
4756,0.5,0.0,0.0,0.0,0.0,0.0,250.0,637.088832703103,100.0,0.0,0.0
4757,1.0,0.0,0.0,0.0,0.0,0.0,250.0,383.926491345147,100.0,0.0,0.0
4758,1.0,0.0,0.0,0.0,0.0,0.0,250.0,131.017312328549,100.0,0.0,0.0
4759,1.0,10.9014406964996,0.0,93.1689661926925,0.0,0.0,129.577432066058,0.0,89.09855930350021,0.0,0.0
4760,1.0,32.8087531991056,0.0,167.978117002236,0.0,0.0,0.0,0.0,67.1912468008944,0.0,296.831315621325
4761,1.0,57.9589438250005,0.0,105.102640437499,0.0,0.0,0.0,0.0,42.0410561749996,0.0,465.416788979642
4762,1.0,76.7449275856786,0.0,58.1376810358034,0.0,0.0,0.0,0.0,23.25507241432136,0.0,562.036131146629
4763,1.0,90.1980430618632,0.0,24.504892345342,0.0,0.0,0.0,0.0,9.8019569381368,0.0,629.911331341274
4764,1.0,96.0828140738661,0.0,9.79296481533481,431.225155592041,426.91290403612,0.0,426.91290403612,3.9171859261339246,0.0,147.303660630092
4765,1.0,100.0,0.0,0.0,662.954333175494,656.324789843739,0.0,1082.81078097582,0.0,2.44977757814463,0.0
4766,1.0,99.8881816935521,0.0,0.279545766119824,658.061516949193,651.480901779701,0.0,1733.20887197455,0.11181830644792962,0.0,0.0
4767,1.0,90.9701550894077,0.0,22.5746122764807,575.698125731274,569.941144473961,0.0,2301.41680757653,9.02984491059228,0.0,0.0
4768,1.0,76.468706040811,0.0,58.8282348979726,496.54300229501,491.577572272059,0.0,2790.69296304102,23.531293959189043,0.0,0.0
4769,2.0,50.897526217231,0.0,122.756184456923,253.324573451883,250.791327717364,0.0,3038.69359779534,49.1024737827692,0.0,0.0
4770,2.0,30.1810498716161,0.0,174.54737532096,156.435378592932,154.871024807003,0.0,3190.52592900455,69.818950128384,0.0,0.0
4771,2.0,4.80631142783692,0.0,0.0,0.0,0.0,237.984221430408,2946.94730062059,95.19368857216321,0.0,0.0
4772,2.0,0.0,0.0,0.0,0.0,0.0,250.0,2691.47510079471,100.0,0.0,0.0
4773,2.0,0.0,0.0,0.0,0.0,0.0,250.0,2436.25837316866,100.0,0.0,0.0
4774,2.0,0.0,0.0,0.0,0.0,0.0,250.0,2181.29686227024,100.0,0.0,0.0
4775,2.0,0.0,0.0,0.0,0.0,0.0,250.0,1926.59031288272,100.0,0.0,0.0
4776,0.5,0.0,0.0,0.0,0.0,0.0,250.0,1672.13847004459,100.0,0.0,0.0
4777,0.5,0.0,0.0,0.0,0.0,0.0,250.0,1417.94107904929,100.0,0.0,0.0
4778,0.5,0.0,0.0,0.0,0.0,0.0,250.0,1163.99788544499,100.0,0.0,0.0
4779,0.5,0.0,0.0,0.0,0.0,0.0,250.0,910.308635034288,100.0,0.0,0.0
4780,0.5,0.0,0.0,0.0,0.0,0.0,250.0,656.873073874002,100.0,0.0,0.0
4781,1.0,0.0,0.0,0.0,0.0,0.0,250.0,403.690948274875,100.0,0.0,0.0
4782,1.0,0.0,0.0,0.0,0.0,0.0,250.0,150.762004801348,100.0,0.0,0.0
4783,1.0,11.2938299737708,0.0,72.660294696992,0.0,0.0,149.105130368581,0.0,88.7061700262292,0.0,0.0
4784,1.0,32.9870334753882,0.0,167.532416311529,0.0,0.0,0.0,0.0,67.0129665246116,0.0,274.942747316785
4785,1.0,58.0597050262005,0.0,104.850737434499,30.1122048033894,29.8110827553555,0.0,29.8110827553555,41.9402949737996,0.0,414.341631190016
4786,1.0,77.9142142076012,0.0,55.214464480997,559.83942808678,554.241033805912,0.0,584.022305478513,22.085785792398802,0.0,0.0
4787,1.0,92.4509853004697,0.0,18.8725367488257,630.760114173236,624.452513031503,0.0,1207.89079620454,7.54901469953028,0.0,0.0
4788,1.0,99.2139454239157,0.0,1.96513644021085,605.424222964842,599.369980735193,0.0,1806.05288614353,0.78605457608434,0.0,0.0
4789,1.0,90.3086784906909,0.0,24.2283037732727,364.850128398906,361.201627114917,0.0,2165.4484603723,9.69132150930908,0.0,0.0
4790,1.0,93.9867721120637,0.0,15.0330697198408,482.682613803483,477.855787665448,0.0,2641.13879957737,6.013227887936321,0.0,0.0
4791,1.0,90.4422940708577,0.0,23.8942648228557,547.569018365448,542.093328181793,0.0,3180.59098895959,9.55770592914228,0.0,0.0
4792,1.0,58.580033552497,0.0,103.549916118757,157.525048382899,155.94979789907,0.0,3333.3601958697,41.4199664475028,0.0,0.0
4793,2.0,41.9621303553607,0.0,145.094674111598,85.0932510657917,84.2423185551338,0.0,3414.26915422897,58.03786964463921,0.0,0.0
4794,2.0,19.7574750273881,0.0,0.0,0.0,0.0,200.60631243153,3208.22224625501,80.242524972612,0.0,0.0
4795,2.0,1.38398815540096,0.0,0.0,0.0,0.0,246.540029611498,2955.98369106785,98.6160118445992,0.0,0.0
4796,2.0,0.0,0.0,0.0,0.0,0.0,250.0,2700.50245485153,100.0,0.0,0.0
4797,2.0,0.0,0.0,0.0,0.0,0.0,250.0,2445.27669987142,100.0,0.0,0.0
4798,2.0,0.0,0.0,0.0,0.0,0.0,250.0,2190.3061706463,100.0,0.0,0.0
4799,2.0,0.0,0.0,0.0,0.0,0.0,250.0,1935.5906119504,100.0,0.0,0.0
4800,0.5,0.0,0.0,0.0,0.0,0.0,250.0,1681.1297688132,100.0,0.0,0.0
4801,0.5,0.0,0.0,0.0,0.0,0.0,250.0,1426.92338651913,100.0,0.0,0.0
4802,0.5,0.0,0.0,0.0,0.0,0.0,250.0,1172.97121060736,100.0,0.0,0.0
4803,0.5,0.0,0.0,0.0,0.0,0.0,250.0,919.2729868715,100.0,0.0,0.0
4804,0.5,0.0,0.0,0.0,0.0,0.0,250.0,665.828461359376,100.0,0.0,0.0
4805,1.0,0.0,0.0,0.0,0.0,0.0,250.0,412.637380372764,100.0,0.0,0.0
4806,1.0,0.0,0.0,0.0,0.0,0.0,250.0,159.699490467139,100.0,0.0,0.0
4807,1.0,11.8266367649591,0.0,62.4890150206971,0.0,0.0,157.944393066905,0.0,88.17336323504085,0.0,0.0
4808,1.0,33.106667009404,0.0,167.23333247649,0.0,0.0,0.0,0.0,66.89333299059601,0.0,275.602747150657
4809,1.0,59.0169841241643,0.0,102.457539689589,0.0,0.0,0.0,0.0,40.983015875835605,0.0,445.093126111185
4810,1.0,79.2440188085882,0.0,51.8899529785296,0.0,0.0,0.0,0.0,20.75598119141184,0.0,550.540042358327
4811,1.0,95.5745873741112,0.0,11.063531564722,0.0,0.0,0.0,0.0,4.4254126258888,0.0,647.613067100004
4812,1.0,100.0,0.0,0.0,478.090050226408,473.309149724144,0.0,473.309149724144,0.0,6.44290189950532,215.110610712731
4813,1.0,100.0,0.0,0.0,664.358113698828,657.714532561839,0.0,1130.55037313626,0.0,9.25664936932399,0.0
4814,1.0,100.0,0.0,0.0,623.726668253535,617.489401570999,0.0,1746.90922433412,0.0,4.77060755555601,0.0
4815,1.0,94.6871741853425,0.0,13.2820645366438,575.121292259405,569.370079336811,0.0,2314.5323944466,5.31282581465752,0.0,0.0
4816,1.0,77.2491848757969,0.0,56.8770378105078,459.461314779655,454.866701631858,0.0,2767.08456368401,22.750815124203122,0.0,0.0
4817,2.0,54.7695432867195,0.0,113.076141783201,306.953577273099,303.884041500368,0.0,3068.20152062069,45.230456713280404,0.0,0.0
4818,2.0,29.4949836410044,0.0,176.262540897489,123.935350067697,122.69599656702,0.0,3187.82931566709,70.5050163589956,0.0,0.0
4819,2.0,3.65515938712498,0.0,0.0,0.0,0.0,240.862101532188,2941.34643429871,96.3448406128752,0.0,0.0
4820,2.0,0.0,0.0,0.0,0.0,0.0,250.0,2685.87983533916,100.0,0.0,0.0
4821,2.0,0.0,0.0,0.0,0.0,0.0,250.0,2430.66870297857,100.0,0.0,0.0
4822,2.0,0.0,0.0,0.0,0.0,0.0,250.0,2175.71278175034,100.0,0.0,0.0
4823,2.0,0.0,0.0,0.0,0.0,0.0,250.0,1921.01181644334,100.0,0.0,0.0
4824,0.5,0.0,0.0,0.0,0.0,0.0,250.0,1666.56555210164,100.0,0.0,0.0
4825,0.5,0.0,0.0,0.0,0.0,0.0,250.0,1412.37373402429,100.0,0.0,0.0
4826,0.5,0.0,0.0,0.0,0.0,0.0,250.0,1158.43610776501,100.0,0.0,0.0
4827,0.5,0.0,0.0,0.0,0.0,0.0,250.0,904.752419131991,100.0,0.0,0.0
4828,0.5,0.0,0.0,0.0,0.0,0.0,250.0,651.322414187606,100.0,0.0,0.0
4829,1.0,0.0,0.0,0.0,0.0,0.0,250.0,398.145839248166,100.0,0.0,0.0
4830,1.0,0.0,0.0,0.0,0.0,0.0,250.0,145.222440883665,100.0,0.0,0.0
4831,1.0,10.6871764898384,0.0,79.6556125170501,0.0,0.0,143.626446258354,0.0,89.31282351016165,0.0,0.0
4832,1.0,32.4180420231523,0.0,168.954894942119,0.0,0.0,0.0,0.0,67.5819579768476,0.0,285.933014822924
4833,1.0,57.9505528862788,0.0,105.123617784303,0.0,0.0,0.0,0.0,42.0494471137212,0.0,457.109969043972
4834,1.0,78.7849706258975,0.0,53.0375734352562,0.0,0.0,0.0,0.0,21.215029374102482,0.0,575.635504662874
4835,1.0,94.7428520963708,0.0,13.142869759073,0.0,0.0,0.0,0.0,5.2571479036292,0.0,659.345378788918
4836,1.0,100.0,0.0,0.0,299.668306946278,296.671623876815,0.0,296.671623876815,0.0,4.39696333006508,391.124260313816
4837,1.0,100.0,0.0,0.0,674.091497311952,667.350582338832,0.0,963.72553459177,0.0,6.87423361407878,0.0
4838,1.0,100.0,3.37808837792826,0.0,637.396802794072,634.300256110397,0.0,1597.06206516758,0.0,0.0,0.0
4839,1.0,94.484403541223,0.0,13.7889911469426,595.990031488235,590.030131173352,0.0,2185.49513427576,5.51559645877704,0.0,0.0
4840,1.0,78.7549785667683,0.0,53.1125535830792,508.734908938849,503.647559849461,0.0,2686.95719899095,21.24502143323168,0.0,0.0
4841,2.0,56.220212154213,0.0,109.449469614468,349.680144181904,346.183342740085,0.0,3030.45358453204,43.779787845787205,0.0,0.0
4842,2.0,31.1593082224253,0.0,172.101729443937,173.933214351093,172.193882207582,0.0,3199.61701315509,68.8406917775748,0.0,0.0
4843,2.0,4.44909348638717,0.0,0.0,0.0,0.0,238.877266284032,2955.12722817827,95.5509065136128,0.0,0.0
4844,2.0,0.0,0.0,0.0,0.0,0.0,250.0,2699.64684842484,100.0,0.0,0.0
4845,2.0,0.0,0.0,0.0,0.0,0.0,250.0,2444.42194905116,100.0,0.0,0.0
4846,2.0,0.0,0.0,0.0,0.0,0.0,250.0,2189.45227457685,100.0,0.0,0.0
4847,2.0,0.0,0.0,0.0,0.0,0.0,250.0,1934.73756977702,100.0,0.0,0.0
4848,0.5,0.0,0.0,0.0,0.0,0.0,250.0,1680.27757968199,100.0,0.0,0.0
4849,0.5,0.0,0.0,0.0,0.0,0.0,250.0,1426.07204957706,100.0,0.0,0.0
4850,0.5,0.0,0.0,0.0,0.0,0.0,250.0,1172.12072500223,100.0,0.0,0.0
4851,0.5,0.0,0.0,0.0,0.0,0.0,250.0,918.423351751976,100.0,0.0,0.0
4852,0.5,0.0,0.0,0.0,0.0,0.0,250.0,664.979675874971,100.0,0.0,0.0
4853,1.0,0.0,0.0,0.0,0.0,0.0,250.0,411.789443673844,100.0,0.0,0.0
4854,1.0,0.0,0.0,0.0,0.0,0.0,250.0,158.852401704918,100.0,0.0,0.0
4855,1.0,10.8628278917679,0.0,65.7363164603997,0.0,0.0,157.106613810181,0.0,89.13717210823228,0.0,0.0
4856,1.0,32.3602930084649,0.0,169.099267478838,0.0,0.0,0.0,0.0,67.63970699153519,0.0,245.996369357836
4857,1.0,57.5739508443251,0.0,106.065122889187,0.0,0.0,0.0,0.0,42.426049155674804,0.0,434.153932591965
4858,1.0,78.146387776725,0.0,54.6340305581874,0.0,0.0,0.0,0.0,21.85361222327496,0.0,552.02492873724
4859,1.0,92.6431650547734,0.0,18.3920873630665,0.0,0.0,0.0,0.0,7.356834945226601,0.0,612.384151257273
4860,1.0,100.0,0.0,0.0,416.273030953482,412.110300643947,0.0,412.110300643947,0.0,3.48535145814569,251.180581083243
4861,1.0,100.0,0.0,0.0,637.180296772581,630.808493804856,0.0,1042.50668414816,0.0,5.19697829066074,0.0
4862,1.0,100.0,0.0,0.0,643.810302222767,637.37219920054,0.0,1678.83637666455,0.0,3.28578330978657,0.0
4863,1.0,92.8591994661342,0.0,17.8520013346645,577.745528659087,571.968073372496,0.0,2249.12561366038,7.1408005338658,0.0,0.0
4864,1.0,77.982923050918,0.0,55.0426923727051,502.789553366208,497.761657832546,0.0,2744.63814587927,22.01707694908204,0.0,0.0
4865,2.0,54.6358217461558,0.0,113.41044563461,324.136720352771,320.895353149243,0.0,3062.78886088263,45.364178253844,0.0,0.0
4866,2.0,29.309135977958,0.0,176.727160055105,135.569339894706,134.213646495759,0.0,3193.93971851751,70.690864022042,0.0,0.0
4867,2.0,3.28964918429099,0.0,0.0,0.0,0.0,241.775877039273,2946.52772118356,96.7103508157092,0.0,0.0
4868,2.0,0.0,0.0,0.0,0.0,0.0,250.0,2691.05594093713,100.0,0.0,0.0
4869,2.0,0.0,0.0,0.0,0.0,0.0,250.0,2435.83963247094,100.0,0.0,0.0
4870,2.0,0.0,0.0,0.0,0.0,0.0,250.0,2180.87854031321,100.0,0.0,0.0
4871,2.0,0.0,0.0,0.0,0.0,0.0,250.0,1926.17240924765,100.0,0.0,0.0
4872,0.5,0.0,0.0,0.0,0.0,0.0,250.0,1671.72098431315,100.0,0.0,0.0
4873,0.5,0.0,0.0,0.0,0.0,0.0,250.0,1417.52401080358,100.0,0.0,0.0
4874,0.5,0.0,0.0,0.0,0.0,0.0,250.0,1163.58123426752,100.0,0.0,0.0
4875,0.5,0.0,0.0,0.0,0.0,0.0,250.0,909.892400508004,100.0,0.0,0.0
4876,0.5,0.0,0.0,0.0,0.0,0.0,250.0,656.457255582244,100.0,0.0,0.0
4877,1.0,0.0,0.0,0.0,0.0,0.0,250.0,403.275545801409,100.0,0.0,0.0
4878,1.0,0.0,0.0,0.0,0.0,0.0,250.0,150.347017730355,100.0,0.0,0.0
4879,1.0,10.4920773543849,0.0,75.0751026085394,0.0,0.0,148.694704005498,0.0,89.50792264561497,0.0,0.0
4880,1.0,32.290606435217,0.0,169.273483911957,146.2969927769,144.834022849131,0.0,144.834022849131,67.7093935647828,0.0,149.796753282549
4881,1.0,58.4215717334777,0.0,103.946070666306,464.410027189738,459.76592691784,0.0,604.455115744123,41.5784282665224,0.0,0.0
4882,1.0,78.6106559350331,0.0,53.4733601624172,566.281920979987,560.619101770187,0.0,1164.46976239857,21.38934406496688,0.0,0.0
4883,1.0,93.0868041446754,0.0,17.2829896383115,629.222648128603,622.930421647317,0.0,1786.23571428348,6.9131958553246,0.0,0.0
4884,1.0,100.0,3.76695988127842,0.0,690.867759487271,687.613786369214,0.0,2472.06326493841,0.0,0.0,0.0
4885,1.0,100.0,6.10262930323559,0.0,674.385728093504,673.562641762568,0.0,3143.15384343604,0.0,0.0,0.0
4886,1.0,100.0,2.87540432973736,0.0,657.539437867869,653.753760769901,0.0,3793.76445036251,0.0,0.0,0.0
4887,1.0,93.6561484231698,0.0,15.8596289420755,603.517693244276,597.482516311833,0.0,4387.45320222398,6.3438515768302,0.0,0.0
4888,1.0,77.062329908945,0.0,57.3441752276375,498.067428095623,493.086753814667,0.0,4876.15250283642,22.937670091055,0.0,0.0
4889,2.0,53.904055412332,0.0,115.23986146917,318.569568450219,315.383872765717,0.0,5186.6602230993,46.095944587668,0.0,0.0
4890,2.0,24.3034482974414,0.0,189.241379256396,23.5859194433069,23.3500602488739,0.0,5204.82362312508,75.6965517025584,0.0,0.0
4891,2.0,3.82892609225732,0.0,0.0,0.0,0.0,240.427684769357,4956.76255226018,96.17107390774281,0.0,0.0
4892,2.0,0.0,0.0,0.0,0.0,0.0,250.0,4699.28053718267,100.0,0.0,0.0
4893,2.0,0.0,0.0,0.0,0.0,0.0,250.0,4442.05600412023,100.0,0.0,0.0
4894,2.0,0.0,0.0,0.0,0.0,0.0,250.0,4185.08869559086,100.0,0.0,0.0
4895,2.0,0.0,0.0,0.0,0.0,0.0,250.0,3928.37835437001,100.0,0.0,0.0
4896,0.5,0.0,0.0,0.0,0.0,0.0,250.0,3671.92472349039,100.0,0.0,0.0
4897,0.5,0.0,0.0,0.0,0.0,0.0,250.0,3415.72754624165,100.0,0.0,0.0
4898,0.5,0.0,0.0,0.0,0.0,0.0,250.0,3159.78656617015,100.0,0.0,0.0
4899,0.5,0.0,0.0,0.0,0.0,0.0,250.0,2904.10152707873,100.0,0.0,0.0
4900,0.5,0.0,0.0,0.0,0.0,0.0,250.0,2648.6721730264,100.0,0.0,0.0
4901,1.0,0.0,0.0,0.0,0.0,0.0,250.0,2393.49824832812,100.0,0.0,0.0
4902,1.0,0.0,0.0,0.0,0.0,0.0,250.0,2138.57949755454,100.0,0.0,0.0
4903,1.0,11.2736031252254,0.0,44.795234800514,0.0,0.0,177.020757386423,1957.63207221211,88.72639687477482,0.0,0.0
4904,1.0,32.352463271108,0.0,169.11884182223,245.3008396536,242.847831257064,0.0,2198.52227139697,67.647536728892,0.0,0.0
4905,1.0,58.2760130899731,0.0,104.309967275067,427.877178893711,423.598407104774,0.0,2619.92215623034,41.7239869100268,0.0,0.0
4906,1.0,78.7792342646631,0.0,53.0519143383423,536.195751293991,530.833793781051,0.0,3148.13602785516,21.220765735336922,0.0,0.0
4907,1.0,93.1565667172933,0.0,17.1085832067667,595.288656943767,589.335770374329,0.0,3734.32366220164,6.84343328270668,0.0,0.0
4908,1.0,100.0,3.03624842619637,0.0,652.461557614883,648.88271026183,0.0,4379.47204880127,0.0,0.0,0.0
4909,1.0,100.0,4.52595432060441,0.0,631.426429644187,629.503246229596,0.0,5004.59582298206,0.0,0.0,0.0
4910,1.0,95.3424085425871,0.0,11.6439786435322,505.463406910022,500.408772840922,0.0,5500.0,4.65759145741288,0.0,0.0
4911,1.0,47.4359917932965,0.0,0.0,0.0,0.0,131.410020516759,5361.76260553863,52.564008206703605,0.0,0.0
4912,1.0,5.76679515703795,0.0,0.0,0.0,0.0,235.583012107405,5118.43820444076,94.23320484296201,0.0,0.0
4913,2.0,58.1113813583155,0.0,104.721546604211,152.535080393407,151.009729589473,0.0,5264.32949582579,41.8886186416844,0.0,0.0
4914,2.0,30.6290558045718,0.0,173.427360488571,175.025561229027,173.275305616736,0.0,5432.3404719467,69.37094419542841,0.0,0.0
4915,2.0,3.97489702675249,0.0,0.0,0.0,0.0,240.062757433119,5184.42049770393,96.02510297324761,0.0,0.0
4916,2.0,0.0,0.0,0.0,0.0,0.0,250.0,4926.71082468097,100.0,0.0,0.0
4917,2.0,0.0,0.0,0.0,0.0,0.0,250.0,4669.25886133104,100.0,0.0,0.0
4918,2.0,0.0,0.0,0.0,0.0,0.0,250.0,4412.06434994445,100.0,0.0,0.0
4919,2.0,0.0,0.0,0.0,0.0,0.0,250.0,4155.12703306926,100.0,0.0,0.0
4920,0.5,0.0,0.0,0.0,0.0,0.0,250.0,3898.44665351093,100.0,0.0,0.0
4921,0.5,0.0,0.0,0.0,0.0,0.0,250.0,3642.02295433217,100.0,0.0,0.0
4922,0.5,0.0,0.0,0.0,0.0,0.0,250.0,3385.85567885259,100.0,0.0,0.0
4923,0.5,0.0,0.0,0.0,0.0,0.0,250.0,3129.94457064848,100.0,0.0,0.0
4924,0.5,0.0,0.0,0.0,0.0,0.0,250.0,2874.28937355258,100.0,0.0,0.0
4925,1.0,0.0,0.0,0.0,0.0,0.0,250.0,2618.88983165377,100.0,0.0,0.0
4926,1.0,0.0,0.0,0.0,0.0,0.0,250.0,2363.74568929687,100.0,0.0,0.0
4927,1.0,12.5351238690009,0.0,0.0,0.0,0.0,218.662190327498,2140.51104428687,87.4648761309992,0.0,0.0
4928,1.0,31.8072805113573,0.0,170.481798721607,79.2821069496269,78.4892858801307,0.0,2216.85981912271,68.1927194886428,0.0,0.0
4929,1.0,54.2400529361206,0.0,114.399867659698,294.067353949224,291.126680409732,0.0,2505.76963971332,45.7599470638792,0.0,0.0
4930,1.0,61.7709623144452,0.0,95.572594213887,136.184925998866,134.823076738877,0.0,2638.08694681248,38.2290376855548,0.0,0.0
4931,1.0,70.5373098016999,0.0,73.6567254957503,144.901761427071,143.452743812801,0.0,2778.90160367847,29.46269019830012,0.0,0.0
4932,1.0,81.9397679988692,0.0,45.1505800028271,271.190236781617,268.478334413801,0.0,3044.60103648859,18.06023200113084,0.0,0.0
4933,1.0,100.0,1.43994171697268,0.0,653.146271118693,648.011839861313,0.0,3689.56827531342,0.0,0.0,0.0
4934,1.0,64.6179527151,0.0,0.0,0.0,0.0,88.4551182122501,3596.53010278331,35.38204728490004,0.0,0.0
4935,1.0,40.4512171455484,0.0,0.0,0.0,0.0,148.871957136129,3442.5578584016,59.5487828544516,0.0,0.0
4936,1.0,14.2058394415977,0.0,0.0,0.0,0.0,214.485401396006,3222.46337994118,85.79416055840241,0.0,0.0
4937,2.0,28.0194603387729,0.0,0.0,0.0,0.0,179.951349153068,3037.47187701268,71.98053966122721,0.0,0.0
4938,2.0,16.315098149875,0.0,0.0,0.0,0.0,209.212254625312,2823.10889541313,83.6849018501248,0.0,0.0
4939,2.0,2.74732093882034,0.0,0.0,0.0,0.0,243.131697652949,2574.6982131309,97.2526790611796,0.0,0.0
4940,2.0,0.0,0.0,0.0,0.0,0.0,250.0,2319.59826239252,100.0,0.0,0.0
4941,2.0,0.0,0.0,0.0,0.0,0.0,250.0,2064.75341160487,100.0,0.0,0.0
4942,2.0,0.0,0.0,0.0,0.0,0.0,250.0,1810.16340566802,100.0,0.0,0.0
4943,2.0,0.0,0.0,0.0,0.0,0.0,250.0,1555.82798973709,100.0,0.0,0.0
4944,0.5,0.0,0.0,0.0,0.0,0.0,250.0,1301.74690922211,100.0,0.0,0.0
4945,0.5,0.0,0.0,0.0,0.0,0.0,250.0,1047.91990978763,100.0,0.0,0.0
4946,0.5,0.0,0.0,0.0,0.0,0.0,250.0,794.346737352591,100.0,0.0,0.0
4947,0.5,0.0,0.0,0.0,0.0,0.0,87.8139154594308,704.851465908742,35.12556618377232,0.0,0.0
4948,0.5,0.0,0.0,0.0,0.0,0.0,0.0,704.146614442833,0.0,0.0,0.0
4949,1.0,0.0,0.0,0.0,0.0,0.0,250.0,450.917215303138,100.0,0.0,0.0
4950,1.0,0.0,0.0,0.0,0.0,0.0,250.0,197.941045562582,100.0,0.0,0.0
4951,1.0,11.7073870259661,0.0,24.9658589632352,0.0,0.0,195.76567347185,0.0,88.29261297403409,0.0,0.0
4952,1.0,31.4752678750613,0.0,171.311830312347,0.0,0.0,0.0,0.0,68.52473212493881,0.0,253.442161279235
4953,1.0,56.8900922288334,0.0,107.774769427916,0.0,0.0,0.0,0.0,43.109907771166405,0.0,436.270342840662
4954,1.0,75.9359255361677,0.0,60.1601861595809,0.0,0.0,0.0,0.0,24.064074463832362,0.0,543.375284913248
4955,1.0,89.2514284816696,0.0,26.8714287958259,0.0,0.0,0.0,0.0,10.74857151833036,0.0,601.228537746542
4956,1.0,99.4176689490617,0.0,1.45582762734577,690.913339965459,684.004206565804,0.0,684.004206565804,0.5823310509383081,0.0,0.0
4957,1.0,100.0,0.363494123895048,0.0,657.982677457544,651.755512681972,0.0,1335.07571504121,0.0,2.46295297316529,0.0
4958,1.0,100.0,1.84994008330669,0.0,629.717265167823,625.214904384969,0.0,1958.95554371114,0.0,0.0,0.0
4959,1.0,92.8187158556215,0.0,17.9532103609462,550.625078776875,545.118827989107,0.0,2502.11541615653,7.1812841443784805,0.0,0.0
4960,1.0,75.1685359465731,0.0,62.0786601335672,434.015767091863,429.675609420944,0.0,2929.28891016132,24.83146405342688,0.0,0.0
4961,2.0,52.3934245571416,0.0,119.016438607146,270.296693787834,267.593726849956,0.0,3193.95334810112,47.6065754428584,0.0,0.0
4962,2.0,26.9387356761209,0.0,182.653160809698,78.7937343141769,78.0057969710351,0.0,3268.76519172405,73.0612643238792,0.0,0.0
4963,2.0,1.93261544095058,0.0,0.0,0.0,0.0,245.168461397624,3017.85151602968,98.0673845590496,0.0,0.0
4964,2.0,0.0,0.0,0.0,0.0,0.0,250.0,2762.30841198839,100.0,0.0,0.0
4965,2.0,0.0,0.0,0.0,0.0,0.0,250.0,2507.02085105115,100.0,0.0,0.0
4966,2.0,0.0,0.0,0.0,0.0,0.0,250.0,2251.98857767485,100.0,0.0,0.0
4967,2.0,0.0,0.0,0.0,0.0,0.0,250.0,1997.21133657192,100.0,0.0,0.0
4968,0.5,0.0,0.0,0.0,0.0,0.0,250.0,1742.6888727101,100.0,0.0,0.0
4969,0.5,0.0,0.0,0.0,0.0,0.0,250.0,1488.42093131213,100.0,0.0,0.0
4970,0.5,0.0,0.0,0.0,0.0,0.0,250.0,1234.40725785557,100.0,0.0,0.0
4971,0.5,0.0,0.0,0.0,0.0,0.0,250.0,980.647598072462,100.0,0.0,0.0
4972,0.5,0.0,0.0,0.0,0.0,0.0,250.0,727.141697949137,100.0,0.0,0.0
4973,1.0,0.0,0.0,0.0,0.0,0.0,250.0,473.889303725935,100.0,0.0,0.0
4974,1.0,0.0,0.0,0.0,0.0,0.0,250.0,220.890161896957,100.0,0.0,0.0
4975,1.0,12.6149683929164,0.0,0.0,0.0,0.0,218.462579017709,0.0,87.3850316070836,0.0,0.0
4976,1.0,31.8264853672958,0.0,170.43378658176,157.653938224354,156.077398842111,0.0,156.077398842111,68.173514632704,0.0,53.392650934733
4977,1.0,57.6260334552697,0.0,105.934916361826,437.895241149719,433.516288738221,0.0,589.43761018149,42.3739665447304,0.0,0.0
4978,1.0,77.555318550735,0.0,56.1117036231624,547.204788595407,541.732740709453,0.0,1130.58091328076,22.444681449264962,0.0,0.0
4979,1.0,92.3969515965091,0.0,19.0076210087273,619.573469619323,613.37773492313,0.0,1742.82806729061,7.60304840349092,0.0,0.0
4980,1.0,98.7192753722152,0.0,3.20181156946198,549.655250644939,544.15869813849,0.0,2285.24393736181,1.2807246277847921,0.0,0.0
4981,1.0,89.4073823492144,0.0,26.4815441269639,318.523862591785,315.338623965867,0.0,2598.29731739031,10.592617650785561,0.0,0.0
4982,1.0,78.0334321068032,0.0,54.916419732992,192.935132934357,191.005781605013,0.0,2786.70480167794,21.9665678931968,0.0,0.0
4983,1.0,52.6385571829232,0.0,0.0,0.0,0.0,118.403607042692,2664.31849380283,47.36144281707681,0.0,0.0
4984,1.0,78.683282815219,0.0,53.2917929619526,213.268394387046,211.135710443175,0.0,2872.78988575221,21.31671718478104,0.0,0.0
4985,2.0,54.3499839297306,0.0,114.125040175674,306.843519066845,303.775083876176,0.0,3173.69217974263,45.6500160702696,0.0,0.0
4986,2.0,27.8774721667564,0.0,180.306319583109,101.468975480731,100.454285725923,0.0,3270.97277328881,72.12252783324361,0.0,0.0
4987,2.0,2.96382446561939,0.0,0.0,0.0,0.0,242.590438835952,3022.66095320648,97.0361755343808,0.0,0.0
4988,2.0,0.0,0.0,0.0,0.0,0.0,250.0,2767.11303972802,100.0,0.0,0.0
4989,2.0,0.0,0.0,0.0,0.0,0.0,250.0,2511.82067416304,100.0,0.0,0.0
4990,2.0,0.0,0.0,0.0,0.0,0.0,250.0,2256.78360096362,100.0,0.0,0.0
4991,2.0,0.0,0.0,0.0,0.0,0.0,250.0,2002.00156483741,100.0,0.0,0.0
4992,0.5,0.0,0.0,0.0,0.0,0.0,250.0,1747.47431074732,100.0,0.0,0.0
4993,0.5,0.0,0.0,0.0,0.0,0.0,250.0,1493.20158391132,100.0,0.0,0.0
4994,0.5,0.0,0.0,0.0,0.0,0.0,250.0,1239.18312980215,100.0,0.0,0.0
4995,0.5,0.0,0.0,0.0,0.0,0.0,250.0,985.418694147099,100.0,0.0,0.0
4996,0.5,0.0,0.0,0.0,0.0,0.0,250.0,731.908022927699,100.0,0.0,0.0
4997,1.0,0.0,0.0,0.0,0.0,0.0,250.0,478.650862379519,100.0,0.0,0.0
4998,1.0,0.0,0.0,0.0,0.0,0.0,250.0,225.646958991887,100.0,0.0,0.0
4999,1.0,10.7331604349735,0.0,0.0,0.0,0.0,223.167098912566,0.0,89.2668395650264,0.0,0.0
5000,1.0,32.1417802837303,0.0,169.645549290674,0.0,0.0,0.0,0.0,67.8582197162696,0.0,59.4396798549993
5001,1.0,58.5396761955399,0.0,103.65080951115,0.0,0.0,0.0,0.0,41.46032380446,0.0,453.935889939755
5002,1.0,77.9985659769701,0.0,55.0035850575748,0.0,0.0,0.0,0.0,22.001434023029923,0.0,533.224395156315
5003,1.0,92.9918488529777,0.0,17.5203778675559,501.207337096449,496.195263725485,0.0,496.195263725485,7.00815114702236,0.0,103.268863684971
5004,1.0,100.0,2.63478032777432,0.0,638.357744383032,634.530430813209,0.0,1130.22949927497,0.0,0.0,0.0
5005,1.0,100.0,6.59772160668432,0.0,653.07147752104,652.941872248635,0.0,1782.04114202433,0.0,0.0,0.0
5006,1.0,100.0,0.858801851385621,0.0,589.108611606936,584.050735047081,0.0,2364.30983592938,0.0,0.0,0.0
5007,1.0,88.9528663920521,0.0,27.6178340198697,486.785656738085,481.917800170704,0.0,2843.86332626416,11.047133607947881,0.0,0.0
5008,1.0,74.8268145461776,0.0,62.9329636345559,430.814921744169,426.506772526727,0.0,3267.52623546462,25.17318545382236,0.0,0.0
5009,2.0,49.4037920151235,0.0,126.490519962191,214.600983150931,212.454973319422,0.0,3476.71368254858,50.5962079848764,0.0,0.0
5010,2.0,20.8000098695429,0.0,0.0,0.0,0.0,197.999975326143,3273.23699378912,79.1999901304572,0.0,0.0
5011,2.0,2.68619099485804,0.0,0.0,0.0,0.0,243.284522512855,3024.22181486315,97.313809005142,0.0,0.0
5012,2.0,0.0,0.0,0.0,0.0,0.0,250.0,2768.67234052304,100.0,0.0,0.0
5013,2.0,0.0,0.0,0.0,0.0,0.0,250.0,2513.37841565726,100.0,0.0,0.0
5014,2.0,0.0,0.0,0.0,0.0,0.0,250.0,2258.33978471635,100.0,0.0,0.0
5015,2.0,0.0,0.0,0.0,0.0,0.0,250.0,2003.55619240638,100.0,0.0,0.0
5016,0.5,0.0,0.0,0.0,0.0,0.0,250.0,1749.02738368872,100.0,0.0,0.0
5017,0.5,0.0,0.0,0.0,0.0,0.0,250.0,1494.75310377978,100.0,0.0,0.0
5018,0.5,0.0,0.0,0.0,0.0,0.0,250.0,1240.73309815075,100.0,0.0,0.0
5019,0.5,0.0,0.0,0.0,0.0,0.0,250.0,986.967112527346,100.0,0.0,0.0
5020,0.5,0.0,0.0,0.0,0.0,0.0,250.0,733.454892889566,100.0,0.0,0.0
5021,1.0,0.0,0.0,0.0,0.0,0.0,250.0,480.196185471424,100.0,0.0,0.0
5022,1.0,0.0,0.0,0.0,0.0,0.0,250.0,227.1907367607,100.0,0.0,0.0
5023,1.0,10.1224357745202,0.0,0.0,0.0,0.0,224.6939105637,0.0,89.87756422548,0.0,0.0
5024,1.0,31.5183085458957,0.0,171.204228635261,0.0,0.0,0.0,0.0,68.48169145410439,0.0,54.1001997021562
5025,1.0,57.0301580313397,0.0,107.424604921651,0.0,0.0,0.0,0.0,42.969841968660404,0.0,449.327536623002
5026,1.0,76.2062830085071,0.0,59.4842924787324,0.0,0.0,0.0,0.0,23.79371699149296,0.0,546.592190155623
5027,1.0,91.2400356894719,0.0,21.8999107763202,0.0,0.0,0.0,0.0,8.759964310528082,0.0,619.302690653334
5028,1.0,100.0,0.0,0.0,425.600273916282,421.344271177119,0.0,421.344271177119,0.0,2.02552317386072,252.76098488392
5029,1.0,100.0,0.0,0.0,660.300766999597,653.697759329601,0.0,1074.62068623554,0.0,5.42073929271675,0.0
5030,1.0,100.0,0.0,0.0,654.458213154608,647.913631023062,0.0,1721.45969657237,0.0,2.76512023142129,0.0
5031,1.0,93.9388394377086,0.0,15.1529014057285,601.396075372594,595.382114618868,0.0,2315.12035149466,6.0611605622914,0.0,0.0
5032,1.0,77.2381674815361,0.0,56.9045812961597,494.269933695532,489.327234358576,0.0,2802.13246550175,22.76183251846388,0.0,0.0
5033,2.0,54.9964193798942,0.0,112.508951550265,342.417034755039,338.992864407489,0.0,3138.32319744373,45.003580620106,0.0,0.0
5034,2.0,29.0880275734837,0.0,177.279931066291,145.430402810029,143.976098781929,0.0,3279.16097302822,70.9119724265164,0.0,0.0
5035,2.0,0.636028318758658,0.0,0.0,0.0,0.0,248.409929203103,3024.96269164802,99.3639716812412,0.0,0.0
5036,2.0,0.0,0.0,0.0,0.0,0.0,250.0,2769.41247643112,100.0,0.0,0.0
5037,2.0,0.0,0.0,0.0,0.0,0.0,250.0,2514.11781142943,100.0,0.0,0.0
5038,2.0,0.0,0.0,0.0,0.0,0.0,250.0,2259.07844109275,100.0,0.0,0.0
5039,2.0,0.0,0.0,0.0,0.0,0.0,250.0,2004.2941101264,100.0,0.0,0.0
5040,0.5,0.0,0.0,0.0,0.0,0.0,250.0,1749.76456349102,100.0,0.0,0.0
5041,0.5,0.0,0.0,0.0,0.0,0.0,250.0,1495.48954640228,100.0,0.0,0.0
5042,0.5,0.0,0.0,0.0,0.0,0.0,250.0,1241.46880433063,100.0,0.0,0.0
5043,0.5,0.0,0.0,0.0,0.0,0.0,250.0,987.702083001044,100.0,0.0,0.0
5044,0.5,0.0,0.0,0.0,0.0,0.0,250.0,734.18912839279,100.0,0.0,0.0
5045,1.0,0.0,0.0,0.0,0.0,0.0,250.0,480.929686739145,100.0,0.0,0.0
5046,1.0,0.0,0.0,0.0,0.0,0.0,250.0,227.923504527153,100.0,0.0,0.0
5047,1.0,9.83254991504019,0.0,0.0,0.0,0.0,225.4186252124,0.0,90.16745008496001,0.0,0.0
5048,1.0,31.447632708753,0.0,171.380918228117,0.0,0.0,0.0,0.0,68.5523672912468,0.0,55.4986546087288
5049,1.0,57.3137561499084,0.0,106.715609625229,0.0,0.0,0.0,0.0,42.68624385009161,0.0,454.088339913076
5050,1.0,76.9944462201232,0.0,57.5138844496919,218.741016407053,216.553606242982,0.0,216.553606242982,23.005553779876763,0.0,299.754675780947
5051,1.0,92.835550883026,0.0,17.9111227924351,615.580549201949,609.424743709929,0.0,825.761796346668,7.1644491169740405,0.0,0.0
5052,1.0,100.0,3.47446030095841,0.0,682.666976432671,679.211228052334,0.0,1504.14726260266,0.0,0.0,0.0
5053,1.0,100.0,6.68515135857938,0.0,676.152315771497,675.876726461875,0.0,2178.51984180193,0.0,0.0,0.0
5054,1.0,100.0,4.52993056289527,0.0,667.914223156605,665.63001955716,0.0,2841.97134151729,0.0,0.0,0.0
5055,1.0,95.3533410710581,0.0,11.6166473223548,617.214324552113,611.042181306591,0.0,3450.17155148236,4.64665892894192,0.0,0.0
5056,1.0,79.0396095132481,0.0,52.4009762168797,518.787443552038,513.599569116518,0.0,3960.3209490474,20.96039048675188,0.0,0.0
5057,2.0,55.8650245982122,0.0,110.337438504469,355.982602186881,352.422776165012,0.0,4308.78340426336,44.13497540178761,0.0,0.0
5058,2.0,27.9605469719772,0.0,180.098632570057,120.087004057374,118.8861340168,0.0,4423.3607548759,72.0394530280228,0.0,0.0
5059,2.0,0.625835756394731,0.0,0.0,0.0,0.0,248.435410609013,4167.99253492,99.37416424360521,0.0,0.0
5060,2.0,0.0,0.0,0.0,0.0,0.0,250.0,3911.29928985983,100.0,0.0,0.0
5061,2.0,0.0,0.0,0.0,0.0,0.0,250.0,3654.86273804471,100.0,0.0,0.0
5062,2.0,0.0,0.0,0.0,0.0,0.0,250.0,3398.68262278142,100.0,0.0,0.0
5063,2.0,0.0,0.0,0.0,0.0,0.0,250.0,3142.75868763338,100.0,0.0,0.0
5064,0.5,0.0,0.0,0.0,0.0,0.0,250.0,2887.0906764205,100.0,0.0,0.0
5065,0.5,0.0,0.0,0.0,0.0,0.0,250.0,2631.67833321882,100.0,0.0,0.0
5066,0.5,0.0,0.0,0.0,0.0,0.0,250.0,2376.52140236035,100.0,0.0,0.0
5067,0.5,0.0,0.0,0.0,0.0,0.0,250.0,2121.61962843274,100.0,0.0,0.0
5068,0.5,0.0,0.0,0.0,0.0,0.0,250.0,1866.97275627905,100.0,0.0,0.0
5069,1.0,0.0,0.0,0.0,0.0,0.0,250.0,1612.58053099752,100.0,0.0,0.0
5070,1.0,0.0,0.0,0.0,0.0,0.0,250.0,1358.44269794127,100.0,0.0,0.0
5071,1.0,10.2204475142069,0.0,0.0,0.0,0.0,224.448881214483,1130.36821361254,89.7795524857932,0.0,0.0
5072,1.0,31.4258689751788,0.0,171.435327562053,41.1823758132225,40.7705520550903,0.0,1170.00839745402,68.5741310248212,0.0,0.0
5073,1.0,57.4913955833178,0.0,106.271511041706,442.176349204899,437.75458571285,0.0,1606.59297476941,42.5086044166824,0.0,0.0
5074,1.0,77.5040582750552,0.0,56.2398543123621,529.018961897043,523.728772278073,0.0,2128.71515407272,22.495941724944842,0.0,0.0
5075,1.0,92.7883002288684,0.0,18.029249427829,600.709623778228,594.702527540445,0.0,2721.28896645909,7.211699771131601,0.0,0.0
5076,1.0,100.0,3.09013327618365,0.0,646.654232782159,643.185737758891,0.0,3361.75341525152,0.0,0.0,0.0
5077,1.0,99.1779638525305,0.0,2.05509036867369,498.951295777743,493.961782819965,0.0,3852.35344465623,0.8220361474694761,0.0,0.0
5078,1.0,97.3041218684796,0.0,6.73969532880104,512.498563820486,507.373578182282,0.0,4355.87466939386,2.6958781315204163,0.0,0.0
5079,1.0,91.2792257585939,0.0,21.8019356035153,538.928013715181,533.538733578029,0.0,4885.05752830249,8.72077424140612,0.0,0.0
5080,1.0,71.8314533762596,0.0,70.421366559351,381.73363579061,377.916299432703,0.0,5258.0887702069,28.1685466237404,0.0,0.0
5081,2.0,49.1009145311143,0.0,127.247713672214,218.402993747564,216.218963810088,0.0,5469.04964524678,50.8990854688856,0.0,0.0
5082,2.0,24.1755672538315,0.0,189.561081865421,36.7872771701714,36.4194043984697,0.0,5500.0,75.8244327461684,0.0,0.0
5083,2.0,0.433049651870074,0.0,0.0,0.0,0.0,248.917375870325,5243.06830720169,99.56695034813,0.0,0.0
5084,2.0,0.0,0.0,0.0,0.0,0.0,250.0,4985.29998636924,100.0,0.0,0.0
5085,2.0,0.0,0.0,0.0,0.0,0.0,250.0,4727.78943385762,100.0,0.0,0.0
5086,2.0,0.0,0.0,0.0,0.0,0.0,250.0,4470.5363918985,100.0,0.0,0.0
5087,2.0,0.0,0.0,0.0,0.0,0.0,250.0,4213.54060298135,100.0,0.0,0.0
5088,0.5,0.0,0.0,0.0,0.0,0.0,250.0,3956.80180985312,100.0,0.0,0.0
5089,0.5,0.0,0.0,0.0,0.0,0.0,250.0,3700.31975551801,100.0,0.0,0.0
5090,0.5,0.0,0.0,0.0,0.0,0.0,250.0,3444.09418323724,100.0,0.0,0.0
5091,0.5,0.0,0.0,0.0,0.0,0.0,250.0,3188.12483652875,100.0,0.0,0.0
5092,0.5,0.0,0.0,0.0,0.0,0.0,250.0,2932.41145916697,100.0,0.0,0.0
5093,1.0,0.0,0.0,0.0,0.0,0.0,250.0,2676.95379518255,100.0,0.0,0.0
5094,1.0,0.0,0.0,0.0,0.0,0.0,250.0,2421.75158886212,100.0,0.0,0.0
5095,1.0,10.2850652559535,0.0,0.0,0.0,0.0,224.287336860116,2192.77697175799,89.7149347440464,0.0,0.0
5096,1.0,30.3578062908223,0.0,174.105484272944,30.2595113828739,29.9569162690452,0.0,2220.54111105527,69.6421937091776,0.0,0.0
5097,1.0,55.5768368547048,0.0,111.057907863238,400.12616419691,396.124902554941,0.0,2614.44547249916,44.423163145295206,0.0,0.0
5098,1.0,75.1357895666672,0.0,62.160526083332,506.271510234901,501.208795132552,0.0,3113.03982215921,24.8642104333328,0.0,0.0
5099,1.0,88.6030474023682,0.0,28.4923814940796,573.969958564763,568.230258979115,0.0,3678.15704131617,11.39695259763184,0.0,0.0
5100,1.0,85.2408126275377,0.0,36.8979684311556,341.969535412652,338.549840058525,0.0,4013.02872433338,14.75918737246224,0.0,0.0
5101,1.0,81.5804500784869,0.0,46.0488748037827,264.651578001336,262.005062221322,0.0,4271.02075783037,18.41954992151308,0.0,0.0
5102,1.0,76.3859383067935,0.0,59.0351542330163,235.323243424824,232.970010990576,0.0,4499.71974806311,23.614061693206523,0.0,0.0
5103,1.0,73.0702374271219,0.0,67.3244064321953,288.367783651022,285.484105814512,0.0,4780.70413412956,26.929762572878122,0.0,0.0
5104,1.0,64.1710527585643,0.0,89.5723681035893,295.886607066785,292.927740996118,0.0,5068.85117099155,35.82894724143572,0.0,0.0
5105,2.0,29.8094783629516,0.0,0.0,0.0,0.0,175.476304092621,4886.53352780781,70.1905216370484,0.0,0.0
5106,2.0,27.7573457605186,0.0,135.117611373362,0.0,0.0,45.489024225341,4835.69848496147,72.24265423948121,0.0,0.0
5107,2.0,0.151021471553408,0.0,0.0,0.0,0.0,249.622446321116,4578.71890130367,99.84897852844641,0.0,0.0
5108,2.0,0.0,0.0,0.0,0.0,0.0,250.0,4321.61492987711,100.0,0.0,0.0
5109,2.0,0.0,0.0,0.0,0.0,0.0,250.0,4064.76806242198,100.0,0.0,0.0
5110,2.0,0.0,0.0,0.0,0.0,0.0,250.0,3808.17804183431,100.0,0.0,0.0
5111,2.0,0.0,0.0,0.0,0.0,0.0,250.0,3551.84461126722,100.0,0.0,0.0
5112,0.5,0.0,0.0,0.0,0.0,0.0,250.0,3295.7675141307,100.0,0.0,0.0
5113,0.5,0.0,0.0,0.0,0.0,0.0,250.0,3039.94649409132,100.0,0.0,0.0
5114,0.5,0.0,0.0,0.0,0.0,0.0,250.0,2784.38129507197,100.0,0.0,0.0
5115,0.5,0.0,0.0,0.0,0.0,0.0,250.0,2529.07166125165,100.0,0.0,0.0
5116,0.5,0.0,0.0,0.0,0.0,0.0,250.0,2274.01733706514,100.0,0.0,0.0
5117,1.0,0.0,0.0,0.0,0.0,0.0,250.0,2019.21806720282,100.0,0.0,0.0
5118,1.0,0.0,0.0,0.0,0.0,0.0,250.0,1764.67359661037,100.0,0.0,0.0
5119,1.0,10.1448076781991,0.0,0.0,0.0,0.0,224.637980804502,1536.00187169608,89.85519232180081,0.0,0.0
5120,1.0,30.0359728535076,0.0,174.910067866231,26.2457131509969,25.9832560194869,0.0,1560.44912584387,69.9640271464924,0.0,0.0
5121,1.0,55.2828645571814,0.0,111.792838607047,413.512133008835,409.377011678747,0.0,1968.26568839677,44.7171354428188,0.0,0.0
5122,1.0,75.0641062604135,0.0,62.3397343489662,522.155315315467,516.933762162312,0.0,2483.23118487069,24.935893739586483,0.0,0.0
5123,1.0,89.5789269954917,0.0,26.0526825112707,593.468808923537,587.534120834301,0.0,3068.28207452012,10.42107300450828,0.0,0.0
5124,1.0,95.5217656564009,0.0,11.1955858589978,555.16457363968,549.612927903283,0.0,3614.82672034888,4.47823434359912,0.0,0.0
5125,1.0,66.8752789471727,0.0,0.0,0.0,0.0,82.8118026320683,3527.5636081416,33.12472105282732,0.0,0.0
5126,1.0,9.58111609460147,0.0,0.0,0.0,0.0,226.047209763496,3295.70552962083,90.4188839053984,0.0,0.0
5127,1.0,32.7346181210197,0.0,0.0,0.0,0.0,168.163454697451,3122.54774863924,67.26538187898039,0.0,0.0
5128,1.0,6.73528019300627,0.0,0.0,0.0,0.0,233.161799517484,2883.90823168102,93.26471980699361,0.0,0.0
5129,2.0,3.63883211840729,0.0,0.0,0.0,0.0,240.902919703982,2637.68804092006,96.3611678815928,0.0,0.0
5130,2.0,17.5664008193185,0.0,0.0,0.0,0.0,206.083997951704,2426.88469838247,82.4335991806816,0.0,0.0
5131,2.0,0.0,0.0,0.0,0.0,0.0,250.0,2171.93256115884,100.0,0.0,0.0
5132,2.0,0.0,0.0,0.0,0.0,0.0,250.0,1917.23537607243,100.0,0.0,0.0
5133,2.0,0.0,0.0,0.0,0.0,0.0,250.0,1662.7928881711,100.0,0.0,0.0
5134,2.0,0.0,0.0,0.0,0.0,0.0,250.0,1408.60484275768,100.0,0.0,0.0
5135,2.0,0.0,0.0,0.0,0.0,0.0,250.0,1154.67098538967,100.0,0.0,0.0
5136,0.5,0.0,0.0,0.0,0.0,0.0,250.0,900.991061879027,100.0,0.0,0.0
5137,0.5,0.0,0.0,0.0,0.0,0.0,159.954397072972,738.519972763641,63.981758829188806,0.0,0.0
5138,0.5,0.0,0.0,0.0,0.0,0.0,0.0,737.781452790877,0.0,0.0,0.0
5139,0.5,0.0,0.0,0.0,0.0,0.0,0.0,737.043671338086,0.0,0.0,0.0
5140,0.5,0.0,0.0,0.0,0.0,0.0,0.0,736.306627666748,0.0,0.0,0.0
5141,1.0,0.0,0.0,0.0,0.0,0.0,250.0,483.045068513829,100.0,0.0,0.0
5142,1.0,0.0,0.0,0.0,0.0,0.0,250.0,230.036770920063,100.0,0.0,0.0
5143,1.0,8.99653327693953,0.0,0.0,0.0,0.0,227.508666807651,0.0,91.0034667230604,0.0,0.0
5144,1.0,30.399102539648,0.0,174.00224365088,0.0,0.0,0.0,0.0,69.600897460352,0.0,62.4397302057834
5145,1.0,57.5018114259814,0.0,106.245471435047,0.0,0.0,0.0,0.0,42.4981885740188,0.0,480.513808821464
5146,1.0,78.8128176999279,0.0,52.9679557501803,0.0,0.0,0.0,0.0,21.187182300072124,0.0,597.709018328898
5147,1.0,93.9099590225499,0.0,15.2251024436252,0.0,0.0,0.0,0.0,6.09004097745008,0.0,664.24107532131
5148,1.0,100.0,0.0,0.0,394.670154935644,390.723453386287,0.0,390.723453386287,0.0,3.89865482162705,302.179286339767
5149,1.0,100.0,0.0,0.0,681.189506233672,674.377611171336,0.0,1064.71034110424,0.0,6.10377052661227,0.0
5150,1.0,100.0,0.0,0.0,663.902856633489,657.263828067154,0.0,1720.90945883029,0.0,3.06649761177324,0.0
5151,1.0,93.3067961464682,0.0,16.7330096338295,608.333915316026,602.250576162866,0.0,2321.43912553432,6.6932038535318,0.0,0.0
5152,1.0,78.0188129841962,0.0,54.9529675395095,521.002512786671,515.792487658805,0.0,2834.91017406759,21.9811870158038,0.0,0.0
5153,2.0,54.0336269855352,0.0,114.915932536162,338.065800971801,334.685142962083,0.0,3166.76040685561,45.96637301446481,0.0,0.0
5154,2.0,27.2011343129081,0.0,181.99716421773,119.825559904959,118.627304305909,0.0,3282.22095075466,72.798865687092,0.0,0.0
5155,2.0,0.0,0.0,0.0,0.0,0.0,250.0,3026.41347727865,100.0,0.0,0.0
5156,2.0,0.0,0.0,0.0,0.0,0.0,250.0,2770.86181127612,100.0,0.0,0.0
5157,2.0,0.0,0.0,0.0,0.0,0.0,250.0,2515.56569693959,100.0,0.0,0.0
5158,2.0,0.0,0.0,0.0,0.0,0.0,250.0,2260.5248787174,100.0,0.0,0.0
5159,2.0,0.0,0.0,0.0,0.0,0.0,250.0,2005.73910131343,100.0,0.0,0.0
5160,0.5,0.0,0.0,0.0,0.0,0.0,250.0,1751.20810968687,100.0,0.0,0.0
5161,0.5,0.0,0.0,0.0,0.0,0.0,250.0,1496.93164905193,100.0,0.0,0.0
5162,0.5,0.0,0.0,0.0,0.0,0.0,250.0,1242.90946487762,100.0,0.0,0.0
5163,0.5,0.0,0.0,0.0,0.0,0.0,250.0,989.141302887492,100.0,0.0,0.0
5164,0.5,0.0,0.0,0.0,0.0,0.0,250.0,735.626909059352,100.0,0.0,0.0
5165,1.0,0.0,0.0,0.0,0.0,0.0,250.0,482.36602962504,100.0,0.0,0.0
5166,1.0,0.0,0.0,0.0,0.0,0.0,250.0,229.358411070163,100.0,0.0,0.0
5167,1.0,9.26489514699928,0.0,0.0,0.0,0.0,226.837762132502,0.0,90.7351048530008,0.0,0.0
5168,1.0,30.0472450678721,0.0,174.88188733032,0.0,0.0,0.0,0.0,69.952754932128,0.0,46.3892848649024
5169,1.0,55.1679576202378,0.0,112.080105949405,0.0,0.0,0.0,0.0,44.832042379762,0.0,448.733648242496
5170,1.0,75.8518918774395,0.0,60.3702703064013,0.0,0.0,0.0,0.0,24.148108122560522,0.0,570.241221121382
5171,1.0,90.2327147652573,0.0,24.4182130868568,0.0,0.0,0.0,0.0,9.76728523474272,0.0,614.938591082051
5172,1.0,100.0,0.0,0.0,656.132234868274,649.570912519591,0.0,649.570912519591,0.0,0.811000923051068,19.264813984866
5173,1.0,100.0,0.0,0.0,678.075577759704,671.294821982107,0.0,1320.21616358918,0.0,4.87953528064025,0.0
5174,1.0,98.2009074516699,0.0,4.4977313708252,565.103319888346,559.452286689463,0.0,1878.34823411505,1.79909254833008,0.0,0.0
5175,1.0,86.2818454118035,0.0,34.2953864704912,472.850484532222,468.1219796869,0.0,2344.59186556784,13.718154588196482,0.0,0.0
5176,1.0,76.5623432631581,0.0,58.5941418421048,505.362811248281,500.309183135798,0.0,2842.55645683807,23.43765673684192,0.0,0.0
5177,2.0,54.4795859426678,0.0,113.801035143331,351.690902962014,348.173993932393,0.0,3187.88789431362,45.5204140573324,0.0,0.0
5178,2.0,26.134368377089,0.0,184.664079057277,99.2090328322029,98.2169425038808,0.0,3282.91694892319,73.86563162291081,0.0,0.0
5179,2.0,0.0,0.0,0.0,0.0,0.0,250.0,3027.10877944901,100.0,0.0,0.0
5180,2.0,0.0,0.0,0.0,0.0,0.0,250.0,2771.55641814431,100.0,0.0,0.0
5181,2.0,0.0,0.0,0.0,0.0,0.0,250.0,2516.25960920092,100.0,0.0,0.0
5182,2.0,0.0,0.0,0.0,0.0,0.0,250.0,2261.21809706646,100.0,0.0,0.0
5183,2.0,0.0,0.0,0.0,0.0,0.0,250.0,2006.43162644414,100.0,0.0,0.0
5184,0.5,0.0,0.0,0.0,0.0,0.0,250.0,1751.89994229245,100.0,0.0,0.0
5185,0.5,0.0,0.0,0.0,0.0,0.0,250.0,1497.6227898249,100.0,0.0,0.0
5186,0.5,0.0,0.0,0.0,0.0,0.0,250.0,1243.59991450982,100.0,0.0,0.0
5187,0.5,0.0,0.0,0.0,0.0,0.0,250.0,989.831062070062,100.0,0.0,0.0
5188,0.5,0.0,0.0,0.0,0.0,0.0,250.0,736.315978482739,100.0,0.0,0.0
5189,1.0,0.0,0.0,0.0,0.0,0.0,250.0,483.054409979004,100.0,0.0,0.0
5190,1.0,0.0,0.0,0.0,0.0,0.0,250.0,230.046103043773,100.0,0.0,0.0
5191,1.0,8.99284145147139,0.0,0.0,0.0,0.0,227.517896371322,0.0,91.0071585485288,0.0,0.0
5192,1.0,30.0527746385015,0.0,174.868063403746,0.0,0.0,0.0,0.0,69.9472253614984,0.0,52.1387999943003
5193,1.0,55.7413316669149,0.0,110.646670832713,0.0,0.0,0.0,0.0,44.258668333085204,0.0,465.252567862495
5194,1.0,75.0753216231405,0.0,62.3116959421488,0.0,0.0,0.0,0.0,24.92467837685952,0.0,560.403530653744
5195,1.0,90.2602427552987,0.0,24.3493931117533,0.0,0.0,0.0,0.0,9.739757244701321,0.0,626.012885891533
5196,1.0,100.0,0.0,0.0,400.309693274731,396.306596341984,0.0,396.306596341984,0.0,0.312040627371189,267.427865260284
5197,1.0,100.0,0.0,0.0,669.581917144705,662.886097973258,0.0,1058.7963877189,0.0,3.56061558203984,0.0
5198,1.0,100.0,0.0,0.0,652.396067650286,645.872106973783,0.0,1703.60969830496,0.0,0.841773086655721,0.0
5199,1.0,92.1359668305345,0.0,19.6600829236638,594.576828818943,588.631060530753,0.0,2290.53714913741,7.864033169465521,0.0,0.0
5200,1.0,77.70090245234,0.0,55.7477438691499,524.213182905633,518.971051076577,0.0,2807.21766306485,22.29909754765996,0.0,0.0
5201,2.0,54.4885022316782,0.0,113.778744420804,350.797461771716,347.289487153999,0.0,3151.69993255579,45.511497768321604,0.0,0.0
5202,2.0,27.5831765824753,0.0,181.042058543812,135.482601464337,134.127775449693,0.0,3282.67600807292,72.41682341752481,0.0,0.0
5203,2.0,0.0,0.0,0.0,0.0,0.0,250.0,3026.8680795396,100.0,0.0,0.0
5204,2.0,0.0,0.0,0.0,0.0,0.0,250.0,2771.3159589348,100.0,0.0,0.0
5205,2.0,0.0,0.0,0.0,0.0,0.0,250.0,2516.01939045062,100.0,0.0,0.0
5206,2.0,0.0,0.0,0.0,0.0,0.0,250.0,2260.97811853491,100.0,0.0,0.0
5207,2.0,0.0,0.0,0.0,0.0,0.0,250.0,2006.19188789113,100.0,0.0,0.0
5208,0.5,0.0,0.0,0.0,0.0,0.0,250.0,1751.66044347798,100.0,0.0,0.0
5209,0.5,0.0,0.0,0.0,0.0,0.0,250.0,1497.38353050925,100.0,0.0,0.0
5210,0.5,0.0,0.0,0.0,0.0,0.0,250.0,1243.36089445349,100.0,0.0,0.0
5211,0.5,0.0,0.0,0.0,0.0,0.0,250.0,989.592281033785,100.0,0.0,0.0
5212,0.5,0.0,0.0,0.0,0.0,0.0,250.0,736.077436227498,100.0,0.0,0.0
5213,1.0,0.0,0.0,0.0,0.0,0.0,250.0,482.816106266018,100.0,0.0,0.0
5214,1.0,0.0,0.0,0.0,0.0,0.0,250.0,229.8080376345,100.0,0.0,0.0
5215,1.0,9.08702107964133,0.0,0.0,0.0,0.0,227.282447300897,0.0,90.9129789203588,0.0,0.0
5216,1.0,29.9021744386097,0.0,175.244563903476,0.0,0.0,0.0,0.0,70.09782556139041,0.0,48.9135040092501
5217,1.0,56.4189776142906,0.0,108.952555964273,0.0,0.0,0.0,0.0,43.581022385709204,0.0,453.637884361164
5218,1.0,76.8778971967625,0.0,57.8052570080938,0.0,0.0,0.0,0.0,23.12210280323752,0.0,559.294688100298
5219,1.0,91.600244503625,0.0,20.9993887409374,0.0,0.0,0.0,0.0,8.39975549637496,0.0,613.12422477299
5220,1.0,100.0,0.0,0.0,615.906561904581,609.747496285535,0.0,609.747496285535,0.0,0.547386430598252,22.8241793606055
5221,1.0,98.5305251809391,0.0,3.6736870476523,535.050474693595,529.699969946659,0.0,1138.83771873591,1.4694748190609201,0.0,0.0
5222,1.0,99.7127772155034,0.0,0.718056961241622,624.156691856905,617.915124938336,0.0,1755.61400595551,0.2872227844966488,0.0,0.0
5223,1.0,91.5774633038769,0.0,21.0563417403077,588.90355074252,583.014515235095,0.0,2336.87290718465,8.42253669612308,0.0,0.0
5224,1.0,75.9161172367229,0.0,60.2097069081927,499.558877380581,494.563288606775,0.0,2829.09932288424,24.08388276327708,0.0,0.0
5225,2.0,53.9516490507986,0.0,115.120877373003,343.344687635473,339.911240759119,0.0,3166.18146432047,46.0483509492012,0.0,0.0
5226,2.0,26.89319249095,0.0,182.767018772625,121.250690214568,120.038183312422,0.0,3283.05346616857,73.10680750905,0.0,0.0
5227,2.0,0.0,0.0,0.0,0.0,0.0,250.0,3027.24516017715,100.0,0.0,0.0
5228,2.0,0.0,0.0,0.0,0.0,0.0,250.0,2771.69266249172,100.0,0.0,0.0
5229,2.0,0.0,0.0,0.0,0.0,0.0,250.0,2516.39571730398,100.0,0.0,0.0
5230,2.0,0.0,0.0,0.0,0.0,0.0,250.0,2261.35406906142,100.0,0.0,0.0
5231,2.0,0.0,0.0,0.0,0.0,0.0,250.0,2006.56746246711,100.0,0.0,0.0
5232,0.5,0.0,0.0,0.0,0.0,0.0,250.0,1752.03564247939,100.0,0.0,0.0
5233,0.5,0.0,0.0,0.0,0.0,0.0,250.0,1497.75835431166,100.0,0.0,0.0
5234,0.5,0.0,0.0,0.0,0.0,0.0,250.0,1243.73534343209,100.0,0.0,0.0
5235,0.5,0.0,0.0,0.0,0.0,0.0,250.0,989.966355563408,100.0,0.0,0.0
5236,0.5,0.0,0.0,0.0,0.0,0.0,250.0,736.451136682592,100.0,0.0,0.0
5237,1.0,0.0,0.0,0.0,0.0,0.0,250.0,483.189433020657,100.0,0.0,0.0
5238,1.0,0.0,0.0,0.0,0.0,0.0,250.0,230.180991062384,100.0,0.0,0.0
5239,1.0,8.9394792117568,0.0,0.0,0.0,0.0,227.651301970608,0.0,91.0605207882432,0.0,0.0
5240,1.0,30.1579099211692,0.0,174.605225197077,0.0,0.0,0.0,0.0,69.84209007883081,0.0,47.4255552239429
5241,1.0,56.7027158167714,0.0,108.243210458072,0.0,0.0,0.0,0.0,43.297284183228804,0.0,442.247887998394
5242,1.0,77.5475838843414,0.0,56.1310402891464,0.0,0.0,0.0,0.0,22.45241611565856,0.0,555.633126899592
5243,1.0,92.2213360872432,0.0,19.446659781892,0.0,0.0,0.0,0.0,7.7786639127568,0.0,606.373332081841
5244,1.0,100.0,0.0,0.0,399.804165308938,395.806123655848,0.0,395.806123655848,0.0,2.34614512546811,254.47872412517
5245,1.0,100.0,0.0,0.0,668.040719239682,661.360312047285,0.0,1056.77062957948,0.0,5.26468343804666,0.0
5246,1.0,100.0,0.0,0.0,640.220594643792,633.818388697354,0.0,1689.53224764725,0.0,2.07840322581296,0.0
5247,1.0,92.7934833311135,0.0,18.0162916722163,603.747191318437,597.709719405252,0.0,2285.55243480486,7.206516668886521,0.0,0.0
5248,1.0,76.6945610549916,0.0,58.263597362521,503.737139260715,498.699767868108,0.0,2781.96665023816,23.3054389450084,0.0,0.0
5249,2.0,54.8991932946746,0.0,112.752016763313,362.564625306235,358.938979053173,0.0,3138.1236626411,45.1008067053252,0.0,0.0
5250,2.0,27.8902713697858,0.0,180.274321575536,149.63669148664,148.140324571774,0.0,3283.12586355023,72.1097286302144,0.0,0.0
5251,2.0,0.0,0.0,0.0,0.0,0.0,250.0,3027.31748516142,100.0,0.0,0.0
5252,2.0,0.0,0.0,0.0,0.0,0.0,250.0,2771.76491515101,100.0,0.0,0.0
5253,2.0,0.0,0.0,0.0,0.0,0.0,250.0,2516.46789771061,100.0,0.0,0.0
5254,2.0,0.0,0.0,0.0,0.0,0.0,250.0,2261.42617728764,100.0,0.0,0.0
5255,2.0,0.0,0.0,0.0,0.0,0.0,250.0,2006.6394985851,100.0,0.0,0.0
5256,0.5,0.0,0.0,0.0,0.0,0.0,250.0,1752.10760656127,100.0,0.0,0.0
5257,0.5,0.0,0.0,0.0,0.0,0.0,250.0,1497.83024642945,100.0,0.0,0.0
5258,0.5,0.0,0.0,0.0,0.0,0.0,250.0,1243.80716365777,100.0,0.0,0.0
5259,0.5,0.0,0.0,0.0,0.0,0.0,250.0,990.038103968859,100.0,0.0,0.0
5260,0.5,0.0,0.0,0.0,0.0,0.0,250.0,736.522813339638,100.0,0.0,0.0
5261,1.0,0.0,0.0,0.0,0.0,0.0,250.0,483.261038001046,100.0,0.0,0.0
5262,1.0,0.0,0.0,0.0,0.0,0.0,250.0,230.252524437792,100.0,0.0,0.0
5263,1.0,8.91118032231165,0.0,0.0,0.0,0.0,227.722049194221,0.0,91.0888196776884,0.0,0.0
5264,1.0,30.1008690617695,0.0,174.747827345576,0.0,0.0,0.0,0.0,69.89913093823041,0.0,43.4177353609721
5265,1.0,56.154539009023,0.0,109.613652477442,225.241958152253,222.989538570731,0.0,222.989538570731,43.845460990976804,0.0,215.001170648715
5266,1.0,74.7021937021205,0.0,63.2445157446988,527.706519449653,522.429454255157,0.0,745.196003287317,25.29780629787952,0.0,0.0
5267,1.0,88.9827684284099,0.0,27.5430789289751,574.920071210214,569.170870498112,0.0,1313.62167778214,11.01723157159004,0.0,0.0
5268,1.0,99.8682151572924,0.0,0.329462106769114,641.910622206311,635.491515984248,0.0,1947.79957208861,0.13178484270764562,0.0,0.0
5269,1.0,100.0,2.8872327293801,0.0,632.700680121969,629.174866514794,0.0,2575.02663903131,0.0,0.0,0.0
5270,1.0,100.0,0.964378397862674,0.0,650.218902849953,644.65235374306,0.0,3217.10396613534,0.0,0.0,0.0
5271,1.0,92.15601711361,0.0,19.6099572159749,601.350885380764,595.337376526957,0.0,3809.22423869616,7.843982886389961,0.0,0.0
5272,1.0,76.4986498692697,0.0,58.7533753268259,511.042017142122,505.931596970701,0.0,4311.34661142817,23.501350130730362,0.0,0.0
5273,2.0,53.9405977366579,0.0,115.148505658355,352.601395021774,349.075381071556,0.0,4656.1106458883,46.05940226334201,0.0,0.0
5274,2.0,26.9903986151926,0.0,182.524003462019,135.701119063436,134.344107872801,0.0,4785.79864311521,73.00960138480761,0.0,0.0
5275,2.0,0.0,0.0,0.0,0.0,0.0,250.0,4528.48759194684,100.0,0.0,0.0
5276,2.0,0.0,0.0,0.0,0.0,0.0,250.0,4271.43385182964,100.0,0.0,0.0
5277,2.0,0.0,0.0,0.0,0.0,0.0,250.0,4014.63716545256,100.0,0.0,0.0
5278,2.0,0.0,0.0,0.0,0.0,0.0,250.0,3758.09727576185,100.0,0.0,0.0
5279,2.0,0.0,0.0,0.0,0.0,0.0,250.0,3501.81392596084,100.0,0.0,0.0
5280,0.5,0.0,0.0,0.0,0.0,0.0,250.0,3245.78685950962,100.0,0.0,0.0
5281,0.5,0.0,0.0,0.0,0.0,0.0,250.0,2990.01582012486,100.0,0.0,0.0
5282,0.5,0.0,0.0,0.0,0.0,0.0,250.0,2734.50055177948,100.0,0.0,0.0
5283,0.5,0.0,0.0,0.0,0.0,0.0,250.0,2479.24079870245,100.0,0.0,0.0
5284,0.5,0.0,0.0,0.0,0.0,0.0,250.0,2224.2363053785,100.0,0.0,0.0
5285,1.0,0.0,0.0,0.0,0.0,0.0,250.0,1969.48681654787,100.0,0.0,0.0
5286,1.0,0.0,0.0,0.0,0.0,0.0,250.0,1714.99207720607,100.0,0.0,0.0
5287,1.0,9.02618255359085,0.0,0.0,0.0,0.0,227.434543616023,1483.54522289045,90.97381744640921,0.0,0.0
5288,1.0,29.3303151145378,0.0,176.674212213656,36.37487926198,36.0111304693602,0.0,1518.07280813692,70.6696848854624,0.0,0.0
5289,1.0,54.9285145060748,0.0,112.678713734813,419.116104146694,414.924943105227,0.0,1931.47967843401,45.0714854939252,0.0,0.0
5290,1.0,74.7447774745024,0.0,63.1380563137439,518.144352435144,512.962908910793,0.0,2442.51110766637,25.25522252549756,0.0,0.0
5291,1.0,89.5691647368887,0.0,26.0770881577784,590.631961005764,584.725641395707,0.0,3024.79423795441,10.430835263111362,0.0,0.0
5292,1.0,99.498981526641,0.0,1.25254618339746,644.244164852191,637.801723203669,0.0,3659.57116692013,0.5010184733589841,0.0,0.0
5293,1.0,97.469889541929,0.0,6.32527614517759,526.886685397065,521.617818543095,0.0,4177.5294142963,2.530110458071036,0.0,0.0
5294,1.0,34.2624926539738,0.0,0.0,0.0,0.0,164.343768365066,4007.34807845265,65.7375073460264,0.0,0.0
5295,1.0,60.1396312879192,0.0,0.0,0.0,0.0,99.6509217802019,3902.68323362651,39.86036871208076,0.0,0.0
5296,1.0,16.2162870301238,0.0,0.0,0.0,0.0,209.459282424691,3687.20551764068,83.7837129698764,0.0,0.0
5297,2.0,28.9529482095125,0.0,0.0,0.0,0.0,177.617629476219,3504.10656517736,71.0470517904876,0.0,0.0
5298,2.0,13.1521851638254,0.0,0.0,0.0,0.0,217.119537090436,3281.28979488447,86.84781483617441,0.0,0.0
5299,2.0,0.0,0.0,0.0,0.0,0.0,250.0,3025.48325256433,100.0,0.0,0.0
5300,2.0,0.0,0.0,0.0,0.0,0.0,250.0,2769.93251678651,100.0,0.0,0.0
5301,2.0,0.0,0.0,0.0,0.0,0.0,250.0,2514.63733174447,100.0,0.0,0.0
5302,2.0,0.0,0.0,0.0,0.0,0.0,250.0,2259.59744188748,100.0,0.0,0.0
5303,2.0,0.0,0.0,0.0,0.0,0.0,250.0,2004.81259192034,100.0,0.0,0.0
5304,0.5,0.0,0.0,0.0,0.0,0.0,250.0,1750.28252680317,100.0,0.0,0.0
5305,0.5,0.0,0.0,0.0,0.0,0.0,250.0,1496.00699175111,100.0,0.0,0.0
5306,0.5,0.0,0.0,0.0,0.0,0.0,250.0,1241.98573223411,100.0,0.0,0.0
5307,0.5,0.0,0.0,0.0,0.0,0.0,250.0,988.21849397662,100.0,0.0,0.0
5308,0.5,0.0,0.0,0.0,0.0,0.0,250.0,734.70502295739,100.0,0.0,0.0
5309,1.0,0.0,0.0,0.0,0.0,0.0,250.0,481.44506540918,100.0,0.0,0.0
5310,1.0,0.0,0.0,0.0,0.0,0.0,250.0,228.438367818519,100.0,0.0,0.0
5311,1.0,9.62886793752272,0.0,0.0,0.0,0.0,225.927830156193,0.0,90.37113206247722,0.0,0.0
5312,1.0,29.5306166884586,0.0,176.173458278853,0.0,0.0,0.0,0.0,70.4693833115412,0.0,12.0507066624677
5313,1.0,54.2969891265104,0.0,114.257527183724,0.0,0.0,0.0,0.0,45.7030108734896,0.0,389.145172417172
5314,1.0,73.521562580821,0.0,66.1960935479476,0.0,0.0,0.0,0.0,26.47843741917904,0.0,485.543094837286
5315,1.0,86.6670075269143,0.0,33.3324811827143,307.460772954704,304.386165225157,0.0,304.386165225157,13.332992473085719,0.0,211.708575443513
5316,1.0,98.2507788940438,0.0,4.37305276489052,621.017920405042,614.807741200991,0.0,918.889520260924,1.7492211059562082,0.0,0.0
5317,1.0,100.0,1.70505216948311,0.0,627.230061811709,622.612002808424,0.0,1540.58263354909,0.0,0.0,0.0
5318,1.0,98.6906176622049,0.0,3.27345584448768,605.615207059919,599.55905498932,0.0,2138.60110590486,1.3093823377950722,0.0,0.0
5319,1.0,88.3530822724097,0.0,29.1172943189757,520.287694394347,515.084817450404,0.0,2651.54732224936,11.64691772759028,0.0,0.0
5320,1.0,71.5476100709638,0.0,71.1309748225905,403.934236338558,399.894893975173,0.0,3048.79066890228,28.4523899290362,0.0,0.0
5321,2.0,50.0779437260699,0.0,124.805140684825,288.103807979241,285.222769899449,0.0,3330.96464813283,49.922056273930004,0.0,0.0
5322,2.0,20.1864281936577,0.0,186.599575589653,0.0,0.0,12.9343539262022,3314.56867951883,79.81357180634208,0.0,0.0
5323,2.0,0.0,0.0,0.0,0.0,0.0,250.0,3058.72885831406,100.0,0.0,0.0
5324,2.0,0.0,0.0,0.0,0.0,0.0,250.0,2803.14487693049,100.0,0.0,0.0
5325,2.0,0.0,0.0,0.0,0.0,0.0,250.0,2547.81647952831,100.0,0.0,0.0
5326,2.0,0.0,0.0,0.0,0.0,0.0,250.0,2292.74341052353,100.0,0.0,0.0
5327,2.0,0.0,0.0,0.0,0.0,0.0,250.0,2037.92541458775,100.0,0.0,0.0
5328,0.5,0.0,0.0,0.0,0.0,0.0,250.0,1783.36223664791,100.0,0.0,0.0
5329,0.5,0.0,0.0,0.0,0.0,0.0,250.0,1529.05362188601,100.0,0.0,0.0
5330,0.5,0.0,0.0,0.0,0.0,0.0,250.0,1274.99931573888,100.0,0.0,0.0
5331,0.5,0.0,0.0,0.0,0.0,0.0,250.0,1021.19906389788,100.0,0.0,0.0
5332,0.5,0.0,0.0,0.0,0.0,0.0,250.0,767.652612308733,100.0,0.0,0.0
5333,1.0,0.0,0.0,0.0,0.0,0.0,250.0,514.359707171172,100.0,0.0,0.0
5334,1.0,0.0,0.0,0.0,0.0,0.0,250.0,261.320094938748,100.0,0.0,0.0
5335,1.0,9.16812413181162,0.0,0.0,0.0,0.0,227.079689670471,31.6853509342431,90.8318758681884,0.0,0.0
5336,1.0,28.9434108288409,0.0,177.641472927898,21.3405453287506,21.1271398754631,0.0,52.780805458772,71.0565891711592,0.0,0.0
5337,1.0,54.1319633434007,0.0,114.670091641498,415.222863047458,411.070634416984,0.0,463.798659070297,45.8680366565992,0.0,0.0
5338,1.0,73.5283226361621,0.0,66.1791934095947,527.280593729652,522.007787792356,0.0,985.342648203582,26.471677363837884,0.0,0.0
5339,1.0,89.0513968025573,0.0,27.3715079936067,591.838287706143,585.919904829081,0.0,1570.27721038446,10.94860319744268,0.0,0.0
5340,1.0,98.9413261159518,0.0,2.64668471012058,621.252761637657,615.04023402128,0.0,2183.74716719536,1.0586738840482321,0.0,0.0
5341,1.0,100.0,2.41003962440308,0.0,625.691751781765,621.773054707544,0.0,2803.3364747357,0.0,0.0,0.0
5342,1.0,99.8131878696237,0.0,0.467030325940812,618.693147232942,612.506215760613,0.0,3413.03935402158,0.18681213037632483,0.0,0.0
5343,1.0,90.5783490141107,0.0,23.5541274647233,566.617835017954,560.951656667775,0.0,3970.57797133533,9.42165098588932,0.0,0.0
5344,1.0,73.7778580541823,0.0,65.5553548645442,465.429952335455,460.775652812101,0.0,4427.3830461761,26.222141945817683,0.0,0.0
5345,2.0,51.0513544389411,0.0,122.371613902647,303.669511770269,300.632816652567,0.0,4723.58847978249,48.948645561058804,0.0,0.0
5346,2.0,22.615556327893,0.0,193.461109180268,44.4543985797575,44.0098545939599,0.0,4762.87474589667,77.38444367210721,0.0,0.0
5347,2.0,0.0,0.0,0.0,0.0,0.0,250.0,4505.58661862552,100.0,0.0,0.0
5348,2.0,0.0,0.0,0.0,0.0,0.0,250.0,4248.55577948164,100.0,0.0,0.0
5349,2.0,0.0,0.0,0.0,0.0,0.0,250.0,3991.7819711769,100.0,0.0,0.0
5350,2.0,0.0,0.0,0.0,0.0,0.0,250.0,3735.26493668047,100.0,0.0,0.0
5351,2.0,0.0,0.0,0.0,0.0,0.0,250.0,3479.00441921854,100.0,0.0,0.0
5352,0.5,0.0,0.0,0.0,0.0,0.0,250.0,3223.00016227407,100.0,0.0,0.0
5353,0.5,0.0,0.0,0.0,0.0,0.0,250.0,2967.25190958654,100.0,0.0,0.0
5354,0.5,0.0,0.0,0.0,0.0,0.0,250.0,2711.7594051517,100.0,0.0,0.0
5355,0.5,0.0,0.0,0.0,0.0,0.0,250.0,2456.5223932213,100.0,0.0,0.0
5356,0.5,0.0,0.0,0.0,0.0,0.0,250.0,2201.54061830283,100.0,0.0,0.0
5357,1.0,0.0,0.0,0.0,0.0,0.0,250.0,1946.81382515927,100.0,0.0,0.0
5358,1.0,0.0,0.0,0.0,0.0,0.0,250.0,1692.34175880886,100.0,0.0,0.0
5359,1.0,9.06362874005751,0.0,0.0,0.0,0.0,227.340928149856,1461.01211588858,90.9363712599424,0.0,0.0
5360,1.0,29.1955172992043,0.0,163.549724073941,0.0,0.0,13.4614826780479,1445.95364652214,70.80448270079556,0.0,0.0
5361,1.0,52.7955406204753,0.0,118.011148448812,356.491960471201,352.927040866489,0.0,1797.4347337421,47.2044593795248,0.0,0.0
5362,1.0,72.449573581296,0.0,68.87606604676,484.186631327266,479.344765013994,0.0,2274.98206402236,27.550426418704003,0.0,0.0
5363,1.0,88.4189383928491,0.0,28.9526540178773,581.376179970366,575.562418170662,0.0,2848.269500129,11.581061607150922,0.0,0.0
5364,1.0,98.3030794272473,0.0,4.24230143188186,622.673781375033,616.447043561283,0.0,3461.86827419015,1.6969205727527443,0.0,0.0
5365,1.0,100.0,1.92769666350723,0.0,628.047213540329,623.63699270786,0.0,4082.04339862382,0.0,0.0,0.0
5366,1.0,96.910091680361,0.0,7.72477079909752,567.358023234658,561.684443002311,0.0,4639.64579822751,3.089908319639008,0.0,0.0
5367,1.0,85.0425301023712,0.0,37.393674744072,462.688554846508,458.061669298043,0.0,5093.06782172732,14.957469897628801,0.0,0.0
5368,1.0,65.1896155498051,0.0,87.0259611254873,296.764598103197,293.796952122165,0.0,5381.77170602776,34.810384450194924,0.0,0.0
5369,2.0,41.8360537991957,0.0,145.409865502011,124.858652200268,123.610065678265,0.0,5500.0,58.1639462008044,0.0,0.0
5370,2.0,17.1006326928841,0.0,0.0,0.0,0.0,207.24841826779,5285.15816336587,82.899367307116,0.0,0.0
5371,2.0,0.0,0.0,0.0,0.0,0.0,250.0,5027.34775267725,100.0,0.0,0.0
5372,2.0,0.0,0.0,0.0,0.0,0.0,250.0,4769.79515239932,100.0,0.0,0.0
5373,2.0,0.0,0.0,0.0,0.0,0.0,250.0,4512.50010472167,100.0,0.0,0.0
5374,2.0,0.0,0.0,0.0,0.0,0.0,250.0,4255.46235209169,100.0,0.0,0.0
5375,2.0,0.0,0.0,0.0,0.0,0.0,250.0,3998.68163721435,100.0,0.0,0.0
5376,0.5,0.0,0.0,0.0,0.0,0.0,0.0,3994.68295557714,0.0,0.0,0.0
5377,0.5,0.0,0.0,0.0,0.0,0.0,0.0,3990.68827262156,0.0,0.0,0.0
5378,0.5,0.0,0.0,0.0,0.0,0.0,0.0,3986.69758434894,0.0,0.0,0.0
5379,0.5,0.0,0.0,0.0,0.0,0.0,0.0,3982.71088676459,0.0,0.0,0.0
5380,0.5,0.0,0.0,0.0,0.0,0.0,0.0,3978.72817587782,0.0,0.0,0.0
5381,1.0,0.0,0.0,0.0,0.0,0.0,250.0,3722.22419517669,100.0,0.0,0.0
5382,1.0,0.0,0.0,0.0,0.0,0.0,250.0,3465.97671845626,100.0,0.0,0.0
5383,1.0,1.93570853676165,0.0,0.0,0.0,0.0,245.160728658096,3214.87364208317,98.0642914632384,0.0,0.0
5384,1.0,11.7794145662836,0.0,0.0,0.0,0.0,220.551463584291,2988.87951229533,88.22058543371641,0.0,0.0
5385,1.0,54.1291769229407,0.0,114.677057692648,101.57464470886,100.558898261771,0.0,3086.44953104481,45.87082307705921,0.0,0.0
5386,1.0,27.9833592320017,0.0,0.0,0.0,0.0,180.041601919996,2901.50287755417,72.0166407679984,0.0,0.0
5387,1.0,61.3803235844246,0.0,0.0,0.0,0.0,96.5491910389385,2801.07693928375,38.619676415575405,0.0,0.0
5388,1.0,8.00814292916381,0.0,0.0,0.0,0.0,229.97964267709,2565.97319297367,91.991857070836,0.0,0.0
5389,1.0,10.3510317299391,0.0,0.0,0.0,0.0,224.122420675152,2337.02093627044,89.6489682700608,0.0,0.0
5390,1.0,14.4898830550543,0.0,0.0,0.0,0.0,213.775292362364,2118.74927658431,85.51011694494561,0.0,0.0
5391,1.0,46.9228437160439,0.0,0.0,0.0,0.0,132.69289070989,1982.59730436844,53.07715628395601,0.0,0.0
5392,1.0,50.6513900697129,0.0,68.6832155288952,0.0,0.0,54.6883092968226,1925.37399060263,49.348609930287125,0.0,0.0
5393,2.0,33.232629882852,0.0,0.0,0.0,0.0,166.91842529287,1754.84414661923,66.767370117148,0.0,0.0
5394,2.0,7.64321476536017,0.0,0.0,0.0,0.0,230.8919630866,1519.86509733464,92.35678523464,0.0,0.0
5395,2.0,0.0,0.0,0.0,0.0,0.0,250.0,1265.81997971205,100.0,0.0,0.0
5396,2.0,0.0,0.0,0.0,0.0,0.0,250.0,1012.02890720708,100.0,0.0,0.0
5397,2.0,0.0,0.0,0.0,0.0,0.0,250.0,758.491625774624,100.0,0.0,0.0
5398,2.0,0.0,0.0,0.0,0.0,0.0,250.0,505.207881623597,100.0,0.0,0.0
5399,2.0,0.0,0.0,0.0,0.0,0.0,250.0,252.177421216721,100.0,0.0,0.0
5400,0.5,0.0,0.0,0.0,0.0,0.0,0.0,251.925243795504,0.0,0.0,0.0
5401,0.5,0.0,0.0,0.0,0.0,0.0,0.0,251.673318551709,0.0,0.0,0.0
5402,0.5,0.0,0.0,0.0,0.0,0.0,0.0,251.421645233157,0.0,0.0,0.0
5403,0.5,0.0,0.0,0.0,0.0,0.0,0.0,251.170223587924,0.0,0.0,0.0
5404,0.5,0.0,0.0,0.0,0.0,0.0,0.0,250.919053364336,0.0,0.0,0.0
5405,1.0,0.0,0.0,0.0,0.0,0.0,248.161452967862,0.0,99.26458118714481,0.0,0.0
5406,1.0,0.0,0.0,0.0,0.0,0.0,0.0,0.0,0.0,0.0,0.0
5407,1.0,8.38918814917793,0.0,0.0,0.0,0.0,0.0,0.0,0.0,0.0,0.0
5408,1.0,29.0489800797406,0.0,177.377549800649,0.0,0.0,0.0,0.0,70.95101992025961,0.0,39.4370063272039
5409,1.0,55.397767071778,0.0,111.505582320555,0.0,0.0,0.0,0.0,44.60223292822201,0.0,431.829230296345
5410,1.0,77.7960396181121,0.0,55.5099009547198,0.0,0.0,0.0,0.0,22.20396038188792,0.0,560.89757462714
5411,1.0,94.6982761082773,0.0,13.2543097293067,0.0,0.0,0.0,0.0,5.3017238917226805,0.0,640.071887940407
5412,1.0,100.0,0.0,0.0,606.998495332466,600.928510379141,0.0,600.928510379141,0.0,4.68196123193583,44.3292589824198
5413,1.0,100.0,8.46530114457295,0.0,651.777776632867,653.473034037003,0.0,1253.80061590576,0.0,0.0,0.0
5414,1.0,100.0,4.77548860820093,0.0,641.521457488681,639.739421961471,0.0,1892.28623725133,0.0,0.0,0.0
5415,1.0,94.420133426084,0.0,13.9496664347901,589.467903403424,583.57322436939,0.0,2473.96717538347,5.57986657391604,0.0,0.0
5416,1.0,76.1510218940949,0.0,59.6224452647627,474.796721306379,470.048754093315,0.0,2941.5419623014,23.848978105905083,0.0,0.0
5417,2.0,52.2533721250747,0.0,119.366569687313,310.354214247317,307.250672104844,0.0,3245.85109244394,47.7466278749252,0.0,0.0
5418,2.0,22.5704320103851,0.0,193.573919974037,42.8783145496069,42.4495314041109,0.0,3285.05477275561,77.42956798961481,0.0,0.0
5419,2.0,0.0,0.0,0.0,0.0,0.0,250.0,3029.2444654576,100.0,0.0,0.0
5420,2.0,0.0,0.0,0.0,0.0,0.0,250.0,2773.68996846689,100.0,0.0,0.0
5421,2.0,0.0,0.0,0.0,0.0,0.0,250.0,2518.39102597317,100.0,0.0,0.0
5422,2.0,0.0,0.0,0.0,0.0,0.0,250.0,2263.34738242195,100.0,0.0,0.0
5423,2.0,0.0,0.0,0.0,0.0,0.0,250.0,2008.55878251427,100.0,0.0,0.0
5424,0.5,0.0,0.0,0.0,0.0,0.0,250.0,1754.0249712065,100.0,0.0,0.0
5425,0.5,0.0,0.0,0.0,0.0,0.0,250.0,1499.74569371005,100.0,0.0,0.0
5426,0.5,0.0,0.0,0.0,0.0,0.0,250.0,1245.72069549108,100.0,0.0,0.0
5427,0.5,0.0,0.0,0.0,0.0,0.0,250.0,991.94972227034,100.0,0.0,0.0
5428,0.5,0.0,0.0,0.0,0.0,0.0,250.0,738.432520022817,100.0,0.0,0.0
5429,1.0,0.0,0.0,0.0,0.0,0.0,250.0,485.168834977541,100.0,0.0,0.0
5430,1.0,0.0,0.0,0.0,0.0,0.0,250.0,232.158413617311,100.0,0.0,0.0
5431,1.0,8.15720293933715,0.0,0.0,0.0,0.0,229.606992651657,0.0,91.8427970606628,0.0,0.0
5432,1.0,30.0377595898753,0.0,174.905601025312,0.0,0.0,0.0,0.0,69.9622404101248,0.0,47.8828490650798
5433,1.0,58.4029215647023,0.0,103.992696088244,0.0,0.0,0.0,0.0,41.597078435297604,0.0,459.772067917251
5434,1.0,80.4945406334189,0.0,48.7636484164527,0.0,0.0,0.0,0.0,19.505459366581082,0.0,572.215703624714
5435,1.0,95.7019145864902,0.0,10.7452135337746,0.0,0.0,0.0,0.0,4.29808541350984,0.0,616.390458713461
5436,1.0,100.0,0.0,0.0,492.708897815307,487.781808837154,0.0,487.781808837154,0.0,4.96887969628561,138.796685809513
5437,1.0,100.0,0.0,0.0,646.316896401734,639.853727437717,0.0,1127.14775446603,0.0,8.5874855544659,0.0
5438,1.0,100.0,0.0,0.0,639.751360242512,633.353846640087,0.0,1759.37445335166,0.0,5.38708181912979,0.0
5439,1.0,95.5857355295001,0.0,11.0356611762496,609.789457848168,603.691563269686,0.0,2361.30664216799,4.41426447049984,0.0,0.0
5440,1.0,78.0829069744503,0.0,54.7927325638743,504.250286722271,499.207783855048,0.0,2858.15311938087,21.917093025549722,0.0,0.0
5441,2.0,54.752015032546,0.0,113.119962418635,353.617749390987,350.081571897077,0.0,3205.37653815857,45.247984967454,0.0,0.0
5442,2.0,24.0308080224662,0.0,189.922979943834,79.1857747083595,78.3939169612759,0.0,3280.56507858168,75.96919197753361,0.0,0.0
5443,2.0,0.0,0.0,0.0,0.0,0.0,250.0,3024.75926097785,100.0,0.0,0.0
5444,2.0,0.0,0.0,0.0,0.0,0.0,250.0,2769.20924919162,100.0,0.0,0.0
5445,2.0,0.0,0.0,0.0,0.0,0.0,250.0,2513.91478741717,100.0,0.0,0.0
5446,2.0,0.0,0.0,0.0,0.0,0.0,250.0,2258.87562010451,100.0,0.0,0.0
5447,2.0,0.0,0.0,0.0,0.0,0.0,250.0,2004.09149195915,100.0,0.0,0.0
5448,0.5,0.0,0.0,0.0,0.0,0.0,250.0,1749.56214794194,100.0,0.0,0.0
5449,0.5,0.0,0.0,0.0,0.0,0.0,250.0,1495.28733326874,100.0,0.0,0.0
5450,0.5,0.0,0.0,0.0,0.0,0.0,250.0,1241.26679341022,100.0,0.0,0.0
5451,0.5,0.0,0.0,0.0,0.0,0.0,250.0,987.500274091558,100.0,0.0,0.0
5452,0.5,0.0,0.0,0.0,0.0,0.0,250.0,733.987521292214,100.0,0.0,0.0
5453,1.0,0.0,0.0,0.0,0.0,0.0,250.0,480.728281245669,100.0,0.0,0.0
5454,1.0,0.0,0.0,0.0,0.0,0.0,250.0,227.722300439171,100.0,0.0,0.0
5455,1.0,9.91214705706222,0.0,0.0,0.0,0.0,225.219632357344,0.0,90.08785294293762,0.0,0.0
5456,1.0,29.8560023205206,0.0,175.359994198699,0.0,0.0,0.0,0.0,70.14399767947961,0.0,40.3242236953641
5457,1.0,57.7831705261115,0.0,105.542073684721,0.0,0.0,0.0,0.0,42.2168294738884,0.0,443.248476191396
5458,1.0,64.8409252595149,0.0,87.8976868512128,0.0,0.0,0.0,0.0,35.15907474048512,0.0,132.779905875378
5459,1.0,76.6698285603831,0.0,58.3254285990424,32.3494019116991,32.0259078925821,0.0,32.0259078925821,23.33017143961696,0.0,158.389198044986
5460,1.0,100.0,0.0,0.0,659.339050966892,652.745660457223,0.0,684.739542441913,0.0,6.56396832543984,0.0
5461,1.0,100.0,0.0246404421053512,0.0,482.641305515962,477.838798617733,0.0,1161.8936015172,0.0,0.0,0.0
5462,1.0,100.0,5.50881963205431,0.0,631.065653552479,630.099653823973,0.0,1790.83136173966,0.0,0.0,0.0
5463,1.0,95.6117356287034,0.0,10.9706609282415,600.267683443836,594.265006609398,0.0,2383.30553698732,4.3882643712966,0.0,0.0
5464,1.0,77.7162858744082,0.0,55.7092853139796,494.519228813154,489.574036525023,0.0,2870.49626797535,22.283714125591843,0.0,0.0
5465,2.0,54.2853981769319,0.0,114.28650455767,341.744712645826,338.327265519367,0.0,3205.95303722675,45.714601823068,0.0,0.0
5466,2.0,24.0538115698994,0.0,189.865471075251,83.8620514935661,83.0234309786304,0.0,3285.77051516815,75.9461884301004,0.0,0.0
5467,2.0,0.0,0.0,0.0,0.0,0.0,250.0,3029.95949212773,100.0,0.0,0.0
5468,2.0,0.0,0.0,0.0,0.0,0.0,250.0,2774.40428011035,100.0,0.0,0.0
5469,2.0,0.0,0.0,0.0,0.0,0.0,250.0,2519.10462330499,100.0,0.0,0.0
5470,2.0,0.0,0.0,0.0,0.0,0.0,250.0,2264.06026615643,100.0,0.0,0.0
5471,2.0,0.0,0.0,0.0,0.0,0.0,250.0,2009.27095336502,100.0,0.0,0.0
5472,0.5,0.0,0.0,0.0,0.0,0.0,250.0,1754.7364298864,100.0,0.0,0.0
5473,0.5,0.0,0.0,0.0,0.0,0.0,250.0,1500.45644093126,100.0,0.0,0.0
5474,0.5,0.0,0.0,0.0,0.0,0.0,250.0,1246.43073196508,100.0,0.0,0.0
5475,0.5,0.0,0.0,0.0,0.0,0.0,250.0,992.659048707861,100.0,0.0,0.0
5476,0.5,0.0,0.0,0.0,0.0,0.0,250.0,739.1411371339,100.0,0.0,0.0
5477,1.0,0.0,0.0,0.0,0.0,0.0,250.0,485.876743471514,100.0,0.0,0.0
5478,1.0,0.0,0.0,0.0,0.0,0.0,250.0,232.86561420279,100.0,0.0,0.0
5479,1.0,7.87743155891945,0.0,0.0,0.0,0.0,230.306421102701,0.0,92.1225684410804,0.0,0.0
5480,1.0,29.7490915864294,0.0,175.627271033926,0.0,0.0,0.0,0.0,70.2509084135704,0.0,38.6783689845268
5481,1.0,57.4340780455617,0.0,106.414804886096,0.0,0.0,0.0,0.0,42.5659219544384,0.0,447.502935274691
5482,1.0,78.7415643154582,0.0,53.1460892113544,0.0,0.0,0.0,0.0,21.258435684541762,0.0,537.089320208962
5483,1.0,95.0078050389518,0.0,12.4804874026204,1.3431393599459,1.32970796634644,0.0,1.32970796634644,4.99219496104816,0.0,599.837683848644
5484,1.0,100.0,0.0,0.0,629.934768114824,623.635420433676,0.0,624.963798692056,0.0,4.6084103522538,0.0
5485,1.0,100.0,6.95043442922227,0.0,620.165112900932,620.706773255154,0.0,1245.04560814852,0.0,0.0,0.0
5486,1.0,100.0,5.33914154755672,0.0,637.380396945186,636.186628105174,0.0,1879.98719064554,0.0,0.0,0.0
5487,1.0,96.0233442507961,0.0,9.94163937300971,608.104549136616,602.02350364525,0.0,2480.13070710015,3.9766557492038843,0.0,0.0
5488,1.0,77.9371567511582,0.0,55.1571081221044,492.375586770494,487.451830902789,0.0,2965.10240729584,22.06284324884176,0.0,0.0
5489,2.0,52.2912076098422,0.0,119.271980975394,292.939488830102,290.010093941801,0.0,3252.14739883034,47.708792390157605,0.0,0.0
5490,2.0,22.2716708310991,0.0,194.320822922252,38.176486133354,37.7947212720205,0.0,3286.68997270353,77.72832916890081,0.0,0.0
5491,2.0,0.0,0.0,0.0,0.0,0.0,250.0,3030.87803020557,100.0,0.0,0.0
5492,2.0,0.0,0.0,0.0,0.0,0.0,250.0,2775.32189965012,100.0,0.0,0.0
5493,2.0,0.0,0.0,0.0,0.0,0.0,250.0,2520.02132522521,100.0,0.0,0.0
5494,2.0,0.0,0.0,0.0,0.0,0.0,250.0,2264.97605137474,100.0,0.0,0.0
5495,2.0,0.0,0.0,0.0,0.0,0.0,250.0,2010.18582279811,100.0,0.0,0.0
5496,0.5,0.0,0.0,0.0,0.0,0.0,250.0,1755.65038445006,100.0,0.0,0.0
5497,0.5,0.0,0.0,0.0,0.0,0.0,250.0,1501.36948154036,100.0,0.0,0.0
5498,0.5,0.0,0.0,0.0,0.0,0.0,250.0,1247.34285953356,100.0,0.0,0.0
5499,0.5,0.0,0.0,0.0,0.0,0.0,250.0,993.570264148776,100.0,0.0,0.0
5500,0.5,0.0,0.0,0.0,0.0,0.0,250.0,740.051441359375,100.0,0.0,0.0
5501,1.0,0.0,0.0,0.0,0.0,0.0,250.0,486.786137392763,100.0,0.0,0.0
5502,1.0,0.0,0.0,0.0,0.0,0.0,250.0,233.774098730118,100.0,0.0,0.0
5503,1.0,7.51803144597052,0.0,0.0,0.0,0.0,231.204921385074,0.0,92.4819685540296,0.0,0.0
5504,1.0,29.8607235709269,0.0,175.348191072683,0.0,0.0,0.0,0.0,70.1392764290732,0.0,37.6302291308352
5505,1.0,58.3290364989642,0.0,104.17740875259,0.0,0.0,0.0,0.0,41.670963501036,0.0,448.329163650729
5506,1.0,79.8054316199846,0.0,50.4864209500385,0.0,0.0,0.0,0.0,20.1945683800154,0.0,537.828617057592
5507,1.0,95.4509858365289,0.0,11.3725354086777,0.0,0.0,0.0,0.0,4.549014163471081,0.0,614.336260364269
5508,1.0,100.0,0.0,0.0,453.20873725009,448.676649877589,0.0,448.676649877589,0.0,5.4181840993493,188.728629488438
5509,1.0,100.0,0.0,0.0,656.401787346284,649.837769472821,0.0,1098.06574270053,0.0,9.3244889257858,0.0
5510,1.0,100.0,0.0,0.0,648.279242672934,641.796450246205,0.0,1738.76412720404,0.0,5.56474714457997,0.0
5511,1.0,96.1372188099882,0.0,9.6569529750295,607.180977102749,601.109167331722,0.0,2338.13453040855,3.8627811900118,0.0,0.0
5512,1.0,78.7349582551246,0.0,53.1626043621885,507.620123397786,502.543922163808,0.0,2838.34031804195,21.265041744875404,0.0,0.0
5513,2.0,54.8799652679318,0.0,112.80008683017,352.014077409394,348.4939366353,0.0,3183.99591435921,45.12003473206801,0.0,0.0
5514,2.0,25.0267176981076,0.0,187.433205754731,106.909430214268,105.840335912125,0.0,3286.65225435698,74.97328230189241,0.0,0.0
5515,2.0,0.0,0.0,0.0,0.0,0.0,250.0,3030.84034957737,100.0,0.0,0.0
5516,2.0,0.0,0.0,0.0,0.0,0.0,250.0,2775.28425670254,100.0,0.0,0.0
5517,2.0,0.0,0.0,0.0,0.0,0.0,250.0,2519.98371992058,100.0,0.0,0.0
5518,2.0,0.0,0.0,0.0,0.0,0.0,250.0,2264.93848367541,100.0,0.0,0.0
5519,2.0,0.0,0.0,0.0,0.0,0.0,250.0,2010.14829266648,100.0,0.0,0.0
5520,0.5,0.0,0.0,0.0,0.0,0.0,250.0,1755.61289184856,100.0,0.0,0.0
5521,0.5,0.0,0.0,0.0,0.0,0.0,250.0,1501.33202643146,100.0,0.0,0.0
5522,0.5,0.0,0.0,0.0,0.0,0.0,250.0,1247.30544187978,100.0,0.0,0.0
5523,0.5,0.0,0.0,0.0,0.0,0.0,250.0,993.532883912645,100.0,0.0,0.0
5524,0.5,0.0,0.0,0.0,0.0,0.0,250.0,740.01409850348,100.0,0.0,0.0
5525,1.0,0.0,0.0,0.0,0.0,0.0,250.0,486.748831879724,100.0,0.0,0.0
5526,1.0,0.0,0.0,0.0,0.0,0.0,250.0,233.736830522592,100.0,0.0,0.0
5527,1.0,7.53277489794059,0.0,0.0,0.0,0.0,231.168062755149,0.0,92.46722510205961,0.0,0.0
5528,1.0,29.3562832957661,0.0,176.609291760585,0.0,0.0,0.0,0.0,70.643716704234,0.0,36.3432469689447
5529,1.0,56.6645118641531,0.0,108.338720339617,0.0,0.0,0.0,0.0,43.3354881358468,0.0,428.451931730175
5530,1.0,77.1364276362754,0.0,57.1589309093114,0.0,0.0,0.0,0.0,22.86357236372456,0.0,545.369550966622
5531,1.0,90.5131513218849,0.0,23.7171216952877,0.0,0.0,0.0,0.0,9.48684867811508,0.0,603.962332110981
5532,1.0,99.1614141936536,0.0,2.09646451586597,514.18985974723,509.047961149758,0.0,509.047961149758,0.838585806346388,0.0,116.21301250062
5533,1.0,100.0,2.68269280638823,0.0,633.958180125127,630.221346884634,0.0,1138.76026007324,0.0,0.0,0.0
5534,1.0,100.0,0.921359721881174,0.0,650.490764652396,644.879760208041,0.0,1782.50126002121,0.0,0.0,0.0
5535,1.0,92.4087164383636,0.0,18.9782089040909,600.639775897822,594.633378138843,0.0,2375.35213690003,7.591283561636359,0.0,0.0
5536,1.0,75.5688452750153,0.0,61.0778868124618,494.486160045945,489.541298445486,0.0,2862.51808320862,24.431154724984722,0.0,0.0
5537,2.0,53.0990311006878,0.0,117.252422248281,348.506385894184,345.021322035243,0.0,3204.67688716065,46.9009688993124,0.0,0.0
5538,2.0,23.2603069539852,0.0,191.849232615037,86.7208596708366,85.8536510741282,0.0,3287.32586134762,76.7396930460148,0.0,0.0
5539,2.0,0.0,0.0,0.0,0.0,0.0,250.0,3031.51328296102,100.0,0.0,0.0
5540,2.0,0.0,0.0,0.0,0.0,0.0,250.0,2775.95651715281,100.0,0.0,0.0
5541,2.0,0.0,0.0,0.0,0.0,0.0,250.0,2520.6553081104,100.0,0.0,0.0
5542,2.0,0.0,0.0,0.0,0.0,0.0,250.0,2265.60940027704,100.0,0.0,0.0
5543,2.0,0.0,0.0,0.0,0.0,0.0,250.0,2010.81853835151,100.0,0.0,0.0
5544,0.5,0.0,0.0,0.0,0.0,0.0,250.0,1756.2824672879,100.0,0.0,0.0
5545,0.5,0.0,0.0,0.0,0.0,0.0,250.0,1502.00093229536,100.0,0.0,0.0
5546,0.5,0.0,0.0,0.0,0.0,0.0,250.0,1247.97367883782,100.0,0.0,0.0
5547,0.5,0.0,0.0,0.0,0.0,0.0,250.0,994.200452633725,100.0,0.0,0.0
5548,0.5,0.0,0.0,0.0,0.0,0.0,250.0,740.680999655839,100.0,0.0,0.0
5549,1.0,0.0,0.0,0.0,0.0,0.0,250.0,487.41506613093,100.0,0.0,0.0
5550,1.0,0.0,0.0,0.0,0.0,0.0,250.0,234.402398539547,100.0,0.0,0.0
5551,1.0,7.26947352816112,0.0,0.0,0.0,0.0,231.826316179597,0.0,92.7305264718388,0.0,0.0
5552,1.0,28.7317844321321,0.0,178.17053891967,0.0,0.0,0.0,0.0,71.26821556786801,0.0,33.3335194110585
5553,1.0,56.2809091560421,0.0,109.297727109895,0.0,0.0,0.0,0.0,43.71909084395801,0.0,442.299266649948
5554,1.0,77.2594251552006,0.0,56.8514371119986,0.0,0.0,0.0,0.0,22.74057484479944,0.0,543.131105217803
5555,1.0,91.9894022117586,0.0,20.0264944706034,0.0,0.0,0.0,0.0,8.01059778824136,0.0,606.281086547933
5556,1.0,100.0,0.0,0.0,594.42147643897,588.47726167458,0.0,588.47726167458,0.0,0.555692819734148,36.0709434288358
5557,1.0,100.0,3.23474857398108,0.0,644.367065806033,641.061748214449,0.0,1228.95053262735,0.0,0.0,0.0
5558,1.0,100.0,0.26630853226817,0.0,648.931013316287,642.700075721131,0.0,1870.42165781586,0.0,0.0,0.0
5559,1.0,90.7517933580125,0.0,23.1205166049687,586.336840422032,580.473472017812,0.0,2449.02470817585,9.24820664198748,0.0,0.0
5560,1.0,73.967927913434,0.0,65.080180216415,480.468881640913,475.664192824504,0.0,2922.23987629218,26.032072086566004,0.0,0.0
5561,2.0,50.7664783322103,0.0,123.083804169474,319.052316427343,315.86179326307,0.0,3235.17942967896,49.2335216677896,0.0,0.0
5562,2.0,21.3783617893594,0.0,196.554095526601,56.2789484619157,55.7161589772966,0.0,3287.66040922658,78.62163821064041,0.0,0.0
5563,2.0,0.0,0.0,0.0,0.0,0.0,250.0,3031.8474962921,100.0,0.0,0.0
5564,2.0,0.0,0.0,0.0,0.0,0.0,250.0,2776.29039627055,100.0,0.0,0.0
5565,2.0,0.0,0.0,0.0,0.0,0.0,250.0,2520.98885334903,100.0,0.0,0.0
5566,2.0,0.0,0.0,0.0,0.0,0.0,250.0,2265.94261197043,100.0,0.0,0.0
5567,2.0,0.0,0.0,0.0,0.0,0.0,250.0,2011.15141683321,100.0,0.0,0.0
5568,0.5,0.0,0.0,0.0,0.0,0.0,250.0,1756.61501289112,100.0,0.0,0.0
5569,0.5,0.0,0.0,0.0,0.0,0.0,250.0,1502.33314535298,100.0,0.0,0.0
5570,0.5,0.0,0.0,0.0,0.0,0.0,250.0,1248.30555968237,100.0,0.0,0.0
5571,0.5,0.0,0.0,0.0,0.0,0.0,250.0,994.532001597436,100.0,0.0,0.0
5572,0.5,0.0,0.0,0.0,0.0,0.0,250.0,741.012217070586,100.0,0.0,0.0
5573,1.0,0.0,0.0,0.0,0.0,0.0,250.0,487.745952328263,100.0,0.0,0.0
5574,1.0,0.0,0.0,0.0,0.0,0.0,250.0,234.732953850682,100.0,0.0,0.0
5575,1.0,7.1387045248549,0.0,0.0,0.0,0.0,232.153238687863,0.0,92.8612954751452,0.0,0.0
5576,1.0,28.7041698278699,0.0,178.239575430325,0.0,0.0,0.0,0.0,71.29583017213001,0.0,30.106000645509
5577,1.0,55.9218195382109,0.0,110.195451154473,0.0,0.0,0.0,0.0,44.0781804617892,0.0,429.589703753985
5578,1.0,76.7348672902777,0.0,58.1628317743057,0.0,0.0,0.0,0.0,23.26513270972228,0.0,527.142315189777
5579,1.0,96.4909190560771,0.0,8.77270235980724,0.0,0.0,0.0,0.0,3.5090809439228963,0.0,714.97650314029
5580,1.0,100.0,0.0,0.0,609.11210805202,603.0209869715,0.0,603.0209869715,0.0,1.59561207047388,16.4723075970941
5581,1.0,100.0,5.7321024188614,0.0,651.33445309569,650.382394331513,0.0,1252.80036031604,0.0,0.0,0.0
5582,1.0,100.0,2.71454327092331,0.0,642.477882501253,638.68675355769,0.0,1890.23431351341,0.0,0.0,0.0
5583,1.0,91.8244369341364,0.0,20.438907664659,582.164384395565,576.342740551609,0.0,2464.68681975151,8.1755630658636,0.0,0.0
5584,1.0,74.2450469016865,0.0,64.3873827457837,474.579707166823,469.833910095155,0.0,2932.05604302691,25.75495309831348,0.0,0.0
5585,2.0,50.8938225423298,0.0,122.765443644176,318.252662843657,315.07013621522,0.0,3244.19412319911,49.106177457670405,0.0,0.0
5586,2.0,20.8612372272596,0.0,197.846906931851,47.5872071149986,47.1113350438486,0.0,3288.06126411976,79.1387627727404,0.0,0.0
5587,2.0,0.0,0.0,0.0,0.0,0.0,250.0,3032.24795033038,100.0,0.0,0.0
5588,2.0,0.0,0.0,0.0,0.0,0.0,250.0,2776.6904498548,100.0,0.0,0.0
5589,2.0,0.0,0.0,0.0,0.0,0.0,250.0,2521.38850687969,100.0,0.0,0.0
5590,2.0,0.0,0.0,0.0,0.0,0.0,250.0,2266.34186584756,100.0,0.0,0.0
5591,2.0,0.0,0.0,0.0,0.0,0.0,250.0,2011.55027145646,100.0,0.0,0.0
5592,0.5,0.0,0.0,0.0,0.0,0.0,250.0,1757.01346865975,100.0,0.0,0.0
5593,0.5,0.0,0.0,0.0,0.0,0.0,250.0,1502.73120266584,100.0,0.0,0.0
5594,0.5,0.0,0.0,0.0,0.0,0.0,250.0,1248.70321893792,100.0,0.0,0.0
5595,0.5,0.0,0.0,0.0,0.0,0.0,250.0,994.929263193731,100.0,0.0,0.0
5596,0.5,0.0,0.0,0.0,0.0,0.0,250.0,741.409081405285,100.0,0.0,0.0
5597,1.0,0.0,0.0,0.0,0.0,0.0,250.0,488.142419798627,100.0,0.0,0.0
5598,1.0,0.0,0.0,0.0,0.0,0.0,250.0,235.129024853576,100.0,0.0,0.0
5599,1.0,6.98201725182609,0.0,0.0,0.0,0.0,232.544956870435,0.0,93.017982748174,0.0,0.0
5600,1.0,28.0159217354678,0.0,179.96019566133,0.0,0.0,0.0,0.0,71.984078264532,0.0,22.7502413386746
5601,1.0,54.5970110540802,0.0,113.5074723648,0.0,0.0,0.0,0.0,45.40298894592,0.0,415.796343396508
5602,1.0,75.3720358533739,0.0,61.5699103665654,0.0,0.0,0.0,0.0,24.627964146626162,0.0,513.592700148883
5603,1.0,89.8811201227857,0.0,25.2971996930359,322.367691434613,319.144014520267,0.0,319.144014520267,10.118879877214361,0.0,241.813974582917
5604,1.0,99.3594542657099,0.0,1.60136433572521,627.792771630012,621.514843913712,0.0,940.339714419458,0.6405457342900841,0.0,0.0
5605,1.0,100.0,2.14042683855303,0.0,630.197605582111,625.972271645055,0.0,1565.37164635009,0.0,0.0,0.0
5606,1.0,99.7904323761236,0.0,0.523919059690883,632.487321229726,626.162448017429,0.0,2189.96872272117,0.20956762387635322,0.0,0.0
5607,1.0,89.4208166238036,0.0,26.4479584404909,566.325544602787,560.662289156759,0.0,2748.44104315521,10.579183376196362,0.0,0.0
5608,1.0,72.2657873764548,0.0,69.3355315588631,459.235339960568,454.642986560962,0.0,3200.33558867302,27.73421262354524,0.0,0.0
5609,2.0,49.4590202367707,0.0,126.352449408073,301.653798894016,298.637260905076,0.0,3495.77251398942,50.5409797632292,0.0,0.0
5610,2.0,19.5609424558769,0.0,201.097643860308,24.6654726092119,24.4188178831198,0.0,3516.69555935855,80.43905754412322,0.0,0.0
5611,2.0,0.0,0.0,0.0,0.0,0.0,250.0,3260.65361127394,100.0,0.0,0.0
5612,2.0,0.0,0.0,0.0,0.0,0.0,250.0,3004.86770513741,100.0,0.0,0.0
5613,2.0,0.0,0.0,0.0,0.0,0.0,250.0,2749.33758490702,100.0,0.0,0.0
5614,2.0,0.0,0.0,0.0,0.0,0.0,250.0,2494.06299479686,100.0,0.0,0.0
5615,2.0,0.0,0.0,0.0,0.0,0.0,250.0,2239.04367927681,100.0,0.0,0.0
5616,0.5,0.0,0.0,0.0,0.0,0.0,250.0,1984.27938307228,100.0,0.0,0.0
5617,0.5,0.0,0.0,0.0,0.0,0.0,250.0,1729.76985116396,100.0,0.0,0.0
5618,0.5,0.0,0.0,0.0,0.0,0.0,250.0,1475.51482878754,100.0,0.0,0.0
5619,0.5,0.0,0.0,0.0,0.0,0.0,250.0,1221.5140614335,100.0,0.0,0.0
5620,0.5,0.0,0.0,0.0,0.0,0.0,250.0,967.767294846817,100.0,0.0,0.0
5621,1.0,0.0,0.0,0.0,0.0,0.0,250.0,714.274275026717,100.0,0.0,0.0
5622,1.0,0.0,0.0,0.0,0.0,0.0,250.0,461.034748226438,100.0,0.0,0.0
5623,1.0,6.78402989181328,0.0,0.0,0.0,0.0,233.039925270467,225.179849568649,93.21597010818681,0.0,0.0
5624,1.0,27.9984067633029,0.0,180.003983091743,15.8667025350296,15.7080355096793,0.0,240.66270522876,72.0015932366972,0.0,0.0
5625,1.0,55.0730412960297,0.0,112.317396759926,408.050219917519,403.969717718343,0.0,644.391760241875,44.9269587039704,0.0,0.0
5626,1.0,75.9549322924228,0.0,60.1126692689429,515.096346737817,509.945383270439,0.0,1153.69275175207,24.04506770757716,0.0,0.0
5627,1.0,90.7299003578198,0.0,23.1752491054505,577.927567972811,572.148292293083,0.0,1724.6873512934,9.2700996421802,0.0,0.0
5628,1.0,99.4441682362569,0.0,1.38957940935772,615.855782813883,609.697224985744,0.0,2332.65988892785,0.5558317637430881,0.0,0.0
5629,1.0,100.0,2.39048712477738,0.0,630.093379579884,626.111696392544,0.0,2956.43892543147,0.0,0.0,0.0
5630,1.0,99.2688259249446,0.0,1.82793518763845,631.708864743496,625.391776096061,0.0,3578.8742626021,0.73117407505538,0.0,0.0
5631,1.0,87.3003433967068,0.0,31.749141508233,541.255675477308,535.843118722535,0.0,4111.13850706203,12.6996566032932,0.0,0.0
5632,1.0,69.6128695284886,0.0,75.9678261787785,423.579592935446,419.343797006091,0.0,4526.37116556106,30.387130471511398,0.0,0.0
5633,2.0,47.3194780082939,0.0,131.701304979265,274.592927209323,271.846997937229,0.0,4793.69179233273,52.680521991706,0.0,0.0
5634,2.0,14.8481855745241,0.0,0.0,0.0,0.0,212.87953606369,4573.86826613263,85.151814425476,0.0,0.0
5635,2.0,0.0,0.0,0.0,0.0,0.0,250.0,4316.76914534124,100.0,0.0,0.0
5636,2.0,0.0,0.0,0.0,0.0,0.0,250.0,4059.92712367065,100.0,0.0,0.0
5637,2.0,0.0,0.0,0.0,0.0,0.0,250.0,3803.34194402173,100.0,0.0,0.0
5638,2.0,0.0,0.0,0.0,0.0,0.0,250.0,3547.01334955245,100.0,0.0,0.0
5639,2.0,0.0,0.0,0.0,0.0,0.0,250.0,3290.94108367765,100.0,0.0,0.0
5640,0.5,0.0,0.0,0.0,0.0,0.0,250.0,3035.12489006872,100.0,0.0,0.0
5641,0.5,0.0,0.0,0.0,0.0,0.0,250.0,2779.5645126534,100.0,0.0,0.0
5642,0.5,0.0,0.0,0.0,0.0,0.0,250.0,2524.25969561549,100.0,0.0,0.0
5643,0.5,0.0,0.0,0.0,0.0,0.0,250.0,2269.21018339462,100.0,0.0,0.0
5644,0.5,0.0,0.0,0.0,0.0,0.0,250.0,2014.41572068597,100.0,0.0,0.0
5645,1.0,0.0,0.0,0.0,0.0,0.0,250.0,1759.87605244004,100.0,0.0,0.0
5646,1.0,0.0,0.0,0.0,0.0,0.0,250.0,1505.59092386234,100.0,0.0,0.0
5647,1.0,6.77801485853637,0.0,0.0,0.0,0.0,233.054962853659,1268.67627955095,93.2219851414636,0.0,0.0
5648,1.0,27.9719094823264,0.0,180.070226294184,0.318173561253218,0.314991825640686,0.0,1267.72259509704,72.0280905176736,0.0,0.0
5649,1.0,53.9360133476148,0.0,115.159966630963,371.456671940948,367.742105221538,0.0,1634.19697772348,46.0639866523852,0.0,0.0
5650,1.0,73.6663058887305,0.0,65.8342352781737,462.210454632699,457.588350086372,0.0,2090.15113083213,26.33369411126948,0.0,0.0
5651,1.0,89.5756985757756,0.0,26.0607535605609,558.571930120097,552.986210818896,0.0,2641.04719052019,10.42430142422436,0.0,0.0
5652,1.0,98.6513628958923,0.0,3.37159276026934,585.545680267788,579.69022346511,0.0,3218.09636679478,1.348637104107736,0.0,0.0
5653,1.0,95.9223844573971,0.0,10.1940388565072,482.810196560148,477.982094594547,0.0,3692.86036502253,4.077615542602881,0.0,0.0
5654,1.0,88.149865015619,0.0,29.6253374609526,397.334779594664,393.361431798718,0.0,4082.52893645623,11.850134984381041,0.0,0.0
5655,1.0,67.6792554631454,0.0,80.8018613421364,185.681988760942,183.825168873332,0.0,4262.2715763931,32.32074453685456,0.0,0.0
5656,1.0,41.3824430304309,0.0,0.0,0.0,0.0,146.543892423923,4109.98517105517,58.61755696956921,0.0,0.0
5657,2.0,3.61304271208965,0.0,0.0,0.0,0.0,240.967393219776,3862.47377859141,96.3869572879104,0.0,0.0
5658,2.0,18.8301440418074,0.0,38.8111135920979,0.0,0.0,164.113526303384,3692.84006612254,81.16985595819277,0.0,0.0
5659,2.0,0.0,0.0,0.0,0.0,0.0,250.0,3436.62197353116,100.0,0.0,0.0
5660,2.0,0.0,0.0,0.0,0.0,0.0,250.0,3180.66009903238,100.0,0.0,0.0
5661,2.0,0.0,0.0,0.0,0.0,0.0,250.0,2924.95418640809,100.0,0.0,0.0
5662,2.0,0.0,0.0,0.0,0.0,0.0,250.0,2669.50397969643,100.0,0.0,0.0
5663,2.0,0.0,0.0,0.0,0.0,0.0,250.0,2414.30922319148,100.0,0.0,0.0
5664,0.5,0.0,0.0,0.0,0.0,0.0,250.0,2159.36966144304,100.0,0.0,0.0
5665,0.5,0.0,0.0,0.0,0.0,0.0,250.0,1904.68503925634,100.0,0.0,0.0
5666,0.5,0.0,0.0,0.0,0.0,0.0,250.0,1650.25510169183,100.0,0.0,0.0
5667,0.5,0.0,0.0,0.0,0.0,0.0,250.0,1396.07959406489,100.0,0.0,0.0
5668,0.5,0.0,0.0,0.0,0.0,0.0,250.0,1142.15826194557,100.0,0.0,0.0
5669,1.0,0.0,0.0,0.0,0.0,0.0,250.0,888.490851158374,100.0,0.0,0.0
5670,1.0,0.0,0.0,0.0,0.0,0.0,250.0,635.077107781963,100.0,0.0,0.0
5671,1.0,6.69419094504574,0.0,0.0,0.0,0.0,233.264522637386,398.821300737428,93.30580905495441,0.0,0.0
5672,1.0,28.1487392545646,0.0,179.628151863588,15.9394261121474,15.7800318510259,0.0,414.202511287716,71.8512607454352,0.0,0.0
5673,1.0,55.0343079998786,0.0,112.414230000303,383.49132693008,379.656413660779,0.0,793.444722437207,44.9656920001212,0.0,0.0
5674,1.0,76.1813713019915,0.0,59.5465717450212,512.331422078503,507.208107857718,0.0,1299.85938557249,23.81862869800848,0.0,0.0
5675,1.0,90.6406353104684,0.0,23.3984117238289,551.224364861428,545.712121212814,0.0,1844.27164739973,9.35936468953156,0.0,0.0
5676,1.0,94.2032665351778,0.0,14.4918336620554,468.932917596625,464.243588420659,0.0,2306.67096417299,5.796733464822161,0.0,0.0
5677,1.0,93.8663786021093,0.0,15.3340534947268,437.873331834643,433.494598516297,0.0,2737.85889172511,6.133621397890721,0.0,0.0
5678,1.0,93.2622141064832,0.0,16.844464733792,492.482060153326,487.557239551792,0.0,3222.67827238518,6.737785893516801,0.0,0.0
5679,1.0,89.5374015678356,0.0,26.1564960804111,569.984818402002,564.284970217982,0.0,3783.74056433078,10.462598432164441,0.0,0.0
5680,1.0,68.812791667182,0.0,77.9680208320451,396.798936550288,392.830947184785,0.0,4172.78777095123,31.18720833281804,0.0,0.0
5681,2.0,47.9773116677469,0.0,130.056720830633,281.575084341153,278.759333497742,0.0,4447.37431667802,52.0226883322532,0.0,0.0
5682,2.0,17.7511420548359,0.0,205.568256280914,0.0,0.0,0.05388858199602,4442.87250945024,82.24885794516402,0.0,0.0
5683,2.0,0.0,0.0,0.0,0.0,0.0,250.0,4185.90438441553,100.0,0.0,0.0
5684,2.0,0.0,0.0,0.0,0.0,0.0,250.0,3929.19322750587,100.0,0.0,0.0
5685,2.0,0.0,0.0,0.0,0.0,0.0,250.0,3672.73878175311,100.0,0.0,0.0
5686,2.0,0.0,0.0,0.0,0.0,0.0,250.0,3416.5407904461,100.0,0.0,0.0
5687,2.0,0.0,0.0,0.0,0.0,0.0,250.0,3160.5989971304,100.0,0.0,0.0
5688,0.5,0.0,0.0,0.0,0.0,0.0,250.0,2904.91314560802,100.0,0.0,0.0
5689,0.5,0.0,0.0,0.0,0.0,0.0,250.0,2649.48297993716,100.0,0.0,0.0
5690,0.5,0.0,0.0,0.0,0.0,0.0,250.0,2394.30824443197,100.0,0.0,0.0
5691,0.5,0.0,0.0,0.0,0.0,0.0,250.0,2139.38868366229,100.0,0.0,0.0
5692,0.5,0.0,0.0,0.0,0.0,0.0,250.0,1884.72404245337,100.0,0.0,0.0
5693,1.0,0.0,0.0,0.0,0.0,0.0,250.0,1630.31406588566,100.0,0.0,0.0
5694,1.0,0.0,0.0,0.0,0.0,0.0,250.0,1376.15849929453,100.0,0.0,0.0
5695,1.0,6.63834053127736,0.0,0.0,0.0,0.0,233.404148671807,1139.02057446007,93.3616594687228,0.0,0.0
5696,1.0,27.8128847969294,0.0,180.467788007677,14.7200997581761,14.5728987605943,0.0,1152.45445264621,72.1871152030708,0.0,0.0
5697,1.0,54.7082224587763,0.0,113.229443853059,383.964234572981,380.124592227251,0.0,1531.42659042081,45.2917775412236,0.0,0.0
5698,1.0,74.8058775983417,0.0,62.9853060041459,499.751467811407,494.753953133293,0.0,2024.64911696368,25.194122401658362,0.0,0.0
5699,1.0,88.0673296096316,0.0,29.8316759759211,546.237620210399,540.775244008295,0.0,2563.39971185502,11.932670390368441,0.0,0.0
5700,1.0,92.5358811543891,0.0,18.6602971140273,487.444408821552,482.569964733336,0.0,3043.4062768765,7.464118845610921,0.0,0.0
5701,1.0,91.5223214998271,0.0,21.1941962504322,433.183339288594,428.851505895708,0.0,3469.21437649533,8.47767850017288,0.0,0.0
5702,1.0,55.346501755138,0.0,0.0,0.0,0.0,111.633745612155,3352.98380291464,44.653498244862,0.0,0.0
5703,1.0,54.4692328132547,0.0,0.0,0.0,0.0,113.826917966863,3234.65413429671,45.5307671867452,0.0,0.0
5704,1.0,63.9497864288974,0.0,90.1255339277565,278.048133571312,275.267652235599,0.0,3506.68713239801,36.0502135711026,0.0,0.0
5705,2.0,37.3203287262145,0.0,156.699178184464,92.7527824171544,91.8252545929828,0.0,3595.00569985859,62.6796712737856,0.0,0.0
5706,2.0,19.3443299355597,0.0,201.639175161101,41.6008424112696,41.1848339871569,0.0,3632.59552814589,80.65567006444041,0.0,0.0
5707,2.0,0.0,0.0,0.0,0.0,0.0,250.0,3376.43768009249,100.0,0.0,0.0
5708,2.0,0.0,0.0,0.0,0.0,0.0,250.0,3120.53598988715,100.0,0.0,0.0
5709,2.0,0.0,0.0,0.0,0.0,0.0,250.0,2864.89020137201,100.0,0.0,0.0
5710,2.0,0.0,0.0,0.0,0.0,0.0,250.0,2609.50005864538,100.0,0.0,0.0
5711,2.0,0.0,0.0,0.0,0.0,0.0,250.0,2354.36530606149,100.0,0.0,0.0
5712,0.5,0.0,0.0,0.0,0.0,0.0,250.0,2099.48568823017,100.0,0.0,0.0
5713,0.5,0.0,0.0,0.0,0.0,0.0,250.0,1844.86095001669,100.0,0.0,0.0
5714,0.5,0.0,0.0,0.0,0.0,0.0,250.0,1590.49083654142,100.0,0.0,0.0
5715,0.5,0.0,0.0,0.0,0.0,0.0,250.0,1336.37509317963,100.0,0.0,0.0
5716,0.5,0.0,0.0,0.0,0.0,0.0,250.0,1082.51346556119,100.0,0.0,0.0
5717,1.0,0.0,0.0,0.0,0.0,0.0,250.0,828.905699570381,100.0,0.0,0.0
5718,1.0,0.0,0.0,0.0,0.0,0.0,250.0,575.551541345558,100.0,0.0,0.0
5719,1.0,6.75110741599706,0.0,0.0,0.0,0.0,233.122231460007,339.498988329457,93.2488925840028,0.0,0.0
5720,1.0,27.8682576502864,0.0,179.925326801045,0.0,0.0,0.404029073238732,338.751379166139,72.1317423497135,0.0,0.0
5721,1.0,54.790812446267,0.0,113.022968884332,406.777691888546,402.70991496966,0.0,741.122542756633,45.209187553732804,0.0,0.0
5722,1.0,75.6864013086153,0.0,60.7839967284618,518.371059468076,513.187348873395,0.0,1253.56876908727,24.313598691384723,0.0,0.0
5723,1.0,90.1170846657925,0.0,24.7072883355188,569.372350517568,563.678627012392,0.0,1815.99382733058,9.88291533420752,0.0,0.0
5724,1.0,97.8457233220966,0.0,5.38569169475846,593.670576892766,587.733871123838,0.0,2401.91170462708,2.154276677903384,0.0,0.0
5725,1.0,100.0,0.0307422247552296,0.0,610.967356050666,604.887508596617,0.0,3004.39730151907,0.0,0.0,0.0
5726,1.0,96.3226420939678,0.0,9.19339476508043,605.448735257076,599.394247904505,0.0,3600.78715212206,3.6773579060321726,0.0,0.0
5727,1.0,84.9250943721196,0.0,37.6872640697009,535.955675062742,530.596118312114,0.0,4127.78248328205,15.074905627880362,0.0,0.0
5728,1.0,37.9526112252727,0.0,0.0,0.0,0.0,155.118471936818,3966.96937561006,62.0473887747272,0.0,0.0
5729,2.0,47.2878458881066,0.0,131.780385279733,81.7699046800563,80.9522056332557,0.0,4043.95461186771,52.7121541118932,0.0,0.0
5730,2.0,15.793123617198,0.0,179.583475283296,0.0,0.0,30.9337156737088,4008.66447980765,84.20687638280192,0.0,0.0
5731,2.0,0.0,0.0,0.0,0.0,0.0,250.0,3752.13056280259,100.0,0.0,0.0
5732,2.0,0.0,0.0,0.0,0.0,0.0,250.0,3495.85317971454,100.0,0.0,0.0
5733,2.0,0.0,0.0,0.0,0.0,0.0,250.0,3239.83207400957,100.0,0.0,0.0
5734,2.0,0.0,0.0,0.0,0.0,0.0,250.0,2984.06698941031,100.0,0.0,0.0
5735,2.0,0.0,0.0,0.0,0.0,0.0,250.0,2728.55766989564,100.0,0.0,0.0
5736,0.5,0.0,0.0,0.0,0.0,0.0,250.0,2473.3038597005,100.0,0.0,0.0
5737,0.5,0.0,0.0,0.0,0.0,0.0,250.0,2218.30530331554,100.0,0.0,0.0
5738,0.5,0.0,0.0,0.0,0.0,0.0,250.0,1963.56174548697,100.0,0.0,0.0
5739,0.5,0.0,0.0,0.0,0.0,0.0,250.0,1709.07293121623,100.0,0.0,0.0
5740,0.5,0.0,0.0,0.0,0.0,0.0,250.0,1454.83860575977,100.0,0.0,0.0
5741,1.0,0.0,0.0,0.0,0.0,0.0,250.0,1200.85851462875,100.0,0.0,0.0
5742,1.0,0.0,0.0,0.0,0.0,0.0,250.0,947.132403588872,100.0,0.0,0.0
5743,1.0,6.63233848201648,0.0,0.0,0.0,0.0,233.419153794959,710.408348160072,93.3676615179836,0.0,0.0
5744,1.0,27.3639649171773,0.0,181.590087707057,1.6238345251729,1.60759617992117,0.0,711.305535991833,72.6360350828228,0.0,0.0
5745,1.0,53.1733997004717,0.0,117.066500748821,372.428599183609,368.704313191773,0.0,1079.29854364761,46.8266002995284,0.0,0.0
5746,1.0,74.3985260552929,0.0,64.0036848617678,501.818401054243,496.800217043701,0.0,1575.01946214767,25.60147394470712,0.0,0.0
5747,1.0,88.8682499201055,0.0,27.8293751997362,541.435150797799,536.020799289821,0.0,2109.46524197534,11.13175007989448,0.0,0.0
5748,1.0,98.3340055269812,0.0,4.1649861825471,592.055065815358,586.134515157205,0.0,2693.49029189057,1.66599447301884,0.0,0.0
5749,1.0,100.0,1.77759958550456,0.0,620.306885594029,615.828443855945,0.0,3306.62524545462,0.0,0.0,0.0
5750,1.0,98.1635091466613,0.0,4.59122713334676,594.889093756819,588.940202819251,0.0,3892.25882302842,1.836490853338704,0.0,0.0
5751,1.0,86.5238730120966,0.0,33.6903174697584,514.371203921786,509.227491882568,0.0,4397.59405608796,13.47612698790336,0.0,0.0
5752,1.0,71.6641929685251,0.0,70.8395175786872,453.731338066432,449.194024685767,0.0,4842.39048671764,28.33580703147488,0.0,0.0
5753,2.0,43.930898604064,0.0,140.17275348984,210.120677141928,208.019470370508,0.0,5045.56756660143,56.069101395936,0.0,0.0
5754,2.0,13.006449245595,0.0,0.0,0.0,0.0,217.483876886012,4820.84131531158,86.99355075440481,0.0,0.0
5755,2.0,0.0,0.0,0.0,0.0,0.0,250.0,4563.49522147102,100.0,0.0,0.0
5756,2.0,0.0,0.0,0.0,0.0,0.0,250.0,4306.4064737243,100.0,0.0,0.0
5757,2.0,0.0,0.0,0.0,0.0,0.0,250.0,4049.57481472532,100.0,0.0,0.0
5758,2.0,0.0,0.0,0.0,0.0,0.0,250.0,3792.99998738534,100.0,0.0,0.0
5759,2.0,0.0,0.0,0.0,0.0,0.0,250.0,3536.6817348727,100.0,0.0,0.0
5760,0.5,0.0,0.0,0.0,0.0,0.0,250.0,3280.61980061258,100.0,0.0,0.0
5761,0.5,0.0,0.0,0.0,0.0,0.0,250.0,3024.81392828671,100.0,0.0,0.0
5762,0.5,0.0,0.0,0.0,0.0,0.0,250.0,2769.26386183317,100.0,0.0,0.0
5763,0.5,0.0,0.0,0.0,0.0,0.0,250.0,2513.96934544609,100.0,0.0,0.0
5764,0.5,0.0,0.0,0.0,0.0,0.0,250.0,2258.93012357539,100.0,0.0,0.0
5765,1.0,0.0,0.0,0.0,0.0,0.0,250.0,2004.14594092656,100.0,0.0,0.0
5766,1.0,0.0,0.0,0.0,0.0,0.0,250.0,1749.61654246038,100.0,0.0,0.0
5767,1.0,6.63564547001014,0.0,0.0,0.0,0.0,233.410886324975,1512.09835387249,93.36435452999001,0.0,0.0
5768,1.0,27.5519145197842,0.0,161.676985601954,0.0,0.0,19.4432280985853,1490.94663117661,72.44808548021572,0.0,0.0
5769,1.0,53.5117911907384,0.0,116.220522023154,339.195463975196,335.803509335444,0.0,1825.25919388088,46.48820880926161,0.0,0.0
5770,1.0,74.5619406028382,0.0,63.5951484929044,476.506451581312,471.741387065499,0.0,2295.1753217525,25.438059397161762,0.0,0.0
5771,1.0,88.5703622521173,0.0,28.5740943697067,536.900083755725,531.531082918168,0.0,2824.41122934891,11.42963774788268,0.0,0.0
5772,1.0,97.5493889087611,0.0,6.12652772809735,575.502588530264,569.747562644961,0.0,3391.33438076453,2.4506110912389403,0.0,0.0
5773,1.0,100.0,1.22495069431869,0.0,603.535657505987,598.688748094555,0.0,3986.63179447832,0.0,0.0,0.0
5774,1.0,96.977589419983,0.0,7.55602645004238,564.029446255519,558.389151792964,0.0,4541.0343144768,3.0224105800169525,0.0,0.0
5775,1.0,86.226803525541,0.0,34.4329911861474,487.099032141839,482.228041820421,0.0,5018.72132198275,13.77319647445896,0.0,0.0
5776,1.0,66.3185903403729,0.0,84.2035241490676,348.035066358069,344.554715694488,0.0,5358.25731635525,33.68140965962704,0.0,0.0
5777,2.0,40.4222900923578,0.0,148.944274769105,148.586809051619,147.100940961103,0.0,5500.0,59.577709907642,0.0,0.0
5778,2.0,11.367195817347,0.0,0.0,0.0,0.0,221.582010456633,5270.67978741754,88.6328041826532,0.0,0.0
5779,2.0,0.0,0.0,0.0,0.0,0.0,250.0,5012.88385510487,100.0,0.0,0.0
5780,2.0,0.0,0.0,0.0,0.0,0.0,250.0,4755.34571872451,100.0,0.0,0.0
5781,2.0,0.0,0.0,0.0,0.0,0.0,250.0,4498.06512048054,100.0,0.0,0.0
5782,2.0,0.0,0.0,0.0,0.0,0.0,250.0,4241.0418028348,100.0,0.0,0.0
5783,2.0,0.0,0.0,0.0,0.0,0.0,250.0,3984.27550850672,100.0,0.0,0.0
5784,0.5,0.0,0.0,0.0,0.0,0.0,250.0,3727.76598047296,100.0,0.0,0.0
5785,0.5,0.0,0.0,0.0,0.0,0.0,250.0,3471.51296196723,100.0,0.0,0.0
5786,0.5,0.0,0.0,0.0,0.0,0.0,250.0,3215.51619648001,100.0,0.0,0.0
5787,0.5,0.0,0.0,0.0,0.0,0.0,250.0,2959.77542775828,100.0,0.0,0.0
5788,0.5,0.0,0.0,0.0,0.0,0.0,250.0,2704.29039980527,100.0,0.0,0.0
5789,1.0,0.0,0.0,0.0,0.0,0.0,250.0,2449.06085688021,100.0,0.0,0.0
5790,1.0,0.0,0.0,0.0,0.0,0.0,250.0,2194.08654349808,100.0,0.0,0.0
5791,1.0,5.32978865493003,0.0,0.0,0.0,0.0,236.675528362675,1952.82626668925,94.67021134507002,0.0,0.0
5792,1.0,27.5584815768131,0.0,129.682031077429,0.0,0.0,51.4217649805382,1898.93226367454,72.44151842318688,0.0,0.0
5793,1.0,52.8488370784452,0.0,117.877907303887,333.199659316952,329.867662723783,0.0,2226.90099413465,47.1511629215548,0.0,0.0
5794,1.0,24.4577990134984,0.0,0.0,0.0,0.0,188.855502466254,2033.91095933622,75.5422009865016,0.0,0.0
5795,1.0,90.0573158210389,0.0,24.8567104474027,248.295638297486,245.812681914511,0.0,2277.68973029139,9.94268417896108,0.0,0.0
5796,1.0,91.6315182334473,0.0,20.9212044163817,396.517924462511,392.552745217886,0.0,2667.96478577899,8.36848176655268,0.0,0.0
5797,1.0,98.6043149059034,0.0,3.48921273524148,493.538400720061,488.603016712861,0.0,3153.89983770607,1.3956850940965921,0.0,0.0
5798,1.0,76.0800282186777,0.0,59.7999294533057,200.769982715601,198.762282888445,0.0,3349.50822075681,23.919971781322282,0.0,0.0
5799,1.0,7.5232391216921,0.0,0.0,0.0,0.0,231.19190219577,3112.63153860093,92.47676087830801,0.0,0.0
5800,1.0,17.6841122218266,0.0,0.0,0.0,0.0,205.789719445433,2901.65050358209,82.3158877781732,0.0,0.0
5801,2.0,11.7553377462887,0.0,0.0,0.0,0.0,220.611655634278,2675.90879688227,88.24466225371121,0.0,0.0
5802,2.0,1.83229613205294,0.0,0.0,0.0,0.0,245.419259669868,2425.33464599461,98.16770386794721,0.0,0.0
5803,2.0,0.0,0.0,0.0,0.0,0.0,250.0,2170.38405882337,100.0,0.0,0.0
5804,2.0,0.0,0.0,0.0,0.0,0.0,250.0,1915.68842223929,100.0,0.0,0.0
5805,2.0,0.0,0.0,0.0,0.0,0.0,250.0,1661.2474812918,100.0,0.0,0.0
5806,2.0,0.0,0.0,0.0,0.0,0.0,250.0,1407.06098128525,100.0,0.0,0.0
5807,2.0,0.0,0.0,0.0,0.0,0.0,250.0,1153.12866777872,100.0,0.0,0.0
5808,0.5,0.0,0.0,0.0,0.0,0.0,248.169717724872,901.299056560562,99.2678870899488,0.0,0.0
5809,0.5,0.0,0.0,0.0,0.0,0.0,0.0,900.397757504001,0.0,0.0,0.0
5810,0.5,0.0,0.0,0.0,0.0,0.0,0.0,899.497359746497,0.0,0.0,0.0
5811,0.5,0.0,0.0,0.0,0.0,0.0,0.0,898.597862386751,0.0,0.0,0.0
5812,0.5,0.0,0.0,0.0,0.0,0.0,0.0,897.699264524364,0.0,0.0,0.0
5813,1.0,0.0,0.0,0.0,0.0,0.0,250.0,644.276312734587,100.0,0.0,0.0
5814,1.0,0.0,0.0,0.0,0.0,0.0,250.0,391.1067838966,100.0,0.0,0.0
5815,1.0,3.22033079769899,0.0,0.0,0.0,0.0,241.949173005752,146.322573066489,96.7796692023008,0.0,0.0
5816,1.0,28.5458313516075,0.0,33.9209336324933,0.0,0.0,144.714487988488,0.0,71.45416864839252,0.0,0.0
5817,1.0,53.9580572430873,0.0,115.104856892282,335.73380085358,332.376462845044,0.0,332.376462845044,46.0419427569128,0.0,0.0
5818,1.0,76.4117504172347,0.0,58.9706239569133,486.325316775367,481.462063607614,0.0,813.506149989813,23.58824958276532,0.0,0.0
5819,1.0,92.2082160627888,0.0,19.4794598430279,549.122140803698,543.630919395661,0.0,1356.32356323548,7.791783937211161,0.0,0.0
5820,1.0,100.0,1.2344379942287,0.0,572.367232303845,567.841211722807,0.0,1922.80845139506,0.0,0.0,0.0
5821,1.0,100.0,5.22314448406158,0.0,606.114802806371,605.121149556744,0.0,2526.00679250041,0.0,0.0,0.0
5822,1.0,100.0,0.335346843581533,0.0,586.810238587268,581.267489709038,0.0,3104.74827541694,0.0,0.0,0.0
5823,1.0,88.0300211296827,0.0,29.9249471757933,516.567933291129,511.402253958218,0.0,3613.04578109974,11.96997887031732,0.0,0.0
5824,1.0,69.2876687539961,0.0,76.7808281150098,404.585336292308,400.539482929385,0.0,4009.97221824803,30.71233124600392,0.0,0.0
5825,2.0,44.7832307190971,0.0,138.041923202257,231.767243256135,229.449570823574,0.0,4235.41181685336,55.21676928090281,0.0,0.0
5826,2.0,12.8814047899816,0.0,0.0,0.0,0.0,217.796488025046,4011.17995248595,87.1185952100184,0.0,0.0
5827,2.0,0.0,0.0,0.0,0.0,0.0,250.0,3754.64352000821,100.0,0.0,0.0
5828,2.0,0.0,0.0,0.0,0.0,0.0,250.0,3498.36362396295,100.0,0.0,0.0
5829,2.0,0.0,0.0,0.0,0.0,0.0,250.0,3242.34000781373,100.0,0.0,0.0
5830,2.0,0.0,0.0,0.0,0.0,0.0,250.0,2986.57241528067,100.0,0.0,0.0
5831,2.0,0.0,0.0,0.0,0.0,0.0,250.0,2731.06059034014,100.0,0.0,0.0
5832,0.5,0.0,0.0,0.0,0.0,0.0,250.0,2475.80427722454,100.0,0.0,0.0
5833,0.5,0.0,0.0,0.0,0.0,0.0,250.0,2220.80322042206,100.0,0.0,0.0
5834,0.5,0.0,0.0,0.0,0.0,0.0,72.6187605461309,2145.23013382171,29.04750421845236,0.0,0.0
5835,0.5,0.0,0.0,0.0,0.0,0.0,0.0,2143.08490368789,0.0,0.0,0.0
5836,0.5,0.0,0.0,0.0,0.0,0.0,0.0,2140.9418187842,0.0,0.0,0.0
5837,1.0,0.0,0.0,0.0,0.0,0.0,250.0,1886.27562444017,100.0,0.0,0.0
5838,1.0,0.0,0.0,0.0,0.0,0.0,250.0,1631.86409629047,100.0,0.0,0.0
5839,1.0,6.07845932734182,0.0,0.0,0.0,0.0,234.803851681645,1393.05662443494,93.92154067265801,0.0,0.0
5840,1.0,27.0675215697824,0.0,182.331196075544,1.03559867072602,1.02524268401876,0.0,1392.68881049453,72.9324784302176,0.0,0.0
5841,1.0,53.57432696221,0.0,116.064182594475,326.988252088443,323.718369567558,0.0,1715.01449125159,46.425673037790006,0.0,0.0
5842,1.0,73.3701968783268,0.0,66.5745078041829,422.583630029665,418.357793729368,0.0,2131.65727048971,26.629803121673163,0.0,0.0
5843,1.0,88.5544884614239,0.0,28.6137788464404,504.319166331563,499.275974668247,0.0,2628.80158788747,11.445511538576161,0.0,0.0
5844,1.0,88.7833544619954,0.0,28.0416138450116,368.125268103564,364.444015422529,0.0,2990.61680172211,11.216645538004641,0.0,0.0
5845,1.0,82.5152776921244,0.0,43.711805769689,248.522797002154,246.037569032133,0.0,3233.66375395252,17.4847223078756,0.0,0.0
5846,1.0,60.7166910513258,0.0,0.0,0.0,0.0,98.2082723716854,3131.22981507565,39.28330894867416,0.0,0.0
5847,1.0,76.8133910713821,0.0,57.9665223215446,140.220064676174,138.817864029412,0.0,3266.91644928999,23.186608928617844,0.0,0.0
5848,1.0,76.1703117946174,0.0,59.5742205134564,498.518379963248,493.533196163615,0.0,3757.18272900431,23.829688205382563,0.0,0.0
5849,2.0,48.289679583017,0.0,129.275801042458,284.423224001105,281.578991761094,0.0,4035.0045380364,51.7103204169832,0.0,0.0
5850,2.0,15.4089807853408,0.0,184.295872748871,0.0,0.0,27.1816752877773,4003.51329583395,84.59101921465933,0.0,0.0
5851,2.0,0.0,0.0,0.0,0.0,0.0,250.0,3746.98453001286,100.0,0.0,0.0
5852,2.0,0.0,0.0,0.0,0.0,0.0,250.0,3490.71229295759,100.0,0.0,0.0
5853,2.0,0.0,0.0,0.0,0.0,0.0,250.0,3234.69632813938,100.0,0.0,0.0
5854,2.0,0.0,0.0,0.0,0.0,0.0,250.0,2978.93637928599,100.0,0.0,0.0
5855,2.0,0.0,0.0,0.0,0.0,0.0,250.0,2723.43219038145,100.0,0.0,0.0
5856,0.5,0.0,0.0,0.0,0.0,0.0,0.0,2720.70875819107,0.0,0.0,0.0
5857,0.5,0.0,0.0,0.0,0.0,0.0,0.0,2717.98804943288,0.0,0.0,0.0
5858,0.5,0.0,0.0,0.0,0.0,0.0,0.0,2715.27006138345,0.0,0.0,0.0
5859,0.5,0.0,0.0,0.0,0.0,0.0,0.0,2712.55479132206,0.0,0.0,0.0
5860,0.5,0.0,0.0,0.0,0.0,0.0,0.0,2709.84223653074,0.0,0.0,0.0
5861,1.0,0.0,0.0,0.0,0.0,0.0,250.0,2454.60714176896,100.0,0.0,0.0
5862,1.0,0.0,0.0,0.0,0.0,0.0,250.0,2199.62728210194,100.0,0.0,0.0
5863,1.0,5.62421181611491,0.0,0.0,0.0,0.0,235.939470459713,1959.10495738578,94.3757881838852,0.0,0.0
5864,1.0,27.393580172156,0.0,181.51604956961,15.4397024266789,15.2853054024121,0.0,1972.43115783081,72.60641982784401,0.0,0.0
5865,1.0,55.9815273952156,0.0,110.046181511961,413.762016118465,409.624395957281,0.0,2380.08312263026,44.0184726047844,0.0,0.0
5866,1.0,77.4122403050689,0.0,56.4693992373277,522.557414441198,517.331840296786,0.0,2895.03487980441,22.58775969493108,0.0,0.0
5867,1.0,82.9426085987277,0.0,42.6434785031807,348.282670395704,344.799843691747,0.0,3236.93968861636,17.05739140127228,0.0,0.0
5868,1.0,59.5568659410453,0.0,0.0,0.0,0.0,101.107835147387,3131.57362251624,40.4431340589548,0.0,0.0
5869,1.0,35.6800187177713,0.0,0.0,0.0,0.0,160.799953205572,2966.01785373658,64.3199812822288,0.0,0.0
5870,1.0,68.593416464999,0.0,0.0,0.0,0.0,78.5164588375024,2883.74228150153,31.406583535000962,0.0,0.0
5871,1.0,20.1343570675222,0.0,0.0,0.0,0.0,199.664107331194,2679.17762272387,79.86564293247761,0.0,0.0
5872,1.0,13.0983507280419,0.0,0.0,0.0,0.0,217.254123179895,2457.04983582853,86.90164927195801,0.0,0.0
5873,2.0,21.2980364181677,0.0,0.0,0.0,0.0,196.754908954581,2255.85045371534,78.7019635818324,0.0,0.0
5874,2.0,6.33647418237335,0.0,0.0,0.0,0.0,234.158814544067,2017.07054816661,93.6635258176268,0.0,0.0
5875,2.0,0.0,0.0,0.0,0.0,0.0,250.0,1762.52822509319,100.0,0.0,0.0
5876,2.0,0.0,0.0,0.0,0.0,0.0,250.0,1508.24044434285,100.0,0.0,0.0
5877,2.0,0.0,0.0,0.0,0.0,0.0,250.0,1254.20695137325,100.0,0.0,0.0
5878,2.0,0.0,0.0,0.0,0.0,0.0,250.0,1000.42749189662,100.0,0.0,0.0
5879,2.0,0.0,0.0,0.0,0.0,0.0,250.0,746.901811879475,100.0,0.0,0.0
5880,0.5,0.0,0.0,0.0,0.0,0.0,0.0,746.154910067595,0.0,0.0,0.0
5881,0.5,0.0,0.0,0.0,0.0,0.0,0.0,745.408755157528,0.0,0.0,0.0
5882,0.5,0.0,0.0,0.0,0.0,0.0,0.0,744.66334640237,0.0,0.0,0.0
5883,0.5,0.0,0.0,0.0,0.0,0.0,0.0,743.918683055968,0.0,0.0,0.0
5884,0.5,0.0,0.0,0.0,0.0,0.0,0.0,743.174764372912,0.0,0.0,0.0
5885,1.0,0.0,0.0,0.0,0.0,0.0,250.0,489.906337083286,100.0,0.0,0.0
5886,1.0,0.0,0.0,0.0,0.0,0.0,250.0,236.891178220951,100.0,0.0,0.0
5887,1.0,6.28490233107906,0.0,0.0,0.0,0.0,234.287744172302,0.0,93.7150976689208,0.0,0.0
5888,1.0,27.3612167992905,0.0,181.596958001774,7.3716849879317,7.29796813805238,0.0,7.29796813805238,72.6387832007096,0.0,0.0
5889,1.0,55.3330930182411,0.0,111.667267454397,398.834904023386,394.846554983152,0.0,402.137225153067,44.66690698175881,0.0,0.0
5890,1.0,73.5526766758367,0.0,66.1183083104082,403.068663461504,399.037976826889,0.0,800.773064754803,26.44732332416328,0.0,0.0
5891,1.0,85.2928092543261,0.0,36.7679768641848,413.352684571654,409.219157725937,0.0,1209.19144941599,14.707190745673921,0.0,0.0
5892,1.0,93.5065240544404,0.0,16.2336898638991,457.050980109155,452.480470308063,0.0,1660.46272827463,6.493475945559641,0.0,0.0
5893,1.0,97.5359993129765,0.0,6.16000171755871,508.029483521958,502.949188686738,0.0,2161.7514542331,2.464000687023484,0.0,0.0
5894,1.0,83.4227916315404,0.0,41.443020921149,320.395969606935,317.192009910865,0.0,2476.78171268973,16.5772083684596,0.0,0.0
5895,1.0,79.3991486823509,0.0,51.5021282941229,381.898178662719,378.079196876092,0.0,2852.38412785313,20.60085131764916,0.0,0.0
5896,1.0,58.0407153304713,0.0,104.898211673822,224.554409924396,222.308865825152,0.0,3071.84060955043,41.959284669528806,0.0,0.0
5897,2.0,43.7092124379754,0.0,140.726968905062,227.478809226048,225.204021133787,0.0,3293.97279007467,56.2907875620248,0.0,0.0
5898,2.0,9.3501224205107,0.0,0.0,0.0,0.0,226.624693948723,3061.76498501315,90.64987757948921,0.0,0.0
5899,2.0,0.0,0.0,0.0,0.0,0.0,250.0,2806.17796750289,100.0,0.0,0.0
5900,2.0,0.0,0.0,0.0,0.0,0.0,250.0,2550.84653701013,100.0,0.0,0.0
5901,2.0,0.0,0.0,0.0,0.0,0.0,250.0,2295.77043794787,100.0,0.0,0.0
5902,2.0,0.0,0.0,0.0,0.0,0.0,250.0,2040.94941498467,100.0,0.0,0.0
5903,2.0,0.0,0.0,0.0,0.0,0.0,250.0,1786.38321304443,100.0,0.0,0.0
5904,0.5,0.0,0.0,0.0,0.0,0.0,250.0,1532.07157730614,100.0,0.0,0.0
5905,0.5,0.0,0.0,0.0,0.0,0.0,250.0,1278.01425320358,100.0,0.0,0.0
5906,0.5,0.0,0.0,0.0,0.0,0.0,250.0,1024.21098642512,100.0,0.0,0.0
5907,0.5,0.0,0.0,0.0,0.0,0.0,250.0,770.661522913443,100.0,0.0,0.0
5908,0.5,0.0,0.0,0.0,0.0,0.0,26.4370736441451,743.186746598464,10.57482945765804,0.0,0.0
5909,1.0,0.0,0.0,0.0,0.0,0.0,250.0,489.918307326613,100.0,0.0,0.0
5910,1.0,0.0,0.0,0.0,0.0,0.0,250.0,236.903136494034,100.0,0.0,0.0
5911,1.0,6.28017159041431,0.0,0.0,0.0,0.0,234.299571023964,0.0,93.7198284095856,0.0,0.0
5912,1.0,26.7601363700647,0.0,183.099659074838,5.50509663251432,5.45004566618918,0.0,5.45004566618918,73.2398636299352,0.0,0.0
5913,1.0,53.9539949758598,0.0,115.115012560351,404.859700659405,400.811103652811,0.0,406.255699273334,46.046005024140406,0.0,0.0
5914,1.0,73.9797483193876,0.0,65.0506292015311,507.713793202886,502.636655270857,0.0,908.486098844918,26.02025168061244,0.0,0.0
5915,1.0,89.1908789422261,0.0,27.0228026444347,584.048173264252,578.20769153161,0.0,1485.78530427768,10.809121057773881,0.0,0.0
5916,1.0,97.5378635347629,0.0,6.15534116309277,609.254022335278,603.161482111925,0.0,2087.46100108533,2.4621364652371085,0.0,0.0
5917,1.0,100.0,1.45716501737779,0.0,638.407770348087,633.437434144466,0.0,2718.81097422871,0.0,0.0,0.0
5918,1.0,97.8925225679567,0.0,5.26869358010821,622.973671836522,616.743935118157,0.0,3332.83609837264,2.107477432043284,0.0,0.0
5919,1.0,87.3273897788544,0.0,31.6815255528641,560.444402000317,554.839957980314,0.0,3884.34322025458,12.672610221145641,0.0,0.0
5920,1.0,66.4871210681591,0.0,83.7821973296022,391.099551493436,387.188555978502,0.0,4267.64743301283,33.51287893184088,0.0,0.0
5921,2.0,42.3793691888342,0.0,144.051577027915,215.607211491324,213.451139376411,0.0,4476.83092495623,57.620630811165995,0.0,0.0
5922,2.0,8.63302610131901,0.0,0.0,0.0,0.0,228.417434746702,4241.62941246894,91.36697389868081,0.0,0.0
5923,2.0,0.0,0.0,0.0,0.0,0.0,250.0,3984.86253053122,100.0,0.0,0.0
5924,2.0,0.0,0.0,0.0,0.0,0.0,250.0,3728.35241547544,100.0,0.0,0.0
5925,2.0,0.0,0.0,0.0,0.0,0.0,250.0,3472.09881053471,100.0,0.0,0.0
5926,2.0,0.0,0.0,0.0,0.0,0.0,250.0,3216.10145919892,100.0,0.0,0.0
5927,2.0,0.0,0.0,0.0,0.0,0.0,250.0,2960.36010521447,100.0,0.0,0.0
5928,0.5,0.0,0.0,0.0,0.0,0.0,250.0,2704.874492584,100.0,0.0,0.0
5929,0.5,0.0,0.0,0.0,0.0,0.0,250.0,2449.64436556617,100.0,0.0,0.0
5930,0.5,0.0,0.0,0.0,0.0,0.0,250.0,2194.66946867535,100.0,0.0,0.0
5931,0.5,0.0,0.0,0.0,0.0,0.0,164.732509561213,2026.07832490242,65.8930038244852,0.0,0.0
5932,0.5,0.0,0.0,0.0,0.0,0.0,0.0,2024.05224657751,0.0,0.0,0.0
5933,1.0,0.0,0.0,0.0,0.0,0.0,250.0,1769.50294180568,100.0,0.0,0.0
5934,1.0,0.0,0.0,0.0,0.0,0.0,250.0,1515.20818633863,100.0,0.0,0.0
5935,1.0,9.01842516412986,0.0,0.0,0.0,0.0,227.453937089675,1283.94152654656,90.98157483587,0.0,0.0
5936,1.0,28.0049665325824,0.0,63.8758714274154,0.0,0.0,116.111712241129,1165.37302720069,71.99503346741777,0.0,0.0
5937,1.0,52.9991807023379,0.0,117.502048244155,300.257831291524,297.255252978609,0.0,1461.46290715209,47.000819297662005,0.0,0.0
5938,1.0,75.5853781711392,0.0,61.036554572152,511.335331903169,506.221978584137,0.0,1966.22342282908,24.414621828860803,0.0,0.0
5939,1.0,90.5369888293254,0.0,23.6575279266864,575.654610254715,569.898064152168,0.0,2534.15526355842,9.46301117067456,0.0,0.0
5940,1.0,97.9516346406503,0.0,5.12091339837433,599.236684414783,593.244317570635,0.0,3124.8654258655,2.048365359349732,0.0,0.0
5941,1.0,100.0,1.88138377880517,0.0,639.105828319556,634.540088578558,0.0,3756.28064901819,0.0,0.0,0.0
5942,1.0,98.1307948745516,0.0,4.67301281362111,623.406560885943,617.172495277083,0.0,4369.69686364625,1.869205125448444,0.0,0.0
5943,1.0,86.1524527255349,0.0,34.6188681861628,539.842586058805,534.444160198217,0.0,4899.77132698082,13.847547274465121,0.0,0.0
5944,1.0,68.1054481968044,0.0,79.7363795079891,430.536603288061,426.23123725518,0.0,5321.10279290902,31.89455180319564,0.0,0.0
5945,2.0,40.3979151884764,0.0,149.005212028809,186.079100892813,184.218309883885,0.0,5500.0,59.60208481152361,0.0,0.0
5946,2.0,8.63832409569835,0.0,0.0,0.0,0.0,228.404189760754,5263.78869721136,91.3616759043016,0.0,0.0
5947,2.0,0.0,0.0,0.0,0.0,0.0,250.0,5005.9996559889,100.0,0.0,0.0
5948,2.0,0.0,0.0,0.0,0.0,0.0,250.0,4748.46840380765,100.0,0.0,0.0
5949,2.0,0.0,0.0,0.0,0.0,0.0,250.0,4491.19468287859,100.0,0.0,0.0
5950,2.0,0.0,0.0,0.0,0.0,0.0,250.0,4234.17823567046,100.0,0.0,0.0
5951,2.0,0.0,0.0,0.0,0.0,0.0,250.0,3977.41880490954,100.0,0.0,0.0
5952,0.5,0.0,0.0,0.0,0.0,0.0,0.0,3973.44138610463,0.0,0.0,0.0
5953,0.5,0.0,0.0,0.0,0.0,0.0,0.0,3969.46794471852,0.0,0.0,0.0
5954,0.5,0.0,0.0,0.0,0.0,0.0,0.0,3965.49847677381,0.0,0.0,0.0
5955,0.5,0.0,0.0,0.0,0.0,0.0,0.0,3961.53297829703,0.0,0.0,0.0
5956,0.5,0.0,0.0,0.0,0.0,0.0,0.0,3957.57144531874,0.0,0.0,0.0
5957,1.0,0.0,0.0,0.0,0.0,0.0,250.0,3701.08862134816,100.0,0.0,0.0
5958,1.0,0.0,0.0,0.0,0.0,0.0,250.0,3444.86228020156,100.0,0.0,0.0
5959,1.0,1.89006006268754,0.0,0.0,0.0,0.0,245.274849843281,3193.66504434229,98.1099399373124,0.0,0.0
5960,1.0,15.9456476825533,0.0,0.0,0.0,0.0,210.135880793617,2978.21291384985,84.0543523174468,0.0,0.0
5961,1.0,27.8955966423996,0.0,0.0,0.0,0.0,180.261008394001,2793.15287427539,72.1044033576004,0.0,0.0
5962,1.0,29.2164506718665,0.0,0.0,0.0,0.0,176.958873320334,2611.61338471391,70.7835493281336,0.0,0.0
5963,1.0,11.3474661474339,0.0,0.0,0.0,0.0,221.631334631415,2385.13173634797,88.65253385256601,0.0,0.0
5964,1.0,26.495342300889,0.0,0.0,0.0,0.0,183.761644247778,2197.12878213912,73.5046576991112,0.0,0.0
5965,1.0,23.0845775069333,0.0,0.0,0.0,0.0,192.288556232667,2000.7007884755,76.9154224930668,0.0,0.0
5966,1.0,37.7329859991499,0.0,0.0,0.0,0.0,155.667535002125,1841.46015334144,62.26701400085,0.0,0.0
5967,1.0,45.845033334645,0.0,0.0,0.0,0.0,92.0233856503974,1746.66577838972,36.80935426015896,0.0,0.0
5968,1.0,12.0211128227327,0.0,0.0,0.0,0.0,0.0,1744.91911261133,0.0,0.0,0.0
5969,2.0,9.58242706827162,0.0,0.0,0.0,0.0,226.043932329321,1514.84698912567,90.4175729317284,0.0,0.0
5970,2.0,2.22397872655048,0.0,0.0,0.0,0.0,244.440053183624,1266.42299750662,97.7760212734496,0.0,0.0
5971,2.0,0.0,0.0,0.0,0.0,0.0,250.0,1012.63132198386,100.0,0.0,0.0
5972,2.0,0.0,0.0,0.0,0.0,0.0,250.0,759.093438136623,100.0,0.0,0.0
5973,2.0,0.0,0.0,0.0,0.0,0.0,250.0,505.809092173234,100.0,0.0,0.0
5974,2.0,0.0,0.0,0.0,0.0,0.0,250.0,252.778030555808,100.0,0.0,0.0
5975,2.0,0.0,0.0,0.0,0.0,0.0,250.0,0.0,100.0,0.0,0.0
5976,0.5,0.0,0.0,0.0,0.0,0.0,0.0,0.0,0.0,0.0,0.0
5977,0.5,0.0,0.0,0.0,0.0,0.0,0.0,0.0,0.0,0.0,0.0
5978,0.5,0.0,0.0,0.0,0.0,0.0,0.0,0.0,0.0,0.0,0.0
5979,0.5,0.0,0.0,0.0,0.0,0.0,0.0,0.0,0.0,0.0,0.0
5980,0.5,0.0,0.0,0.0,0.0,0.0,0.0,0.0,0.0,0.0,0.0
5981,1.0,0.0,0.0,0.0,0.0,0.0,0.0,0.0,0.0,0.0,0.0
5982,1.0,0.0,0.0,0.0,0.0,0.0,0.0,0.0,0.0,0.0,0.0
5983,1.0,7.85776274738922,0.0,0.0,0.0,0.0,0.0,0.0,0.0,0.0,0.0
5984,1.0,27.0835089467621,0.0,44.3404672758601,0.0,0.0,0.0,0.0,17.736186910344042,0.0,0.0
5985,1.0,51.2595496513906,0.0,121.851125871523,270.371394538443,267.667680593059,0.0,267.667680593059,48.7404503486092,0.0,0.0
5986,1.0,70.2666873238057,0.0,74.3332816904859,358.755107611761,355.167556535644,0.0,622.567569448109,29.733312676194362,0.0,0.0
5987,1.0,88.993988024653,0.0,27.5150299383675,528.275726597848,522.99296933187,0.0,1144.93797121053,11.006011975347,0.0,0.0
5988,1.0,95.8313408414964,0.0,10.4216478962591,505.677507577447,500.620732501673,0.0,1644.41376574099,4.16865915850364,0.0,0.0
5989,1.0,98.5845540306968,0.0,3.53861492325812,520.809652317879,515.6015557947,0.0,2158.37090776995,1.4154459693032482,0.0,0.0
5990,1.0,90.6428270906075,0.0,23.3929322734814,442.757585275706,438.330009422949,0.0,2594.54254628513,9.35717290939256,0.0,0.0
5991,1.0,71.8590803970417,0.0,70.3522990073958,271.325430681419,268.612176374605,0.0,2860.56018011345,28.14091960295832,0.0,0.0
5992,1.0,59.5662165474033,0.0,101.084458631492,261.08116921451,258.470357522365,0.0,3116.1699774557,40.4337834525968,0.0,0.0
5993,2.0,34.0436333377977,0.0,164.890916655506,76.6352000917971,75.8688480908791,0.0,3188.92265556913,65.9563666622024,0.0,0.0
5994,2.0,5.01171703845263,0.0,0.0,0.0,0.0,237.470707403868,2945.86433149551,94.98828296154721,0.0,0.0
5995,2.0,0.0,0.0,0.0,0.0,0.0,250.0,2690.39321463876,100.0,0.0,0.0
5996,2.0,0.0,0.0,0.0,0.0,0.0,250.0,2435.17756889887,100.0,0.0,0.0
5997,2.0,0.0,0.0,0.0,0.0,0.0,250.0,2180.21713880472,100.0,0.0,0.0
5998,2.0,0.0,0.0,0.0,0.0,0.0,250.0,1925.51166914066,100.0,0.0,0.0
5999,2.0,0.0,0.0,0.0,0.0,0.0,250.0,1671.06090494627,100.0,0.0,0.0
6000,0.5,0.0,0.0,0.0,0.0,0.0,0.0,1669.38984404132,0.0,0.0,0.0
6001,0.5,0.0,0.0,0.0,0.0,0.0,0.0,1667.72045419728,0.0,0.0,0.0
6002,0.5,0.0,0.0,0.0,0.0,0.0,0.0,1666.05273374308,0.0,0.0,0.0
6003,0.5,0.0,0.0,0.0,0.0,0.0,0.0,1664.38668100934,0.0,0.0,0.0
6004,0.5,0.0,0.0,0.0,0.0,0.0,0.0,1662.72229432833,0.0,0.0,0.0
6005,1.0,0.0,0.0,0.0,0.0,0.0,250.0,1408.53431950875,100.0,0.0,0.0
6006,1.0,0.0,0.0,0.0,0.0,0.0,250.0,1154.60053266399,100.0,0.0,0.0
6007,1.0,5.98813639148453,0.0,0.0,0.0,0.0,235.029659021289,916.042236150223,94.01186360851561,0.0,0.0
6008,1.0,26.7420897865741,0.0,175.658988757891,0.0,0.0,7.48578677567348,907.564793130564,73.2579102134258,0.0,0.0
6009,1.0,47.0659358457306,0.0,0.0,0.0,0.0,64.0408267624529,841.969524536976,25.61633070498116,0.0,0.0
6010,1.0,70.8686614671244,0.0,72.8283463321891,112.690405951923,111.563501892404,0.0,952.691056904843,29.131338532875642,0.0,0.0
6011,1.0,81.8979311581746,0.0,45.2551721045634,307.612565331524,304.536439678208,0.0,1256.27480552615,18.10206884182536,0.0,0.0
6012,1.0,84.6418700650818,0.0,38.3953248372956,272.898364001956,270.169380361936,0.0,1525.18791108256,15.358129934918239,0.0,0.0
6013,1.0,76.0501393398827,0.0,59.8746516502932,147.143248373895,145.671815890156,0.0,1669.33453906163,23.94986066011728,0.0,0.0
6014,1.0,93.6164894260389,0.0,15.9587764349028,465.477094914486,460.822323965341,0.0,2128.48752848791,6.383510573961121,0.0,0.0
6015,1.0,62.2370676249713,0.0,94.4073309375717,125.425349607942,124.171096111863,0.0,2250.53013707129,37.76293237502868,0.0,0.0
6016,1.0,69.6370596806556,0.0,75.9073507983611,422.359327487919,418.135734213039,0.0,2666.41534114725,30.36294031934444,0.0,0.0
6017,2.0,43.4011134365912,0.0,141.497216408522,232.603141857484,230.277110438909,0.0,2894.02603624502,56.598886563408804,0.0,0.0
6018,2.0,8.67637280517715,0.0,0.0,0.0,0.0,228.309067987057,2660.51679001982,91.3236271948228,0.0,0.0
6019,2.0,0.0,0.0,0.0,0.0,0.0,250.0,2405.33102070455,100.0,0.0,0.0
6020,2.0,0.0,0.0,0.0,0.0,0.0,250.0,2150.40043715859,100.0,0.0,0.0
6021,2.0,0.0,0.0,0.0,0.0,0.0,250.0,1895.72478419618,100.0,0.0,0.0
6022,2.0,0.0,0.0,0.0,0.0,0.0,250.0,1641.30380688673,100.0,0.0,0.0
6023,2.0,0.0,0.0,0.0,0.0,0.0,250.0,1387.1372505546,100.0,0.0,0.0
6024,0.5,0.0,0.0,0.0,0.0,0.0,0.0,1385.75011330404,0.0,0.0,0.0
6025,0.5,0.0,0.0,0.0,0.0,0.0,0.0,1384.36436319074,0.0,0.0,0.0
6026,0.5,0.0,0.0,0.0,0.0,0.0,0.0,1382.97999882755,0.0,0.0,0.0
6027,0.5,0.0,0.0,0.0,0.0,0.0,0.0,1381.59701882872,0.0,0.0,0.0
6028,0.5,0.0,0.0,0.0,0.0,0.0,0.0,1380.21542180989,0.0,0.0,0.0
6029,1.0,0.0,0.0,0.0,0.0,0.0,0.0,1378.83520638808,0.0,0.0,0.0
6030,1.0,0.0,0.0,0.0,0.0,0.0,0.0,1377.45637118169,0.0,0.0,0.0
6031,1.0,8.55514382481773,0.0,0.0,0.0,0.0,0.0,1376.07891481051,0.0,0.0,0.0
6032,1.0,26.4880241138264,0.0,0.0,0.0,0.0,0.0,1374.7028358957,0.0,0.0,0.0
6033,1.0,50.3546836068923,0.0,0.0,147.260786602487,145.788178736463,0.0,1519.11631179627,0.0,0.0,0.0
6034,1.0,52.0127333104184,0.0,0.0,0.0,0.0,0.0,1517.59719548447,0.0,0.0,0.0
6035,1.0,76.5250348843136,0.0,0.0,86.8721278917957,86.0034066128778,0.0,1602.08300490186,0.0,0.0,0.0
6036,1.0,67.9006086963869,0.0,0.0,0.0,0.0,0.0,1600.48092189696,0.0,0.0,0.0
6037,1.0,86.8181431001076,0.0,0.0,134.060115690045,132.719514533145,0.0,1731.59995550821,0.0,0.0,0.0
6038,1.0,40.5569193628114,0.0,0.0,0.0,0.0,0.0,1729.8683555527,0.0,0.0,0.0
6039,1.0,40.5245228355168,0.0,0.0,0.0,0.0,0.0,1728.13848719715,0.0,0.0,0.0
6040,1.0,33.4659782856021,0.0,0.0,0.0,0.0,0.0,1726.41034870995,0.0,0.0,0.0
6041,2.0,13.4487510568116,0.0,0.0,0.0,0.0,216.378122357971,1506.12017840369,86.5512489431884,0.0,0.0
6042,2.0,5.67633995540581,0.0,0.0,0.0,0.0,235.809150111485,1266.42299750662,94.323660044594,0.0,0.0
6043,2.0,0.0,0.0,0.0,0.0,0.0,250.0,1012.63132198386,100.0,0.0,0.0
6044,2.0,0.0,0.0,0.0,0.0,0.0,250.0,759.093438136623,100.0,0.0,0.0
6045,2.0,0.0,0.0,0.0,0.0,0.0,250.0,505.809092173234,100.0,0.0,0.0
6046,2.0,0.0,0.0,0.0,0.0,0.0,250.0,252.778030555808,100.0,0.0,0.0
6047,2.0,0.0,0.0,0.0,0.0,0.0,250.0,0.0,100.0,0.0,0.0
6048,0.5,0.0,0.0,0.0,0.0,0.0,0.0,0.0,0.0,0.0,0.0
6049,0.5,0.0,0.0,0.0,0.0,0.0,0.0,0.0,0.0,0.0,0.0
6050,0.5,0.0,0.0,0.0,0.0,0.0,0.0,0.0,0.0,0.0,0.0
6051,0.5,0.0,0.0,0.0,0.0,0.0,0.0,0.0,0.0,0.0,0.0
6052,0.5,0.0,0.0,0.0,0.0,0.0,0.0,0.0,0.0,0.0,0.0
6053,1.0,0.0,0.0,0.0,0.0,0.0,0.0,0.0,0.0,0.0,0.0
6054,1.0,0.0,0.0,0.0,0.0,0.0,0.0,0.0,0.0,0.0,0.0
6055,1.0,5.89665721215439,0.0,0.0,0.0,0.0,0.0,0.0,0.0,0.0,0.0
6056,1.0,27.048878623637,0.0,134.658394649386,0.0,0.0,0.0,0.0,53.8633578597544,0.0,0.0
6057,1.0,54.7359886879072,0.0,113.160028280232,378.045864778444,374.26540613066,0.0,374.26540613066,45.264011312092805,0.0,0.0
6058,1.0,75.9717457908302,0.0,60.0706355229244,483.361026763588,478.527416495952,0.0,852.418557220481,24.02825420916976,0.0,0.0
6059,1.0,90.7204396128625,0.0,23.1989009678438,534.649679454081,529.30318265954,0.0,1380.8693213228,9.27956038713752,0.0,0.0
6060,1.0,97.8605134579209,0.0,5.34871635519774,525.234333513524,519.981990178389,0.0,1899.47044217987,2.139486542079096,0.0,0.0
6061,1.0,95.3996844915651,0.0,11.5007887710872,444.345436041429,439.901981681015,0.0,2337.4729534187,4.60031550843488,0.0,0.0
6062,1.0,93.8623608354538,0.0,15.3440979113655,482.912869504192,478.08374080915,0.0,2813.21922127443,6.137639164546201,0.0,0.0
6063,1.0,83.8551199477062,0.0,40.3622001307344,457.53438349654,452.959039661575,0.0,3263.36504171473,16.14488005229376,0.0,0.0
6064,1.0,69.8560072357042,0.0,75.3599819107396,438.463001521882,434.078371506663,0.0,3694.18004817968,30.143992764295845,0.0,0.0
6065,2.0,40.7777612829216,0.0,148.055596792696,197.195397330026,195.223443356725,0.0,3885.70931148823,59.222238717078405,0.0,0.0
6066,2.0,4.50673311800139,0.0,0.0,0.0,0.0,238.733167204997,3640.67898883836,95.4932668819988,0.0,0.0
6067,2.0,0.0,0.0,0.0,0.0,0.0,250.0,3384.51305732427,100.0,0.0,0.0
6068,2.0,0.0,0.0,0.0,0.0,0.0,250.0,3128.60329174169,100.0,0.0,0.0
6069,2.0,0.0,0.0,0.0,0.0,0.0,250.0,2872.9494359247,100.0,0.0,0.0
6070,2.0,0.0,0.0,0.0,0.0,0.0,250.0,2617.55123396352,100.0,0.0,0.0
6071,2.0,0.0,0.0,0.0,0.0,0.0,250.0,2362.4084302043,100.0,0.0,0.0
6072,0.5,0.0,0.0,0.0,0.0,0.0,250.0,2107.52076924885,100.0,0.0,0.0
6073,0.5,0.0,0.0,0.0,0.0,0.0,250.0,1852.88799595435,100.0,0.0,0.0
6074,0.5,0.0,0.0,0.0,0.0,0.0,46.954153383952,1803.60667019682,18.781661353580798,0.0,0.0
6075,0.5,0.0,0.0,0.0,0.0,0.0,0.0,1801.80306352663,0.0,0.0,0.0
6076,0.5,0.0,0.0,0.0,0.0,0.0,0.0,1800.0012604631,0.0,0.0,0.0
6077,1.0,0.0,0.0,0.0,0.0,0.0,250.0,1545.67600667738,100.0,0.0,0.0
6078,1.0,0.0,0.0,0.0,0.0,0.0,250.0,1291.60507814545,100.0,0.0,0.0
6079,1.0,7.21175479057358,0.0,0.0,0.0,0.0,231.970613023566,1055.99972253845,92.7882452094264,0.0,0.0
6080,1.0,26.1392354687321,0.0,152.625085296417,0.0,0.0,32.026826031753,1022.59339349091,73.860764531268,0.0,0.0
6081,1.0,53.9700749559506,0.0,115.074812610124,392.416375233176,388.492211480844,0.0,1410.06301157827,46.029925044049605,0.0,0.0
6082,1.0,75.4312287643581,0.0,61.4219280891048,479.74495501838,474.947505468196,0.0,1883.60045403488,24.568771235641922,0.0,0.0
6083,1.0,90.2148242027301,0.0,24.4629394931748,532.051600425936,526.731084421676,0.0,2408.44793800253,9.785175797269922,0.0,0.0
6084,1.0,95.4923325679574,0.0,11.2691685801065,497.384784997627,492.410937147651,0.0,2898.45042721217,4.5076674320426005,0.0,0.0
6085,1.0,100.0,2.28617579642902,0.0,604.365156831358,600.53955302074,0.0,3496.0915298057,0.0,0.0,0.0
6086,1.0,94.0835775853619,0.0,14.7910560365952,514.250067742683,509.107567065256,0.0,4001.70300534115,5.916422414638081,0.0,0.0
6087,1.0,56.6851208910252,0.0,108.287197772437,73.6337273936793,72.8973901197425,0.0,4070.59869245555,43.3148791089748,0.0,0.0
6088,1.0,42.5624500263906,0.0,0.0,0.0,0.0,143.593874934023,3921.48377564792,57.43754997360921,0.0,0.0
6089,2.0,23.405696862931,0.0,0.0,0.0,0.0,191.485757842673,3724.14233445543,76.5943031370692,0.0,0.0
6090,2.0,0.167112195127057,0.0,0.0,0.0,0.0,249.582219512182,3468.31494008847,99.83288780487281,0.0,0.0
6091,2.0,0.0,0.0,0.0,0.0,0.0,250.0,3212.32137262313,100.0,0.0,0.0
6092,2.0,0.0,0.0,0.0,0.0,0.0,250.0,2956.58379872525,100.0,0.0,0.0
6093,2.0,0.0,0.0,0.0,0.0,0.0,250.0,2701.10196240128,100.0,0.0,0.0
6094,2.0,0.0,0.0,0.0,0.0,0.0,250.0,2445.87560791362,100.0,0.0,0.0
6095,2.0,0.0,0.0,0.0,0.0,0.0,250.0,2190.90447978045,100.0,0.0,0.0
6096,0.5,0.0,0.0,0.0,0.0,0.0,0.0,2188.71357530067,0.0,0.0,0.0
6097,0.5,0.0,0.0,0.0,0.0,0.0,0.0,2186.52486172537,0.0,0.0,0.0
6098,0.5,0.0,0.0,0.0,0.0,0.0,0.0,2184.33833686365,0.0,0.0,0.0
6099,0.5,0.0,0.0,0.0,0.0,0.0,0.0,2182.15399852678,0.0,0.0,0.0
6100,0.5,0.0,0.0,0.0,0.0,0.0,0.0,2179.97184452826,0.0,0.0,0.0
6101,1.0,0.0,0.0,0.0,0.0,0.0,250.0,1925.26662015848,100.0,0.0,0.0
6102,1.0,0.0,0.0,0.0,0.0,0.0,250.0,1670.81610101307,100.0,0.0,0.0
6103,1.0,5.93509205782814,0.0,0.0,0.0,0.0,235.16226985543,1431.60763859344,94.064907942172,0.0,0.0
6104,1.0,26.0588626270793,0.0,160.045338768325,0.0,0.0,24.8075046639764,1405.11794543568,73.94113737292056,0.0,0.0
6105,1.0,53.6866763135975,0.0,115.783309216006,365.300711039041,361.64770392865,0.0,1765.36053141889,46.313323686402406,0.0,0.0
6106,1.0,75.1104335374273,0.0,62.2239161564318,493.237758619284,488.305381033092,0.0,2251.90055192056,24.88956646257272,0.0,0.0
6107,1.0,90.1609775136973,0.0,24.5975562157568,569.247104479518,563.554633434723,0.0,2813.20328480337,9.83902248630272,0.0,0.0
6108,1.0,95.4375780457886,0.0,11.4060548855286,521.86424332895,516.645600895661,0.0,3327.03568241422,4.56242195421144,0.0,0.0
6109,1.0,100.0,2.50648639755325,0.0,631.291786189046,627.410661430062,0.0,3951.11930816187,0.0,0.0,0.0
6110,1.0,96.7299747888522,0.0,8.17506302786938,588.538614343885,582.653228200446,0.0,4529.82141705416,3.270025211147752,0.0,0.0
6111,1.0,84.9994604408595,0.0,37.5013488978512,524.993590191664,519.743654289747,0.0,5045.03524992685,15.000539559140481,0.0,0.0
6112,1.0,62.0967490723329,0.0,94.7581273191677,335.153084340375,331.801553496971,0.0,5371.79176817389,37.90325092766708,0.0,0.0
6113,2.0,36.1863530393621,0.0,159.534117401595,134.929316761901,133.580023594282,0.0,5500.0,63.81364696063801,0.0,0.0
6114,2.0,4.74256586574116,0.0,0.0,0.0,0.0,238.143585335647,5253.95092390339,95.2574341342588,0.0,0.0
6115,2.0,0.0,0.0,0.0,0.0,0.0,250.0,4996.17172045423,100.0,0.0,0.0
6116,2.0,0.0,0.0,0.0,0.0,0.0,250.0,4738.65029620852,100.0,0.0,0.0
6117,2.0,0.0,0.0,0.0,0.0,0.0,250.0,4481.38639338706,100.0,0.0,0.0
6118,2.0,0.0,0.0,0.0,0.0,0.0,250.0,4224.37975446842,100.0,0.0,0.0
6119,2.0,0.0,0.0,0.0,0.0,0.0,250.0,3967.6301221887,100.0,0.0,0.0
6120,0.5,0.0,0.0,0.0,0.0,0.0,0.0,3963.66249206651,0.0,0.0,0.0
6121,0.5,0.0,0.0,0.0,0.0,0.0,0.0,3959.69882957445,0.0,0.0,0.0
6122,0.5,0.0,0.0,0.0,0.0,0.0,0.0,3955.73913074487,0.0,0.0,0.0
6123,0.5,0.0,0.0,0.0,0.0,0.0,0.0,3951.78339161413,0.0,0.0,0.0
6124,0.5,0.0,0.0,0.0,0.0,0.0,0.0,3947.83160822251,0.0,0.0,0.0
6125,1.0,0.0,0.0,0.0,0.0,0.0,250.0,3691.35852408904,100.0,0.0,0.0
6126,1.0,0.0,0.0,0.0,0.0,0.0,69.5907414453962,3617.37348733728,27.836296578158482,0.0,0.0
6127,1.0,8.21612282317361,0.0,0.0,0.0,0.0,0.0,3613.75611384994,0.0,0.0,0.0
6128,1.0,15.2173415750564,0.0,0.0,0.0,0.0,0.0,3610.14235773609,0.0,0.0,0.0
6129,1.0,39.1298425797906,0.0,0.0,0.0,0.0,0.0,3606.53221537835,0.0,0.0,0.0
6130,1.0,17.1470302933289,0.0,0.0,0.0,0.0,0.0,3602.92568316298,0.0,0.0,0.0
6131,1.0,18.3356187214416,0.0,0.0,0.0,0.0,0.0,3599.32275747981,0.0,0.0,0.0
6132,1.0,22.7738657137031,0.0,0.0,0.0,0.0,0.0,3595.72343472233,0.0,0.0,0.0
6133,1.0,23.6899630475854,0.0,0.0,0.0,0.0,0.0,3592.12771128761,0.0,0.0,0.0
6134,1.0,16.6854599163857,0.0,0.0,0.0,0.0,0.0,3588.53558357632,0.0,0.0,0.0
6135,1.0,12.9851584298727,0.0,0.0,0.0,0.0,0.0,3584.94704799275,0.0,0.0,0.0
6136,1.0,6.19318344658963,0.0,0.0,0.0,0.0,0.0,3581.36210094475,0.0,0.0,0.0
6137,2.0,2.08721916652541,0.0,0.0,0.0,0.0,244.781952083686,3330.52624178958,97.91278083347441,0.0,0.0
6138,2.0,0.578005917198258,0.0,0.0,0.0,0.0,248.554985207004,3076.13007392455,99.4219940828016,0.0,0.0
6139,2.0,0.0,0.0,0.0,0.0,0.0,250.0,2820.52869132538,100.0,0.0,0.0
6140,2.0,0.0,0.0,0.0,0.0,0.0,250.0,2565.1829101088,100.0,0.0,0.0
6141,2.0,0.0,0.0,0.0,0.0,0.0,250.0,2310.09247467344,100.0,0.0,0.0
6142,2.0,0.0,0.0,0.0,0.0,0.0,250.0,2055.25712967351,100.0,0.0,0.0
6143,2.0,0.0,0.0,0.0,0.0,0.0,250.0,1800.67662001858,100.0,0.0,0.0
6144,0.5,0.0,0.0,0.0,0.0,0.0,0.0,1798.87594339857,0.0,0.0,0.0
6145,0.5,0.0,0.0,0.0,0.0,0.0,0.0,1797.07706745517,0.0,0.0,0.0
6146,0.5,0.0,0.0,0.0,0.0,0.0,0.0,1795.27999038771,0.0,0.0,0.0
6147,0.5,0.0,0.0,0.0,0.0,0.0,0.0,1793.48471039732,0.0,0.0,0.0
6148,0.5,0.0,0.0,0.0,0.0,0.0,0.0,1791.69122568693,0.0,0.0,0.0
6149,1.0,0.0,0.0,0.0,0.0,0.0,0.0,1789.89953446124,0.0,0.0,0.0
6150,1.0,0.0,0.0,0.0,0.0,0.0,0.0,1788.10963492678,0.0,0.0,0.0
6151,1.0,3.45871802204866,0.0,0.0,0.0,0.0,0.0,1786.32152529185,0.0,0.0,0.0
6152,1.0,9.77240594693738,0.0,0.0,0.0,0.0,0.0,1784.53520376656,0.0,0.0,0.0
6153,1.0,10.4809576666216,0.0,0.0,0.0,0.0,0.0,1782.75066856279,0.0,0.0,0.0
6154,1.0,10.6115485608109,0.0,0.0,0.0,0.0,0.0,1780.96791789423,0.0,0.0,0.0
6155,1.0,12.5295155353448,0.0,0.0,0.0,0.0,0.0,1779.18694997634,0.0,0.0,0.0
6156,1.0,27.5656317016654,0.0,0.0,0.0,0.0,0.0,1777.40776302636,0.0,0.0,0.0
6157,1.0,38.6244414295304,0.0,0.0,0.0,0.0,0.0,1775.63035526333,0.0,0.0,0.0
6158,1.0,45.6275473941875,0.0,0.0,0.0,0.0,0.0,1773.85472490807,0.0,0.0,0.0
6159,1.0,32.0590624194007,0.0,0.0,0.0,0.0,0.0,1772.08087018316,0.0,0.0,0.0
6160,1.0,13.1544802738631,0.0,0.0,0.0,0.0,0.0,1770.30878931298,0.0,0.0,0.0
6161,2.0,1.27813294078845,0.0,0.0,0.0,0.0,246.804667648029,1519.24083643475,98.7218670592116,0.0,0.0
6162,2.0,0.485755155689005,0.0,0.0,0.0,0.0,248.785612110777,1266.42299750662,99.51424484431081,0.0,0.0
6163,2.0,0.0,0.0,0.0,0.0,0.0,250.0,1012.63132198386,100.0,0.0,0.0
6164,2.0,0.0,0.0,0.0,0.0,0.0,250.0,759.093438136623,100.0,0.0,0.0
6165,2.0,0.0,0.0,0.0,0.0,0.0,250.0,505.809092173234,100.0,0.0,0.0
6166,2.0,0.0,0.0,0.0,0.0,0.0,250.0,252.778030555808,100.0,0.0,0.0
6167,2.0,0.0,0.0,0.0,0.0,0.0,250.0,0.0,100.0,0.0,0.0
6168,0.5,0.0,0.0,0.0,0.0,0.0,0.0,0.0,0.0,0.0,0.0
6169,0.5,0.0,0.0,0.0,0.0,0.0,0.0,0.0,0.0,0.0,0.0
6170,0.5,0.0,0.0,0.0,0.0,0.0,0.0,0.0,0.0,0.0,0.0
6171,0.5,0.0,0.0,0.0,0.0,0.0,0.0,0.0,0.0,0.0,0.0
6172,0.5,0.0,0.0,0.0,0.0,0.0,0.0,0.0,0.0,0.0,0.0
6173,1.0,0.0,0.0,0.0,0.0,0.0,0.0,0.0,0.0,0.0,0.0
6174,1.0,0.0,0.0,0.0,0.0,0.0,0.0,0.0,0.0,0.0,0.0
6175,1.0,5.18057029938001,0.0,0.0,0.0,0.0,0.0,0.0,0.0,0.0,0.0
6176,1.0,26.8070545599899,0.0,89.7956504682013,0.0,0.0,0.0,0.0,35.918260187280524,0.0,0.0
6177,1.0,53.4036724787392,0.0,116.490818803152,278.641853488668,275.855434953781,0.0,275.855434953781,46.596327521260804,0.0,0.0
6178,1.0,67.5697578082044,0.0,81.0756054794891,222.966595008526,220.736929058441,0.0,496.316508577268,32.43024219179564,0.0,0.0
6179,1.0,24.1411336562791,0.0,0.0,0.0,0.0,189.647165859302,304.257398271416,75.8588663437208,0.0,0.0
6180,1.0,55.3628690315611,0.0,0.0,0.0,0.0,111.592827421097,191.233113175066,44.637130968438804,0.0,0.0
6181,1.0,87.1923174874554,0.0,32.0192062813615,178.153939953273,176.37240055374,0.0,367.414280615632,12.8076825125446,0.0,0.0
6182,1.0,82.4807231884335,0.0,43.7981920289163,303.457812060304,300.423233939701,0.0,667.470100274717,17.51927681156652,0.0,0.0
6183,1.0,88.9892102611044,0.0,27.526974347239,548.819621403751,543.331425189714,0.0,1210.13405536416,11.010789738895602,0.0,0.0
6184,1.0,57.4461550802574,0.0,106.384612299357,232.413109936176,230.088978836814,0.0,1439.01290014561,42.5538449197428,0.0,0.0
6185,2.0,40.853032687582,0.0,147.867418281045,210.829811371107,208.721513257396,0.0,1646.29540050286,59.146967312418,0.0,0.0
6186,2.0,0.18940116232404,0.0,0.0,0.0,0.0,249.52649709419,1392.60213834055,99.81059883767601,0.0,0.0
6187,2.0,0.0,0.0,0.0,0.0,0.0,250.0,1138.68428367695,100.0,0.0,0.0
6188,2.0,0.0,0.0,0.0,0.0,0.0,250.0,885.020346868023,100.0,0.0,0.0
6189,2.0,0.0,0.0,0.0,0.0,0.0,250.0,631.610073995902,100.0,0.0,0.0
6190,2.0,0.0,0.0,0.0,0.0,0.0,250.0,378.453211396654,100.0,0.0,0.0
6191,2.0,0.0,0.0,0.0,0.0,0.0,250.0,125.549505660005,100.0,0.0,0.0
6192,0.5,0.0,0.0,0.0,0.0,0.0,0.0,125.423956154345,0.0,0.0,0.0
6193,0.5,0.0,0.0,0.0,0.0,0.0,0.0,125.29853219819,0.0,0.0,0.0
6194,0.5,0.0,0.0,0.0,0.0,0.0,0.0,125.173233665992,0.0,0.0,0.0
6195,0.5,0.0,0.0,0.0,0.0,0.0,0.0,125.048060432326,0.0,0.0,0.0
6196,0.5,0.0,0.0,0.0,0.0,0.0,0.0,124.923012371894,0.0,0.0,0.0
6197,1.0,0.0,0.0,0.0,0.0,0.0,123.550108465927,0.0,49.4200433863708,0.0,0.0
6198,1.0,0.0,0.0,0.0,0.0,0.0,0.0,0.0,0.0,0.0,0.0
6199,1.0,8.04151004119738,0.0,0.0,0.0,0.0,0.0,0.0,0.0,0.0,0.0
6200,1.0,26.6491624157084,0.0,0.0,0.0,0.0,0.0,0.0,0.0,0.0,0.0
6201,1.0,46.5238033158459,0.0,127.137703157695,0.0,0.0,0.0,0.0,50.855081263078006,0.0,0.0
6202,1.0,76.0798161117637,0.0,59.8004597205907,529.239025888618,523.946635629731,0.0,523.946635629731,23.92018388823628,0.0,0.0
6203,1.0,88.1782500099432,0.0,29.554374975142,518.580605779892,513.394799722093,0.0,1036.8174887162,11.821749990056801,0.0,0.0
6204,1.0,34.2758217492922,0.0,0.0,0.0,0.0,164.31044562677,869.810524129732,65.724178250708,0.0,0.0
6205,1.0,36.2796383994599,0.0,0.0,0.0,0.0,137.321708569373,730.231917070881,54.9286834277492,0.0,0.0
6206,1.0,59.1350143476539,0.0,0.0,0.0,0.0,0.0,729.501685153811,0.0,0.0,0.0
6207,1.0,65.1659046969365,0.0,87.0852382576587,141.593051580919,140.177121065109,0.0,868.949304533766,34.834095303063485,0.0,0.0
6208,1.0,68.4186020438655,0.0,78.9534948903362,445.231005525955,440.778695470695,0.0,1308.85905069993,31.58139795613448,0.0,0.0
6209,2.0,40.2567465511132,0.0,149.358133622217,215.069219294338,212.918527101394,0.0,1520.46871875062,59.743253448886804,0.0,0.0
6210,2.0,0.0,0.0,0.0,0.0,0.0,250.0,1266.42299750662,100.0,0.0,0.0
6211,2.0,0.0,0.0,0.0,0.0,0.0,250.0,1012.63132198386,100.0,0.0,0.0
6212,2.0,0.0,0.0,0.0,0.0,0.0,250.0,759.093438136623,100.0,0.0,0.0
6213,2.0,0.0,0.0,0.0,0.0,0.0,250.0,505.809092173234,100.0,0.0,0.0
6214,2.0,0.0,0.0,0.0,0.0,0.0,250.0,252.778030555808,100.0,0.0,0.0
6215,2.0,0.0,0.0,0.0,0.0,0.0,250.0,0.0,100.0,0.0,0.0
6216,0.5,0.0,0.0,0.0,0.0,0.0,0.0,0.0,0.0,0.0,0.0
6217,0.5,0.0,0.0,0.0,0.0,0.0,0.0,0.0,0.0,0.0,0.0
6218,0.5,0.0,0.0,0.0,0.0,0.0,0.0,0.0,0.0,0.0,0.0
6219,0.5,0.0,0.0,0.0,0.0,0.0,0.0,0.0,0.0,0.0,0.0
6220,0.5,0.0,0.0,0.0,0.0,0.0,0.0,0.0,0.0,0.0,0.0
6221,1.0,0.0,0.0,0.0,0.0,0.0,0.0,0.0,0.0,0.0,0.0
6222,1.0,0.0,0.0,0.0,0.0,0.0,0.0,0.0,0.0,0.0,0.0
6223,1.0,5.12481289902339,0.0,0.0,0.0,0.0,0.0,0.0,0.0,0.0,0.0
6224,1.0,25.2592096326213,0.0,177.847015910531,0.0,0.0,0.0,0.0,71.13880636421241,0.0,0.0
6225,1.0,54.1098781532024,0.0,114.725304616994,408.088341443894,404.007458029455,0.0,404.007458029455,45.8901218467976,0.0,0.0
6226,1.0,76.1178180203545,0.0,59.7054549491136,523.478770115819,518.24398241466,0.0,921.847432986086,23.88218197964544,0.0,0.0
6227,1.0,90.0068244410797,0.0,24.9829388973006,547.548805672681,542.073317615954,0.0,1462.99890316905,9.99317555892024,0.0,0.0
6228,1.0,81.3362700134341,0.0,46.6593249664149,259.950193622796,257.350691686568,0.0,1718.88659595245,18.66372998656596,0.0,0.0
6229,1.0,82.4819613312704,0.0,43.795096671824,261.504121350409,258.889080136905,0.0,1976.0567894934,17.5180386687296,0.0,0.0
6230,1.0,56.6258506304334,0.0,0.0,0.0,0.0,108.435373423917,1864.55005247773,43.3741493695668,0.0,0.0
6231,1.0,80.3778576842189,0.0,49.0553557894529,189.358257373299,187.464674799566,0.0,2050.15017722482,19.62214231578116,0.0,0.0
6232,1.0,64.342889997368,0.0,89.1427750065801,375.124155812858,371.37291425473,0.0,2419.47294130233,35.65711000263204,0.0,0.0
6233,2.0,32.1438916765404,0.0,169.640270808649,76.2803714113969,75.5175676972829,0.0,2492.57103605831,67.85610832345961,0.0,0.0
6234,2.0,0.0,0.0,0.0,0.0,0.0,250.0,2237.553212497,100.0,0.0,0.0
6235,2.0,0.0,0.0,0.0,0.0,0.0,250.0,1982.79040675925,100.0,0.0,0.0
6236,2.0,0.0,0.0,0.0,0.0,0.0,250.0,1728.28236382723,100.0,0.0,0.0
6237,2.0,0.0,0.0,0.0,0.0,0.0,250.0,1474.02882893815,100.0,0.0,0.0
6238,2.0,0.0,0.0,0.0,0.0,0.0,250.0,1220.02954758396,100.0,0.0,0.0
6239,2.0,0.0,0.0,0.0,0.0,0.0,250.0,966.284265511128,100.0,0.0,0.0
6240,0.5,0.0,0.0,0.0,0.0,0.0,180.377030006217,783.118961037317,72.1508120024868,0.0,0.0
6241,0.5,0.0,0.0,0.0,0.0,0.0,0.0,782.335842076279,0.0,0.0,0.0
6242,0.5,0.0,0.0,0.0,0.0,0.0,0.0,781.553506234203,0.0,0.0,0.0
6243,0.5,0.0,0.0,0.0,0.0,0.0,0.0,780.771952727969,0.0,0.0,0.0
6244,0.5,0.0,0.0,0.0,0.0,0.0,0.0,779.991180775241,0.0,0.0,0.0
6245,1.0,0.0,0.0,0.0,0.0,0.0,250.0,526.685937069213,100.0,0.0,0.0
6246,1.0,0.0,0.0,0.0,0.0,0.0,250.0,273.633998606891,100.0,0.0,0.0
6247,1.0,5.37962088476896,0.0,0.0,0.0,0.0,236.550947788078,34.4200133071959,94.6203791152312,0.0,0.0
6248,1.0,25.3834046089843,0.0,152.499751116589,0.0,0.0,34.0417373609498,0.0,74.61659539101554,0.0,0.0
6249,1.0,53.6145832419853,0.0,115.963541895037,278.515491809893,275.730336891794,0.0,275.730336891794,46.3854167580148,0.0,65.5212832084309
6250,1.0,74.4348677076641,0.0,63.9128307308397,432.922964365915,428.593734722255,0.0,704.048341277158,25.565132292335882,0.0,0.0
6251,1.0,83.2535634234924,0.0,41.866091441269,360.281619263567,356.678803070932,0.0,1060.02309600681,16.7464365765076,0.0,0.0
6252,1.0,100.0,1.30290938075845,0.0,600.243313603314,595.504963148493,0.0,1654.4680360593,0.0,0.0,0.0
6253,1.0,100.0,3.22305985023088,0.0,596.761697539941,593.921093231236,0.0,2246.73466125447,0.0,0.0,0.0
6254,1.0,97.5482215811807,0.0,6.12944604704836,567.469475135518,561.794780384163,0.0,2806.28270697738,2.451778418819344,0.0,0.0
6255,1.0,86.0776033847713,0.0,34.8059915380719,521.871177553549,516.652465778013,0.0,3320.12889004842,13.922396615228761,0.0,0.0
6256,1.0,64.0219303199745,0.0,89.9451742000638,365.645766326689,361.989308663422,0.0,3678.79806982179,35.97806968002552,0.0,0.0
6257,2.0,36.1663032207298,0.0,159.584241948176,149.291057906181,147.798147327119,0.0,3822.91741907909,63.8336967792704,0.0,0.0
6258,2.0,0.0,0.0,0.0,0.0,0.0,250.0,3566.56924913476,100.0,0.0,0.0
6259,2.0,0.0,0.0,0.0,0.0,0.0,250.0,3310.47742736037,100.0,0.0,0.0
6260,2.0,0.0,0.0,0.0,0.0,0.0,250.0,3054.64169740776,100.0,0.0,0.0
6261,2.0,0.0,0.0,0.0,0.0,0.0,250.0,2799.0618031851,100.0,0.0,0.0
6262,2.0,0.0,0.0,0.0,0.0,0.0,250.0,2543.73748885666,100.0,0.0,0.0
6263,2.0,0.0,0.0,0.0,0.0,0.0,250.0,2288.66849884255,100.0,0.0,0.0
6264,0.5,0.0,0.0,0.0,0.0,0.0,250.0,2033.85457781846,100.0,0.0,0.0
6265,0.5,0.0,0.0,0.0,0.0,0.0,250.0,1779.29547071538,100.0,0.0,0.0
6266,0.5,0.0,0.0,0.0,0.0,0.0,250.0,1524.99092271942,100.0,0.0,0.0
6267,0.5,0.0,0.0,0.0,0.0,0.0,250.0,1270.94067927144,100.0,0.0,0.0
6268,0.5,0.0,0.0,0.0,0.0,0.0,250.0,1017.14448606692,100.0,0.0,0.0
6269,1.0,0.0,0.0,0.0,0.0,0.0,250.0,763.602089055601,100.0,0.0,0.0
6270,1.0,0.0,0.0,0.0,0.0,0.0,250.0,510.313234441293,100.0,0.0,0.0
6271,1.0,5.23927070246586,0.0,0.0,0.0,0.0,236.901823243835,270.508150253482,94.760729297534,0.0,0.0
6272,1.0,25.7735018389592,0.0,156.74346368941,0.0,0.0,28.8227817131918,241.123721180813,74.22649816104072,0.0,0.0
6273,1.0,55.177854665454,0.0,112.055363336365,392.134419590228,388.213075394326,0.0,629.095672853958,44.82214533454601,0.0,0.0
6274,1.0,77.1402991865642,0.0,57.1492520335894,520.235750918441,515.033393409257,0.0,1143.49997059036,22.85970081343576,0.0,0.0
6275,1.0,91.2845633526445,0.0,21.7885916183887,574.568697251218,568.823010278706,0.0,1711.17948089848,8.71543664735548,0.0,0.0
6276,1.0,99.1665745772174,0.0,2.08356355695649,610.252939335584,604.150409942228,0.0,2313.61871135981,0.8334254227825961,0.0,0.0
6277,1.0,100.0,2.68863530980292,0.0,643.866641026936,640.036488594237,0.0,2951.34158124268,0.0,0.0,0.0
6278,1.0,98.9526484925996,0.0,2.61837876850112,632.451699791425,626.12718279351,0.0,3574.51742245495,1.047351507400448,0.0,0.0
6279,1.0,86.4723503254831,0.0,33.8191241862922,549.073551146269,543.582815634806,0.0,4114.5257206673,13.52764967451688,0.0,0.0
6280,1.0,63.3437074370341,0.0,91.6407314074146,363.507110556525,359.87203945096,0.0,4470.2832343976,36.656292562965845,0.0,0.0
6281,2.0,35.86707581752,0.0,160.3323104562,149.917180911784,148.418009102666,0.0,4614.23096026586,64.13292418248,0.0,0.0
6282,2.0,0.0,0.0,0.0,0.0,0.0,250.0,4357.09147678035,100.0,0.0,0.0
6283,2.0,0.0,0.0,0.0,0.0,0.0,250.0,4100.20913277831,100.0,0.0,0.0
6284,2.0,0.0,0.0,0.0,0.0,0.0,250.0,3843.58367112028,100.0,0.0,0.0
6285,2.0,0.0,0.0,0.0,0.0,0.0,250.0,3587.21483492391,100.0,0.0,0.0
6286,2.0,0.0,0.0,0.0,0.0,0.0,250.0,3331.10236756373,100.0,0.0,0.0
6287,2.0,0.0,0.0,0.0,0.0,0.0,250.0,3075.24601267092,100.0,0.0,0.0
6288,0.5,0.0,0.0,0.0,0.0,0.0,250.0,2819.64551413299,100.0,0.0,0.0
6289,0.5,0.0,0.0,0.0,0.0,0.0,250.0,2564.30061609361,100.0,0.0,0.0
6290,0.5,0.0,0.0,0.0,0.0,0.0,250.0,2309.21106295226,100.0,0.0,0.0
6291,0.5,0.0,0.0,0.0,0.0,0.0,250.0,2054.37659936406,100.0,0.0,0.0
6292,0.5,0.0,0.0,0.0,0.0,0.0,250.0,1799.79697023944,100.0,0.0,0.0
6293,1.0,0.0,0.0,0.0,0.0,0.0,250.0,1545.47192074395,100.0,0.0,0.0
6294,1.0,0.0,0.0,0.0,0.0,0.0,250.0,1291.40119629795,100.0,0.0,0.0
6295,1.0,5.4243408112625,0.0,0.0,0.0,0.0,236.439147971844,1051.28237290787,94.5756591887376,0.0,0.0
6296,1.0,25.3042597766416,0.0,145.822190482651,0.0,0.0,40.9171600757447,1008.90062581199,74.69574022335829,0.0,0.0
6297,1.0,53.6173013533812,0.0,115.956746616547,352.531996393913,349.006676429974,0.0,1356.89840161615,46.3826986466188,0.0,0.0
6298,1.0,73.8936916695492,0.0,65.265770826127,460.153424306411,455.551890063347,0.0,1811.09339327788,26.1063083304508,0.0,0.0
6299,1.0,88.4863539835317,0.0,28.7841150411708,544.767786301058,539.320108438048,0.0,2348.60240832265,11.513646016468321,0.0,0.0
6300,1.0,100.0,0.319253322930678,0.0,647.957836353285,641.78799756366,0.0,2988.04180347799,0.0,0.0,0.0
6301,1.0,100.0,4.70210162411482,0.0,670.185727683042,668.045849401928,0.0,3653.09961107644,0.0,0.0,0.0
6302,1.0,96.3714924306692,0.0,9.07126892332688,575.227160701948,569.474889094929,0.0,4218.92140056029,3.6285075693307522,0.0,0.0
6303,1.0,84.9002861948165,0.0,37.7492845129588,520.71019736633,515.503095392667,0.0,4730.2055745524,15.099713805183521,0.0,0.0
6304,1.0,63.1955957750198,0.0,92.0110105624505,363.010327677983,359.380224401203,0.0,5084.85559337905,36.804404224980196,0.0,0.0
6305,2.0,34.5043077907129,0.0,163.739230523218,130.515710161248,129.210553059635,0.0,5208.9812908453,65.4956922092872,0.0,0.0
6306,2.0,0.0,0.0,0.0,0.0,0.0,250.0,4951.24705702921,100.0,0.0,0.0
6307,2.0,0.0,0.0,0.0,0.0,0.0,250.0,4693.77055744692,100.0,0.0,0.0
6308,2.0,0.0,0.0,0.0,0.0,0.0,250.0,4436.55153436422,100.0,0.0,0.0
6309,2.0,0.0,0.0,0.0,0.0,0.0,250.0,4179.58973030461,100.0,0.0,0.0
6310,2.0,0.0,0.0,0.0,0.0,0.0,250.0,3922.88488804905,100.0,0.0,0.0
6311,2.0,0.0,0.0,0.0,0.0,0.0,250.0,3666.43675063575,100.0,0.0,0.0
6312,0.5,0.0,0.0,0.0,0.0,0.0,250.0,3410.24506135986,100.0,0.0,0.0
6313,0.5,0.0,0.0,0.0,0.0,0.0,250.0,3154.30956377325,100.0,0.0,0.0
6314,0.5,0.0,0.0,0.0,0.0,0.0,250.0,2898.63000168422,100.0,0.0,0.0
6315,0.5,0.0,0.0,0.0,0.0,0.0,250.0,2643.20611915729,100.0,0.0,0.0
6316,0.5,0.0,0.0,0.0,0.0,0.0,250.0,2388.03766051288,100.0,0.0,0.0
6317,1.0,0.0,0.0,0.0,0.0,0.0,250.0,2133.12437032711,100.0,0.0,0.0
6318,1.0,0.0,0.0,0.0,0.0,0.0,250.0,1878.46599343153,100.0,0.0,0.0
6319,1.0,0.0,0.0,0.0,0.0,0.0,250.0,1624.06227491285,100.0,0.0,0.0
6320,1.0,25.9595366682502,0.0,129.046224265056,0.0,0.0,56.0549340643188,1565.81706711842,74.04046333174993,0.0,0.0
6321,1.0,55.2316732594675,0.0,111.920816851331,355.45167151426,351.897154799117,0.0,1916.14840485042,44.7683267405324,0.0,0.0
6322,1.0,76.2033738486611,0.0,59.4915653783472,438.058492387747,433.67790746387,0.0,2347.91016390944,23.79662615133888,0.0,0.0
6323,1.0,94.7392552737727,0.0,13.1518618155683,585.464671437891,579.610024723512,0.0,2925.17227846904,5.26074472622732,0.0,0.0
6324,1.0,100.0,5.12751866172817,0.0,637.311749068196,635.913350183123,0.0,3558.16045637369,0.0,0.0,0.0
6325,1.0,100.0,7.56912245142827,0.0,642.357468831023,643.277456745089,0.0,4197.87975266241,0.0,0.0,0.0
6326,1.0,100.0,0.394854027426177,0.0,597.255969848332,591.666497527258,0.0,4785.348370437,0.0,0.0,0.0
6327,1.0,85.2169578902296,0.0,36.9576052744261,489.246974176295,484.354504434532,0.0,5264.9175265011,14.783042109770442,0.0,0.0
6328,1.0,48.6054676625835,0.0,128.486330843541,117.207618158055,116.035541976474,0.0,5375.68815095107,51.3945323374164,0.0,0.0
6329,2.0,34.6952429225886,0.0,163.261892693528,130.997512323108,129.687537199877,0.0,5500.0,65.30475707741121,0.0,0.0
6330,2.0,0.0,0.0,0.0,0.0,0.0,250.0,5241.97474747475,100.0,0.0,0.0
6331,2.0,0.0,0.0,0.0,0.0,0.0,250.0,4984.20752020202,100.0,0.0,0.0
6332,2.0,0.0,0.0,0.0,0.0,0.0,250.0,4726.69806015656,100.0,0.0,0.0
6333,2.0,0.0,0.0,0.0,0.0,0.0,250.0,4469.44610957116,100.0,0.0,0.0
6334,2.0,0.0,0.0,0.0,0.0,0.0,250.0,4212.45141093633,100.0,0.0,0.0
6335,2.0,0.0,0.0,0.0,0.0,0.0,250.0,3955.71370700014,100.0,0.0,0.0
6336,0.5,0.0,0.0,0.0,0.0,0.0,0.0,3951.75799329314,0.0,0.0,0.0
6337,0.5,0.0,0.0,0.0,0.0,0.0,0.0,3947.80623529985,0.0,0.0,0.0
6338,0.5,0.0,0.0,0.0,0.0,0.0,0.0,3943.85842906455,0.0,0.0,0.0
6339,0.5,0.0,0.0,0.0,0.0,0.0,0.0,3939.91457063548,0.0,0.0,0.0
6340,0.5,0.0,0.0,0.0,0.0,0.0,0.0,3935.97465606485,0.0,0.0,0.0
6341,1.0,0.0,0.0,0.0,0.0,0.0,250.0,3679.51342888353,100.0,0.0,0.0
6342,1.0,0.0,0.0,0.0,0.0,0.0,250.0,3423.3086629294,100.0,0.0,0.0
6343,1.0,0.0,0.0,0.0,0.0,0.0,250.0,3167.36010174121,100.0,0.0,0.0
6344,1.0,25.7492141731401,0.0,102.623465504692,0.0,0.0,83.0034990624582,3080.35082339456,74.25078582686008,0.0,0.0
6345,1.0,45.5509150821807,0.0,0.0,0.0,0.0,136.122712294548,2939.77278338476,54.4490849178192,0.0,0.0
6346,1.0,73.4146445856379,0.0,66.4633885359052,160.204021657138,158.601981440566,0.0,3095.43499204194,26.58535541436208,0.0,0.0
6347,1.0,49.5984424597992,0.0,0.0,0.0,0.0,126.003893850502,2965.06289659484,50.4015575402008,0.0,0.0
6348,1.0,91.2402128578193,0.0,21.8994678554517,198.457587917683,196.473012038506,0.0,3158.57084573676,8.75978714218068,0.0,0.0
6349,1.0,82.0430296629515,0.0,44.8924258426213,259.798425783158,257.200441525326,0.0,3412.61271641635,17.95697033704852,0.0,0.0
6350,1.0,5.72897209118082,0.0,0.0,0.0,0.0,235.677569772048,3171.14195241503,94.2710279088192,0.0,0.0
6351,1.0,88.6705126301265,0.0,28.3237184246838,281.03957724776,278.229181475283,0.0,3446.1999919379,11.32948736987352,0.0,0.0
6352,1.0,18.355825562078,0.0,0.0,0.0,0.0,204.110436094805,3236.58163427444,81.644174437922,0.0,0.0
6353,2.0,21.7595819074008,0.0,0.0,0.0,0.0,195.601045231498,3035.76823927502,78.24041809259921,0.0,0.0
6354,2.0,0.0,0.0,0.0,0.0,0.0,250.0,2780.20721851049,100.0,0.0,0.0
6355,2.0,0.0,0.0,0.0,0.0,0.0,250.0,2524.90175876673,100.0,0.0,0.0
6356,2.0,0.0,0.0,0.0,0.0,0.0,250.0,2269.85160448271,100.0,0.0,0.0
6357,2.0,0.0,0.0,0.0,0.0,0.0,250.0,2015.05650035297,100.0,0.0,0.0
6358,2.0,0.0,0.0,0.0,0.0,0.0,250.0,1760.51619132737,100.0,0.0,0.0
6359,2.0,0.0,0.0,0.0,0.0,0.0,250.0,1506.23042261079,100.0,0.0,0.0
6360,0.5,0.0,0.0,0.0,0.0,0.0,0.0,1504.72419218818,0.0,0.0,0.0
6361,0.5,0.0,0.0,0.0,0.0,0.0,0.0,1503.21946799599,0.0,0.0,0.0
6362,0.5,0.0,0.0,0.0,0.0,0.0,0.0,1501.71624852799,0.0,0.0,0.0
6363,0.5,0.0,0.0,0.0,0.0,0.0,0.0,1500.21453227946,0.0,0.0,0.0
6364,0.5,0.0,0.0,0.0,0.0,0.0,0.0,1498.71431774718,0.0,0.0,0.0
6365,1.0,0.0,0.0,0.0,0.0,0.0,250.0,1244.69035090418,100.0,0.0,0.0
6366,1.0,0.0,0.0,0.0,0.0,0.0,250.0,990.920408028028,100.0,0.0,0.0
6367,1.0,0.0,0.0,0.0,0.0,0.0,250.0,737.404235094748,100.0,0.0,0.0
6368,1.0,24.796010591487,0.0,143.142757449039,0.0,0.0,44.8672160722438,691.346410584659,75.20398940851312,0.0,0.0
6369,1.0,54.7419503342513,0.0,113.145124164372,375.105443726246,371.354389288983,0.0,1062.00945346306,45.25804966574881,0.0,0.0
6370,1.0,76.4432912403389,0.0,58.8917718991528,466.490987214236,461.826077342094,0.0,1522.77352135169,23.55670875966112,0.0,0.0
6371,1.0,94.9819958083062,0.0,12.5450104792345,612.404811026475,606.280762916211,0.0,2127.53151074655,5.018004191693801,0.0,0.0
6372,1.0,96.7207769689124,0.0,8.19805757771892,487.793222351111,482.9152901276,0.0,2608.3192693634,3.279223031087568,0.0,0.0
6373,1.0,100.0,6.92651921302583,0.0,635.995763759155,636.355915062041,0.0,3242.06686515608,0.0,0.0,0.0
6374,1.0,91.8842942570633,0.0,20.2892643573418,459.672157217938,455.075435645759,0.0,3693.90023393668,8.11570574293672,0.0,0.0
6375,1.0,37.2476494693106,0.0,0.0,0.0,0.0,156.880876326723,3531.74080205959,62.752350530689206,0.0,0.0
6376,1.0,23.6557644573948,0.0,0.0,0.0,0.0,89.3501447663391,3437.95638977638,35.74005790653564,0.0,0.0
6377,2.0,22.3434519388544,0.0,0.0,0.0,0.0,194.141370152864,3238.4160392928,77.6565480611456,0.0,0.0
6378,2.0,0.0,0.0,0.0,0.0,0.0,250.0,2982.65237072825,100.0,0.0,0.0
6379,2.0,0.0,0.0,0.0,0.0,0.0,250.0,2727.14446583227,100.0,0.0,0.0
6380,2.0,0.0,0.0,0.0,0.0,0.0,250.0,2471.89206884119,100.0,0.0,0.0
6381,2.0,0.0,0.0,0.0,0.0,0.0,250.0,2216.8949242471,100.0,0.0,0.0
6382,2.0,0.0,0.0,0.0,0.0,0.0,250.0,1962.1527767976,100.0,0.0,0.0
6383,2.0,0.0,0.0,0.0,0.0,0.0,250.0,1707.66537149555,100.0,0.0,0.0
6384,0.5,0.0,0.0,0.0,0.0,0.0,0.0,1705.95770612405,0.0,0.0,0.0
6385,0.5,0.0,0.0,0.0,0.0,0.0,0.0,1704.25174841793,0.0,0.0,0.0
6386,0.5,0.0,0.0,0.0,0.0,0.0,0.0,1702.54749666951,0.0,0.0,0.0
6387,0.5,0.0,0.0,0.0,0.0,0.0,0.0,1700.84494917284,0.0,0.0,0.0
6388,0.5,0.0,0.0,0.0,0.0,0.0,0.0,1699.14410422367,0.0,0.0,0.0
6389,1.0,0.0,0.0,0.0,0.0,0.0,0.0,1697.44496011944,0.0,0.0,0.0
6390,1.0,0.0,0.0,0.0,0.0,0.0,0.0,1695.74751515932,0.0,0.0,0.0
6391,1.0,0.0,0.0,0.0,0.0,0.0,0.0,1694.05176764416,0.0,0.0,0.0
6392,1.0,24.397351482562,0.0,0.0,0.0,0.0,0.0,1692.35771587652,0.0,0.0,0.0
6393,1.0,48.8683741876303,0.0,127.829064530924,19.9669619426863,19.7672923232594,0.0,1710.4326504839,51.131625812369606,0.0,0.0
6394,1.0,56.0378890396408,0.0,0.0,0.0,0.0,0.0,1708.72221783342,0.0,0.0,0.0
6395,1.0,47.0916124579601,0.0,0.0,0.0,0.0,0.0,1707.01349561558,0.0,0.0,0.0
6396,1.0,51.6741748569483,0.0,0.0,0.0,0.0,0.0,1705.30648211997,0.0,0.0,0.0
6397,1.0,11.4525322956523,0.0,0.0,0.0,0.0,0.0,1703.60117563785,0.0,0.0,0.0
6398,1.0,41.3953880919585,0.0,0.0,0.0,0.0,0.0,1701.89757446221,0.0,0.0,0.0
6399,1.0,5.94907070580012,0.0,0.0,0.0,0.0,0.0,1700.19567688775,0.0,0.0,0.0
6400,1.0,44.3612219389632,0.0,0.0,33.8362785775316,33.4979157917563,0.0,1731.99339700262,0.0,0.0,0.0
6401,2.0,16.922096797423,0.0,0.0,0.0,0.0,207.694758006442,1520.46871875062,83.0779032025768,0.0,0.0
6402,2.0,0.0,0.0,0.0,0.0,0.0,250.0,1266.42299750662,100.0,0.0,0.0
6403,2.0,0.0,0.0,0.0,0.0,0.0,250.0,1012.63132198386,100.0,0.0,0.0
6404,2.0,0.0,0.0,0.0,0.0,0.0,250.0,759.093438136623,100.0,0.0,0.0
6405,2.0,0.0,0.0,0.0,0.0,0.0,250.0,505.809092173234,100.0,0.0,0.0
6406,2.0,0.0,0.0,0.0,0.0,0.0,250.0,252.778030555808,100.0,0.0,0.0
6407,2.0,0.0,0.0,0.0,0.0,0.0,250.0,0.0,100.0,0.0,0.0
6408,0.5,0.0,0.0,0.0,0.0,0.0,0.0,0.0,0.0,0.0,0.0
6409,0.5,0.0,0.0,0.0,0.0,0.0,0.0,0.0,0.0,0.0,0.0
6410,0.5,0.0,0.0,0.0,0.0,0.0,0.0,0.0,0.0,0.0,0.0
6411,0.5,0.0,0.0,0.0,0.0,0.0,0.0,0.0,0.0,0.0,0.0
6412,0.5,0.0,0.0,0.0,0.0,0.0,0.0,0.0,0.0,0.0,0.0
6413,1.0,0.0,0.0,0.0,0.0,0.0,0.0,0.0,0.0,0.0,0.0
6414,1.0,0.0,0.0,0.0,0.0,0.0,0.0,0.0,0.0,0.0,0.0
6415,1.0,0.0,0.0,0.0,0.0,0.0,0.0,0.0,0.0,0.0,0.0
6416,1.0,26.5239389466192,0.0,0.0,0.0,0.0,0.0,0.0,0.0,0.0,0.0
6417,1.0,23.1445420203214,0.0,0.0,0.0,0.0,0.0,0.0,0.0,0.0,0.0
6418,1.0,55.2467496620026,0.0,0.0,0.0,0.0,0.0,0.0,0.0,0.0,0.0
6419,1.0,78.3622914956348,0.0,54.0942712609129,215.643763134044,213.487325502703,0.0,213.487325502703,21.63770850436516,0.0,0.0
6420,1.0,98.6069086137772,0.0,3.48272846555709,535.610141415213,530.254040001061,0.0,743.527878178262,1.393091386222836,0.0,0.0
6421,1.0,100.0,2.56889082422978,0.0,588.534465923236,585.141459141672,0.0,1327.92580944176,0.0,0.0,0.0
6422,1.0,95.9474586966215,0.0,10.1313532584463,553.449823402585,547.915325168559,0.0,1874.51320880087,4.05254130337852,0.0,0.0
6423,1.0,83.7471552965516,0.0,40.6321117586211,500.793698010503,495.785761030398,0.0,2368.42445662247,16.252844703448442,0.0,0.0
6424,1.0,60.6629700496988,0.0,98.342574875753,334.538961684192,331.19357206735,0.0,2697.2496042332,39.3370299503012,0.0,0.0
6425,2.0,27.0441311834587,0.0,182.389672041353,23.864730155845,23.6260828542865,0.0,2718.17843748325,72.95586881654121,0.0,0.0
6426,2.0,0.0,0.0,0.0,0.0,0.0,250.0,2462.93500652051,100.0,0.0,0.0
6427,2.0,0.0,0.0,0.0,0.0,0.0,250.0,2207.94681898874,100.0,0.0,0.0
6428,2.0,0.0,0.0,0.0,0.0,0.0,250.0,1953.2136196445,100.0,0.0,0.0
6429,2.0,0.0,0.0,0.0,0.0,0.0,250.0,1698.7351534996,100.0,0.0,0.0
6430,2.0,0.0,0.0,0.0,0.0,0.0,250.0,1444.51116582085,100.0,0.0,0.0
6431,2.0,0.0,0.0,0.0,0.0,0.0,250.0,1190.54140212978,100.0,0.0,0.0
6432,0.5,0.0,0.0,0.0,0.0,0.0,250.0,936.825608202394,100.0,0.0,0.0
6433,0.5,0.0,0.0,0.0,0.0,0.0,21.7211470950046,913.948229972975,8.688458838001841,0.0,0.0
6434,0.5,0.0,0.0,0.0,0.0,0.0,0.0,913.034281743002,0.0,0.0,0.0
6435,0.5,0.0,0.0,0.0,0.0,0.0,0.0,912.121247461259,0.0,0.0,0.0
6436,0.5,0.0,0.0,0.0,0.0,0.0,0.0,911.209126213798,0.0,0.0,0.0
6437,1.0,0.0,0.0,0.0,0.0,0.0,250.0,657.772664562331,100.0,0.0,0.0
6438,1.0,0.0,0.0,0.0,0.0,0.0,250.0,404.589639372517,100.0,0.0,0.0
6439,1.0,0.0,0.0,0.0,0.0,0.0,250.0,151.659797207892,100.0,0.0,0.0
6440,1.0,25.715774007573,0.0,35.7175089444906,0.0,0.0,149.993056036577,0.0,74.28422599242704,0.0,0.0
6441,1.0,52.0273360559161,0.0,119.93165986021,285.91795487387,283.058775325131,0.0,283.058775325131,47.972663944084005,0.0,20.0484173858529
6442,1.0,72.6397546701839,0.0,68.4006133245401,446.575363559159,442.109609923568,0.0,724.885326473373,27.360245329816042,0.0,0.0
6443,1.0,87.8335487635538,0.0,30.4161280911155,533.302620538506,527.969594333121,0.0,1252.13003548002,12.1664512364462,0.0,0.0
6444,1.0,96.7329761862907,0.0,8.16755953427332,594.19981611842,588.257817957236,0.0,1839.13572340178,3.267023813709328,0.0,0.0
6445,1.0,98.3442666358954,0.0,4.13933341026159,605.857568450559,599.798992766054,0.0,2437.09558044443,1.655733364104636,0.0,0.0
6446,1.0,89.7386498932163,0.0,25.6533752669593,494.492246650412,489.547324183908,0.0,2924.20580904789,10.261350106783722,0.0,0.0
6447,1.0,79.329503589877,0.0,51.6762410253075,459.594494989488,454.998550039593,0.0,3376.28015327844,20.670496410123,0.0,0.0
6448,1.0,57.3427624193884,0.0,106.643093951529,299.614139266851,296.617997874183,0.0,3669.52187099934,42.6572375806116,0.0,0.0
6449,2.0,29.9580580848115,0.0,175.104854787971,86.6054972959195,85.7394423229604,0.0,3751.5917914513,70.0419419151884,0.0,0.0
6450,2.0,0.0,0.0,0.0,0.0,0.0,250.0,3495.3149471346,100.0,0.0,0.0
6451,2.0,0.0,0.0,0.0,0.0,0.0,250.0,3239.29437966221,100.0,0.0,0.0
6452,2.0,0.0,0.0,0.0,0.0,0.0,250.0,2983.5298327573,100.0,0.0,0.0
6453,2.0,0.0,0.0,0.0,0.0,0.0,250.0,2728.02105039929,100.0,0.0,0.0
6454,2.0,0.0,0.0,0.0,0.0,0.0,250.0,2472.76777682363,100.0,0.0,0.0
6455,2.0,0.0,0.0,0.0,0.0,0.0,250.0,2217.76975652156,100.0,0.0,0.0
6456,0.5,0.0,0.0,0.0,0.0,0.0,250.0,1963.02673423978,100.0,0.0,0.0
6457,0.5,0.0,0.0,0.0,0.0,0.0,250.0,1708.53845498029,100.0,0.0,0.0
6458,0.5,0.0,0.0,0.0,0.0,0.0,250.0,1454.30466400006,100.0,0.0,0.0
6459,0.5,0.0,0.0,0.0,0.0,0.0,250.0,1200.32510681081,100.0,0.0,0.0
6460,0.5,0.0,0.0,0.0,0.0,0.0,250.0,946.599529178743,100.0,0.0,0.0
6461,1.0,0.0,0.0,0.0,0.0,0.0,250.0,693.127677124312,100.0,0.0,0.0
6462,1.0,0.0,0.0,0.0,0.0,0.0,250.0,439.909296921935,100.0,0.0,0.0
6463,1.0,0.0,0.0,0.0,0.0,0.0,250.0,186.94413509976,100.0,0.0,0.0
6464,1.0,26.0441523779944,0.0,0.0,0.0,0.0,184.889619055014,0.0,73.9558476220056,0.0,0.0
6465,1.0,51.9335301590267,0.0,120.166174602433,35.2131299113835,34.8609986122697,0.0,34.8609986122697,48.066469840973205,0.0,267.812397873418
6466,1.0,73.3211727722446,0.0,66.6970680693885,494.672010879669,489.725290770872,0.0,524.551428384529,26.6788272277554,0.0,0.0
6467,1.0,85.7994626047993,0.0,35.5013434880017,522.190685369684,516.968778515987,0.0,1040.99565547213,14.200537395200682,0.0,0.0
6468,1.0,95.3880897863526,0.0,11.5297755341185,572.689774785111,566.96287703726,0.0,1606.91753685392,4.6119102136474,0.0,0.0
6469,1.0,99.1343818643518,0.0,2.16404533912058,624.600892248676,618.354883326189,0.0,2223.66550264325,0.865618135648232,0.0,0.0
6470,1.0,95.8456263357134,0.0,10.3859341607165,625.012606643106,618.762480576675,0.0,2840.20431771729,4.1543736642866005,0.0,0.0
6471,1.0,80.1093123396857,0.0,49.7267191507857,496.918290476929,491.94910757216,0.0,3329.31322097173,19.89068766031428,0.0,0.0
6472,1.0,53.4796553268737,0.0,116.300861682816,246.543827340745,244.078389067338,0.0,3570.06229681809,46.5203446731264,0.0,0.0
6473,2.0,29.8951950220977,0.0,175.262012444756,94.9576561940053,94.0080796320652,0.0,3660.50031415334,70.1048049779024,0.0,0.0
6474,2.0,0.0,0.0,0.0,0.0,0.0,250.0,3404.31456131394,100.0,0.0,0.0
6475,2.0,0.0,0.0,0.0,0.0,0.0,250.0,3148.38499422737,100.0,0.0,0.0
6476,2.0,0.0,0.0,0.0,0.0,0.0,250.0,2892.71135670789,100.0,0.0,0.0
6477,2.0,0.0,0.0,0.0,0.0,0.0,250.0,2637.29339282593,100.0,0.0,0.0
6478,2.0,0.0,0.0,0.0,0.0,0.0,250.0,2382.13084690785,100.0,0.0,0.0
6479,2.0,0.0,0.0,0.0,0.0,0.0,250.0,2127.22346353569,100.0,0.0,0.0
6480,0.5,0.0,0.0,0.0,0.0,0.0,250.0,1872.5709875469,100.0,0.0,0.0
6481,0.5,0.0,0.0,0.0,0.0,0.0,250.0,1618.1731640341,100.0,0.0,0.0
6482,0.5,0.0,0.0,0.0,0.0,0.0,250.0,1364.02973834481,100.0,0.0,0.0
6483,0.5,0.0,0.0,0.0,0.0,0.0,250.0,1110.14045608122,100.0,0.0,0.0
6484,0.5,0.0,0.0,0.0,0.0,0.0,250.0,856.505063099883,100.0,0.0,0.0
6485,1.0,0.0,0.0,0.0,0.0,0.0,250.0,603.123305511531,100.0,0.0,0.0
6486,1.0,0.0,0.0,0.0,0.0,0.0,250.0,349.994929680767,100.0,0.0,0.0
6487,1.0,0.0,0.0,0.0,0.0,0.0,250.0,97.1196822258336,100.0,0.0,0.0
6488,1.0,24.6334250539837,0.0,92.3641004468689,0.0,0.0,96.0523369181717,0.0,75.36657494601626,0.0,0.0
6489,1.0,52.4309375782364,0.0,118.922656054409,0.0,0.0,0.0,0.0,47.569062421763604,0.0,318.774695312937
6490,1.0,75.2212398136548,0.0,61.946900465863,434.722722207496,430.375494985421,0.0,430.375494985421,24.778760186345202,0.0,43.4302031073818
6491,1.0,91.45994581187,0.0,21.350135470325,582.481337481007,576.656524106197,0.0,1006.60164359663,8.54005418813,0.0,0.0
6492,1.0,99.7672271936976,0.0,0.581932015756053,619.851012804112,613.652502676071,0.0,1619.24754462911,0.23277280630242123,0.0,0.0
6493,1.0,100.0,2.81038128506036,0.0,637.423223586936,633.775623273832,0.0,2251.40392035831,0.0,0.0,0.0
6494,1.0,95.2721977445978,0.0,11.8195056385054,576.255742084846,570.493184663998,0.0,2819.64570110195,4.7278022554021595,0.0,0.0
6495,1.0,82.0279422549573,0.0,44.9301443626068,501.113868486216,496.102729801354,0.0,3312.9287852022,17.97205774504272,0.0,0.0
6496,1.0,58.6143462333681,0.0,103.46413441658,321.720897511369,318.503688536256,0.0,3628.11954495326,41.385653766632004,0.0,0.0
6497,2.0,26.671383490854,0.0,183.321541272865,35.811876791047,35.4537580231366,0.0,3659.94518343144,73.328616509146,0.0,0.0
6498,2.0,0.0,0.0,0.0,0.0,0.0,250.0,3403.75998572276,100.0,0.0,0.0
6499,2.0,0.0,0.0,0.0,0.0,0.0,250.0,3147.83097321178,100.0,0.0,0.0
6500,2.0,0.0,0.0,0.0,0.0,0.0,250.0,2892.15788971331,100.0,0.0,0.0
6501,2.0,0.0,0.0,0.0,0.0,0.0,250.0,2636.74047929835,100.0,0.0,0.0
6502,2.0,0.0,0.0,0.0,0.0,0.0,250.0,2381.5784862938,100.0,0.0,0.0
6503,2.0,0.0,0.0,0.0,0.0,0.0,250.0,2126.67165528225,100.0,0.0,0.0
6504,0.5,0.0,0.0,0.0,0.0,0.0,250.0,1872.01973110172,100.0,0.0,0.0
6505,0.5,0.0,0.0,0.0,0.0,0.0,250.0,1617.62245884536,100.0,0.0,0.0
6506,0.5,0.0,0.0,0.0,0.0,0.0,250.0,1363.47958386126,100.0,0.0,0.0
6507,0.5,0.0,0.0,0.0,0.0,0.0,250.0,1109.59085175215,100.0,0.0,0.0
6508,0.5,0.0,0.0,0.0,0.0,0.0,250.0,855.956008375146,100.0,0.0,0.0
6509,1.0,0.0,0.0,0.0,0.0,0.0,250.0,602.574799841518,100.0,0.0,0.0
6510,1.0,0.0,0.0,0.0,0.0,0.0,250.0,349.446972516424,100.0,0.0,0.0
6511,1.0,0.0,0.0,0.0,0.0,0.0,250.0,96.5722730186554,100.0,0.0,0.0
6512,1.0,24.1623504082336,0.0,94.0831802412358,0.0,0.0,95.5109437381803,0.0,75.83764959176645,0.0,0.0
6513,1.0,52.2903469946601,0.0,119.27413251335,142.236616800929,140.81425063292,0.0,140.81425063292,47.70965300534,0.0,213.72474024053
6514,1.0,73.8847656022279,0.0,65.2880859944303,498.031815429013,493.051497274723,0.0,633.724933657009,26.115234397772124,0.0,0.0
6515,1.0,86.8528455429403,0.0,32.8678861426493,540.125449677217,534.724195180445,0.0,1167.8154039038,13.14715445705972,0.0,0.0
6516,1.0,95.1923886453303,0.0,12.0190283866744,598.829132808318,592.840841480235,0.0,1759.48842998013,4.80761135466976,0.0,0.0
6517,1.0,96.2961201871083,0.0,9.25969953222936,597.071097565542,591.100386589886,0.0,2348.82932814003,3.7038798128917443,0.0,0.0
6518,1.0,92.4186615844056,0.0,18.953346038986,581.470470686316,575.655765979453,0.0,2922.13626479135,7.5813384155943995,0.0,0.0
6519,1.0,79.1944847763041,0.0,52.0137880592397,483.266161943374,478.43350032394,0.0,3397.6476288505,20.80551522369588,0.0,0.0
6520,1.0,53.954279941843,0.0,115.114300145393,257.875162117921,255.296410496742,0.0,3649.54639171839,46.0457200581572,0.0,0.0
6521,2.0,25.7167597110034,0.0,185.708100722492,28.3058537250306,28.0227951877803,0.0,3673.91964051445,74.2832402889968,0.0,0.0
6522,2.0,0.0,0.0,0.0,0.0,0.0,250.0,3417.72046834868,100.0,0.0,0.0
6523,2.0,0.0,0.0,0.0,0.0,0.0,250.0,3161.77749535508,100.0,0.0,0.0
6524,2.0,0.0,0.0,0.0,0.0,0.0,250.0,2906.09046533447,100.0,0.0,0.0
6525,2.0,0.0,0.0,0.0,0.0,0.0,250.0,2650.65912234389,100.0,0.0,0.0
6526,2.0,0.0,0.0,0.0,0.0,0.0,250.0,2395.48321069629,100.0,0.0,0.0
6527,2.0,0.0,0.0,0.0,0.0,0.0,250.0,2140.56247496034,100.0,0.0,0.0
6528,0.5,0.0,0.0,0.0,0.0,0.0,250.0,1885.89665996013,100.0,0.0,0.0
6529,0.5,0.0,0.0,0.0,0.0,0.0,250.0,1631.48551077491,100.0,0.0,0.0
6530,0.5,0.0,0.0,0.0,0.0,0.0,250.0,1377.32877273889,100.0,0.0,0.0
6531,0.5,0.0,0.0,0.0,0.0,0.0,250.0,1123.4261914409,100.0,0.0,0.0
6532,0.5,0.0,0.0,0.0,0.0,0.0,250.0,869.777512724203,100.0,0.0,0.0
6533,1.0,0.0,0.0,0.0,0.0,0.0,250.0,616.382482686226,100.0,0.0,0.0
6534,1.0,0.0,0.0,0.0,0.0,0.0,250.0,363.240847678287,100.0,0.0,0.0
6535,1.0,0.0,0.0,0.0,0.0,0.0,250.0,110.352354305356,100.0,0.0,0.0
6536,1.0,23.9004189090667,0.0,81.1093707957926,0.0,0.0,109.139581931541,0.0,76.09958109093344,0.0,0.0
6537,1.0,52.1637860522616,0.0,119.590534869346,119.891169342282,118.692257648859,0.0,118.692257648859,47.8362139477384,0.0,243.851609922766
6538,1.0,74.6184936881847,0.0,63.4537657795381,519.441036998321,514.246626628338,0.0,632.820192019548,25.381506311815244,0.0,0.0
6539,1.0,87.355569781949,0.0,31.6110755451275,546.190140225842,540.728238823584,0.0,1172.91561065111,12.644430218051,0.0,0.0
6540,1.0,92.2176993170988,0.0,19.455751707253,509.960324649436,504.860721402941,0.0,1676.6034164434,7.782300682901201,0.0,0.0
6541,1.0,97.672663027347,0.0,5.8183424316325,606.127718489786,600.066441304888,0.0,2274.99325433185,2.327336972653,0.0,0.0
6542,1.0,94.114082424041,0.0,14.7147939398975,603.893482209174,597.854547387083,0.0,2870.5728084646,5.885917575959001,0.0,0.0
6543,1.0,77.9616740600019,0.0,55.0958148499953,463.487856021373,458.852977461159,0.0,3326.55521311729,22.03832593999812,0.0,0.0
6544,1.0,55.9242525410715,0.0,110.189368647321,303.07961757072,300.048821395013,0.0,3623.27747929919,44.075747458928404,0.0,0.0
6545,2.0,25.1123478990026,0.0,187.219130252493,26.3283940358617,26.0651100955031,0.0,3645.71931191539,74.8876521009972,0.0,0.0
6546,2.0,0.0,0.0,0.0,0.0,0.0,250.0,3389.54834007822,100.0,0.0,0.0
6547,2.0,0.0,0.0,0.0,0.0,0.0,250.0,3133.63353921289,100.0,0.0,0.0
6548,2.0,0.0,0.0,0.0,0.0,0.0,250.0,2877.97465314843,100.0,0.0,0.0
6549,2.0,0.0,0.0,0.0,0.0,0.0,250.0,2622.57142597003,100.0,0.0,0.0
6550,2.0,0.0,0.0,0.0,0.0,0.0,250.0,2367.4236020188,100.0,0.0,0.0
6551,2.0,0.0,0.0,0.0,0.0,0.0,250.0,2112.53092589153,100.0,0.0,0.0
6552,0.5,0.0,0.0,0.0,0.0,0.0,250.0,1857.89314244039,100.0,0.0,0.0
6553,0.5,0.0,0.0,0.0,0.0,0.0,250.0,1603.5099967727,100.0,0.0,0.0
6554,0.5,0.0,0.0,0.0,0.0,0.0,250.0,1349.38123425067,100.0,0.0,0.0
6555,0.5,0.0,0.0,0.0,0.0,0.0,250.0,1095.50660049117,100.0,0.0,0.0
6556,0.5,0.0,0.0,0.0,0.0,0.0,250.0,841.885841365423,100.0,0.0,0.0
6557,1.0,0.0,0.0,0.0,0.0,0.0,250.0,588.518702998805,100.0,0.0,0.0
6558,1.0,0.0,0.0,0.0,0.0,0.0,250.0,335.404931770554,100.0,0.0,0.0
6559,1.0,0.0,0.0,0.0,0.0,0.0,250.0,82.5442743135308,100.0,0.0,0.0
6560,1.0,23.3002723701591,0.0,110.112206335777,0.0,0.0,81.6371127388251,0.0,76.69972762984085,0.0,0.0
6561,1.0,53.8235412336087,0.0,115.441146915978,0.0,0.0,0.0,0.0,46.1764587663912,0.0,379.83699763915
6562,1.0,77.5030908461694,0.0,56.2422728845766,298.579096954915,295.593305985366,0.0,295.593305985366,22.496909153830643,0.0,239.809761828812
6563,1.0,95.3743197375164,0.0,11.564200656209,654.057501061762,647.516926051145,0.0,942.814638730525,4.6256802624836,0.0,0.0
6564,1.0,100.0,3.9633096746265,0.0,674.158142608825,671.26176422906,0.0,1613.13358832085,0.0,0.0,0.0
6565,1.0,100.0,4.98266940848683,0.0,658.787932654445,657.034239188014,0.0,2268.55469392055,0.0,0.0,0.0
6566,1.0,98.3793220359002,0.0,4.05169491024957,618.171817229553,611.990099057258,0.0,2878.27623828389,1.6206779640998281,0.0,0.0
6567,1.0,81.7405301130721,0.0,45.6486747173198,495.571842052412,490.616123631888,0.0,3366.01408567749,18.25946988692792,0.0,0.0
6568,1.0,58.7906894503525,0.0,103.023276374119,331.479062216764,328.164271594596,0.0,3690.81234318641,41.209310549647604,0.0,0.0
6569,2.0,28.2161785945349,0.0,179.459553513663,76.2830551001281,75.5202245491268,0.0,3762.64175539235,71.7838214054652,0.0,0.0
6570,2.0,0.0,0.0,0.0,0.0,0.0,250.0,3506.3538611117,100.0,0.0,0.0
6571,2.0,0.0,0.0,0.0,0.0,0.0,250.0,3250.32225472534,100.0,0.0,0.0
6572,2.0,0.0,0.0,0.0,0.0,0.0,250.0,2994.54667994536,100.0,0.0,0.0
6573,2.0,0.0,0.0,0.0,0.0,0.0,250.0,2739.02688074016,100.0,0.0,0.0
6574,2.0,0.0,0.0,0.0,0.0,0.0,250.0,2483.76260133417,100.0,0.0,0.0
6575,2.0,0.0,0.0,0.0,0.0,0.0,250.0,2228.75358620758,100.0,0.0,0.0
6576,0.5,0.0,0.0,0.0,0.0,0.0,250.0,1973.99958009612,100.0,0.0,0.0
6577,0.5,0.0,0.0,0.0,0.0,0.0,250.0,1719.50032799077,100.0,0.0,0.0
6578,0.5,0.0,0.0,0.0,0.0,0.0,250.0,1465.25557513753,100.0,0.0,0.0
6579,0.5,0.0,0.0,0.0,0.0,0.0,250.0,1211.26506703714,100.0,0.0,0.0
6580,0.5,0.0,0.0,0.0,0.0,0.0,250.0,957.528549444852,100.0,0.0,0.0
6581,1.0,0.0,0.0,0.0,0.0,0.0,250.0,704.045768370155,100.0,0.0,0.0
6582,1.0,0.0,0.0,0.0,0.0,0.0,250.0,450.816470076532,100.0,0.0,0.0
6583,1.0,0.0,0.0,0.0,0.0,0.0,250.0,197.840401081203,100.0,0.0,0.0
6584,1.0,21.7335459706719,0.0,0.0,0.0,0.0,195.66613507332,0.0,78.266454029328,0.0,0.0
6585,1.0,54.2529366761037,0.0,114.367658309741,0.0,0.0,0.0,0.0,45.747063323896406,0.0,147.707808943763
6586,1.0,74.3963386279785,0.0,64.0091534300538,293.17834420072,290.246560758713,0.0,290.246560758713,25.60366137202152,0.0,182.921592920187
6587,1.0,92.7269960045655,0.0,18.1825099885863,661.061108483633,654.450497398797,0.0,944.406811596751,7.273003995434521,0.0,0.0
6588,1.0,98.1909130390854,0.0,4.52271740228642,639.213079618469,632.820948822284,0.0,1576.28335360744,1.809086960914568,0.0,0.0
6589,1.0,99.4873145307947,0.0,1.28171367301334,645.495272903719,639.040320174681,0.0,2213.74739042851,0.5126854692053361,0.0,0.0
6590,1.0,96.1032148665408,0.0,9.74196283364812,674.788178497463,668.040296712488,0.0,2879.57393975057,3.8967851334592485,0.0,0.0
6591,1.0,74.9446456472673,0.0,62.6383858818318,441.471380838973,437.056667030584,0.0,3313.7510328414,25.05535435273272,0.0,0.0
6592,1.0,54.0651920645492,0.0,114.837019838627,287.137643365929,284.266266932269,0.0,3594.70354874083,45.934807935450806,0.0,0.0
6593,2.0,27.0699727963313,0.0,182.325068009172,71.9641594402606,71.244517845858,0.0,3662.35336303795,72.93002720366881,0.0,0.0
6594,2.0,0.0,0.0,0.0,0.0,0.0,250.0,3406.16575714966,100.0,0.0,0.0
6595,2.0,0.0,0.0,0.0,0.0,0.0,250.0,3150.23433886726,100.0,0.0,0.0
6596,2.0,0.0,0.0,0.0,0.0,0.0,250.0,2894.55885200314,100.0,0.0,0.0
6597,2.0,0.0,0.0,0.0,0.0,0.0,250.0,2639.13904062588,100.0,0.0,0.0
6598,2.0,0.0,0.0,0.0,0.0,0.0,250.0,2383.97464906,100.0,0.0,0.0
6599,2.0,0.0,0.0,0.0,0.0,0.0,250.0,2129.06542188569,100.0,0.0,0.0
6600,0.5,0.0,0.0,0.0,0.0,0.0,250.0,1874.41110393855,100.0,0.0,0.0
6601,0.5,0.0,0.0,0.0,0.0,0.0,250.0,1620.01144030936,100.0,0.0,0.0
6602,0.5,0.0,0.0,0.0,0.0,0.0,250.0,1365.8661763438,100.0,0.0,0.0
6603,0.5,0.0,0.0,0.0,0.0,0.0,250.0,1111.9750576422,100.0,0.0,0.0
6604,0.5,0.0,0.0,0.0,0.0,0.0,250.0,858.337830059306,100.0,0.0,0.0
6605,1.0,0.0,0.0,0.0,0.0,0.0,250.0,604.954239703994,100.0,0.0,0.0
6606,1.0,0.0,0.0,0.0,0.0,0.0,250.0,351.824032939038,100.0,0.0,0.0
6607,1.0,0.0,0.0,0.0,0.0,0.0,250.0,98.9469563808464,100.0,0.0,0.0
6608,1.0,23.258370713126,0.0,93.9945438869641,0.0,0.0,97.8595293302209,0.0,76.74162928687399,0.0,0.0
6609,1.0,51.7548753678417,0.0,120.612811580396,268.387978919332,265.704099130139,0.0,265.704099130139,48.2451246321584,0.0,113.076703981284
6610,1.0,73.4847604238438,0.0,66.2880989403905,538.407833417057,533.023755082886,0.0,798.462150113895,26.5152395761562,0.0,0.0
6611,1.0,90.6677395931559,0.0,23.3306510171102,645.446845525066,638.992377069815,0.0,1436.6560650336,9.33226040684408,0.0,0.0
6612,1.0,98.9550062300355,0.0,2.61248442491127,674.726211782793,667.978949664965,0.0,2103.19835863353,1.044993769964508,0.0,0.0
6613,1.0,99.6323554995464,0.0,0.919111251134019,644.546104354091,638.10064331055,0.0,2739.19580358544,0.36764450045360764,0.0,0.0
6614,1.0,87.5494241076859,0.0,31.1264397307852,480.999340012546,476.189346612421,0.0,3212.64595439428,12.450575892314081,0.0,0.0
6615,1.0,76.5402563428376,0.0,58.6493591429059,442.46203159744,438.037411281466,0.0,3647.47071972135,23.459743657162363,0.0,0.0
6616,1.0,55.7596371180225,0.0,110.600907204944,305.874871765546,302.816123047891,0.0,3946.63937204952,44.2403628819776,0.0,0.0
6617,2.0,27.57409500473,0.0,181.064762488175,82.329502699855,81.5062076728564,0.0,4024.19894035033,72.42590499527,0.0,0.0
6618,2.0,0.0,0.0,0.0,0.0,0.0,250.0,3767.64948888473,100.0,0.0,0.0
6619,2.0,0.0,0.0,0.0,0.0,0.0,250.0,3511.35658687059,100.0,0.0,0.0
6620,2.0,0.0,0.0,0.0,0.0,0.0,250.0,3255.31997775846,100.0,0.0,0.0
6621,2.0,0.0,0.0,0.0,0.0,0.0,250.0,2999.53940525545,100.0,0.0,0.0
6622,2.0,0.0,0.0,0.0,0.0,0.0,250.0,2744.01461332495,100.0,0.0,0.0
6623,2.0,0.0,0.0,0.0,0.0,0.0,250.0,2488.74534618637,100.0,0.0,0.0
6624,0.5,0.0,0.0,0.0,0.0,0.0,250.0,2233.73134831493,100.0,0.0,0.0
6625,0.5,0.0,0.0,0.0,0.0,0.0,250.0,1978.97236444136,100.0,0.0,0.0
6626,0.5,0.0,0.0,0.0,0.0,0.0,250.0,1724.46813955167,100.0,0.0,0.0
6627,0.5,0.0,0.0,0.0,0.0,0.0,250.0,1470.21841888686,100.0,0.0,0.0
6628,0.5,0.0,0.0,0.0,0.0,0.0,250.0,1216.22294794272,100.0,0.0,0.0
6629,1.0,0.0,0.0,0.0,0.0,0.0,250.0,962.481472469528,100.0,0.0,0.0
6630,1.0,0.0,0.0,0.0,0.0,0.0,250.0,708.993738471806,100.0,0.0,0.0
6631,1.0,0.0,0.0,0.0,0.0,0.0,250.0,455.759492208082,100.0,0.0,0.0
6632,1.0,22.4382475192614,0.0,99.0763153161596,0.0,0.0,94.8280658856869,359.517807578816,77.5617524807386,0.0,0.0
6633,1.0,52.0749279914411,0.0,119.812680021397,371.210407032269,367.498302961947,0.0,726.656592733184,47.9250720085588,0.0,0.0
6634,1.0,74.3956494679831,0.0,64.0108763300422,510.840704998059,505.732297948079,0.0,1231.66223408853,25.60435053201688,0.0,0.0
6635,1.0,90.4787826683727,0.0,23.8030433290681,605.175442012163,599.123687592042,0.0,1829.55425944648,9.52121733162724,0.0,0.0
6636,1.0,100.0,0.303607665905261,0.0,654.84420571138,648.590323811727,0.0,2476.31502899876,0.0,0.0,0.0
6637,1.0,100.0,1.88984309580398,0.0,648.112361698509,643.464763853073,0.0,3117.30347782284,0.0,0.0,0.0
6638,1.0,95.0492698450304,0.0,12.3768253874239,598.04334168172,592.062908264902,0.0,3706.24908260992,4.95073015496956,0.0,0.0
6639,1.0,80.6822905986435,0.0,48.2942735033912,505.57521369602,500.51946155906,0.0,4203.06229508637,19.31770940135648,0.0,0.0
6640,1.0,58.0865012447007,0.0,104.783746888248,346.773588152319,343.305852270795,0.0,4542.16508506208,41.9134987552992,0.0,0.0
6641,2.0,27.2227623141024,0.0,181.943094214744,81.4556677700374,80.641111092337,0.0,4618.26403106935,72.7772376858976,0.0,0.0
6642,2.0,0.0,0.0,0.0,0.0,0.0,250.0,4361.12051451303,100.0,0.0,0.0
6643,2.0,0.0,0.0,0.0,0.0,0.0,250.0,4104.23414147326,100.0,0.0,0.0
6644,2.0,0.0,0.0,0.0,0.0,0.0,250.0,3847.60465480654,100.0,0.0,0.0
6645,2.0,0.0,0.0,0.0,0.0,0.0,250.0,3591.23179762648,100.0,0.0,0.0
6646,2.0,0.0,0.0,0.0,0.0,0.0,250.0,3335.1153133036,100.0,0.0,0.0
6647,2.0,0.0,0.0,0.0,0.0,0.0,250.0,3079.25494546504,100.0,0.0,0.0
6648,0.5,0.0,0.0,0.0,0.0,0.0,250.0,2823.65043799433,100.0,0.0,0.0
6649,0.5,0.0,0.0,0.0,0.0,0.0,250.0,2568.30153503108,100.0,0.0,0.0
6650,0.5,0.0,0.0,0.0,0.0,0.0,250.0,2313.2079809708,100.0,0.0,0.0
6651,0.5,0.0,0.0,0.0,0.0,0.0,250.0,2058.36952046457,100.0,0.0,0.0
6652,0.5,0.0,0.0,0.0,0.0,0.0,250.0,1803.78589841885,100.0,0.0,0.0
6653,1.0,0.0,0.0,0.0,0.0,0.0,250.0,1549.45685999518,100.0,0.0,0.0
6654,1.0,0.0,0.0,0.0,0.0,0.0,250.0,1295.38215060994,100.0,0.0,0.0
6655,1.0,0.0,0.0,0.0,0.0,0.0,250.0,1041.56151593407,100.0,0.0,0.0
6656,1.0,22.0705010360418,0.0,93.2773420841929,0.0,0.0,101.546405325703,937.94782782652,77.92949896395837,0.0,0.0
6657,1.0,51.2474660097298,0.0,121.881334975675,356.519684923809,352.954488074571,0.0,1289.96436807326,48.75253399027,0.0,0.0
6658,1.0,72.7812864053832,0.0,68.0467839865419,479.502826711667,474.707798444551,0.0,1763.38220214974,27.21871359461676,0.0,0.0
6659,1.0,86.5361159423371,0.0,33.6597101441571,533.983325756264,528.643492498701,0.0,2290.26231244629,13.463884057662842,0.0,0.0
6660,1.0,96.3188415245167,0.0,9.20289618870829,608.9532704858,602.863737780942,0.0,2890.83578791479,3.6811584754833166,0.0,0.0
6661,1.0,100.0,0.558392330328374,0.0,646.686134521118,640.761025414792,0.0,3528.70597754167,0.0,0.0,0.0
6662,1.0,93.2160304978781,0.0,16.9599237553047,578.40601175657,572.621951639004,0.0,4097.79922320313,6.783969502121881,0.0,0.0
6663,1.0,79.9713251858345,0.0,50.0716870354138,500.866852547627,495.85818402215,0.0,4589.55960800208,20.028674814165523,0.0,0.0
6664,1.0,56.6339324400893,0.0,108.415168899777,322.901638436749,319.672622052381,0.0,4904.64267044645,43.3660675599108,0.0,0.0
6665,2.0,26.6753662321785,0.0,183.311584419554,75.1990606305102,74.4470700242051,0.0,4974.18509780021,73.32463376782161,0.0,0.0
6666,2.0,0.0,0.0,0.0,0.0,0.0,250.0,4716.68566017716,100.0,0.0,0.0
6667,2.0,0.0,0.0,0.0,0.0,0.0,250.0,4459.44372199173,100.0,0.0,0.0
6668,2.0,0.0,0.0,0.0,0.0,0.0,250.0,4202.45902574449,100.0,0.0,0.0
6669,2.0,0.0,0.0,0.0,0.0,0.0,250.0,3945.73131419349,100.0,0.0,0.0
6670,2.0,0.0,0.0,0.0,0.0,0.0,250.0,3689.26033035404,100.0,0.0,0.0
6671,2.0,0.0,0.0,0.0,0.0,0.0,250.0,3433.04581749844,100.0,0.0,0.0
6672,0.5,0.0,0.0,0.0,0.0,0.0,250.0,3177.08751915569,100.0,0.0,0.0
6673,0.5,0.0,0.0,0.0,0.0,0.0,250.0,2921.38517911128,100.0,0.0,0.0
6674,0.5,0.0,0.0,0.0,0.0,0.0,250.0,2665.93854140691,100.0,0.0,0.0
6675,0.5,0.0,0.0,0.0,0.0,0.0,250.0,2410.74735034025,100.0,0.0,0.0
6676,0.5,0.0,0.0,0.0,0.0,0.0,250.0,2155.81135046466,100.0,0.0,0.0
6677,1.0,0.0,0.0,0.0,0.0,0.0,250.0,1901.13028658894,100.0,0.0,0.0
6678,1.0,0.0,0.0,0.0,0.0,0.0,250.0,1646.7039037771,100.0,0.0,0.0
6679,1.0,0.0,0.0,0.0,0.0,0.0,250.0,1392.53194734807,100.0,0.0,0.0
6680,1.0,21.8429233008853,0.0,92.2138601183062,0.0,0.0,103.178831629481,1286.91837335074,78.15707669911488,0.0,0.0
6681,1.0,51.2590414578789,0.0,121.852396355303,368.53271561683,364.847388460662,0.0,1650.47884343806,48.740958542121206,0.0,0.0
6682,1.0,73.7045790140789,0.0,65.7385524648028,519.555826183705,514.360267921868,0.0,2163.18863251649,26.29542098592112,0.0,0.0
6683,1.0,88.5322264653273,0.0,28.6694338366818,580.974015554988,575.164275399438,0.0,2736.18971928341,11.467773534672721,0.0,0.0
6684,1.0,98.8365834112508,0.0,2.90854147187304,644.578595445209,638.132809490757,0.0,3371.58633905488,1.163416588749216,0.0,0.0
6685,1.0,100.0,1.940809682731,0.0,668.214573479549,663.415401298939,0.0,4031.63015401476,0.0,0.0,0.0
6686,1.0,95.6541460509508,0.0,10.864634872623,625.89082429518,619.631916052228,0.0,4647.23043991298,4.3458539490492,0.0,0.0
6687,1.0,80.0446859742466,0.0,49.8882850643836,502.819841985382,497.791643565528,0.0,5140.37485303859,19.95531402575344,0.0,0.0
6688,1.0,56.8154716641833,0.0,107.961320839542,331.92389881365,328.604659825514,0.0,5463.83913801107,43.1845283358168,0.0,0.0
6689,2.0,24.4227202692718,0.0,188.943199326821,42.0451526534786,41.6247011269438,0.0,5500.0,75.5772797307284,0.0,0.0
6690,2.0,0.0,0.0,0.0,0.0,0.0,250.0,5241.97474747475,100.0,0.0,0.0
6691,2.0,0.0,0.0,0.0,0.0,0.0,250.0,4984.20752020202,100.0,0.0,0.0
6692,2.0,0.0,0.0,0.0,0.0,0.0,250.0,4726.69806015656,100.0,0.0,0.0
6693,2.0,0.0,0.0,0.0,0.0,0.0,250.0,4469.44610957116,100.0,0.0,0.0
6694,2.0,0.0,0.0,0.0,0.0,0.0,250.0,4212.45141093633,100.0,0.0,0.0
6695,2.0,0.0,0.0,0.0,0.0,0.0,250.0,3955.71370700014,100.0,0.0,0.0
6696,0.5,0.0,0.0,0.0,0.0,0.0,250.0,3699.23274076789,100.0,0.0,0.0
6697,0.5,0.0,0.0,0.0,0.0,0.0,250.0,3443.00825550187,100.0,0.0,0.0
6698,0.5,0.0,0.0,0.0,0.0,0.0,250.0,3187.03999472111,100.0,0.0,0.0
6699,0.5,0.0,0.0,0.0,0.0,0.0,250.0,2931.32770220114,100.0,0.0,0.0
6700,0.5,0.0,0.0,0.0,0.0,0.0,250.0,2675.87112197369,100.0,0.0,0.0
6701,1.0,0.0,0.0,0.0,0.0,0.0,250.0,2420.66999832646,100.0,0.0,0.0
6702,1.0,0.0,0.0,0.0,0.0,0.0,250.0,2165.72407580288,100.0,0.0,0.0
6703,1.0,0.0,0.0,0.0,0.0,0.0,250.0,1911.03309920183,100.0,0.0,0.0
6704,1.0,21.2194402391109,0.0,0.0,0.0,0.0,196.951399402223,1710.18125862563,78.7805597608892,0.0,0.0
6705,1.0,49.3865492371998,0.0,126.533626907001,70.2960465188914,69.5930860537025,0.0,1778.06416342071,50.6134507628004,0.0,0.0
6706,1.0,69.7743894420125,0.0,75.5640263949688,382.2346902158,378.412343313642,0.0,2154.69844257093,30.225610557987522,0.0,0.0
6707,1.0,88.9814193290537,0.0,27.5464516773657,562.641527433546,557.01511215921,0.0,2709.55885628757,11.01858067094628,0.0,0.0
6708,1.0,93.0142555948694,0.0,17.4643610128265,501.834989985568,496.816640085712,0.0,3203.665937517,6.985744405130601,0.0,0.0
6709,1.0,80.3447462506939,0.0,49.1381343732651,274.98844064884,272.238556242351,0.0,3472.70082782183,19.65525374930604,0.0,0.0
6710,1.0,54.7505343360665,0.0,0.0,0.0,0.0,113.123664159834,3354.96179955983,45.2494656639336,0.0,0.0
6711,1.0,24.7528772893384,0.0,0.0,0.0,0.0,188.117806776654,3161.58885111719,75.2471227106616,0.0,0.0
6712,1.0,7.15907096028474,0.0,0.0,0.0,0.0,232.102322599288,2923.98047176174,92.8409290397152,0.0,0.0
6713,2.0,23.717502994003,0.0,33.0088153192779,0.0,0.0,157.697427195715,2761.76616078925,76.28249700599716,0.0,0.0
6714,2.0,0.0,0.0,0.0,0.0,0.0,250.0,2506.47914210321,100.0,0.0,0.0
6715,2.0,0.0,0.0,0.0,0.0,0.0,250.0,2251.44741043586,100.0,0.0,0.0
6716,2.0,0.0,0.0,0.0,0.0,0.0,250.0,1996.67071050017,100.0,0.0,0.0
6717,2.0,0.0,0.0,0.0,0.0,0.0,250.0,1742.14878726442,100.0,0.0,0.0
6718,2.0,0.0,0.0,0.0,0.0,0.0,250.0,1487.8813859519,100.0,0.0,0.0
6719,2.0,0.0,0.0,0.0,0.0,0.0,250.0,1233.86825204069,100.0,0.0,0.0
6720,0.5,0.0,0.0,0.0,0.0,0.0,250.0,980.109131263401,100.0,0.0,0.0
6721,0.5,0.0,0.0,0.0,0.0,0.0,22.6485541453849,956.251694712557,9.05942165815396,0.0,0.0
6722,0.5,0.0,0.0,0.0,0.0,0.0,0.0,955.295443017844,0.0,0.0,0.0
6723,0.5,0.0,0.0,0.0,0.0,0.0,0.0,954.340147574826,0.0,0.0,0.0
6724,0.5,0.0,0.0,0.0,0.0,0.0,0.0,953.385807427252,0.0,0.0,0.0
6725,1.0,0.0,0.0,0.0,0.0,0.0,250.0,699.907169094572,100.0,0.0,0.0
6726,1.0,0.0,0.0,0.0,0.0,0.0,250.0,446.682009400225,100.0,0.0,0.0
6727,1.0,0.0,0.0,0.0,0.0,0.0,250.0,193.710074865572,100.0,0.0,0.0
6728,1.0,23.3675195428803,0.0,0.0,0.0,0.0,191.581201142799,0.0,76.6324804571196,0.0,0.0
6729,1.0,52.8171343000469,0.0,117.957164249883,91.9385922592421,91.0192063366496,0.0,91.0192063366496,47.1828656999532,0.0,0.0
6730,1.0,76.7039159420227,0.0,58.2402101449433,469.611594444062,464.915478499622,0.0,555.843665629935,23.29608405797732,0.0,0.0
6731,1.0,90.819800744056,0.0,22.9504981398601,516.604867968175,511.438819288494,0.0,1066.7266412528,9.18019925594404,0.0,0.0
6732,1.0,99.7334101143408,0.0,0.666474714148109,575.369566987865,569.615871317986,0.0,1635.27578592953,0.26658988565924363,0.0,0.0
6733,1.0,100.0,2.79992506726077,0.0,615.782478649015,612.341141162781,0.0,2245.98165130638,0.0,0.0,0.0
6734,1.0,95.7830483059295,0.0,10.5423792351762,576.902520705281,571.133495498228,0.0,2814.8691651533,4.21695169407048,0.0,0.0
6735,1.0,80.0080510508925,0.0,49.9798723727687,469.927558837553,465.228283249177,0.0,3277.28257923733,19.99194894910748,0.0,0.0
6736,1.0,56.9333695861354,0.0,107.666576034661,317.226767582394,314.05449990657,0.0,3588.05979656466,43.0666304138644,0.0,0.0
6737,2.0,25.1889656479001,0.0,187.02758588025,53.2990847936269,52.7660939456906,0.0,3637.23783071379,74.81103435210001,0.0,0.0
6738,2.0,0.0,0.0,0.0,0.0,0.0,250.0,3381.07534035782,100.0,0.0,0.0
6739,2.0,0.0,0.0,0.0,0.0,0.0,250.0,3125.16901249221,100.0,0.0,0.0
6740,2.0,0.0,0.0,0.0,0.0,0.0,250.0,2869.51859095447,100.0,0.0,0.0
6741,2.0,0.0,0.0,0.0,0.0,0.0,250.0,2614.12381983826,100.0,0.0,0.0
6742,2.0,0.0,0.0,0.0,0.0,0.0,250.0,2358.98444349317,100.0,0.0,0.0
6743,2.0,0.0,0.0,0.0,0.0,0.0,250.0,2104.10020652442,100.0,0.0,0.0
6744,0.5,0.0,0.0,0.0,0.0,0.0,250.0,1849.47085379264,100.0,0.0,0.0
6745,0.5,0.0,0.0,0.0,0.0,0.0,250.0,1595.0961304136,100.0,0.0,0.0
6746,0.5,0.0,0.0,0.0,0.0,0.0,250.0,1340.97578175793,100.0,0.0,0.0
6747,0.5,0.0,0.0,0.0,0.0,0.0,250.0,1087.10955345092,100.0,0.0,0.0
6748,0.5,0.0,0.0,0.0,0.0,0.0,127.406303326202,957.329208214439,50.962521330480804,0.0,0.0
6749,1.0,0.0,0.0,0.0,0.0,0.0,250.0,703.846626480972,100.0,0.0,0.0
6750,1.0,0.0,0.0,0.0,0.0,0.0,250.0,450.617527329239,100.0,0.0,0.0
6751,1.0,0.0,0.0,0.0,0.0,0.0,250.0,197.641657276657,100.0,0.0,0.0
6752,1.0,21.8121698147253,0.0,0.0,0.0,0.0,195.469575463187,0.0,78.1878301852748,0.0,0.0
6753,1.0,52.4343152221264,0.0,118.914211944684,107.427168605824,106.352896919766,0.0,106.352896919766,47.5656847778736,0.0,0.0
6754,1.0,74.8346753615773,0.0,62.9133115960567,473.815963492789,469.077803857861,0.0,575.324347880707,25.165324638422682,0.0,0.0
6755,1.0,89.5394049826856,0.0,26.151487543286,542.524742485207,537.099495060355,0.0,1111.84851859318,10.4605950173144,0.0,0.0
6756,1.0,98.9558991195778,0.0,2.61025220105548,616.60369444588,610.437657501421,0.0,1721.17432757601,1.044100880422192,0.0,0.0
6757,1.0,100.0,1.87745209662543,0.0,644.297067519729,639.675600868677,0.0,2359.12875411711,0.0,0.0,0.0
6758,1.0,94.3604929415301,0.0,14.0987676461748,590.642210315023,584.735788211872,0.0,2941.50541357487,5.6395070584699205,0.0,0.0
6759,1.0,79.4685708800645,0.0,51.3285727998387,493.900356751672,488.961353184156,0.0,3427.52526134545,20.53142911993548,0.0,0.0
6760,1.0,55.060160695395,0.0,112.349598261512,305.913392880292,302.854258951489,0.0,3726.95199503559,44.9398393046048,0.0,0.0
6761,2.0,23.6797357548677,0.0,190.800660612831,37.3873841412207,37.0135102998085,0.0,3760.23855334036,76.3202642451324,0.0,0.0
6762,2.0,0.0,0.0,0.0,0.0,0.0,250.0,3503.95306226177,100.0,0.0,0.0
6763,2.0,0.0,0.0,0.0,0.0,0.0,250.0,3247.92385667425,100.0,0.0,0.0
6764,2.0,0.0,0.0,0.0,0.0,0.0,250.0,2992.15068029233,100.0,0.0,0.0
6765,2.0,0.0,0.0,0.0,0.0,0.0,250.0,2736.63327708678,100.0,0.0,0.0
6766,2.0,0.0,0.0,0.0,0.0,0.0,250.0,2481.37139128444,100.0,0.0,0.0
6767,2.0,0.0,0.0,0.0,0.0,0.0,250.0,2226.36476736791,100.0,0.0,0.0
6768,0.5,0.0,0.0,0.0,0.0,0.0,250.0,1971.61315007528,100.0,0.0,0.0
6769,0.5,0.0,0.0,0.0,0.0,0.0,250.0,1717.11628439996,100.0,0.0,0.0
6770,0.5,0.0,0.0,0.0,0.0,0.0,250.0,1462.8739155903,100.0,0.0,0.0
6771,0.5,0.0,0.0,0.0,0.0,0.0,250.0,1208.88578914946,100.0,0.0,0.0
6772,0.5,0.0,0.0,0.0,0.0,0.0,248.921743321856,956.240798994802,99.56869732874242,0.0,0.0
6773,1.0,0.0,0.0,0.0,0.0,0.0,250.0,702.759305670554,100.0,0.0,0.0
6774,1.0,0.0,0.0,0.0,0.0,0.0,250.0,449.531293839631,100.0,0.0,0.0
6775,1.0,0.0,0.0,0.0,0.0,0.0,250.0,196.556510020539,100.0,0.0,0.0
6776,1.0,22.2414584098347,0.0,0.0,0.0,0.0,194.396353975413,0.0,77.75854159016521,0.0,0.0
6777,1.0,50.498365294569,0.0,123.754086763578,101.498668310989,100.483681627879,0.0,100.483681627879,49.5016347054312,0.0,0.0
6778,1.0,71.9021704333998,0.0,70.2445739165004,474.547617276372,469.802141103608,0.0,570.185339049859,28.09782956660016,0.0,0.0
6779,1.0,84.8611155956549,0.0,37.8472110108629,518.050443807613,512.869939369537,0.0,1082.48509308035,15.138884404345161,0.0,0.0
6780,1.0,94.536697123836,0.0,13.6582571904101,592.287851525421,586.364973010167,0.0,1667.76758099743,5.46330287616404,0.0,0.0
6781,1.0,97.1071814848204,0.0,7.23204628794907,635.568923477924,629.213234243145,0.0,2295.31304765958,2.8928185151796284,0.0,0.0
6782,1.0,89.5508525541083,0.0,26.1228686147292,576.749524946698,570.982029697231,0.0,2863.99976430915,10.44914744589168,0.0,0.0
6783,1.0,75.6775470083326,0.0,60.8061324791686,489.338145646622,484.444764190155,0.0,3345.580528735,24.322452991667443,0.0,0.0
6784,1.0,52.7339357403169,0.0,118.165160649208,305.65576396677,302.599206327102,0.0,3644.83415453337,47.266064259683205,0.0,0.0
6785,2.0,21.5709522975206,0.0,196.072619256199,18.9089473989535,18.7198579249639,0.0,3659.9091783038,78.42904770247961,0.0,0.0
6786,2.0,0.0,0.0,0.0,0.0,0.0,250.0,3403.72401660024,100.0,0.0,0.0
6787,2.0,0.0,0.0,0.0,0.0,0.0,250.0,3147.79504005839,100.0,0.0,0.0
6788,2.0,0.0,0.0,0.0,0.0,0.0,250.0,2892.12199249308,100.0,0.0,0.0
6789,2.0,0.0,0.0,0.0,0.0,0.0,250.0,2636.70461797533,100.0,0.0,0.0
6790,2.0,0.0,0.0,0.0,0.0,0.0,250.0,2381.5426608321,100.0,0.0,0.0
6791,2.0,0.0,0.0,0.0,0.0,0.0,250.0,2126.63586564602,100.0,0.0,0.0
6792,0.5,0.0,0.0,0.0,0.0,0.0,250.0,1871.98397725512,100.0,0.0,0.0
6793,0.5,0.0,0.0,0.0,0.0,0.0,250.0,1617.58674075261,100.0,0.0,0.0
6794,0.5,0.0,0.0,0.0,0.0,0.0,250.0,1363.44390148661,100.0,0.0,0.0
6795,0.5,0.0,0.0,0.0,0.0,0.0,250.0,1109.55520505987,100.0,0.0,0.0
6796,0.5,0.0,0.0,0.0,0.0,0.0,149.09471654286,957.84492607414,59.637886617144005,0.0,0.0
6797,1.0,0.0,0.0,0.0,0.0,0.0,250.0,704.361828622814,100.0,0.0,0.0
6798,1.0,0.0,0.0,0.0,0.0,0.0,250.0,451.132214268938,100.0,0.0,0.0
6799,1.0,0.0,0.0,0.0,0.0,0.0,250.0,198.155829529417,100.0,0.0,0.0
6800,1.0,21.6087612148447,0.0,0.0,0.0,0.0,195.978096962888,0.0,78.39123878515521,0.0,0.0
6801,1.0,49.3333086949996,0.0,126.666728262501,95.7704911124465,94.8127862013221,0.0,94.8127862013221,50.6666913050004,0.0,0.0
6802,1.0,70.2446239654217,0.0,74.3884400864459,446.377230651531,441.913458345015,0.0,536.631431760136,29.75537603457836,0.0,0.0
6803,1.0,83.0615217378286,0.0,42.3461956554285,499.865128837227,494.866477548855,0.0,1030.96127787723,16.9384782621714,0.0,0.0
6804,1.0,92.3769125655125,0.0,19.0577185862188,583.237369516847,577.404995821678,0.0,1607.33531242103,7.623087434487521,0.0,0.0
6805,1.0,94.5320316771029,0.0,13.6699208072428,615.711548381865,609.554432898046,0.0,2215.28241000666,5.4679683228971205,0.0,0.0
6806,1.0,88.6068489170402,0.0,28.4828777073995,570.303023280048,564.599993047247,0.0,2777.6671206439,11.3931510829598,0.0,0.0
6807,1.0,74.8579080223113,0.0,62.8552299442217,473.769728603856,469.032031317818,0.0,3243.92148484107,25.14209197768868,0.0,0.0
6808,1.0,50.8502466952611,0.0,122.874383261847,270.056030821418,267.355470513204,0.0,3508.03303386943,49.1497533047388,0.0,0.0
6809,2.0,20.6468758758633,0.0,198.382810310342,7.64091437969032,7.56450523589341,0.0,3512.08950607146,79.3531241241368,0.0,0.0
6810,2.0,0.0,0.0,0.0,0.0,0.0,250.0,3256.05216404013,100.0,0.0,0.0
6811,2.0,0.0,0.0,0.0,0.0,0.0,250.0,3000.27085935084,100.0,0.0,0.0
6812,2.0,0.0,0.0,0.0,0.0,0.0,250.0,2744.74533596624,100.0,0.0,0.0
6813,2.0,0.0,0.0,0.0,0.0,0.0,250.0,2489.47533810502,100.0,0.0,0.0
6814,2.0,0.0,0.0,0.0,0.0,0.0,250.0,2234.46061024166,100.0,0.0,0.0
6815,2.0,0.0,0.0,0.0,0.0,0.0,250.0,1979.70089710617,100.0,0.0,0.0
6816,0.5,0.0,0.0,0.0,0.0,0.0,250.0,1725.19594368381,100.0,0.0,0.0
6817,0.5,0.0,0.0,0.0,0.0,0.0,250.0,1470.94549521487,100.0,0.0,0.0
6818,0.5,0.0,0.0,0.0,0.0,0.0,250.0,1216.9492971944,100.0,0.0,0.0
6819,0.5,0.0,0.0,0.0,0.0,0.0,250.0,963.207095371958,100.0,0.0,0.0
6820,0.5,0.0,0.0,0.0,0.0,0.0,3.65236210229285,958.554633627805,1.46094484091714,0.0,0.0
6821,1.0,0.0,0.0,0.0,0.0,0.0,250.0,705.070826468925,100.0,0.0,0.0
6822,1.0,0.0,0.0,0.0,0.0,0.0,250.0,451.840503117203,100.0,0.0,0.0
6823,1.0,0.0,0.0,0.0,0.0,0.0,250.0,198.863410088833,100.0,0.0,0.0
6824,1.0,21.3288395152171,0.0,0.0,0.0,0.0,196.677901211957,0.0,78.6711604847828,0.0,0.0
6825,1.0,49.540429245381,0.0,126.148926886548,105.098380969079,104.047397159389,0.0,104.047397159389,50.4595707546192,0.0,0.0
6826,1.0,71.2562041190001,0.0,71.8594897024996,479.940838422301,475.141430038078,0.0,579.084779800307,28.74379588099984,0.0,0.0
6827,1.0,84.8149987698955,0.0,37.9625030752613,537.076395532874,531.705631577546,0.0,1110.21132659805,15.185001230104522,0.0,0.0
6828,1.0,91.819632129839,0.0,20.4509196754026,559.151443587969,553.559929152089,0.0,1662.66104442354,8.18036787016104,0.0,0.0
6829,1.0,93.4623898274977,0.0,16.3440254312557,580.405638262962,574.601581880333,0.0,2235.59996525945,6.537610172502281,0.0,0.0
6830,1.0,87.8788741631896,0.0,30.3028145920261,547.718160929214,542.240979319922,0.0,2775.60534461411,12.12112583681044,0.0,0.0
6831,1.0,73.3851935351723,0.0,66.5370161620693,441.477539569636,437.06276417394,0.0,3209.89250344344,26.614806464827723,0.0,0.0
6832,1.0,49.9345417230514,0.0,125.163645692371,256.112464731353,253.55134008404,0.0,3460.23395102404,50.065458276948405,0.0,0.0
6833,2.0,20.2541897720993,0.0,199.364525569752,3.77048588652642,3.73278102766115,0.0,3460.50649810067,79.7458102279008,0.0,0.0
6834,2.0,0.0,0.0,0.0,0.0,0.0,250.0,3204.52073907732,100.0,0.0,0.0
6835,2.0,0.0,0.0,0.0,0.0,0.0,250.0,2948.79096581299,100.0,0.0,0.0
6836,2.0,0.0,0.0,0.0,0.0,0.0,250.0,2693.31692232192,100.0,0.0,0.0
6837,2.0,0.0,0.0,0.0,0.0,0.0,250.0,2438.09835287435,100.0,0.0,0.0
6838,2.0,0.0,0.0,0.0,0.0,0.0,250.0,2183.13500199622,100.0,0.0,0.0
6839,2.0,0.0,0.0,0.0,0.0,0.0,250.0,1928.42661446897,100.0,0.0,0.0
6840,0.5,0.0,0.0,0.0,0.0,0.0,250.0,1673.97293532925,100.0,0.0,0.0
6841,0.5,0.0,0.0,0.0,0.0,0.0,250.0,1419.77370986867,100.0,0.0,0.0
6842,0.5,0.0,0.0,0.0,0.0,0.0,250.0,1165.82868363355,100.0,0.0,0.0
6843,0.5,0.0,0.0,0.0,0.0,0.0,202.595900747209,960.020530962837,81.0383602988836,0.0,0.0
6844,0.5,0.0,0.0,0.0,0.0,0.0,0.0,959.060510431874,0.0,0.0,0.0
6845,1.0,0.0,0.0,0.0,0.0,0.0,250.0,705.576197396189,100.0,0.0,0.0
6846,1.0,0.0,0.0,0.0,0.0,0.0,250.0,452.345368673541,100.0,0.0,0.0
6847,1.0,0.0,0.0,0.0,0.0,0.0,250.0,199.367770779615,100.0,0.0,0.0
6848,1.0,21.1293124085014,0.0,0.0,0.0,0.0,197.176718978747,0.0,78.87068759149881,0.0,0.0
6849,1.0,48.1873860243544,0.0,129.531534939114,79.3769669373555,78.583197267982,0.0,78.583197267982,51.812613975645604,0.0,0.0
6850,1.0,68.443967069986,0.0,78.890082325035,443.004841843837,438.574793425399,0.0,517.079407496113,31.556032930014,0.0,0.0
6851,1.0,80.2826939311945,0.0,49.2932651720137,485.342079060817,480.488658270209,0.0,997.050986358825,19.71730606880548,0.0,0.0
6852,1.0,89.1660673658738,0.0,27.0848315853155,542.28866012928,536.865773527987,0.0,1532.91970890045,10.8339326341262,0.0,0.0
6853,1.0,92.3278487049558,0.0,19.1803782376105,578.227760651511,572.445483044996,0.0,2103.83227223655,7.672151295044201,0.0,0.0
6854,1.0,87.3893542108155,0.0,31.5266144729614,547.245883409616,541.77342457552,0.0,2643.50186453983,12.61064578918456,0.0,0.0
6855,1.0,73.5533663068423,0.0,66.1165842328943,452.091379708593,447.570465911507,0.0,3088.4288285868,26.44663369315772,0.0,0.0
6856,1.0,50.7163865989027,0.0,123.209033502743,272.416598802164,269.692432814143,0.0,3355.03283257235,49.2836134010972,0.0,0.0
6857,2.0,18.6771072880005,0.0,184.872257400908,0.0,0.0,18.4349743790909,3333.05661349828,81.32289271199957,0.0,0.0
6858,2.0,0.0,0.0,0.0,0.0,0.0,250.0,3077.19830435953,100.0,0.0,0.0
6859,2.0,0.0,0.0,0.0,0.0,0.0,250.0,2821.59585352991,100.0,0.0,0.0
6860,2.0,0.0,0.0,0.0,0.0,0.0,250.0,2566.24900515113,100.0,0.0,0.0
6861,2.0,0.0,0.0,0.0,0.0,0.0,250.0,2311.15750362073,100.0,0.0,0.0
6862,2.0,0.0,0.0,0.0,0.0,0.0,250.0,2056.32109359185,100.0,0.0,0.0
6863,2.0,0.0,0.0,0.0,0.0,0.0,250.0,1801.73951997301,100.0,0.0,0.0
6864,0.5,0.0,0.0,0.0,0.0,0.0,250.0,1547.41252792778,100.0,0.0,0.0
6865,0.5,0.0,0.0,0.0,0.0,0.0,250.0,1293.3398628746,100.0,0.0,0.0
6866,0.5,0.0,0.0,0.0,0.0,0.0,250.0,1039.52127048648,100.0,0.0,0.0
6867,0.5,0.0,0.0,0.0,0.0,0.0,74.0915688922998,963.64178063791,29.636627556919922,0.0,0.0
6868,0.5,0.0,0.0,0.0,0.0,0.0,0.0,962.678138857272,0.0,0.0,0.0
6869,1.0,0.0,0.0,0.0,0.0,0.0,250.0,709.190208193162,100.0,0.0,0.0
6870,1.0,0.0,0.0,0.0,0.0,0.0,250.0,455.955765459716,100.0,0.0,0.0
6871,1.0,0.0,0.0,0.0,0.0,0.0,250.0,202.974557169004,100.0,0.0,0.0
6872,1.0,19.7024532857134,0.0,0.0,0.0,0.0,200.743866785717,0.0,80.2975467142868,0.0,0.0
6873,1.0,48.6511615919046,0.0,128.372096020239,88.6596715366412,87.7730748212747,0.0,87.7730748212747,51.34883840809561,0.0,0.0
6874,1.0,69.5507571101848,0.0,76.1231072245379,445.124686106574,440.673439245508,0.0,528.358740991962,30.449242889815164,0.0,0.0
6875,1.0,82.1024956482099,0.0,44.7437608794753,480.04148257633,475.241067750566,0.0,1003.07145000154,17.897504351790122,0.0,0.0
6876,1.0,92.4350836783257,0.0,18.9122908041857,563.413005869682,557.778875810985,0.0,1559.84725436252,7.564916321674281,0.0,0.0
6877,1.0,95.446805697813,0.0,11.3829857554675,597.41628330657,591.442120473504,0.0,2149.72952758166,4.553194302187,0.0,0.0
6878,1.0,89.670278969171,0.0,25.8243025770726,563.277471356898,557.644696643329,0.0,2705.22449469741,10.329721030829042,0.0,0.0
6879,1.0,73.9194657063926,0.0,65.2013357340185,441.218232576798,436.80605025103,0.0,3139.32532045374,26.0805342936074,0.0,0.0
6880,1.0,50.1680065518295,0.0,124.579983620426,261.389172603209,258.775280877177,0.0,3394.96127601046,49.83199344817041,0.0,0.0
6881,2.0,18.1411805526279,0.0,180.286798961654,0.0,0.0,24.3602496567766,3366.96000194983,81.85881944737224,0.0,0.0
6882,2.0,0.0,0.0,0.0,0.0,0.0,250.0,3111.06778942263,100.0,0.0,0.0
6883,2.0,0.0,0.0,0.0,0.0,0.0,250.0,2855.43146910795,100.0,0.0,0.0
6884,2.0,0.0,0.0,0.0,0.0,0.0,250.0,2600.05078511359,100.0,0.0,0.0
6885,2.0,0.0,0.0,0.0,0.0,0.0,250.0,2344.92548180323,100.0,0.0,0.0
6886,2.0,0.0,0.0,0.0,0.0,0.0,250.0,2090.05530379617,100.0,0.0,0.0
6887,2.0,0.0,0.0,0.0,0.0,0.0,250.0,1835.43999596712,100.0,0.0,0.0
6888,0.5,0.0,0.0,0.0,0.0,0.0,250.0,1581.0793034459,100.0,0.0,0.0
6889,0.5,0.0,0.0,0.0,0.0,0.0,250.0,1326.9729716172,100.0,0.0,0.0
6890,0.5,0.0,0.0,0.0,0.0,0.0,250.0,1073.12074612033,100.0,0.0,0.0
6891,0.5,0.0,0.0,0.0,0.0,0.0,109.989442028738,960.947178880538,43.995776811495205,0.0,0.0
6892,0.5,0.0,0.0,0.0,0.0,0.0,0.0,959.986231701658,0.0,0.0,0.0
6893,1.0,0.0,0.0,0.0,0.0,0.0,250.0,706.500992944704,100.0,0.0,0.0
6894,1.0,0.0,0.0,0.0,0.0,0.0,250.0,453.269239426506,100.0,0.0,0.0
6895,1.0,0.0,0.0,0.0,0.0,0.0,250.0,200.290717661827,100.0,0.0,0.0
6896,1.0,20.7641909301104,0.0,0.0,0.0,0.0,198.089522674724,0.0,79.23580906988961,0.0,0.0
6897,1.0,49.1784732339848,0.0,127.053816915038,86.2887556345054,85.4258680781604,0.0,85.4258680781604,50.821526766015204,0.0,0.0
6898,1.0,69.7129562704072,0.0,75.7176093239819,419.49898857416,415.303998688418,0.0,500.6444408985,30.287043729592764,0.0,0.0
6899,1.0,84.7346179139778,0.0,38.1634552150555,532.649304089574,527.322811048678,0.0,1027.46660750628,15.2653820860222,0.0,0.0
6900,1.0,92.2833039211448,0.0,19.2917401971379,591.152035109522,585.240514758427,0.0,1611.6796556572,7.716696078855161,0.0,0.0
6901,1.0,93.9481824840655,0.0,15.1295437898364,609.465609736761,603.370953639393,0.0,2213.43892964094,6.051817515934561,0.0,0.0
6902,1.0,86.2101855232494,0.0,34.4745361918766,526.006707796651,520.746640718685,0.0,2731.97213142998,13.789814476750642,0.0,0.0
6903,1.0,72.5829362723447,0.0,68.5426593191383,430.56542277856,426.259768550774,0.0,3155.49992784933,27.417063727655318,0.0,0.0
6904,1.0,47.7866320230724,0.0,130.533419942319,224.92971026947,222.680413166776,0.0,3375.02484108825,52.2133679769276,0.0,0.0
6905,2.0,15.840801426974,0.0,0.0,0.0,0.0,210.397996432565,3159.1265875274,84.159198573026,0.0,0.0
6906,2.0,0.0,0.0,0.0,0.0,0.0,250.0,2903.44220841462,100.0,0.0,0.0
6907,2.0,0.0,0.0,0.0,0.0,0.0,250.0,2648.01351368095,100.0,0.0,0.0
6908,2.0,0.0,0.0,0.0,0.0,0.0,250.0,2392.84024764202,100.0,0.0,0.0
6909,2.0,0.0,0.0,0.0,0.0,0.0,250.0,2137.92215486913,100.0,0.0,0.0
6910,2.0,0.0,0.0,0.0,0.0,0.0,250.0,1883.258980189,100.0,0.0,0.0
6911,2.0,0.0,0.0,0.0,0.0,0.0,250.0,1628.85046868356,100.0,0.0,0.0
6912,0.5,0.0,0.0,0.0,0.0,0.0,250.0,1374.69636568963,100.0,0.0,0.0
6913,0.5,0.0,0.0,0.0,0.0,0.0,250.0,1120.79641679868,100.0,0.0,0.0
6914,0.5,0.0,0.0,0.0,0.0,0.0,154.960931657052,963.149426788903,61.984372662820796,0.0,0.0
6915,0.5,0.0,0.0,0.0,0.0,0.0,0.0,962.186277362114,0.0,0.0,0.0
6916,0.5,0.0,0.0,0.0,0.0,0.0,0.0,961.224091084752,0.0,0.0,0.0
6917,1.0,0.0,0.0,0.0,0.0,0.0,250.0,707.737614468414,100.0,0.0,0.0
6918,1.0,0.0,0.0,0.0,0.0,0.0,250.0,454.504624328693,100.0,0.0,0.0
6919,1.0,0.0,0.0,0.0,0.0,0.0,250.0,201.524867179112,100.0,0.0,0.0
6920,1.0,20.2759564444746,0.0,0.0,0.0,0.0,199.310108888813,0.0,79.72404355552521,0.0,0.0
6921,1.0,48.4216849352887,0.0,128.945787661778,84.7332387666343,83.885906378968,0.0,83.885906378968,51.578315064711205,0.0,0.0
6922,1.0,69.6402676635397,0.0,75.8993308411508,442.748303826736,438.320820788469,0.0,522.122841261058,30.359732336460322,0.0,0.0
6923,1.0,83.4981185172412,0.0,41.2547037068971,545.877631058393,540.418854747809,0.0,1062.01957316761,16.50188148275884,0.0,0.0
6924,1.0,92.2682843533171,0.0,19.3292891167074,605.623077107504,599.566846336429,0.0,1660.52439993087,7.731715646682961,0.0,0.0
6925,1.0,94.8036867374246,0.0,12.9907831564384,613.474565876711,607.339820217944,0.0,2266.20369574888,5.1963132625753605,0.0,0.0
6926,1.0,87.4698048296242,0.0,31.3254879259396,544.073208152281,538.632476070758,0.0,2802.56996812389,12.53019517037584,0.0,0.0
6927,1.0,57.9389375446498,0.0,105.152656138375,199.476652479823,197.481885955024,0.0,2997.24928411079,42.06106245535,0.0,0.0
6928,1.0,53.5240032752182,0.0,116.189991811954,322.352909024008,319.129379933768,0.0,3313.38141476045,46.4759967247816,0.0,0.0
6929,2.0,17.1265024326886,0.0,0.0,0.0,0.0,207.183743918278,3100.79152433732,82.8734975673112,0.0,0.0
6930,2.0,0.0,0.0,0.0,0.0,0.0,250.0,2845.16548028773,100.0,0.0,0.0
6931,2.0,0.0,0.0,0.0,0.0,0.0,250.0,2589.79506228219,100.0,0.0,0.0
6932,2.0,0.0,0.0,0.0,0.0,0.0,250.0,2334.68001469466,100.0,0.0,0.0
6933,2.0,0.0,0.0,0.0,0.0,0.0,250.0,2079.82008215471,100.0,0.0,0.0
6934,2.0,0.0,0.0,0.0,0.0,0.0,250.0,1825.2150095473,100.0,0.0,0.0
6935,2.0,0.0,0.0,0.0,0.0,0.0,250.0,1570.8645420125,100.0,0.0,0.0
6936,0.5,0.0,0.0,0.0,0.0,0.0,250.0,1316.76842494524,100.0,0.0,0.0
6937,0.5,0.0,0.0,0.0,0.0,0.0,55.4873155889566,1259.4038629961,22.194926235582642,0.0,0.0
6938,0.5,0.0,0.0,0.0,0.0,0.0,0.0,1258.1444591331,0.0,0.0,0.0
6939,0.5,0.0,0.0,0.0,0.0,0.0,0.0,1256.88631467397,0.0,0.0,0.0
6940,0.5,0.0,0.0,0.0,0.0,0.0,0.0,1255.62942835929,0.0,0.0,0.0
6941,1.0,0.0,0.0,0.0,0.0,0.0,250.0,1001.84854640568,100.0,0.0,0.0
6942,1.0,0.0,0.0,0.0,0.0,0.0,250.0,748.321445334022,100.0,0.0,0.0
6943,1.0,0.0,0.0,0.0,0.0,0.0,250.0,495.047871363436,100.0,0.0,0.0
6944,1.0,19.6972266437316,0.0,0.0,0.0,0.0,200.756933390671,291.768042289374,80.3027733562684,0.0,0.0
6945,1.0,49.3550648095019,0.0,126.612337976245,101.918446614806,100.899262148658,0.0,392.375536395743,50.644935190498,0.0,0.0
6946,1.0,68.668737439675,0.0,78.3281564008124,401.113945674849,397.102806218101,0.0,789.085967077448,31.331262560324962,0.0,0.0
6947,1.0,87.1751463266574,0.0,32.0621341833565,601.021937944888,595.011718565439,0.0,1383.30859967581,12.8248536733426,0.0,0.0
6948,1.0,93.918579866145,0.0,15.2035503346375,643.976013631907,637.536253495588,0.0,2019.46154457172,6.0814201338550005,0.0,0.0
6949,1.0,92.3819216759378,0.0,19.0451958101554,564.363190384294,558.719558480451,0.0,2576.1616415076,7.61807832406216,0.0,0.0
6950,1.0,80.5574903617143,0.0,48.6062740957143,413.801102204176,409.663091182134,0.0,2983.24857104823,19.44250963828572,0.0,0.0
6951,1.0,74.192830359589,0.0,64.5179241010275,460.198794204292,455.596806262249,0.0,3435.86212873943,25.807169640411004,0.0,0.0
6952,1.0,24.5721874727611,0.0,0.0,0.0,0.0,188.569531318097,3241.95199255201,75.4278125272388,0.0,0.0
6953,2.0,10.0351166390651,0.0,0.0,0.0,0.0,224.912208402337,3011.52599166821,89.9648833609348,0.0,0.0
6954,2.0,0.0,0.0,0.0,0.0,0.0,250.0,2755.98921315128,100.0,0.0,0.0
6955,2.0,0.0,0.0,0.0,0.0,0.0,250.0,2500.70797141288,100.0,0.0,0.0
6956,2.0,0.0,0.0,0.0,0.0,0.0,250.0,2245.68201091621,100.0,0.0,0.0
6957,2.0,0.0,0.0,0.0,0.0,0.0,250.0,1990.91107638005,100.0,0.0,0.0
6958,2.0,0.0,0.0,0.0,0.0,0.0,250.0,1736.39491277841,100.0,0.0,0.0
6959,2.0,0.0,0.0,0.0,0.0,0.0,250.0,1482.13326534038,100.0,0.0,0.0
6960,0.5,0.0,0.0,0.0,0.0,0.0,0.0,1480.65113207504,0.0,0.0,0.0
6961,0.5,0.0,0.0,0.0,0.0,0.0,0.0,1479.17048094297,0.0,0.0,0.0
6962,0.5,0.0,0.0,0.0,0.0,0.0,0.0,1477.69131046202,0.0,0.0,0.0
6963,0.5,0.0,0.0,0.0,0.0,0.0,0.0,1476.21361915156,0.0,0.0,0.0
6964,0.5,0.0,0.0,0.0,0.0,0.0,0.0,1474.73740553241,0.0,0.0,0.0
6965,1.0,0.0,0.0,0.0,0.0,0.0,250.0,1220.73741560163,100.0,0.0,0.0
6966,1.0,0.0,0.0,0.0,0.0,0.0,250.0,966.991425660771,100.0,0.0,0.0
6967,1.0,0.0,0.0,0.0,0.0,0.0,250.0,713.499181709858,100.0,0.0,0.0
6968,1.0,19.7054660632615,0.0,0.0,0.0,0.0,200.736334841846,510.021707940425,80.2945339367384,0.0,0.0
6969,1.0,48.1979564376983,0.0,129.505108905754,82.8203871630245,81.9921832913942,0.0,591.503869523879,51.802043562301606,0.0,0.0
6970,1.0,69.5989819204135,0.0,76.0025451989663,430.826788778422,426.518520890638,0.0,1017.43088654499,30.40101807958652,0.0,0.0
6971,1.0,84.4963990676363,0.0,38.7590023309093,514.555574952698,509.410019203171,0.0,1525.82347486162,15.50360093236372,0.0,0.0
6972,1.0,91.1013667636302,0.0,22.2465830909244,524.021531478853,518.781316164064,0.0,2043.07896755082,8.89863323636976,0.0,0.0
6973,1.0,86.8121982270208,0.0,32.969504432448,426.398811510776,422.134823395668,0.0,2463.17071197894,13.1878017729792,0.0,0.0
6974,1.0,74.4803212875936,0.0,63.799196781016,305.671244067063,302.614531626392,0.0,2763.32207289335,25.519678712406403,0.0,0.0
6975,1.0,68.0264243972991,0.0,79.9339390067522,343.929393954829,340.49010001528,0.0,3101.04885083574,31.97357560270088,0.0,0.0
6976,1.0,37.7196885835372,0.0,155.700778541157,76.3345645953568,75.5712189494033,0.0,3173.51902093431,62.28031141646281,0.0,0.0
6977,2.0,11.7844354364681,0.0,0.0,0.0,0.0,220.53891140883,2947.57892473274,88.215564563532,0.0,0.0
6978,2.0,0.0,0.0,0.0,0.0,0.0,250.0,2692.10609328275,100.0,0.0,0.0
6979,2.0,0.0,0.0,0.0,0.0,0.0,250.0,2436.88873466422,100.0,0.0,0.0
6980,2.0,0.0,0.0,0.0,0.0,0.0,250.0,2181.9265934043,100.0,0.0,0.0
6981,2.0,0.0,0.0,0.0,0.0,0.0,250.0,1927.21941428564,100.0,0.0,0.0
6982,2.0,0.0,0.0,0.0,0.0,0.0,250.0,1672.7669423461,100.0,0.0,0.0
6983,2.0,0.0,0.0,0.0,0.0,0.0,250.0,1418.56892287851,100.0,0.0,0.0
6984,0.5,0.0,0.0,0.0,0.0,0.0,0.0,1417.15035395563,0.0,0.0,0.0
6985,0.5,0.0,0.0,0.0,0.0,0.0,0.0,1415.73320360167,0.0,0.0,0.0
6986,0.5,0.0,0.0,0.0,0.0,0.0,0.0,1414.31747039807,0.0,0.0,0.0
6987,0.5,0.0,0.0,0.0,0.0,0.0,0.0,1412.90315292767,0.0,0.0,0.0
6988,0.5,0.0,0.0,0.0,0.0,0.0,0.0,1411.49024977474,0.0,0.0,0.0
6989,1.0,0.0,0.0,0.0,0.0,0.0,250.0,1157.55350699972,100.0,0.0,0.0
6990,1.0,0.0,0.0,0.0,0.0,0.0,250.0,903.870700967465,100.0,0.0,0.0
6991,1.0,0.0,0.0,0.0,0.0,0.0,250.0,650.441577741245,100.0,0.0,0.0
6992,1.0,19.2808275570282,0.0,0.0,0.0,0.0,201.79793110743,445.954842115595,80.71917244297201,0.0,0.0
6993,1.0,48.9503823225364,0.0,127.624044193659,91.5137630087651,90.5986253786774,0.0,536.107512652157,51.0496176774636,0.0,0.0
6994,1.0,72.279486111986,0.0,69.3012847200349,484.416308498332,479.572145413348,0.0,1015.14355055285,27.72051388801396,0.0,0.0
6995,1.0,87.7436946770613,0.0,30.6407633073468,574.021406593951,568.281192528011,0.0,1582.40959953031,12.25630532293872,0.0,0.0
6996,1.0,98.544810710629,0.0,3.63797322342762,670.726746089033,664.019478628143,0.0,2244.84666855892,1.455189289371048,0.0,0.0
6997,1.0,93.45632343097,0.0,16.359191422575,542.794974262946,537.367024520317,0.0,2779.96884641068,6.543676569030001,0.0,0.0
6998,1.0,90.4073986838083,0.0,23.9815032904793,572.622803992605,566.896575952679,0.0,3344.08545351695,9.59260131619172,0.0,0.0
6999,1.0,72.5412067375414,0.0,68.6469831561464,426.419446062389,422.155251601765,0.0,3762.8966196652,27.458793262458563,0.0,0.0
7000,1.0,52.5166659824469,0.0,118.708335043883,308.366142876172,305.28248144741,0.0,4064.41620449294,47.483334017553204,0.0,0.0
7001,2.0,5.13714633712078,0.0,0.0,0.0,0.0,237.157134157198,3820.7991275236,94.8628536628792,0.0,0.0
7002,2.0,0.0,0.0,0.0,0.0,0.0,250.0,3564.45307587083,100.0,0.0,0.0
7003,2.0,0.0,0.0,0.0,0.0,0.0,250.0,3308.3633702697,100.0,0.0,0.0
7004,2.0,0.0,0.0,0.0,0.0,0.0,250.0,3052.52975437418,100.0,0.0,0.0
7005,2.0,0.0,0.0,0.0,0.0,0.0,250.0,2796.95197209456,100.0,0.0,0.0
7006,2.0,0.0,0.0,0.0,0.0,0.0,250.0,2541.62976759721,100.0,0.0,0.0
7007,2.0,0.0,0.0,0.0,0.0,0.0,250.0,2286.56288530436,100.0,0.0,0.0
7008,0.5,0.0,0.0,0.0,0.0,0.0,0.0,2284.27632241905,0.0,0.0,0.0
7009,0.5,0.0,0.0,0.0,0.0,0.0,0.0,2281.99204609664,0.0,0.0,0.0
7010,0.5,0.0,0.0,0.0,0.0,0.0,0.0,2279.71005405054,0.0,0.0,0.0
7011,0.5,0.0,0.0,0.0,0.0,0.0,0.0,2277.43034399649,0.0,0.0,0.0
7012,0.5,0.0,0.0,0.0,0.0,0.0,0.0,2275.15291365249,0.0,0.0,0.0
7013,1.0,0.0,0.0,0.0,0.0,0.0,250.0,2020.35250821359,100.0,0.0,0.0
7014,1.0,0.0,0.0,0.0,0.0,0.0,250.0,1765.80690318012,100.0,0.0,0.0
7015,1.0,0.0,0.0,0.0,0.0,0.0,250.0,1511.51584375169,100.0,0.0,0.0
7016,1.0,18.9190333668643,0.0,0.0,0.0,0.0,202.702416582839,1305.25441216769,81.0809666331356,0.0,0.0
7017,1.0,48.9195398940543,0.0,127.701150264864,84.0859907923495,83.245130884426,0.0,1387.19428863995,51.080460105945605,0.0,0.0
7018,1.0,72.6385864834291,0.0,68.4035337914273,472.546455263089,467.820990710458,0.0,1853.62808506177,27.36141351657092,0.0,0.0
7019,1.0,88.4525030707668,0.0,28.8687423230831,581.307195423116,575.494123468885,0.0,2427.26858044559,11.54749692923324,0.0,0.0
7020,1.0,97.114829186974,0.0,7.21292703256491,629.287356224381,622.994482662137,0.0,3047.83579452729,2.8851708130259643,0.0,0.0
7021,1.0,97.6399342870365,0.0,5.90016428240865,621.756574242248,615.539008499825,0.0,3660.32696723258,2.3600657129634603,0.0,0.0
7022,1.0,88.925916823344,0.0,27.68520794164,549.459711135218,543.965114023865,0.0,4200.63175428922,11.074083176656002,0.0,0.0
7023,1.0,72.7466427977799,0.0,68.1333930055504,432.244925345012,427.922476091562,0.0,4624.35359862649,27.253357202220162,0.0,0.0
7024,1.0,46.9725289372499,0.0,132.568677656875,219.923367602912,217.724133926882,0.0,4837.45337895474,53.02747106275,0.0,0.0
7025,2.0,10.2416776334524,0.0,0.0,0.0,0.0,224.395805916369,4605.95349535724,89.7583223665476,0.0,0.0
7026,2.0,0.0,0.0,0.0,0.0,0.0,250.0,4348.82228933663,100.0,0.0,0.0
7027,2.0,0.0,0.0,0.0,0.0,0.0,250.0,4091.94821452204,100.0,0.0,0.0
7028,2.0,0.0,0.0,0.0,0.0,0.0,250.0,3835.33101378226,100.0,0.0,0.0
7029,2.0,0.0,0.0,0.0,0.0,0.0,250.0,3578.97043024323,100.0,0.0,0.0
7030,2.0,0.0,0.0,0.0,0.0,0.0,250.0,3322.86620728773,100.0,0.0,0.0
7031,2.0,0.0,0.0,0.0,0.0,0.0,250.0,3067.01808855519,100.0,0.0,0.0
7032,0.5,0.0,0.0,0.0,0.0,0.0,0.0,3063.95107046664,0.0,0.0,0.0
7033,0.5,0.0,0.0,0.0,0.0,0.0,0.0,3060.88711939617,0.0,0.0,0.0
7034,0.5,0.0,0.0,0.0,0.0,0.0,0.0,3057.82623227677,0.0,0.0,0.0
7035,0.5,0.0,0.0,0.0,0.0,0.0,0.0,3054.7684060445,0.0,0.0,0.0
7036,0.5,0.0,0.0,0.0,0.0,0.0,0.0,3051.71363763845,0.0,0.0,0.0
7037,1.0,0.0,0.0,0.0,0.0,0.0,250.0,2796.13667147556,100.0,0.0,0.0
7038,1.0,0.0,0.0,0.0,0.0,0.0,250.0,2540.81528227883,100.0,0.0,0.0
7039,1.0,0.0,0.0,0.0,0.0,0.0,250.0,2285.7492144713,100.0,0.0,0.0
7040,1.0,18.2970104061027,0.0,0.0,0.0,0.0,204.257473984743,2077.14278446416,81.7029895938972,0.0,0.0
7041,1.0,47.6866151708608,0.0,130.783462072848,76.472142153104,75.7074207315729,0.0,2150.77306241127,52.31338482913921,0.0,0.0
7042,1.0,70.2077670074881,0.0,74.4805824812797,445.495792260455,441.04083433785,0.0,2589.66312368671,29.79223299251188,0.0,0.0
7043,1.0,85.8406775850356,0.0,35.3983060374111,556.844314530579,551.275871385273,0.0,3138.34933194829,14.159322414964443,0.0,0.0
7044,1.0,93.1831463654068,0.0,17.0421340864829,601.926199870148,595.906937871446,0.0,3731.11792048779,6.81685363459316,0.0,0.0
7045,1.0,92.7668983763093,0.0,18.0827540592267,593.291886934814,587.358968065466,0.0,4314.74577063277,7.233101623690681,0.0,0.0
7046,1.0,85.3962564011559,0.0,36.5093589971102,540.503373665499,535.098339928844,0.0,4845.52936479098,14.60374359884408,0.0,0.0
7047,1.0,72.165488413631,0.0,69.5862789659225,459.817213091334,455.219040960421,0.0,5295.90287638661,27.834511586369004,0.0,0.0
7048,1.0,45.3804477403177,0.0,136.548880649206,211.508107565432,209.393026489777,0.0,5500.0,54.61955225968241,0.0,0.0
7049,2.0,11.3932710595681,0.0,0.0,0.0,0.0,221.51682235108,5270.74563398881,88.606728940432,0.0,0.0
7050,2.0,0.0,0.0,0.0,0.0,0.0,250.0,5012.94963582957,100.0,0.0,0.0
7051,2.0,0.0,0.0,0.0,0.0,0.0,250.0,4755.41143366849,100.0,0.0,0.0
7052,2.0,0.0,0.0,0.0,0.0,0.0,250.0,4498.13076970956,100.0,0.0,0.0
7053,2.0,0.0,0.0,0.0,0.0,0.0,250.0,4241.1073864146,100.0,0.0,0.0
7054,2.0,0.0,0.0,0.0,0.0,0.0,250.0,3984.34102650293,100.0,0.0,0.0
7055,2.0,0.0,0.0,0.0,0.0,0.0,250.0,3727.83143295118,100.0,0.0,0.0
7056,0.5,0.0,0.0,0.0,0.0,0.0,0.0,3724.10360151823,0.0,0.0,0.0
7057,0.5,0.0,0.0,0.0,0.0,0.0,0.0,3720.37949791671,0.0,0.0,0.0
7058,0.5,0.0,0.0,0.0,0.0,0.0,0.0,3716.65911841879,0.0,0.0,0.0
7059,0.5,0.0,0.0,0.0,0.0,0.0,0.0,3712.94245930037,0.0,0.0,0.0
7060,0.5,0.0,0.0,0.0,0.0,0.0,0.0,3709.22951684107,0.0,0.0,0.0
7061,1.0,0.0,0.0,0.0,0.0,0.0,0.0,3705.52028732423,0.0,0.0,0.0
7062,1.0,0.0,0.0,0.0,0.0,0.0,0.0,3701.81476703691,0.0,0.0,0.0
7063,1.0,0.0,0.0,0.0,0.0,0.0,0.0,3698.11295226987,0.0,0.0,0.0
7064,1.0,17.5394453684085,0.0,0.0,0.0,0.0,0.0,3694.4148393176,0.0,0.0,0.0
7065,1.0,47.1816016014957,0.0,126.987009444646,75.1333291813725,74.3819958895588,0.0,3765.10242036784,50.794803777858405,0.0,0.0
7066,1.0,70.4310341908882,0.0,0.0,531.189826264137,525.877928001496,0.0,4287.21524594897,0.0,0.0,0.0
7067,1.0,86.1274659386925,0.0,0.0,608.118040540519,602.036860135114,0.0,4884.96489083814,0.0,0.0,0.0
7068,1.0,93.8323473829895,0.0,0.0,626.181892982528,619.920074052703,0.0,5500.0,0.0,0.0,0.0
7069,1.0,11.8008897262618,0.0,0.0,0.0,0.0,0.0,5494.5,0.0,0.0,0.0
7070,1.0,12.9215765776407,0.0,0.0,0.0,0.0,0.0,5489.0055,0.0,0.0,0.0
7071,1.0,18.4170576049539,0.0,0.0,0.0,0.0,0.0,5483.5164945,0.0,0.0,0.0
7072,1.0,5.71834595360655,0.0,0.0,0.0,0.0,0.0,5478.0329780055,0.0,0.0,0.0
7073,2.0,0.889324424333669,0.0,0.0,0.0,0.0,247.776688939166,5222.27546125056,99.1106755756664,0.0,0.0
7074,2.0,0.0,0.0,0.0,0.0,0.0,250.0,4964.52793326406,100.0,0.0,0.0
7075,2.0,0.0,0.0,0.0,0.0,0.0,250.0,4707.03815280554,100.0,0.0,0.0
7076,2.0,0.0,0.0,0.0,0.0,0.0,250.0,4449.80586212748,100.0,0.0,0.0
7077,2.0,0.0,0.0,0.0,0.0,0.0,250.0,4192.8308037401,100.0,0.0,0.0
7078,2.0,0.0,0.0,0.0,0.0,0.0,250.0,3936.11272041111,100.0,0.0,0.0
7079,2.0,0.0,0.0,0.0,0.0,0.0,250.0,3679.65135516545,100.0,0.0,0.0
7080,0.5,0.0,0.0,0.0,0.0,0.0,0.0,3675.97170381028,0.0,0.0,0.0
7081,0.5,0.0,0.0,0.0,0.0,0.0,0.0,3672.29573210647,0.0,0.0,0.0
7082,0.5,0.0,0.0,0.0,0.0,0.0,0.0,3668.62343637436,0.0,0.0,0.0
7083,0.5,0.0,0.0,0.0,0.0,0.0,0.0,3664.95481293799,0.0,0.0,0.0
7084,0.5,0.0,0.0,0.0,0.0,0.0,0.0,3661.28985812505,0.0,0.0,0.0
7085,1.0,0.0,0.0,0.0,0.0,0.0,0.0,3657.62856826693,0.0,0.0,0.0
7086,1.0,0.0,0.0,0.0,0.0,0.0,0.0,3653.97093969866,0.0,0.0,0.0
7087,1.0,0.0,0.0,0.0,0.0,0.0,0.0,3650.31696875896,0.0,0.0,0.0
7088,1.0,16.652965383332,0.0,0.0,0.0,0.0,0.0,3646.6666517902,0.0,0.0,0.0
7089,1.0,47.8984973311283,0.0,0.0,212.797937293837,210.669957920899,0.0,3853.68994305931,0.0,0.0,0.0
7090,1.0,53.2147692219465,0.0,0.0,0.0,0.0,0.0,3849.83625311625,0.0,0.0,0.0
7091,1.0,82.965430679921,0.0,0.0,245.72540990906,243.268155809969,0.0,4089.2545726731,0.0,0.0,0.0
7092,1.0,63.4477690535096,0.0,0.0,0.0,0.0,0.0,4085.16531810043,0.0,0.0,0.0
7093,1.0,78.3634043286863,0.0,0.0,146.806552604401,145.338487078357,0.0,4226.41863986069,0.0,0.0,0.0
7094,1.0,43.5677039544672,0.0,0.0,0.0,0.0,0.0,4222.19222122083,0.0,0.0,0.0
7095,1.0,58.7734701738352,0.0,0.0,126.468647581837,125.203961106018,0.0,4343.17399010562,0.0,0.0,0.0
7096,1.0,41.8572223472464,0.0,0.0,281.508606599419,278.693520533425,0.0,4617.52433664894,0.0,0.0,0.0
7097,2.0,0.708093505516561,0.0,0.0,0.0,0.0,248.229766236209,4362.16967469996,99.29190649448361,0.0,0.0
7098,2.0,0.0,0.0,0.0,0.0,0.0,250.0,4105.28225250001,100.0,0.0,0.0
7099,2.0,0.0,0.0,0.0,0.0,0.0,250.0,3848.65171772226,100.0,0.0,0.0
7100,2.0,0.0,0.0,0.0,0.0,0.0,250.0,3592.27781347928,100.0,0.0,0.0
7101,2.0,0.0,0.0,0.0,0.0,0.0,250.0,3336.16028314055,100.0,0.0,0.0
7102,2.0,0.0,0.0,0.0,0.0,0.0,250.0,3080.29887033216,100.0,0.0,0.0
7103,2.0,0.0,0.0,0.0,0.0,0.0,250.0,2824.69331893657,100.0,0.0,0.0
7104,0.5,0.0,0.0,0.0,0.0,0.0,0.0,2821.86862561764,0.0,0.0,0.0
7105,0.5,0.0,0.0,0.0,0.0,0.0,0.0,2819.04675699202,0.0,0.0,0.0
7106,0.5,0.0,0.0,0.0,0.0,0.0,0.0,2816.22771023503,0.0,0.0,0.0
7107,0.5,0.0,0.0,0.0,0.0,0.0,0.0,2813.41148252479,0.0,0.0,0.0
7108,0.5,0.0,0.0,0.0,0.0,0.0,0.0,2810.59807104227,0.0,0.0,0.0
7109,1.0,0.0,0.0,0.0,0.0,0.0,0.0,2807.78747297122,0.0,0.0,0.0
7110,1.0,0.0,0.0,0.0,0.0,0.0,0.0,2804.97968549825,0.0,0.0,0.0
7111,1.0,0.0,0.0,0.0,0.0,0.0,0.0,2802.17470581275,0.0,0.0,0.0
7112,1.0,7.09112824960307,0.0,0.0,0.0,0.0,0.0,2799.37253110694,0.0,0.0,0.0
7113,1.0,6.9096135024235,0.0,0.0,0.0,0.0,0.0,2796.57315857583,0.0,0.0,0.0
7114,1.0,14.3239411393469,0.0,0.0,0.0,0.0,0.0,2793.77658541726,0.0,0.0,0.0
7115,1.0,7.82034059160974,0.0,0.0,0.0,0.0,0.0,2790.98280883184,0.0,0.0,0.0
7116,1.0,7.8577269258354,0.0,0.0,0.0,0.0,0.0,2788.19182602301,0.0,0.0,0.0
7117,1.0,8.61165525934058,0.0,0.0,0.0,0.0,0.0,2785.40363419699,0.0,0.0,0.0
7118,1.0,80.3730060279713,0.0,0.0,209.234385361754,207.142041508137,0.0,2989.76027207093,0.0,0.0,0.0
7119,1.0,55.2840695205328,0.0,0.0,267.679782598972,265.002984772982,0.0,3251.77349657184,0.0,0.0,0.0
7120,1.0,48.8165917996246,0.0,0.0,371.713948896084,367.996809407123,0.0,3616.51853248239,0.0,0.0,0.0
7121,2.0,0.51441447813661,0.0,0.0,0.0,0.0,248.713963804658,3361.67578788459,99.4855855218632,0.0,0.0
7122,2.0,0.0,0.0,0.0,0.0,0.0,250.0,3105.78885957146,100.0,0.0,0.0
7123,2.0,0.0,0.0,0.0,0.0,0.0,250.0,2850.15781818663,100.0,0.0,0.0
7124,2.0,0.0,0.0,0.0,0.0,0.0,250.0,2594.78240784319,100.0,0.0,0.0
7125,2.0,0.0,0.0,0.0,0.0,0.0,250.0,2339.6623729101,100.0,0.0,0.0
7126,2.0,0.0,0.0,0.0,0.0,0.0,250.0,2084.79745801194,100.0,0.0,0.0
7127,2.0,0.0,0.0,0.0,0.0,0.0,250.0,1830.18740802867,100.0,0.0,0.0
7128,0.5,0.0,0.0,0.0,0.0,0.0,0.0,1828.35722062064,0.0,0.0,0.0
7129,0.5,0.0,0.0,0.0,0.0,0.0,0.0,1826.52886340002,0.0,0.0,0.0
7130,0.5,0.0,0.0,0.0,0.0,0.0,0.0,1824.70233453662,0.0,0.0,0.0
7131,0.5,0.0,0.0,0.0,0.0,0.0,0.0,1822.87763220209,0.0,0.0,0.0
7132,0.5,0.0,0.0,0.0,0.0,0.0,0.0,1821.05475456988,0.0,0.0,0.0
7133,1.0,0.0,0.0,0.0,0.0,0.0,0.0,1819.23369981531,0.0,0.0,0.0
7134,1.0,0.0,0.0,0.0,0.0,0.0,0.0,1817.4144661155,0.0,0.0,0.0
7135,1.0,0.0,0.0,0.0,0.0,0.0,0.0,1815.59705164938,0.0,0.0,0.0
7136,1.0,15.0570858698022,0.0,0.0,0.0,0.0,0.0,1813.78145459773,0.0,0.0,0.0
7137,1.0,50.9893927642965,0.0,0.0,241.003055188804,238.593024636916,0.0,2050.56069778005,0.0,0.0,0.0
7138,1.0,76.9736380878604,0.0,0.0,601.034641667256,595.024295250584,0.0,2643.53443233286,0.0,0.0,0.0
7139,1.0,60.9108038911562,0.0,0.0,0.0,0.0,0.0,2640.89089790052,0.0,0.0,0.0
7140,1.0,61.1990184496714,0.0,0.0,0.0,0.0,0.0,2638.25000700262,0.0,0.0,0.0
7141,1.0,24.9625978887875,0.0,0.0,0.0,0.0,0.0,2635.61175699562,0.0,0.0,0.0
7142,1.0,7.93709022545906,0.0,0.0,0.0,0.0,0.0,2632.97614523862,0.0,0.0,0.0
7143,1.0,64.6523535739099,0.0,0.0,181.429756612498,179.615459046373,0.0,2809.95862813976,0.0,0.0,0.0
7144,1.0,26.0317114108806,0.0,0.0,0.0,0.0,0.0,2807.14866951162,0.0,0.0,0.0
7145,2.0,0.311671104791432,0.0,0.0,0.0,0.0,249.220822238021,2552.60331656128,99.6883288952084,0.0,0.0
7146,2.0,0.0,0.0,0.0,0.0,0.0,250.0,2297.52546071946,100.0,0.0,0.0
7147,2.0,0.0,0.0,0.0,0.0,0.0,250.0,2042.70268273349,100.0,0.0,0.0
7148,2.0,0.0,0.0,0.0,0.0,0.0,250.0,1788.13472752551,100.0,0.0,0.0
7149,2.0,0.0,0.0,0.0,0.0,0.0,250.0,1533.82134027273,100.0,0.0,0.0
7150,2.0,0.0,0.0,0.0,0.0,0.0,250.0,1279.7622664072,100.0,0.0,0.0
7151,2.0,0.0,0.0,0.0,0.0,0.0,250.0,1025.95725161554,100.0,0.0,0.0
7152,0.5,0.0,0.0,0.0,0.0,0.0,0.0,1024.93129436393,0.0,0.0,0.0
7153,0.5,0.0,0.0,0.0,0.0,0.0,0.0,1023.90636306956,0.0,0.0,0.0
7154,0.5,0.0,0.0,0.0,0.0,0.0,0.0,1022.88245670649,0.0,0.0,0.0
7155,0.5,0.0,0.0,0.0,0.0,0.0,0.0,1021.85957424979,0.0,0.0,0.0
7156,0.5,0.0,0.0,0.0,0.0,0.0,0.0,1020.83771467554,0.0,0.0,0.0
7157,1.0,0.0,0.0,0.0,0.0,0.0,0.0,1019.81687696086,0.0,0.0,0.0
7158,1.0,0.0,0.0,0.0,0.0,0.0,0.0,1018.7970600839,0.0,0.0,0.0
7159,1.0,0.0,0.0,0.0,0.0,0.0,0.0,1017.77826302382,0.0,0.0,0.0
7160,1.0,17.6819635941086,0.0,0.0,0.0,0.0,0.0,1016.76048476079,0.0,0.0,0.0
7161,1.0,40.5758404584205,0.0,0.0,0.0,0.0,0.0,1015.74372427603,0.0,0.0,0.0
7162,1.0,52.7279809682891,0.0,0.0,0.0,0.0,0.0,1014.72798055176,0.0,0.0,0.0
7163,1.0,55.5651472051487,0.0,0.0,0.0,0.0,0.0,1013.7132525712,0.0,0.0,0.0
7164,1.0,76.3800955553301,0.0,0.0,243.842109074425,241.403687983681,0.0,1254.10322730231,0.0,0.0,0.0
7165,1.0,67.9967343235826,0.0,0.0,226.281157332598,224.018345759272,0.0,1476.86746983428,0.0,0.0,0.0
7166,1.0,65.7719568192873,0.0,0.0,263.574529599659,260.938784303662,0.0,1736.32938666811,0.0,0.0,0.0
7167,1.0,34.4224618041574,0.0,0.0,0.0,0.0,0.0,1734.59305728144,0.0,0.0,0.0
7168,1.0,35.1047502233324,0.0,0.0,32.7557355641858,32.4281782085439,0.0,1765.28664243271,0.0,0.0,0.0
7169,2.0,0.204408306524687,0.0,0.0,0.0,0.0,249.488979233688,1511.51228585726,99.79559169347522,0.0,0.0
7170,2.0,0.0,0.0,0.0,0.0,0.0,250.0,1257.47552104615,100.0,0.0,0.0
7171,2.0,0.0,0.0,0.0,0.0,0.0,250.0,1003.69279299985,100.0,0.0,0.0
7172,2.0,0.0,0.0,0.0,0.0,0.0,250.0,750.163847681595,100.0,0.0,0.0
7173,2.0,0.0,0.0,0.0,0.0,0.0,250.0,496.888431308661,100.0,0.0,0.0
7174,2.0,0.0,0.0,0.0,0.0,0.0,250.0,243.866290352099,100.0,0.0,0.0
7175,2.0,0.0,0.0,0.0,0.0,0.0,241.18619982113,0.0,96.47447992845201,0.0,0.0
7176,0.5,0.0,0.0,0.0,0.0,0.0,0.0,0.0,0.0,0.0,0.0
7177,0.5,0.0,0.0,0.0,0.0,0.0,0.0,0.0,0.0,0.0,0.0
7178,0.5,0.0,0.0,0.0,0.0,0.0,0.0,0.0,0.0,0.0,0.0
7179,0.5,0.0,0.0,0.0,0.0,0.0,0.0,0.0,0.0,0.0,0.0
7180,0.5,0.0,0.0,0.0,0.0,0.0,0.0,0.0,0.0,0.0,0.0
7181,1.0,0.0,0.0,0.0,0.0,0.0,0.0,0.0,0.0,0.0,0.0
7182,1.0,0.0,0.0,0.0,0.0,0.0,0.0,0.0,0.0,0.0,0.0
7183,1.0,0.0,0.0,0.0,0.0,0.0,0.0,0.0,0.0,0.0,0.0
7184,1.0,1.40191154658963,0.0,0.0,0.0,0.0,0.0,0.0,0.0,0.0,0.0
7185,1.0,14.9693933990478,0.0,0.0,0.0,0.0,0.0,0.0,0.0,0.0,0.0
7186,1.0,59.352125993149,0.0,0.0,88.3428931527909,87.459464221263,0.0,87.459464221263,0.0,0.0,0.0
7187,1.0,34.7770121085524,0.0,0.0,0.0,0.0,0.0,87.3720047570418,0.0,0.0,0.0
7188,1.0,10.776824141429,0.0,0.0,0.0,0.0,0.0,87.2846327522847,0.0,0.0,0.0
7189,1.0,87.3138435948874,0.0,0.0,223.462226548983,221.227604283494,0.0,308.424952403026,0.0,0.0,0.0
7190,1.0,28.0973973562829,0.0,0.0,0.0,0.0,0.0,308.116527450623,0.0,0.0,0.0
7191,1.0,73.9419858199888,0.0,0.0,250.161300617252,247.65968761108,0.0,555.468098534252,0.0,0.0,0.0
7192,1.0,22.6338951979276,0.0,0.0,0.0,0.0,0.0,554.912630435718,0.0,0.0,0.0
7193,2.0,0.0,0.0,0.0,0.0,0.0,250.0,301.83246528003,100.0,0.0,0.0
7194,2.0,0.0,0.0,0.0,0.0,0.0,250.0,49.0053802894971,100.0,0.0,0.0
7195,2.0,0.0,0.0,0.0,0.0,0.0,48.4668111601155,0.0,19.3867244640462,0.0,0.0
7196,2.0,0.0,0.0,0.0,0.0,0.0,0.0,0.0,0.0,0.0,0.0
7197,2.0,0.0,0.0,0.0,0.0,0.0,0.0,0.0,0.0,0.0,0.0
7198,2.0,0.0,0.0,0.0,0.0,0.0,0.0,0.0,0.0,0.0,0.0
7199,2.0,0.0,0.0,0.0,0.0,0.0,0.0,0.0,0.0,0.0,0.0
7200,0.5,0.0,0.0,0.0,0.0,0.0,0.0,0.0,0.0,0.0,0.0
7201,0.5,0.0,0.0,0.0,0.0,0.0,0.0,0.0,0.0,0.0,0.0
7202,0.5,0.0,0.0,0.0,0.0,0.0,0.0,0.0,0.0,0.0,0.0
7203,0.5,0.0,0.0,0.0,0.0,0.0,0.0,0.0,0.0,0.0,0.0
7204,0.5,0.0,0.0,0.0,0.0,0.0,0.0,0.0,0.0,0.0,0.0
7205,1.0,0.0,0.0,0.0,0.0,0.0,0.0,0.0,0.0,0.0,0.0
7206,1.0,0.0,0.0,0.0,0.0,0.0,0.0,0.0,0.0,0.0,0.0
7207,1.0,0.0,0.0,0.0,0.0,0.0,0.0,0.0,0.0,0.0,0.0
7208,1.0,18.4886346873611,0.0,0.0,0.0,0.0,0.0,0.0,0.0,0.0,0.0
7209,1.0,40.8332823770517,0.0,0.0,0.0,0.0,0.0,0.0,0.0,0.0,0.0
7210,1.0,73.7187493933029,0.0,0.0,550.093601784719,544.592665766872,0.0,544.592665766872,0.0,0.0,0.0
7211,1.0,82.8801064597246,0.0,0.0,493.655682745511,488.719125918056,0.0,1032.76719901916,0.0,0.0,0.0
7212,1.0,96.7866258923662,0.0,0.0,617.264541310312,611.091895897208,0.0,1642.82632771735,0.0,0.0,0.0
7213,1.0,48.5747180938042,0.0,0.0,0.0,0.0,0.0,1641.18350138963,0.0,0.0,0.0
7214,1.0,28.4138406711754,0.0,0.0,0.0,0.0,0.0,1639.54231788824,0.0,0.0,0.0
7215,1.0,54.7318025864126,0.0,0.0,97.2086177180401,96.2365315408597,0.0,1734.13930711121,0.0,0.0,0.0
7216,1.0,5.77817914248318,0.0,0.0,0.0,0.0,0.0,1732.4051678041,0.0,0.0,0.0
7217,2.0,0.0,0.0,0.0,0.0,0.0,250.0,1478.14751011105,100.0,0.0,0.0
7218,2.0,0.0,0.0,0.0,0.0,0.0,250.0,1224.14411007568,100.0,0.0,0.0
7219,2.0,0.0,0.0,0.0,0.0,0.0,250.0,970.394713440355,100.0,0.0,0.0
7220,2.0,0.0,0.0,0.0,0.0,0.0,250.0,716.899066201662,100.0,0.0,0.0
7221,2.0,0.0,0.0,0.0,0.0,0.0,250.0,463.656914610208,100.0,0.0,0.0
7222,2.0,0.0,0.0,0.0,0.0,0.0,250.0,210.668005170345,100.0,0.0,0.0
7223,2.0,0.0,0.0,0.0,0.0,0.0,208.352763793523,0.0,83.3411055174092,0.0,0.0
7224,0.5,0.0,0.0,0.0,0.0,0.0,0.0,0.0,0.0,0.0,0.0
7225,0.5,0.0,0.0,0.0,0.0,0.0,0.0,0.0,0.0,0.0,0.0
7226,0.5,0.0,0.0,0.0,0.0,0.0,0.0,0.0,0.0,0.0,0.0
7227,0.5,0.0,0.0,0.0,0.0,0.0,0.0,0.0,0.0,0.0,0.0
7228,0.5,0.0,0.0,0.0,0.0,0.0,0.0,0.0,0.0,0.0,0.0
7229,1.0,0.0,0.0,0.0,0.0,0.0,0.0,0.0,0.0,0.0,0.0
7230,1.0,0.0,0.0,0.0,0.0,0.0,0.0,0.0,0.0,0.0,0.0
7231,1.0,0.0,0.0,0.0,0.0,0.0,0.0,0.0,0.0,0.0,0.0
7232,1.0,12.5966301501242,0.0,0.0,0.0,0.0,0.0,0.0,0.0,0.0,0.0
7233,1.0,47.4334400570873,0.0,131.416399857282,89.7927518724839,88.8948243537591,0.0,88.8948243537591,52.5665599429128,0.0,0.0
7234,1.0,72.4229305415036,0.0,68.9426736462409,505.398089507021,500.344108611951,0.0,589.150038141356,27.577069458496364,0.0,0.0
7235,1.0,89.2629331969904,0.0,26.842667007524,608.359687396925,602.276090522956,0.0,1190.83697862617,10.7370668030096,0.0,0.0
7236,1.0,44.6208055631749,0.0,0.0,0.0,0.0,138.447986092063,1049.7996910495,55.3791944368252,0.0,0.0
7237,1.0,91.6183032987778,0.0,20.9542417530554,251.519206429879,249.00401436558,0.0,1297.75390572403,8.38169670122216,0.0,0.0
7238,1.0,83.9087444540476,0.0,40.2281388648811,478.481336250525,473.696522888019,0.0,1770.15267470633,16.091255545952443,0.0,0.0
7239,1.0,71.9905446232773,0.0,70.0236384418069,438.265437794702,433.882783416755,0.0,2202.26530544838,28.00945537672276,0.0,0.0
7240,1.0,45.4787549855859,0.0,136.303112536035,221.116453286862,218.905288753994,0.0,2418.96832889692,54.521245014414006,0.0,0.0
7241,2.0,0.0,0.0,0.0,0.0,0.0,250.0,2164.02410804277,100.0,0.0,0.0
7242,2.0,0.0,0.0,0.0,0.0,0.0,250.0,1909.33483140948,100.0,0.0,0.0
7243,2.0,0.0,0.0,0.0,0.0,0.0,250.0,1654.90024405281,100.0,0.0,0.0
7244,2.0,0.0,0.0,0.0,0.0,0.0,250.0,1400.72009128351,100.0,0.0,0.0
7245,2.0,0.0,0.0,0.0,0.0,0.0,250.0,1146.79411866697,100.0,0.0,0.0
7246,2.0,0.0,0.0,0.0,0.0,0.0,250.0,893.122072023053,100.0,0.0,0.0
7247,2.0,0.0,0.0,0.0,0.0,0.0,250.0,639.703697425778,100.0,0.0,0.0
7248,0.5,0.0,0.0,0.0,0.0,0.0,0.0,639.063993728352,0.0,0.0,0.0
7249,0.5,0.0,0.0,0.0,0.0,0.0,0.0,638.424929734623,0.0,0.0,0.0
7250,0.5,0.0,0.0,0.0,0.0,0.0,0.0,637.786504804889,0.0,0.0,0.0
7251,0.5,0.0,0.0,0.0,0.0,0.0,0.0,637.148718300084,0.0,0.0,0.0
7252,0.5,0.0,0.0,0.0,0.0,0.0,0.0,636.511569581784,0.0,0.0,0.0
7253,1.0,0.0,0.0,0.0,0.0,0.0,250.0,383.34980548695,100.0,0.0,0.0
7254,1.0,0.0,0.0,0.0,0.0,0.0,250.0,130.44120315621,100.0,0.0,0.0
7255,1.0,0.0,0.0,0.0,0.0,0.0,129.007654333523,0.0,51.6030617334092,0.0,0.0
7256,1.0,11.8874133250696,0.0,0.0,0.0,0.0,0.0,0.0,0.0,0.0,0.0
7257,1.0,46.8146343737501,0.0,132.963414065625,86.8204488209807,85.9522443327708,0.0,85.9522443327708,53.18536562625,0.0,0.0
7258,1.0,71.4999915627974,0.0,71.2500210930066,501.651127030322,496.634615760019,0.0,582.500907848457,28.500008437202638,0.0,0.0
7259,1.0,87.8041958763619,0.0,30.4895103090953,606.083095015046,600.022264064896,0.0,1181.9406710055,12.195804123638121,0.0,0.0
7260,1.0,96.2694661588799,0.0,9.3263346028003,647.523249924439,641.048017425195,0.0,1821.80674775969,3.73053384112012,0.0,0.0
7261,1.0,94.9353510618678,0.0,12.6616223453305,603.300777830775,597.267770052467,0.0,2417.2527110644,5.0646489381322,0.0,0.0
7262,1.0,71.3539223832051,0.0,71.6151940419873,299.8955115606,296.896556444994,0.0,2711.73201479833,28.64607761679492,0.0,0.0
7263,1.0,70.7619017330169,0.0,73.0952456674578,435.113708189972,430.762571108072,0.0,3139.78285389161,29.238098266983123,0.0,0.0
7264,1.0,37.6804264456947,0.0,155.798933885763,114.827924424317,113.679645180073,0.0,3250.32271621779,62.31957355430521,0.0,0.0
7265,2.0,0.0,0.0,0.0,0.0,0.0,250.0,2994.54714097632,100.0,0.0,0.0
7266,2.0,0.0,0.0,0.0,0.0,0.0,250.0,2739.02734131009,100.0,0.0,0.0
7267,2.0,0.0,0.0,0.0,0.0,0.0,250.0,2483.76306144352,100.0,0.0,0.0
7268,2.0,0.0,0.0,0.0,0.0,0.0,250.0,2228.75404585683,100.0,0.0,0.0
7269,2.0,0.0,0.0,0.0,0.0,0.0,250.0,1974.00003928572,100.0,0.0,0.0
7270,2.0,0.0,0.0,0.0,0.0,0.0,250.0,1719.50078672118,100.0,0.0,0.0
7271,2.0,0.0,0.0,0.0,0.0,0.0,250.0,1465.25603340921,100.0,0.0,0.0
7272,0.5,0.0,0.0,0.0,0.0,0.0,0.0,1463.7907773758,0.0,0.0,0.0
7273,0.5,0.0,0.0,0.0,0.0,0.0,0.0,1462.32698659842,0.0,0.0,0.0
7274,0.5,0.0,0.0,0.0,0.0,0.0,0.0,1460.86465961182,0.0,0.0,0.0
7275,0.5,0.0,0.0,0.0,0.0,0.0,0.0,1459.40379495221,0.0,0.0,0.0
7276,0.5,0.0,0.0,0.0,0.0,0.0,0.0,1457.94439115726,0.0,0.0,0.0
7277,1.0,0.0,0.0,0.0,0.0,0.0,250.0,1203.96119424085,100.0,0.0,0.0
7278,1.0,0.0,0.0,0.0,0.0,0.0,250.0,950.231980521356,100.0,0.0,0.0
7279,1.0,0.0,0.0,0.0,0.0,0.0,250.0,696.756496015582,100.0,0.0,0.0
7280,1.0,11.6762978450242,0.0,0.0,0.0,0.0,220.809255387439,473.020087613062,88.3237021549756,0.0,0.0
7281,1.0,45.6929766421939,0.0,135.767558394515,78.2672486059921,77.4845761199321,0.0,550.031643645381,54.307023357806,0.0,0.0
7282,1.0,70.5314008615662,0.0,73.6714978460845,500.815301319926,495.807148306727,0.0,1045.28876030846,29.468599138433802,0.0,0.0
7283,1.0,86.6531591860649,0.0,33.3671020348378,604.622344966996,598.576121517326,0.0,1642.81959306548,13.34684081393512,0.0,0.0
7284,1.0,93.6901510826585,0.0,15.7746222933537,612.13074230212,606.009434879099,0.0,2247.18620835151,6.30984891734148,0.0,0.0
7285,1.0,37.5471939488663,0.0,0.0,0.0,0.0,156.132015127834,2087.22991595343,62.4528060511336,0.0,0.0
7286,1.0,75.1626720577643,0.0,62.0933198555892,146.206897242211,144.744828269789,0.0,2229.88751430727,24.83732794223568,0.0,0.0
7287,1.0,41.3216665760849,0.0,0.0,0.0,0.0,146.695833559788,2079.48001713661,58.678333423915205,0.0,0.0
7288,1.0,44.1614914421767,0.0,139.596271394558,32.276424276078,31.9536600333173,0.0,2109.35419715279,55.8385085578232,0.0,0.0
7289,2.0,0.0,0.0,0.0,0.0,0.0,250.0,1854.71959043038,100.0,0.0,0.0
7290,2.0,0.0,0.0,0.0,0.0,0.0,250.0,1600.3396183147,100.0,0.0,0.0
7291,2.0,0.0,0.0,0.0,0.0,0.0,250.0,1346.21402617113,100.0,0.0,0.0
7292,2.0,0.0,0.0,0.0,0.0,0.0,250.0,1092.34255961971,100.0,0.0,0.0
7293,2.0,0.0,0.0,0.0,0.0,0.0,250.0,838.724964534836,100.0,0.0,0.0
7294,2.0,0.0,0.0,0.0,0.0,0.0,250.0,585.360987045049,100.0,0.0,0.0
7295,2.0,0.0,0.0,0.0,0.0,0.0,250.0,332.250373532751,100.0,0.0,0.0
7296,0.5,0.0,0.0,0.0,0.0,0.0,0.0,331.918123159218,0.0,0.0,0.0
7297,0.5,0.0,0.0,0.0,0.0,0.0,0.0,331.586205036059,0.0,0.0,0.0
7298,0.5,0.0,0.0,0.0,0.0,0.0,0.0,331.254618831023,0.0,0.0,0.0
7299,0.5,0.0,0.0,0.0,0.0,0.0,0.0,330.923364212192,0.0,0.0,0.0
7300,0.5,0.0,0.0,0.0,0.0,0.0,0.0,330.59244084798,0.0,0.0,0.0
7301,1.0,0.0,0.0,0.0,0.0,0.0,250.0,77.7365958818795,100.0,0.0,0.0
7302,1.0,0.0,0.0,0.0,0.0,0.0,76.8822706931376,0.0,30.75290827725504,0.0,0.0
7303,1.0,0.0,0.0,0.0,0.0,0.0,0.0,0.0,0.0,0.0,0.0
7304,1.0,17.4568975445264,0.0,0.0,0.0,0.0,0.0,0.0,0.0,0.0,0.0
7305,1.0,41.4574302760546,0.0,33.5935378484544,0.0,0.0,0.0,0.0,13.437415139381763,0.0,0.0
7306,1.0,73.7209876854723,0.0,65.6975307863192,525.953476066401,520.693941305737,0.0,520.693941305737,26.279012314527684,0.0,0.0
7307,1.0,91.1142855842877,0.0,22.2142860392808,637.679720409731,631.302923205634,0.0,1151.47617057006,8.88571441571232,0.0,0.0
7308,1.0,100.0,0.785278590763284,0.0,680.573748613043,674.529888415671,0.0,1824.85458281517,0.0,0.0,0.0
7309,1.0,91.0601086636936,0.0,22.3497283407661,492.488163671181,487.563282034469,0.0,2310.59301026682,8.93989133630644,0.0,0.0
7310,1.0,17.0577718994566,0.0,0.0,0.0,0.0,207.355570251358,2098.83234629559,82.9422281005432,0.0,0.0
7311,1.0,21.4221926464972,0.0,0.0,0.0,0.0,196.444518383757,1898.30470750105,78.5778073535028,0.0,0.0
7312,1.0,9.74446224369409,0.0,0.0,0.0,0.0,120.421286149882,1774.76874001589,48.1685144599528,0.0,0.0
7313,2.0,0.0,0.0,0.0,0.0,0.0,250.0,1520.46871875062,100.0,0.0,0.0
7314,2.0,0.0,0.0,0.0,0.0,0.0,250.0,1266.42299750662,100.0,0.0,0.0
7315,2.0,0.0,0.0,0.0,0.0,0.0,250.0,1012.63132198386,100.0,0.0,0.0
7316,2.0,0.0,0.0,0.0,0.0,0.0,250.0,759.093438136623,100.0,0.0,0.0
7317,2.0,0.0,0.0,0.0,0.0,0.0,250.0,505.809092173234,100.0,0.0,0.0
7318,2.0,0.0,0.0,0.0,0.0,0.0,250.0,252.778030555808,100.0,0.0,0.0
7319,2.0,0.0,0.0,0.0,0.0,0.0,250.0,0.0,100.0,0.0,0.0
7320,0.5,0.0,0.0,0.0,0.0,0.0,0.0,0.0,0.0,0.0,0.0
7321,0.5,0.0,0.0,0.0,0.0,0.0,0.0,0.0,0.0,0.0,0.0
7322,0.5,0.0,0.0,0.0,0.0,0.0,0.0,0.0,0.0,0.0,0.0
7323,0.5,0.0,0.0,0.0,0.0,0.0,0.0,0.0,0.0,0.0,0.0
7324,0.5,0.0,0.0,0.0,0.0,0.0,0.0,0.0,0.0,0.0,0.0
7325,1.0,0.0,0.0,0.0,0.0,0.0,0.0,0.0,0.0,0.0,0.0
7326,1.0,0.0,0.0,0.0,0.0,0.0,0.0,0.0,0.0,0.0,0.0
7327,1.0,0.0,0.0,0.0,0.0,0.0,0.0,0.0,0.0,0.0,0.0
7328,1.0,11.2466778313992,0.0,0.0,0.0,0.0,0.0,0.0,0.0,0.0,0.0
7329,1.0,46.3121933179338,0.0,134.219516705166,76.9836198776407,76.2137836788643,0.0,76.2137836788643,53.6878066820664,0.0,0.0
7330,1.0,72.1174744491167,0.0,69.7063138772083,492.858630384833,487.930044080985,0.0,564.06761397617,27.882525550883322,0.0,0.0
7331,1.0,88.8270582054322,0.0,27.9323544864194,597.980173421656,592.00037168744,0.0,1155.50391804963,11.17294179456776,0.0,0.0
7332,1.0,89.8420008345409,0.0,25.3949979136478,490.831760404049,485.923442800009,0.0,1640.27185693159,10.15799916545912,0.0,0.0
7333,1.0,98.0814713314081,0.0,4.79632167147965,624.144277178366,617.902834406583,0.0,2256.53441948124,1.9185286685918603,0.0,0.0
7334,1.0,85.8182431530034,0.0,35.4543921174914,500.760490552895,495.752885647366,0.0,2750.03077070913,14.181756846996562,0.0,0.0
7335,1.0,68.7063292970737,0.0,78.2341767573158,384.7637601797,380.916122577903,0.0,3128.19686251632,31.29367070292632,0.0,0.0
7336,1.0,34.0220182648947,0.0,164.944954337763,54.1224459806398,53.5812215208334,0.0,3178.64988717464,65.9779817351052,0.0,0.0
7337,2.0,0.0,0.0,0.0,0.0,0.0,250.0,2922.94598476221,100.0,0.0,0.0
7338,2.0,0.0,0.0,0.0,0.0,0.0,250.0,2667.4977862522,100.0,0.0,0.0
7339,2.0,0.0,0.0,0.0,0.0,0.0,250.0,2412.30503594069,100.0,0.0,0.0
7340,2.0,0.0,0.0,0.0,0.0,0.0,250.0,2157.3674783795,100.0,0.0,0.0
7341,2.0,0.0,0.0,0.0,0.0,0.0,250.0,1902.68485837587,100.0,0.0,0.0
7342,2.0,0.0,0.0,0.0,0.0,0.0,250.0,1648.25692099224,100.0,0.0,0.0
7343,2.0,0.0,0.0,0.0,0.0,0.0,250.0,1394.083411546,100.0,0.0,0.0
7344,0.5,0.0,0.0,0.0,0.0,0.0,0.0,1392.68932813445,0.0,0.0,0.0
7345,0.5,0.0,0.0,0.0,0.0,0.0,0.0,1391.29663880631,0.0,0.0,0.0
7346,0.5,0.0,0.0,0.0,0.0,0.0,0.0,1389.90534216751,0.0,0.0,0.0
7347,0.5,0.0,0.0,0.0,0.0,0.0,0.0,1388.51543682534,0.0,0.0,0.0
7348,0.5,0.0,0.0,0.0,0.0,0.0,0.0,1387.12692138852,0.0,0.0,0.0
7349,1.0,0.0,0.0,0.0,0.0,0.0,250.0,1133.21454194187,100.0,0.0,0.0
7350,1.0,0.0,0.0,0.0,0.0,0.0,250.0,879.55607487468,100.0,0.0,0.0
7351,1.0,0.0,0.0,0.0,0.0,0.0,250.0,626.151266274553,100.0,0.0,0.0
7352,1.0,11.0395901953335,0.0,0.0,0.0,0.0,222.401024511666,400.877615501544,88.96040980466641,0.0,0.0
7353,1.0,44.935804833419,0.0,137.660487916452,64.9912656817632,64.3413530249456,0.0,464.818090910988,55.06419516658081,0.0,0.0
7354,1.0,70.2544305243117,0.0,74.3639236892206,476.945013507255,472.175563372183,0.0,936.52883619226,29.745569475688242,0.0,0.0
7355,1.0,85.0499385303496,0.0,37.3751536741259,549.607010761386,544.110940653772,0.0,1479.70324800984,14.95006146965036,0.0,0.0
7356,1.0,93.2312768512099,0.0,16.9218078719754,589.109962689811,583.218863062913,0.0,2061.44240782474,6.76872314879016,0.0,0.0
7357,1.0,94.2869236116584,0.0,14.282690970854,593.671905553129,587.735186497598,0.0,2647.11615191452,5.713076388341601,0.0,0.0
7358,1.0,86.3495251550076,0.0,34.126187112481,536.909051551315,531.539961035802,0.0,3176.0089967984,13.6504748449924,0.0,0.0
7359,1.0,70.6811431996587,0.0,73.2971420008532,434.706955479474,430.359885924679,0.0,3603.19287372628,29.31885680034128,0.0,0.0
7360,1.0,41.3579193350214,0.0,146.605201662447,174.684516309741,172.937671146644,0.0,3772.5273519992,58.642080664978806,0.0,0.0
7361,2.0,0.0,0.0,0.0,0.0,0.0,250.0,3516.22957212195,100.0,0.0,0.0
7362,2.0,0.0,0.0,0.0,0.0,0.0,250.0,3260.18809002458,100.0,0.0,0.0
7363,2.0,0.0,0.0,0.0,0.0,0.0,250.0,3004.4026494093,100.0,0.0,0.0
7364,2.0,0.0,0.0,0.0,0.0,0.0,250.0,2748.87299423464,100.0,0.0,0.0
7365,2.0,0.0,0.0,0.0,0.0,0.0,250.0,2493.59886871515,100.0,0.0,0.0
7366,2.0,0.0,0.0,0.0,0.0,0.0,250.0,2238.58001732118,100.0,0.0,0.0
7367,2.0,0.0,0.0,0.0,0.0,0.0,250.0,1983.81618477861,100.0,0.0,0.0
7368,0.5,0.0,0.0,0.0,0.0,0.0,0.0,1981.83236859383,0.0,0.0,0.0
7369,0.5,0.0,0.0,0.0,0.0,0.0,0.0,1979.85053622523,0.0,0.0,0.0
7370,0.5,0.0,0.0,0.0,0.0,0.0,0.0,1977.87068568901,0.0,0.0,0.0
7371,0.5,0.0,0.0,0.0,0.0,0.0,0.0,1975.89281500332,0.0,0.0,0.0
7372,0.5,0.0,0.0,0.0,0.0,0.0,0.0,1973.91692218832,0.0,0.0,0.0
7373,1.0,0.0,0.0,0.0,0.0,0.0,250.0,1719.41775274088,100.0,0.0,0.0
7374,1.0,0.0,0.0,0.0,0.0,0.0,250.0,1465.17308246288,100.0,0.0,0.0
7375,1.0,0.0,0.0,0.0,0.0,0.0,250.0,1211.18265685517,100.0,0.0,0.0
7376,1.0,11.3238793221864,0.0,0.0,0.0,0.0,221.690301694534,986.041876527066,88.67612067781361,0.0,0.0
7377,1.0,43.1104937857161,0.0,142.22376553571,48.8959968210116,48.4070368528015,0.0,1033.46287150334,56.889506214284,0.0,0.0
7378,1.0,67.041186067943,0.0,82.3970348301424,446.826128502703,442.357867217676,0.0,1474.78727584951,32.95881393205696,0.0,0.0
7379,1.0,80.0095549964669,0.0,49.9761125088328,508.674214616992,503.587472470822,0.0,1976.89996104449,19.99044500353312,0.0,0.0
7380,1.0,87.8220064272498,0.0,30.4449839318756,571.120351865243,565.409148346591,0.0,2540.33220943003,12.17799357275024,0.0,0.0
7381,1.0,88.3761380502215,0.0,29.0596548744463,563.684765359336,558.047917705743,0.0,3095.83979492634,11.62386194977852,0.0,0.0
7382,1.0,81.326339607729,0.0,46.6841509806774,508.850476264197,503.761971501555,0.0,3596.50592663297,18.67366039227096,0.0,0.0
7383,1.0,67.1801433473293,0.0,82.0496416316767,411.87334704404,407.7546135736,0.0,4000.66403427994,32.81985665267069,0.0,0.0
7384,1.0,39.020047639003,0.0,152.449880902493,152.805099572492,151.277048576767,0.0,4147.94041882243,60.9799523609972,0.0,0.0
7385,2.0,0.0,0.0,0.0,0.0,0.0,250.0,3891.26722587835,100.0,0.0,0.0
7386,2.0,0.0,0.0,0.0,0.0,0.0,250.0,3634.85070612722,100.0,0.0,0.0
7387,2.0,0.0,0.0,0.0,0.0,0.0,250.0,3378.69060289584,100.0,0.0,0.0
7388,2.0,0.0,0.0,0.0,0.0,0.0,250.0,3122.78665976769,100.0,0.0,0.0
7389,2.0,0.0,0.0,0.0,0.0,0.0,250.0,2867.13862058267,100.0,0.0,0.0
7390,2.0,0.0,0.0,0.0,0.0,0.0,250.0,2611.74622943684,100.0,0.0,0.0
7391,2.0,0.0,0.0,0.0,0.0,0.0,250.0,2356.60923068215,100.0,0.0,0.0
7392,0.5,0.0,0.0,0.0,0.0,0.0,0.0,2354.25262145147,0.0,0.0,0.0
7393,0.5,0.0,0.0,0.0,0.0,0.0,0.0,2351.89836883001,0.0,0.0,0.0
7394,0.5,0.0,0.0,0.0,0.0,0.0,0.0,2349.54647046118,0.0,0.0,0.0
7395,0.5,0.0,0.0,0.0,0.0,0.0,0.0,2347.19692399072,0.0,0.0,0.0
7396,0.5,0.0,0.0,0.0,0.0,0.0,0.0,2344.84972706673,0.0,0.0,0.0
7397,1.0,0.0,0.0,0.0,0.0,0.0,250.0,2089.97962481441,100.0,0.0,0.0
7398,1.0,0.0,0.0,0.0,0.0,0.0,250.0,1835.36439266434,100.0,0.0,0.0
7399,1.0,0.0,0.0,0.0,0.0,0.0,250.0,1581.00377574643,100.0,0.0,0.0
7400,1.0,11.2275735379466,0.0,0.0,0.0,0.0,221.931066155134,1355.24997787459,88.7724264620536,0.0,0.0
7401,1.0,42.5933186432826,0.0,143.516703391793,41.5412801155622,41.1258673144066,0.0,1395.02059521112,57.4066813567172,0.0,0.0
7402,1.0,65.9676150594437,0.0,85.0809623513907,404.319301946178,400.276108926716,0.0,1793.90168354262,34.03238494055628,0.0,0.0
7403,1.0,79.7687739084442,0.0,50.5780652288895,475.654201291963,470.897659279044,0.0,2263.00544113812,20.2312260915558,0.0,0.0
7404,1.0,88.4499842387782,0.0,28.8750394030546,526.957410405934,521.687836301875,0.0,2782.43027199886,11.550015761221841,0.0,0.0
7405,1.0,76.1009507147879,0.0,59.7476232130301,312.138063771661,309.016683133944,0.0,3088.66452486081,23.899049285212044,0.0,0.0
7406,1.0,82.0446526412391,0.0,44.8883683969022,476.611839769174,471.845721371482,0.0,3557.42158170743,17.955347358760882,0.0,0.0
7407,1.0,68.1108847152474,0.0,79.7227882118815,405.03817064632,400.987788939857,0.0,3954.85194906558,31.8891152847526,0.0,0.0
7408,1.0,40.7896747687811,0.0,148.025813078047,173.176328801159,171.444565513148,0.0,4122.34166262966,59.2103252312188,0.0,0.0
7409,2.0,0.0,0.0,0.0,0.0,0.0,250.0,3865.69406844178,100.0,0.0,0.0
7410,2.0,0.0,0.0,0.0,0.0,0.0,250.0,3609.30312184808,100.0,0.0,0.0
7411,2.0,0.0,0.0,0.0,0.0,0.0,250.0,3353.16856620098,100.0,0.0,0.0
7412,2.0,0.0,0.0,0.0,0.0,0.0,250.0,3097.29014510953,100.0,0.0,0.0
7413,2.0,0.0,0.0,0.0,0.0,0.0,250.0,2841.66760243917,100.0,0.0,0.0
7414,2.0,0.0,0.0,0.0,0.0,0.0,250.0,2586.30068231148,100.0,0.0,0.0
7415,2.0,0.0,0.0,0.0,0.0,0.0,250.0,2331.18912910391,100.0,0.0,0.0
7416,0.5,0.0,0.0,0.0,0.0,0.0,0.0,2328.85793997481,0.0,0.0,0.0
7417,0.5,0.0,0.0,0.0,0.0,0.0,0.0,2326.52908203483,0.0,0.0,0.0
7418,0.5,0.0,0.0,0.0,0.0,0.0,0.0,2324.2025529528,0.0,0.0,0.0
7419,0.5,0.0,0.0,0.0,0.0,0.0,0.0,2321.87835039984,0.0,0.0,0.0
7420,0.5,0.0,0.0,0.0,0.0,0.0,0.0,2319.55647204944,0.0,0.0,0.0
7421,1.0,0.0,0.0,0.0,0.0,0.0,236.749415314767,2078.09609202712,94.6997661259068,0.0,0.0
7422,1.0,0.0,0.0,0.0,0.0,0.0,0.0,2076.0179959351,0.0,0.0,0.0
7423,1.0,0.0,0.0,0.0,0.0,0.0,0.0,2073.94197793916,0.0,0.0,0.0
7424,1.0,11.2845630452562,0.0,0.0,0.0,0.0,0.0,2071.86803596122,0.0,0.0,0.0
7425,1.0,42.6604029979939,0.0,143.348992505015,22.010476546325,21.7903717808618,0.0,2091.58653970612,57.339597002006,0.0,0.0
7426,1.0,64.9674388619292,0.0,87.5814028451771,396.685518487313,392.71866330244,0.0,2482.21361646886,35.03256113807084,0.0,0.0
7427,1.0,79.4699233382362,0.0,51.3251916544094,489.281840268708,484.389021866021,0.0,2964.12042471841,20.53007666176376,0.0,0.0
7428,1.0,88.1154668937867,0.0,29.7113327655331,542.280674543868,536.85786779843,0.0,3498.01417209212,11.88453310621324,0.0,0.0
7429,1.0,88.9579931215778,0.0,27.6050171960554,547.771474166405,542.293759424741,0.0,4036.80991734477,11.04200687842216,0.0,0.0
7430,1.0,81.4076082194515,0.0,46.4809794513713,492.521630115647,487.596413814491,0.0,4520.36952124192,18.59239178054852,0.0,0.0
7431,1.0,63.7912154600542,0.0,90.5219613498646,344.09715907016,340.656187479458,0.0,4856.50533920013,36.20878453994584,0.0,0.0
7432,1.0,35.3323937234526,0.0,161.669015691369,91.7879995975861,90.8701196016102,0.0,4942.51895346254,64.6676062765476,0.0,0.0
7433,2.0,0.0,0.0,0.0,0.0,0.0,250.0,4685.05118198383,100.0,0.0,0.0
7434,2.0,0.0,0.0,0.0,0.0,0.0,250.0,4427.84087827659,100.0,0.0,0.0
7435,2.0,0.0,0.0,0.0,0.0,0.0,250.0,4170.88778487306,100.0,0.0,0.0
7436,2.0,0.0,0.0,0.0,0.0,0.0,250.0,3914.19164456293,100.0,0.0,0.0
7437,2.0,0.0,0.0,0.0,0.0,0.0,250.0,3657.75220039312,100.0,0.0,0.0
7438,2.0,0.0,0.0,0.0,0.0,0.0,250.0,3401.56919566747,100.0,0.0,0.0
7439,2.0,0.0,0.0,0.0,0.0,0.0,250.0,3145.64237394655,100.0,0.0,0.0
7440,0.5,0.0,0.0,0.0,0.0,0.0,0.0,3142.49673157261,0.0,0.0,0.0
7441,0.5,0.0,0.0,0.0,0.0,0.0,0.0,3139.35423484103,0.0,0.0,0.0
7442,0.5,0.0,0.0,0.0,0.0,0.0,0.0,3136.21488060619,0.0,0.0,0.0
7443,0.5,0.0,0.0,0.0,0.0,0.0,0.0,3133.07866572559,0.0,0.0,0.0
7444,0.5,0.0,0.0,0.0,0.0,0.0,0.0,3129.94558705986,0.0,0.0,0.0
7445,1.0,0.0,0.0,0.0,0.0,0.0,0.0,3126.8156414728,0.0,0.0,0.0
7446,1.0,0.0,0.0,0.0,0.0,0.0,0.0,3123.68882583133,0.0,0.0,0.0
7447,1.0,0.0,0.0,0.0,0.0,0.0,0.0,3120.5651370055,0.0,0.0,0.0
7448,1.0,5.45901235150717,0.0,0.0,0.0,0.0,0.0,3117.44457186849,0.0,0.0,0.0
7449,1.0,42.193677637163,0.0,0.0,179.290571058838,177.49766534825,0.0,3291.82479264487,0.0,0.0,0.0
7450,1.0,65.0244792499055,0.0,0.0,448.980711171794,444.490904060076,0.0,3733.0238719123,0.0,0.0,0.0
7451,1.0,76.9946837746494,0.0,0.0,447.864207205192,443.38556513314,0.0,4172.67641317353,0.0,0.0,0.0
7452,1.0,79.7629542631624,0.0,0.0,397.970769670778,393.99106197407,0.0,4562.49479873443,0.0,0.0,0.0
7453,1.0,87.1646120931523,0.0,0.0,497.798521073085,492.820535862354,0.0,5050.75283979805,0.0,0.0,0.0
7454,1.0,62.7968238116911,0.0,0.0,271.116341021709,268.405177611492,0.0,5314.10726456974,0.0,0.0,0.0
7455,1.0,43.4141738521847,0.0,0.0,193.138224944271,191.206842694828,0.0,5500.0,0.0,0.0,0.0
7456,1.0,16.6601696111778,0.0,0.0,0.0,0.0,0.0,5494.5,0.0,0.0,0.0
7457,2.0,0.0,0.0,0.0,0.0,0.0,250.0,5236.48024747475,100.0,0.0,0.0
7458,2.0,0.0,0.0,0.0,0.0,0.0,250.0,4978.71851470202,100.0,0.0,0.0
7459,2.0,0.0,0.0,0.0,0.0,0.0,250.0,4721.21454366206,100.0,0.0,0.0
7460,2.0,0.0,0.0,0.0,0.0,0.0,250.0,4463.96807659315,100.0,0.0,0.0
7461,2.0,0.0,0.0,0.0,0.0,0.0,250.0,4206.9788559913,100.0,0.0,0.0
7462,2.0,0.0,0.0,0.0,0.0,0.0,250.0,3950.24662461006,100.0,0.0,0.0
7463,2.0,0.0,0.0,0.0,0.0,0.0,250.0,3693.7711254602,100.0,0.0,0.0
7464,0.5,0.0,0.0,0.0,0.0,0.0,0.0,3690.07735433474,0.0,0.0,0.0
7465,0.5,0.0,0.0,0.0,0.0,0.0,0.0,3686.3872769804,0.0,0.0,0.0
7466,0.5,0.0,0.0,0.0,0.0,0.0,0.0,3682.70088970342,0.0,0.0,0.0
7467,0.5,0.0,0.0,0.0,0.0,0.0,0.0,3679.01818881372,0.0,0.0,0.0
7468,0.5,0.0,0.0,0.0,0.0,0.0,0.0,3675.33917062491,0.0,0.0,0.0
7469,1.0,0.0,0.0,0.0,0.0,0.0,0.0,3671.66383145428,0.0,0.0,0.0
7470,1.0,0.0,0.0,0.0,0.0,0.0,0.0,3667.99216762283,0.0,0.0,0.0
7471,1.0,0.0,0.0,0.0,0.0,0.0,0.0,3664.3241754552,0.0,0.0,0.0
7472,1.0,10.7952639995205,0.0,0.0,0.0,0.0,0.0,3660.65985127975,0.0,0.0,0.0
7473,1.0,42.6406200721837,0.0,0.0,168.519161271336,166.833969658622,0.0,3823.83316108709,0.0,0.0,0.0
7474,1.0,66.0998545476168,0.0,0.0,440.093359267407,435.692425674733,0.0,4255.70175360074,0.0,0.0,0.0
7475,1.0,29.1469630211211,0.0,0.0,0.0,0.0,0.0,4251.44605184714,0.0,0.0,0.0
7476,1.0,39.1025407537713,0.0,0.0,0.0,0.0,0.0,4247.19460579529,0.0,0.0,0.0
7477,1.0,9.00518593823859,0.0,0.0,0.0,0.0,0.0,4242.94741118949,0.0,0.0,0.0
7478,1.0,32.2857655150513,0.0,0.0,0.0,0.0,0.0,4238.7044637783,0.0,0.0,0.0
7479,1.0,4.2253980464094,0.0,0.0,0.0,0.0,0.0,4234.46575931453,0.0,0.0,0.0
7480,1.0,3.03670826572312,0.0,0.0,0.0,0.0,0.0,4230.23129355521,0.0,0.0,0.0
7481,2.0,0.0,0.0,0.0,0.0,0.0,250.0,3973.4758097364,100.0,0.0,0.0
7482,2.0,0.0,0.0,0.0,0.0,0.0,250.0,3716.97708140141,100.0,0.0,0.0
7483,2.0,0.0,0.0,0.0,0.0,0.0,250.0,3460.73485179476,100.0,0.0,0.0
7484,2.0,0.0,0.0,0.0,0.0,0.0,250.0,3204.74886441771,100.0,0.0,0.0
7485,2.0,0.0,0.0,0.0,0.0,0.0,250.0,2949.01886302804,100.0,0.0,0.0
7486,2.0,0.0,0.0,0.0,0.0,0.0,250.0,2693.54459163976,100.0,0.0,0.0
7487,2.0,0.0,0.0,0.0,0.0,0.0,250.0,2438.32579452287,100.0,0.0,0.0
7488,0.5,0.0,0.0,0.0,0.0,0.0,0.0,2435.88746872835,0.0,0.0,0.0
7489,0.5,0.0,0.0,0.0,0.0,0.0,0.0,2433.45158125962,0.0,0.0,0.0
7490,0.5,0.0,0.0,0.0,0.0,0.0,0.0,2431.01812967836,0.0,0.0,0.0
7491,0.5,0.0,0.0,0.0,0.0,0.0,0.0,2428.58711154868,0.0,0.0,0.0
7492,0.5,0.0,0.0,0.0,0.0,0.0,0.0,2426.15852443713,0.0,0.0,0.0
7493,1.0,0.0,0.0,0.0,0.0,0.0,0.0,2423.7323659127,0.0,0.0,0.0
7494,1.0,0.0,0.0,0.0,0.0,0.0,0.0,2421.30863354678,0.0,0.0,0.0
7495,1.0,0.0,0.0,0.0,0.0,0.0,0.0,2418.88732491324,0.0,0.0,0.0
7496,1.0,6.26825126046066,0.0,0.0,0.0,0.0,0.0,2416.46843758832,0.0,0.0,0.0
7497,1.0,9.92131086256991,0.0,0.0,0.0,0.0,0.0,2414.05196915073,0.0,0.0,0.0
7498,1.0,9.43145294352826,0.0,0.0,0.0,0.0,0.0,2411.63791718158,0.0,0.0,0.0
7499,1.0,19.5120861068417,0.0,0.0,0.0,0.0,0.0,2409.2262792644,0.0,0.0,0.0
7500,1.0,50.3319065820835,0.0,0.0,0.0,0.0,0.0,2406.81705298514,0.0,0.0,0.0
7501,1.0,99.3785473613112,0.0,0.0,523.287168417777,518.054296733599,0.0,2922.46453266575,0.0,0.0,0.0
7502,1.0,75.0459241803853,0.0,0.0,389.881578207384,385.982762425311,0.0,3305.5248305584,0.0,0.0,0.0
7503,1.0,56.8245179688142,0.0,0.0,313.052562612453,309.922036986328,0.0,3612.14134271417,0.0,0.0,0.0
7504,1.0,33.2277718552698,0.0,0.0,216.063206029254,213.902573968962,0.0,3822.43177534041,0.0,0.0,0.0
7505,2.0,0.0,0.0,0.0,0.0,0.0,250.0,3566.08409103982,100.0,0.0,0.0
7506,2.0,0.0,0.0,0.0,0.0,0.0,250.0,3309.99275442353,100.0,0.0,0.0
7507,2.0,0.0,0.0,0.0,0.0,0.0,250.0,3054.15750914385,100.0,0.0,0.0
7508,2.0,0.0,0.0,0.0,0.0,0.0,250.0,2798.57809910946,100.0,0.0,0.0
7509,2.0,0.0,0.0,0.0,0.0,0.0,250.0,2543.25426848509,100.0,0.0,0.0
7510,2.0,0.0,0.0,0.0,0.0,0.0,250.0,2288.18576169136,100.0,0.0,0.0
7511,2.0,0.0,0.0,0.0,0.0,0.0,250.0,2033.37232340441,100.0,0.0,0.0
7512,0.5,0.0,0.0,0.0,0.0,0.0,0.0,2031.33895108101,0.0,0.0,0.0
7513,0.5,0.0,0.0,0.0,0.0,0.0,0.0,2029.30761212993,0.0,0.0,0.0
7514,0.5,0.0,0.0,0.0,0.0,0.0,0.0,2027.2783045178,0.0,0.0,0.0
7515,0.5,0.0,0.0,0.0,0.0,0.0,0.0,2025.25102621328,0.0,0.0,0.0
7516,0.5,0.0,0.0,0.0,0.0,0.0,0.0,2023.22577518707,0.0,0.0,0.0
7517,1.0,0.0,0.0,0.0,0.0,0.0,0.0,2021.20254941188,0.0,0.0,0.0
7518,1.0,0.0,0.0,0.0,0.0,0.0,0.0,2019.18134686247,0.0,0.0,0.0
7519,1.0,0.0,0.0,0.0,0.0,0.0,0.0,2017.1621655156,0.0,0.0,0.0
7520,1.0,10.4940414074695,0.0,0.0,0.0,0.0,0.0,2015.14500335009,0.0,0.0,0.0
7521,1.0,12.5768208066156,0.0,0.0,0.0,0.0,0.0,2013.12985834674,0.0,0.0,0.0
7522,1.0,30.366645240555,0.0,0.0,0.0,0.0,0.0,2011.11672848839,0.0,0.0,0.0
7523,1.0,83.0862368485158,0.0,0.0,257.922808445364,255.34358036091,0.0,2264.44919212081,0.0,0.0,0.0
7524,1.0,0.0,0.0,0.0,0.0,0.0,0.0,2262.18474292869,0.0,0.0,0.0
7525,1.0,64.8353633960188,0.0,0.0,35.6693492086595,35.3126557165729,0.0,2295.23521390234,0.0,0.0,0.0
7526,1.0,86.1353931991969,0.0,0.0,544.84602299237,539.397562762446,0.0,2832.33754145088,0.0,0.0,0.0
7527,1.0,17.7514018792909,0.0,0.0,0.0,0.0,0.0,2829.50520390943,0.0,0.0,0.0
7528,1.0,34.4347231859858,0.0,0.0,52.3332543055618,51.8099217625062,0.0,2878.48562046803,0.0,0.0,0.0
7529,2.0,0.0,0.0,0.0,0.0,0.0,250.0,2623.08188232231,100.0,0.0,0.0
7530,2.0,0.0,0.0,0.0,0.0,0.0,250.0,2367.93354791473,100.0,0.0,0.0
7531,2.0,0.0,0.0,0.0,0.0,0.0,250.0,2113.04036184156,100.0,0.0,0.0
7532,2.0,0.0,0.0,0.0,0.0,0.0,250.0,1858.40206895447,100.0,0.0,0.0
7533,2.0,0.0,0.0,0.0,0.0,0.0,250.0,1604.01841436026,100.0,0.0,0.0
7534,2.0,0.0,0.0,0.0,0.0,0.0,250.0,1349.88914342065,100.0,0.0,0.0
7535,2.0,0.0,0.0,0.0,0.0,0.0,250.0,1096.01400175198,100.0,0.0,0.0
7536,0.5,0.0,0.0,0.0,0.0,0.0,0.0,1094.91798775023,0.0,0.0,0.0
7537,0.5,0.0,0.0,0.0,0.0,0.0,0.0,1093.82306976247,0.0,0.0,0.0
7538,0.5,0.0,0.0,0.0,0.0,0.0,0.0,1092.72924669271,0.0,0.0,0.0
7539,0.5,0.0,0.0,0.0,0.0,0.0,0.0,1091.63651744602,0.0,0.0,0.0
7540,0.5,0.0,0.0,0.0,0.0,0.0,0.0,1090.54488092857,0.0,0.0,0.0
7541,1.0,0.0,0.0,0.0,0.0,0.0,0.0,1089.45433604765,0.0,0.0,0.0
7542,1.0,0.0,0.0,0.0,0.0,0.0,0.0,1088.3648817116,0.0,0.0,0.0
7543,1.0,0.0,0.0,0.0,0.0,0.0,0.0,1087.27651682989,0.0,0.0,0.0
7544,1.0,10.1009112736138,0.0,0.0,0.0,0.0,0.0,1086.18924031306,0.0,0.0,0.0
7545,1.0,40.8447510694181,0.0,0.0,130.670692909027,129.363985979937,0.0,1214.46703705268,0.0,0.0,0.0
7546,1.0,35.8182235726642,0.0,0.0,0.0,0.0,0.0,1213.25257001563,0.0,0.0,0.0
7547,1.0,76.5218764309221,0.0,0.0,225.554073361514,223.298532627899,0.0,1435.33785007351,0.0,0.0,0.0
7548,1.0,90.7602386764603,0.0,0.0,572.236690706793,566.514323799725,0.0,2000.41683602316,0.0,0.0,0.0
7549,1.0,90.2649668913049,0.0,0.0,552.318055766904,546.794875209235,0.0,2545.21129439637,0.0,0.0,0.0
7550,1.0,83.9216030745895,0.0,0.0,545.306467274255,539.853402601513,0.0,3082.51948570349,0.0,0.0,0.0
7551,1.0,66.4023065938898,0.0,0.0,461.175711412053,456.563954297933,0.0,3536.00092051572,0.0,0.0,0.0
7552,1.0,36.1508050358037,0.0,0.0,267.832471072349,265.154146361625,0.0,3797.61906595683,0.0,0.0,0.0
7553,2.0,0.0,0.0,0.0,0.0,0.0,250.0,3541.29619436562,100.0,0.0,0.0
7554,2.0,0.0,0.0,0.0,0.0,0.0,250.0,3285.229645646,100.0,0.0,0.0
7555,2.0,0.0,0.0,0.0,0.0,0.0,250.0,3029.4191634751,100.0,0.0,0.0
7556,2.0,0.0,0.0,0.0,0.0,0.0,250.0,2773.86449178637,100.0,0.0,0.0
7557,2.0,0.0,0.0,0.0,0.0,0.0,250.0,2518.56537476934,100.0,0.0,0.0
7558,2.0,0.0,0.0,0.0,0.0,0.0,250.0,2263.52155686931,100.0,0.0,0.0
7559,2.0,0.0,0.0,0.0,0.0,0.0,250.0,2008.73278278719,100.0,0.0,0.0
7560,0.5,0.0,0.0,0.0,0.0,0.0,0.0,2006.7240500044,0.0,0.0,0.0
7561,0.5,0.0,0.0,0.0,0.0,0.0,0.0,2004.7173259544,0.0,0.0,0.0
7562,0.5,0.0,0.0,0.0,0.0,0.0,0.0,2002.71260862845,0.0,0.0,0.0
7563,0.5,0.0,0.0,0.0,0.0,0.0,0.0,2000.70989601982,0.0,0.0,0.0
7564,0.5,0.0,0.0,0.0,0.0,0.0,0.0,1998.7091861238,0.0,0.0,0.0
7565,1.0,0.0,0.0,0.0,0.0,0.0,0.0,1996.71047693767,0.0,0.0,0.0
7566,1.0,0.0,0.0,0.0,0.0,0.0,0.0,1994.71376646074,0.0,0.0,0.0
7567,1.0,0.0,0.0,0.0,0.0,0.0,0.0,1992.71905269428,0.0,0.0,0.0
7568,1.0,9.79955217493934,0.0,0.0,0.0,0.0,0.0,1990.72633364158,0.0,0.0,0.0
7569,1.0,39.7384064384007,0.0,0.0,159.661899245193,158.065280252741,0.0,2146.80088756068,0.0,0.0,0.0
7570,1.0,63.1409668549981,0.0,0.0,468.773344273915,464.085610831176,0.0,2608.7396975043,0.0,0.0,0.0
7571,1.0,73.5528672350963,0.0,0.0,455.161422756545,450.609808528979,0.0,3056.74076633577,0.0,0.0,0.0
7572,1.0,83.445146339652,0.0,0.0,523.822083300921,518.583862467912,0.0,3572.26788803735,0.0,0.0,0.0
7573,1.0,83.6269682353929,0.0,0.0,526.229425726033,520.967131468773,0.0,4089.66275161808,0.0,0.0,0.0
7574,1.0,76.55183004382,0.0,0.0,499.366795241238,494.373127288825,0.0,4579.94621615529,0.0,0.0,0.0
7575,1.0,63.4379849925227,0.0,0.0,460.456827339963,455.852259066563,0.0,5031.2185290057,0.0,0.0,0.0
7576,1.0,34.5987294500721,0.0,0.0,260.62639535208,258.020131398559,0.0,5284.20744187525,0.0,0.0,0.0
7577,2.0,0.0,0.0,0.0,0.0,0.0,250.0,5026.39798190812,100.0,0.0,0.0
7578,2.0,0.0,0.0,0.0,0.0,0.0,250.0,4768.84633140096,100.0,0.0,0.0
7579,2.0,0.0,0.0,0.0,0.0,0.0,250.0,4511.55223254431,100.0,0.0,0.0
7580,2.0,0.0,0.0,0.0,0.0,0.0,250.0,4254.51542778651,100.0,0.0,0.0
7581,2.0,0.0,0.0,0.0,0.0,0.0,250.0,3997.73565983347,100.0,0.0,0.0
7582,2.0,0.0,0.0,0.0,0.0,0.0,250.0,3741.21267164839,100.0,0.0,0.0
7583,2.0,0.0,0.0,0.0,0.0,0.0,250.0,3484.94620645149,100.0,0.0,0.0
7584,0.5,0.0,0.0,0.0,0.0,0.0,0.0,3481.46126024503,0.0,0.0,0.0
7585,0.5,0.0,0.0,0.0,0.0,0.0,0.0,3477.97979898479,0.0,0.0,0.0
7586,0.5,0.0,0.0,0.0,0.0,0.0,0.0,3474.5018191858,0.0,0.0,0.0
7587,0.5,0.0,0.0,0.0,0.0,0.0,0.0,3471.02731736662,0.0,0.0,0.0
7588,0.5,0.0,0.0,0.0,0.0,0.0,0.0,3467.55629004925,0.0,0.0,0.0
7589,1.0,0.0,0.0,0.0,0.0,0.0,0.0,3464.0887337592,0.0,0.0,0.0
7590,1.0,0.0,0.0,0.0,0.0,0.0,0.0,3460.62464502544,0.0,0.0,0.0
7591,1.0,0.0,0.0,0.0,0.0,0.0,0.0,3457.16402038042,0.0,0.0,0.0
7592,1.0,9.62548286165839,0.0,0.0,0.0,0.0,0.0,3453.70685636004,0.0,0.0,0.0
7593,1.0,31.6521696078376,0.0,0.0,0.0,0.0,0.0,3450.25314950368,0.0,0.0,0.0
7594,1.0,30.3383050765723,0.0,0.0,0.0,0.0,0.0,3446.80289635417,0.0,0.0,0.0
7595,1.0,21.4339942994084,0.0,0.0,0.0,0.0,0.0,3443.35609345782,0.0,0.0,0.0
7596,1.0,17.6832543000081,0.0,0.0,0.0,0.0,0.0,3439.91273736436,0.0,0.0,0.0
7597,1.0,22.4564301897734,0.0,0.0,0.0,0.0,0.0,3436.472824627,0.0,0.0,0.0
7598,1.0,17.9847587582804,0.0,0.0,0.0,0.0,0.0,3433.03635180237,0.0,0.0,0.0
7599,1.0,20.841446362286,0.0,0.0,0.0,0.0,0.0,3429.60331545057,0.0,0.0,0.0
7600,1.0,15.2614097658705,0.0,0.0,0.0,0.0,0.0,3426.17371213512,0.0,0.0,0.0
7601,2.0,0.0,0.0,0.0,0.0,0.0,250.0,3170.22228589773,100.0,0.0,0.0
7602,2.0,0.0,0.0,0.0,0.0,0.0,250.0,2914.52681108658,100.0,0.0,0.0
7603,2.0,0.0,0.0,0.0,0.0,0.0,250.0,2659.08703175024,100.0,0.0,0.0
7604,2.0,0.0,0.0,0.0,0.0,0.0,250.0,2403.90269219324,100.0,0.0,0.0
7605,2.0,0.0,0.0,0.0,0.0,0.0,250.0,2148.97353697579,100.0,0.0,0.0
7606,2.0,0.0,0.0,0.0,0.0,0.0,250.0,1894.29931091356,100.0,0.0,0.0
7607,2.0,0.0,0.0,0.0,0.0,0.0,250.0,1639.8797590774,100.0,0.0,0.0
7608,0.5,0.0,0.0,0.0,0.0,0.0,0.0,1638.23987931832,0.0,0.0,0.0
7609,0.5,0.0,0.0,0.0,0.0,0.0,0.0,1636.601639439,0.0,0.0,0.0
7610,0.5,0.0,0.0,0.0,0.0,0.0,0.0,1634.96503779956,0.0,0.0,0.0
7611,0.5,0.0,0.0,0.0,0.0,0.0,0.0,1633.33007276176,0.0,0.0,0.0
7612,0.5,0.0,0.0,0.0,0.0,0.0,0.0,1631.696742689,0.0,0.0,0.0
7613,1.0,0.0,0.0,0.0,0.0,0.0,0.0,1630.06504594631,0.0,0.0,0.0
7614,1.0,0.0,0.0,0.0,0.0,0.0,0.0,1628.43498090037,0.0,0.0,0.0
7615,1.0,0.0,0.0,0.0,0.0,0.0,0.0,1626.80654591947,0.0,0.0,0.0
7616,1.0,9.48198491249305,0.0,0.0,0.0,0.0,0.0,1625.17973937355,0.0,0.0,0.0
7617,1.0,21.5724674944656,0.0,0.0,0.0,0.0,0.0,1623.55455963417,0.0,0.0,0.0
7618,1.0,26.1315983027397,0.0,0.0,0.0,0.0,0.0,1621.93100507454,0.0,0.0,0.0
7619,1.0,42.5414793500371,0.0,0.0,0.0,0.0,0.0,1620.30907406946,0.0,0.0,0.0
7620,1.0,7.51462773550405,0.0,0.0,0.0,0.0,0.0,1618.68876499539,0.0,0.0,0.0
7621,1.0,25.271056423176,0.0,0.0,0.0,0.0,0.0,1617.0700762304,0.0,0.0,0.0
7622,1.0,24.3294657914767,0.0,0.0,0.0,0.0,0.0,1615.45300615417,0.0,0.0,0.0
7623,1.0,9.31218253157692,0.0,0.0,0.0,0.0,0.0,1613.83755314801,0.0,0.0,0.0
7624,1.0,29.4810872051482,0.0,0.0,7.87519296587112,7.79644103621241,0.0,1620.02015663108,0.0,0.0,0.0
7625,2.0,0.0,0.0,0.0,0.0,0.0,250.0,1365.8748839492,100.0,0.0,0.0
7626,2.0,0.0,0.0,0.0,0.0,0.0,250.0,1111.98375653999,100.0,0.0,0.0
7627,2.0,0.0,0.0,0.0,0.0,0.0,250.0,858.346520258201,100.0,0.0,0.0
7628,2.0,0.0,0.0,0.0,0.0,0.0,250.0,604.962921212691,100.0,0.0,0.0
7629,2.0,0.0,0.0,0.0,0.0,0.0,250.0,351.832705766225,100.0,0.0,0.0
7630,2.0,0.0,0.0,0.0,0.0,0.0,250.0,98.9556205352065,100.0,0.0,0.0
7631,2.0,0.0,0.0,0.0,0.0,0.0,97.8680982655246,0.0,39.14723930620984,0.0,0.0
7632,0.5,0.0,0.0,0.0,0.0,0.0,0.0,0.0,0.0,0.0,0.0
7633,0.5,0.0,0.0,0.0,0.0,0.0,0.0,0.0,0.0,0.0,0.0
7634,0.5,0.0,0.0,0.0,0.0,0.0,0.0,0.0,0.0,0.0,0.0
7635,0.5,0.0,0.0,0.0,0.0,0.0,0.0,0.0,0.0,0.0,0.0
7636,0.5,0.0,0.0,0.0,0.0,0.0,0.0,0.0,0.0,0.0,0.0
7637,1.0,0.0,0.0,0.0,0.0,0.0,0.0,0.0,0.0,0.0,0.0
7638,1.0,0.0,0.0,0.0,0.0,0.0,0.0,0.0,0.0,0.0,0.0
7639,1.0,0.0,0.0,0.0,0.0,0.0,0.0,0.0,0.0,0.0,0.0
7640,1.0,9.3974052794456,0.0,0.0,0.0,0.0,0.0,0.0,0.0,0.0,0.0
7641,1.0,42.3791890466943,0.0,144.052027383264,41.5499513071614,41.1344517940898,0.0,41.1344517940898,57.62081095330561,0.0,0.0
7642,1.0,70.4195510425525,0.0,73.9511223936188,486.768788928448,481.901101039163,0.0,522.994418381459,29.580448957447523,0.0,0.0
7643,1.0,87.4138263944932,0.0,31.4654340137669,598.95117416346,592.961662421825,0.0,1115.4330863849,12.58617360550676,0.0,0.0
7644,1.0,98.0392159971176,0.0,4.90196000720612,675.568954105467,668.813264564413,0.0,1783.13091786293,1.9607840028824481,0.0,0.0
7645,1.0,95.4226959407428,0.0,11.4432601481431,602.36902798343,596.345337703595,0.0,2377.69312464866,4.57730405925724,0.0,0.0
7646,1.0,87.0782453155493,0.0,32.3043867111268,539.83190789968,534.433588820684,0.0,2909.7490203447,12.921754684450722,0.0,0.0
7647,1.0,71.0374156441913,0.0,22.6321670945469,483.19989511702,478.36789616585,0.0,3385.2071674902,9.05286683781876,0.0,0.0
7648,1.0,39.3505899054665,0.0,0.0,303.462269348849,300.42764665536,0.0,3682.24960697807,0.0,0.0,0.0
7649,2.0,0.0,0.0,0.0,0.0,0.0,250.0,3426.04210484584,100.0,0.0,0.0
7650,2.0,0.0,0.0,0.0,0.0,0.0,250.0,3170.09081021574,100.0,0.0,0.0
7651,2.0,0.0,0.0,0.0,0.0,0.0,250.0,2914.39546688028,100.0,0.0,0.0
7652,2.0,0.0,0.0,0.0,0.0,0.0,250.0,2658.95581888814,100.0,0.0,0.0
7653,2.0,0.0,0.0,0.0,0.0,0.0,250.0,2403.771610544,100.0,0.0,0.0
7654,2.0,0.0,0.0,0.0,0.0,0.0,250.0,2148.84258640821,100.0,0.0,0.0
7655,2.0,0.0,0.0,0.0,0.0,0.0,250.0,1894.16849129654,100.0,0.0,0.0
7656,0.5,0.0,0.0,0.0,0.0,0.0,0.0,1892.27432280525,0.0,0.0,0.0
7657,0.5,0.0,0.0,0.0,0.0,0.0,0.0,1890.38204848244,0.0,0.0,0.0
7658,0.5,0.0,0.0,0.0,0.0,0.0,0.0,1888.49166643396,0.0,0.0,0.0
7659,0.5,0.0,0.0,0.0,0.0,0.0,0.0,1886.60317476753,0.0,0.0,0.0
7660,0.5,0.0,0.0,0.0,0.0,0.0,0.0,1884.71657159276,0.0,0.0,0.0
7661,1.0,0.0,0.0,0.0,0.0,0.0,0.0,1882.83185502117,0.0,0.0,0.0
7662,1.0,0.0,0.0,0.0,0.0,0.0,0.0,1880.94902316614,0.0,0.0,0.0
7663,1.0,0.0,0.0,0.0,0.0,0.0,0.0,1879.06807414298,0.0,0.0,0.0
7664,1.0,9.21195295678294,0.0,0.0,0.0,0.0,0.0,1877.18900606884,0.0,0.0,0.0
7665,1.0,39.631575060314,0.0,0.0,160.968296319573,159.358613356377,0.0,2034.67043041914,0.0,0.0,0.0
7666,1.0,64.2652942959643,0.0,0.0,488.79341815118,483.905483969668,0.0,2516.54124395839,0.0,0.0,0.0
7667,1.0,81.1804933821688,0.0,0.0,587.353476930319,581.479942161016,0.0,3095.50464487545,0.0,0.0,0.0
7668,1.0,88.5242671762359,0.0,0.0,582.398250406217,576.574267902155,0.0,3668.98340813273,0.0,0.0,0.0
7669,1.0,88.6601827800064,0.0,0.0,574.974261496377,569.224518881413,0.0,4234.53894360601,0.0,0.0,0.0
7670,1.0,79.0024130397543,0.0,0.0,505.683125092525,500.6262938416,0.0,4730.930698504,0.0,0.0,0.0
7671,1.0,64.4814032739725,0.0,0.0,452.723883775808,448.19664493805,0.0,5174.39641274355,0.0,0.0,0.0
7672,1.0,40.8328808726458,0.0,0.0,334.119175423428,330.777983669194,0.0,5500.0,0.0,0.0,0.0
7673,2.0,0.0,0.0,0.0,0.0,0.0,250.0,5241.97474747475,100.0,0.0,0.0
7674,2.0,0.0,0.0,0.0,0.0,0.0,250.0,4984.20752020202,100.0,0.0,0.0
7675,2.0,0.0,0.0,0.0,0.0,0.0,250.0,4726.69806015656,100.0,0.0,0.0
7676,2.0,0.0,0.0,0.0,0.0,0.0,250.0,4469.44610957116,100.0,0.0,0.0
7677,2.0,0.0,0.0,0.0,0.0,0.0,250.0,4212.45141093633,100.0,0.0,0.0
7678,2.0,0.0,0.0,0.0,0.0,0.0,250.0,3955.71370700014,100.0,0.0,0.0
7679,2.0,0.0,0.0,0.0,0.0,0.0,250.0,3699.23274076789,100.0,0.0,0.0
7680,0.5,0.0,0.0,0.0,0.0,0.0,0.0,3695.53350802712,0.0,0.0,0.0
7681,0.5,0.0,0.0,0.0,0.0,0.0,0.0,3691.8379745191,0.0,0.0,0.0
7682,0.5,0.0,0.0,0.0,0.0,0.0,0.0,3688.14613654458,0.0,0.0,0.0
7683,0.5,0.0,0.0,0.0,0.0,0.0,0.0,3684.45799040803,0.0,0.0,0.0
7684,0.5,0.0,0.0,0.0,0.0,0.0,0.0,3680.77353241762,0.0,0.0,0.0
7685,1.0,0.0,0.0,0.0,0.0,0.0,0.0,3677.09275888521,0.0,0.0,0.0
7686,1.0,0.0,0.0,0.0,0.0,0.0,0.0,3673.41566612632,0.0,0.0,0.0
7687,1.0,0.0,0.0,0.0,0.0,0.0,0.0,3669.74225046019,0.0,0.0,0.0
7688,1.0,8.19237500439415,0.0,0.0,0.0,0.0,0.0,3666.07250820973,0.0,0.0,0.0
7689,1.0,17.3997011949495,0.0,0.0,0.0,0.0,0.0,3662.40643570152,0.0,0.0,0.0
7690,1.0,25.7016678314453,0.0,0.0,0.0,0.0,0.0,3658.74402926582,0.0,0.0,0.0
7691,1.0,24.4424493081961,0.0,0.0,0.0,0.0,0.0,3655.08528523656,0.0,0.0,0.0
7692,1.0,21.9896719920989,0.0,0.0,0.0,0.0,0.0,3651.43019995132,0.0,0.0,0.0
7693,1.0,8.96175426455126,0.0,0.0,0.0,0.0,0.0,3647.77876975137,0.0,0.0,0.0
7694,1.0,7.47534718173712,0.0,0.0,0.0,0.0,0.0,3644.13099098162,0.0,0.0,0.0
7695,1.0,11.6978729527872,0.0,0.0,0.0,0.0,0.0,3640.48685999064,0.0,0.0,0.0
7696,1.0,4.81276716318437,0.0,0.0,0.0,0.0,0.0,3636.84637313065,0.0,0.0,0.0
7697,2.0,0.0,0.0,0.0,0.0,0.0,250.0,3380.68427423226,100.0,0.0,0.0
7698,2.0,0.0,0.0,0.0,0.0,0.0,250.0,3124.77833743278,100.0,0.0,0.0
7699,2.0,0.0,0.0,0.0,0.0,0.0,250.0,2869.12830657009,100.0,0.0,0.0
7700,2.0,0.0,0.0,0.0,0.0,0.0,250.0,2613.73392573827,100.0,0.0,0.0
7701,2.0,0.0,0.0,0.0,0.0,0.0,250.0,2358.59493928728,100.0,0.0,0.0
7702,2.0,0.0,0.0,0.0,0.0,0.0,250.0,2103.71109182274,100.0,0.0,0.0
7703,2.0,0.0,0.0,0.0,0.0,0.0,250.0,1849.08212820566,100.0,0.0,0.0
7704,0.5,0.0,0.0,0.0,0.0,0.0,0.0,1847.23304607746,0.0,0.0,0.0
7705,0.5,0.0,0.0,0.0,0.0,0.0,0.0,1845.38581303138,0.0,0.0,0.0
7706,0.5,0.0,0.0,0.0,0.0,0.0,0.0,1843.54042721835,0.0,0.0,0.0
7707,0.5,0.0,0.0,0.0,0.0,0.0,0.0,1841.69688679113,0.0,0.0,0.0
7708,0.5,0.0,0.0,0.0,0.0,0.0,0.0,1839.85518990434,0.0,0.0,0.0
7709,1.0,0.0,0.0,0.0,0.0,0.0,0.0,1838.01533471443,0.0,0.0,0.0
7710,1.0,0.0,0.0,0.0,0.0,0.0,0.0,1836.17731937972,0.0,0.0,0.0
7711,1.0,0.0,0.0,0.0,0.0,0.0,0.0,1834.34114206034,0.0,0.0,0.0
7712,1.0,4.08826947431382,0.0,0.0,0.0,0.0,0.0,1832.50680091828,0.0,0.0,0.0
7713,1.0,40.2148177652672,0.0,0.0,169.738921044639,168.041531834193,0.0,1998.71582595155,0.0,0.0,0.0
7714,1.0,65.7927462724837,0.0,0.0,496.678070713099,491.711290005968,0.0,2488.42840013157,0.0,0.0,0.0
7715,1.0,82.9967000489662,0.0,0.0,586.491542384949,580.6266269611,0.0,3066.56659869254,0.0,0.0,0.0
7716,1.0,83.1308328488587,0.0,0.0,473.140950399638,468.409540895641,0.0,3531.90957298949,0.0,0.0,0.0
7717,1.0,66.6820363340923,0.0,0.0,276.521399087014,273.756185096144,0.0,3802.13384851264,0.0,0.0,0.0
7718,1.0,84.9084436261324,0.0,0.0,570.067272089895,564.366599368996,0.0,4362.69831403312,0.0,0.0,0.0
7719,1.0,0.0,0.0,0.0,0.0,0.0,0.0,4358.33561571909,0.0,0.0,0.0
7720,1.0,32.4242415539704,0.0,0.0,46.6573525333922,46.1907790080583,0.0,4400.16805911143,0.0,0.0,0.0
7721,2.0,0.0,0.0,0.0,0.0,0.0,250.0,4143.24263852707,100.0,0.0,0.0
7722,2.0,0.0,0.0,0.0,0.0,0.0,250.0,3886.57414336329,100.0,0.0,0.0
7723,2.0,0.0,0.0,0.0,0.0,0.0,250.0,3630.16231669467,100.0,0.0,0.0
7724,2.0,0.0,0.0,0.0,0.0,0.0,250.0,3374.00690185272,100.0,0.0,0.0
7725,2.0,0.0,0.0,0.0,0.0,0.0,250.0,3118.10764242562,100.0,0.0,0.0
7726,2.0,0.0,0.0,0.0,0.0,0.0,250.0,2862.46428225794,100.0,0.0,0.0
7727,2.0,0.0,0.0,0.0,0.0,0.0,250.0,2607.07656545043,100.0,0.0,0.0
7728,0.5,0.0,0.0,0.0,0.0,0.0,0.0,2604.46948888498,0.0,0.0,0.0
7729,0.5,0.0,0.0,0.0,0.0,0.0,0.0,2601.86501939609,0.0,0.0,0.0
7730,0.5,0.0,0.0,0.0,0.0,0.0,0.0,2599.2631543767,0.0,0.0,0.0
7731,0.5,0.0,0.0,0.0,0.0,0.0,0.0,2596.66389122232,0.0,0.0,0.0
7732,0.5,0.0,0.0,0.0,0.0,0.0,0.0,2594.0672273311,0.0,0.0,0.0
7733,1.0,0.0,0.0,0.0,0.0,0.0,0.0,2591.47316010377,0.0,0.0,0.0
7734,1.0,0.0,0.0,0.0,0.0,0.0,0.0,2588.88168694367,0.0,0.0,0.0
7735,1.0,0.0,0.0,0.0,0.0,0.0,0.0,2586.29280525672,0.0,0.0,0.0
7736,1.0,0.0,0.0,0.0,0.0,0.0,0.0,2583.70651245146,0.0,0.0,0.0
7737,1.0,20.8331487752822,0.0,0.0,0.0,0.0,0.0,2581.12280593901,0.0,0.0,0.0
7738,1.0,51.0229504965341,0.0,0.0,29.2218626794111,28.929644052617,0.0,2607.47132718569,0.0,0.0,0.0
7739,1.0,61.9396454071192,0.0,0.0,255.598699440598,253.042712446192,0.0,2857.9065683047,0.0,0.0,0.0
7740,1.0,73.350027279462,0.0,0.0,346.7188187026,343.251630515574,0.0,3198.30029225197,0.0,0.0,0.0
7741,1.0,93.1646604392392,0.0,0.0,627.215086326648,620.942935463381,0.0,3816.0449274231,0.0,0.0,0.0
7742,1.0,85.9148845388839,0.0,0.0,590.526696303319,584.621429340286,0.0,4396.85031183596,0.0,0.0,0.0
7743,1.0,51.5666866987473,0.0,0.0,293.783994613787,290.846154667649,0.0,4683.29961619177,0.0,0.0,0.0
7744,1.0,13.4615216257515,0.0,0.0,0.0,0.0,0.0,4678.61631657558,0.0,0.0,0.0
7745,2.0,0.0,0.0,0.0,0.0,0.0,250.0,4421.41244773375,100.0,0.0,0.0
7746,2.0,0.0,0.0,0.0,0.0,0.0,250.0,4164.46578276077,100.0,0.0,0.0
7747,2.0,0.0,0.0,0.0,0.0,0.0,250.0,3907.77606445275,100.0,0.0,0.0
7748,2.0,0.0,0.0,0.0,0.0,0.0,250.0,3651.34303586305,100.0,0.0,0.0
7749,2.0,0.0,0.0,0.0,0.0,0.0,250.0,3395.16644030193,100.0,0.0,0.0
7750,2.0,0.0,0.0,0.0,0.0,0.0,250.0,3139.24602133638,100.0,0.0,0.0
7751,2.0,0.0,0.0,0.0,0.0,0.0,250.0,2883.58152278979,100.0,0.0,0.0
7752,0.5,0.0,0.0,0.0,0.0,0.0,0.0,2880.697941267,0.0,0.0,0.0
7753,0.5,0.0,0.0,0.0,0.0,0.0,0.0,2877.81724332573,0.0,0.0,0.0
7754,0.5,0.0,0.0,0.0,0.0,0.0,0.0,2874.9394260824,0.0,0.0,0.0
7755,0.5,0.0,0.0,0.0,0.0,0.0,0.0,2872.06448665632,0.0,0.0,0.0
7756,0.5,0.0,0.0,0.0,0.0,0.0,0.0,2869.19242216966,0.0,0.0,0.0
7757,1.0,0.0,0.0,0.0,0.0,0.0,0.0,2866.3232297475,0.0,0.0,0.0
7758,1.0,0.0,0.0,0.0,0.0,0.0,0.0,2863.45690651775,0.0,0.0,0.0
7759,1.0,0.0,0.0,0.0,0.0,0.0,0.0,2860.59344961123,0.0,0.0,0.0
7760,1.0,0.0,0.0,0.0,0.0,0.0,0.0,2857.73285616162,0.0,0.0,0.0
7761,1.0,10.7196695753356,0.0,0.0,0.0,0.0,0.0,2854.87512330546,0.0,0.0,0.0
7762,1.0,6.845900718518,0.0,0.0,0.0,0.0,0.0,2852.02024818215,0.0,0.0,0.0
7763,1.0,9.8518871280042,0.0,0.0,0.0,0.0,0.0,2849.16822793397,0.0,0.0,0.0
7764,1.0,4.81732293573859,0.0,0.0,0.0,0.0,0.0,2846.31905970603,0.0,0.0,0.0
7765,1.0,4.35360595479069,0.0,0.0,0.0,0.0,0.0,2843.47274064633,0.0,0.0,0.0
7766,1.0,4.35528605589401,0.0,0.0,0.0,0.0,0.0,2840.62926790568,0.0,0.0,0.0
7767,1.0,15.1092137920672,0.0,0.0,0.0,0.0,0.0,2837.78863863778,0.0,0.0,0.0
7768,1.0,19.7605487121894,0.0,0.0,0.0,0.0,0.0,2834.95084999914,0.0,0.0,0.0
7769,2.0,0.0,0.0,0.0,0.0,0.0,250.0,2579.59064662389,100.0,0.0,0.0
7770,2.0,0.0,0.0,0.0,0.0,0.0,250.0,2324.48580345201,100.0,0.0,0.0
7771,2.0,0.0,0.0,0.0,0.0,0.0,250.0,2069.63606512331,100.0,0.0,0.0
7772,2.0,0.0,0.0,0.0,0.0,0.0,250.0,1815.04117653293,100.0,0.0,0.0
7773,2.0,0.0,0.0,0.0,0.0,0.0,250.0,1560.70088283115,100.0,0.0,0.0
7774,2.0,0.0,0.0,0.0,0.0,0.0,250.0,1306.61492942306,100.0,0.0,0.0
7775,2.0,0.0,0.0,0.0,0.0,0.0,250.0,1052.78306196839,100.0,0.0,0.0
7776,0.5,0.0,0.0,0.0,0.0,0.0,0.0,1051.73027890642,0.0,0.0,0.0
7777,0.5,0.0,0.0,0.0,0.0,0.0,0.0,1050.67854862751,0.0,0.0,0.0
7778,0.5,0.0,0.0,0.0,0.0,0.0,0.0,1049.62787007888,0.0,0.0,0.0
7779,0.5,0.0,0.0,0.0,0.0,0.0,0.0,1048.5782422088,0.0,0.0,0.0
7780,0.5,0.0,0.0,0.0,0.0,0.0,0.0,1047.5296639666,0.0,0.0,0.0
7781,1.0,0.0,0.0,0.0,0.0,0.0,0.0,1046.48213430263,0.0,0.0,0.0
7782,1.0,0.0,0.0,0.0,0.0,0.0,0.0,1045.43565216833,0.0,0.0,0.0
7783,1.0,0.0,0.0,0.0,0.0,0.0,0.0,1044.39021651616,0.0,0.0,0.0
7784,1.0,0.0,0.0,0.0,0.0,0.0,0.0,1043.34582629964,0.0,0.0,0.0
7785,1.0,31.7847879196871,0.0,0.0,0.0,0.0,0.0,1042.30248047334,0.0,0.0,0.0
7786,1.0,24.5915492425007,0.0,0.0,0.0,0.0,0.0,1041.26017799287,0.0,0.0,0.0
7787,1.0,17.3878153915274,0.0,0.0,0.0,0.0,0.0,1040.21891781488,0.0,0.0,0.0
7788,1.0,22.7293644052179,0.0,0.0,0.0,0.0,0.0,1039.17869889706,0.0,0.0,0.0
7789,1.0,8.21924168903242,0.0,0.0,0.0,0.0,0.0,1038.13952019816,0.0,0.0,0.0
7790,1.0,7.54027831478865,0.0,0.0,0.0,0.0,0.0,1037.10138067797,0.0,0.0,0.0
7791,1.0,12.872009293466,0.0,0.0,0.0,0.0,0.0,1036.06427929729,0.0,0.0,0.0
7792,1.0,18.5229999877676,0.0,0.0,0.0,0.0,0.0,1035.02821501799,0.0,0.0,0.0
7793,2.0,0.0,0.0,0.0,0.0,0.0,250.0,781.46793427772,100.0,0.0,0.0
7794,2.0,0.0,0.0,0.0,0.0,0.0,250.0,528.16121381819,100.0,0.0,0.0
7795,2.0,0.0,0.0,0.0,0.0,0.0,250.0,275.107800079119,100.0,0.0,0.0
7796,2.0,0.0,0.0,0.0,0.0,0.0,250.0,22.3074397537878,100.0,0.0,0.0
7797,2.0,0.0,0.0,0.0,0.0,0.0,22.0622809908936,0.0,8.82491239635744,0.0,0.0
7798,2.0,0.0,0.0,0.0,0.0,0.0,0.0,0.0,0.0,0.0,0.0
7799,2.0,0.0,0.0,0.0,0.0,0.0,0.0,0.0,0.0,0.0,0.0
7800,0.5,0.0,0.0,0.0,0.0,0.0,0.0,0.0,0.0,0.0,0.0
7801,0.5,0.0,0.0,0.0,0.0,0.0,0.0,0.0,0.0,0.0,0.0
7802,0.5,0.0,0.0,0.0,0.0,0.0,0.0,0.0,0.0,0.0,0.0
7803,0.5,0.0,0.0,0.0,0.0,0.0,0.0,0.0,0.0,0.0,0.0
7804,0.5,0.0,0.0,0.0,0.0,0.0,0.0,0.0,0.0,0.0,0.0
7805,1.0,0.0,0.0,0.0,0.0,0.0,0.0,0.0,0.0,0.0,0.0
7806,1.0,0.0,0.0,0.0,0.0,0.0,0.0,0.0,0.0,0.0,0.0
7807,1.0,0.0,0.0,0.0,0.0,0.0,0.0,0.0,0.0,0.0,0.0
7808,1.0,0.0,0.0,0.0,0.0,0.0,0.0,0.0,0.0,0.0,0.0
7809,1.0,30.171926671566,0.0,0.0,0.0,0.0,0.0,0.0,0.0,0.0,0.0
7810,1.0,39.5401987553551,0.0,0.0,0.0,0.0,0.0,0.0,0.0,0.0,0.0
7811,1.0,29.5753833928931,0.0,0.0,0.0,0.0,0.0,0.0,0.0,0.0,0.0
7812,1.0,25.1711878118008,0.0,0.0,0.0,0.0,0.0,0.0,0.0,0.0,0.0
7813,1.0,9.97374620652578,0.0,0.0,0.0,0.0,0.0,0.0,0.0,0.0,0.0
7814,1.0,8.80559415541256,0.0,0.0,0.0,0.0,0.0,0.0,0.0,0.0,0.0
7815,1.0,17.6130616731763,0.0,0.0,0.0,0.0,0.0,0.0,0.0,0.0,0.0
7816,1.0,14.7158465984266,0.0,0.0,0.0,0.0,0.0,0.0,0.0,0.0,0.0
7817,2.0,0.0,0.0,0.0,0.0,0.0,0.0,0.0,0.0,0.0,0.0
7818,2.0,0.0,0.0,0.0,0.0,0.0,0.0,0.0,0.0,0.0,0.0
7819,2.0,0.0,0.0,0.0,0.0,0.0,0.0,0.0,0.0,0.0,0.0
7820,2.0,0.0,0.0,0.0,0.0,0.0,0.0,0.0,0.0,0.0,0.0
7821,2.0,0.0,0.0,0.0,0.0,0.0,0.0,0.0,0.0,0.0,0.0
7822,2.0,0.0,0.0,0.0,0.0,0.0,0.0,0.0,0.0,0.0,0.0
7823,2.0,0.0,0.0,0.0,0.0,0.0,0.0,0.0,0.0,0.0,0.0
7824,0.5,0.0,0.0,0.0,0.0,0.0,0.0,0.0,0.0,0.0,0.0
7825,0.5,0.0,0.0,0.0,0.0,0.0,0.0,0.0,0.0,0.0,0.0
7826,0.5,0.0,0.0,0.0,0.0,0.0,0.0,0.0,0.0,0.0,0.0
7827,0.5,0.0,0.0,0.0,0.0,0.0,0.0,0.0,0.0,0.0,0.0
7828,0.5,0.0,0.0,0.0,0.0,0.0,0.0,0.0,0.0,0.0,0.0
7829,1.0,0.0,0.0,0.0,0.0,0.0,0.0,0.0,0.0,0.0,0.0
7830,1.0,0.0,0.0,0.0,0.0,0.0,0.0,0.0,0.0,0.0,0.0
7831,1.0,0.0,0.0,0.0,0.0,0.0,0.0,0.0,0.0,0.0,0.0
7832,1.0,0.0,0.0,0.0,0.0,0.0,0.0,0.0,0.0,0.0,0.0
7833,1.0,32.8354572448399,0.0,0.0,0.0,0.0,0.0,0.0,0.0,0.0,0.0
7834,1.0,64.2379604079567,0.0,0.0,406.50607591277,402.441015153642,0.0,402.441015153642,0.0,0.0,0.0
7835,1.0,81.0944040772307,0.0,0.0,578.809048857438,573.020958368863,0.0,975.059532507352,0.0,0.0,0.0
7836,1.0,53.2721188483402,0.0,0.0,0.0,0.0,0.0,974.084472974845,0.0,0.0,0.0
7837,1.0,48.7951969450118,0.0,0.0,0.0,0.0,0.0,973.11038850187,0.0,0.0,0.0
7838,1.0,13.9562123862156,0.0,0.0,0.0,0.0,0.0,972.137278113368,0.0,0.0,0.0
7839,1.0,47.8130779097228,0.0,0.0,75.4477964628863,74.6933184982574,0.0,1045.85845933351,0.0,0.0,0.0
7840,1.0,35.2205561135158,0.0,0.0,271.630862376432,268.914553752668,0.0,1313.72715462685,0.0,0.0,0.0
7841,2.0,0.0,0.0,0.0,0.0,0.0,250.0,1059.88817494697,100.0,0.0,0.0
7842,2.0,0.0,0.0,0.0,0.0,0.0,250.0,806.303034246767,100.0,0.0,0.0
7843,2.0,0.0,0.0,0.0,0.0,0.0,250.0,552.971478687268,100.0,0.0,0.0
7844,2.0,0.0,0.0,0.0,0.0,0.0,250.0,299.893254683328,100.0,0.0,0.0
7845,2.0,0.0,0.0,0.0,0.0,0.0,250.0,47.0681089033924,100.0,0.0,0.0
7846,2.0,0.0,0.0,0.0,0.0,0.0,46.5508303865442,0.0,18.62033215461768,0.0,0.0
7847,2.0,0.0,0.0,0.0,0.0,0.0,0.0,0.0,0.0,0.0,0.0
7848,0.5,0.0,0.0,0.0,0.0,0.0,0.0,0.0,0.0,0.0,0.0
7849,0.5,0.0,0.0,0.0,0.0,0.0,0.0,0.0,0.0,0.0,0.0
7850,0.5,0.0,0.0,0.0,0.0,0.0,0.0,0.0,0.0,0.0,0.0
7851,0.5,0.0,0.0,0.0,0.0,0.0,0.0,0.0,0.0,0.0,0.0
7852,0.5,0.0,0.0,0.0,0.0,0.0,0.0,0.0,0.0,0.0,0.0
7853,1.0,0.0,0.0,0.0,0.0,0.0,0.0,0.0,0.0,0.0,0.0
7854,1.0,0.0,0.0,0.0,0.0,0.0,0.0,0.0,0.0,0.0,0.0
7855,1.0,0.0,0.0,0.0,0.0,0.0,0.0,0.0,0.0,0.0,0.0
7856,1.0,0.0,0.0,0.0,0.0,0.0,0.0,0.0,0.0,0.0,0.0
7857,1.0,14.8841474396765,0.0,0.0,0.0,0.0,0.0,0.0,0.0,0.0,0.0
7858,1.0,21.5286310463925,0.0,0.0,0.0,0.0,0.0,0.0,0.0,0.0,0.0
7859,1.0,32.6528591460565,0.0,0.0,0.0,0.0,0.0,0.0,0.0,0.0,0.0
7860,1.0,21.8200319426621,0.0,0.0,0.0,0.0,0.0,0.0,0.0,0.0,0.0
7861,1.0,18.2072202974279,0.0,0.0,0.0,0.0,0.0,0.0,0.0,0.0,0.0
7862,1.0,11.076244712634,0.0,0.0,0.0,0.0,0.0,0.0,0.0,0.0,0.0
7863,1.0,4.13983494001848,0.0,0.0,0.0,0.0,0.0,0.0,0.0,0.0,0.0
7864,1.0,16.2026495721383,0.0,0.0,0.0,0.0,0.0,0.0,0.0,0.0,0.0
7865,2.0,0.0,0.0,0.0,0.0,0.0,0.0,0.0,0.0,0.0,0.0
7866,2.0,0.0,0.0,0.0,0.0,0.0,0.0,0.0,0.0,0.0,0.0
7867,2.0,0.0,0.0,0.0,0.0,0.0,0.0,0.0,0.0,0.0,0.0
7868,2.0,0.0,0.0,0.0,0.0,0.0,0.0,0.0,0.0,0.0,0.0
7869,2.0,0.0,0.0,0.0,0.0,0.0,0.0,0.0,0.0,0.0,0.0
7870,2.0,0.0,0.0,0.0,0.0,0.0,0.0,0.0,0.0,0.0,0.0
7871,2.0,0.0,0.0,0.0,0.0,0.0,0.0,0.0,0.0,0.0,0.0
7872,0.5,0.0,0.0,0.0,0.0,0.0,0.0,0.0,0.0,0.0,0.0
7873,0.5,0.0,0.0,0.0,0.0,0.0,0.0,0.0,0.0,0.0,0.0
7874,0.5,0.0,0.0,0.0,0.0,0.0,0.0,0.0,0.0,0.0,0.0
7875,0.5,0.0,0.0,0.0,0.0,0.0,0.0,0.0,0.0,0.0,0.0
7876,0.5,0.0,0.0,0.0,0.0,0.0,0.0,0.0,0.0,0.0,0.0
7877,1.0,0.0,0.0,0.0,0.0,0.0,0.0,0.0,0.0,0.0,0.0
7878,1.0,0.0,0.0,0.0,0.0,0.0,0.0,0.0,0.0,0.0,0.0
7879,1.0,0.0,0.0,0.0,0.0,0.0,0.0,0.0,0.0,0.0,0.0
7880,1.0,0.0,0.0,0.0,0.0,0.0,0.0,0.0,0.0,0.0,0.0
7881,1.0,24.8678061940325,0.0,0.0,0.0,0.0,0.0,0.0,0.0,0.0,0.0
7882,1.0,51.6320259127684,0.0,0.0,90.4832701155195,89.5784374143643,0.0,89.5784374143643,0.0,0.0,0.0
7883,1.0,53.7185313136079,0.0,0.0,182.727975368766,180.900695615079,0.0,270.389554592029,0.0,0.0,0.0
7884,1.0,35.7953224323968,0.0,0.0,0.0,0.0,0.0,270.119165037436,0.0,0.0,0.0
7885,1.0,43.6588079899518,0.0,0.0,0.0,0.0,0.0,269.849045872399,0.0,0.0,0.0
7886,1.0,42.5181833765092,0.0,0.0,0.0,0.0,0.0,269.579196826527,0.0,0.0,0.0
7887,1.0,35.5247567372816,0.0,0.0,0.0,0.0,0.0,269.3096176297,0.0,0.0,0.0
7888,1.0,20.6588759408016,0.0,0.0,0.0,0.0,0.0,269.04030801207,0.0,0.0,0.0
7889,2.0,0.0,0.0,0.0,0.0,0.0,250.0,16.2460151788058,100.0,0.0,0.0
7890,2.0,0.0,0.0,0.0,0.0,0.0,16.0674714719907,0.0,6.426988588796281,0.0,0.0
7891,2.0,0.0,0.0,0.0,0.0,0.0,0.0,0.0,0.0,0.0,0.0
7892,2.0,0.0,0.0,0.0,0.0,0.0,0.0,0.0,0.0,0.0,0.0
7893,2.0,0.0,0.0,0.0,0.0,0.0,0.0,0.0,0.0,0.0,0.0
7894,2.0,0.0,0.0,0.0,0.0,0.0,0.0,0.0,0.0,0.0,0.0
7895,2.0,0.0,0.0,0.0,0.0,0.0,0.0,0.0,0.0,0.0,0.0
7896,0.5,0.0,0.0,0.0,0.0,0.0,0.0,0.0,0.0,0.0,0.0
7897,0.5,0.0,0.0,0.0,0.0,0.0,0.0,0.0,0.0,0.0,0.0
7898,0.5,0.0,0.0,0.0,0.0,0.0,0.0,0.0,0.0,0.0,0.0
7899,0.5,0.0,0.0,0.0,0.0,0.0,0.0,0.0,0.0,0.0,0.0
7900,0.5,0.0,0.0,0.0,0.0,0.0,0.0,0.0,0.0,0.0,0.0
7901,1.0,0.0,0.0,0.0,0.0,0.0,0.0,0.0,0.0,0.0,0.0
7902,1.0,0.0,0.0,0.0,0.0,0.0,0.0,0.0,0.0,0.0,0.0
7903,1.0,0.0,0.0,0.0,0.0,0.0,0.0,0.0,0.0,0.0,0.0
7904,1.0,0.0,0.0,0.0,0.0,0.0,0.0,0.0,0.0,0.0,0.0
7905,1.0,26.1233050266738,0.0,0.0,0.0,0.0,0.0,0.0,0.0,0.0,0.0
7906,1.0,33.0333242431768,0.0,0.0,0.0,0.0,0.0,0.0,0.0,0.0,0.0
7907,1.0,46.7662485774022,0.0,0.0,0.0,0.0,0.0,0.0,0.0,0.0,0.0
7908,1.0,28.1080738761667,0.0,0.0,0.0,0.0,0.0,0.0,0.0,0.0,0.0
7909,1.0,20.0387216147007,0.0,0.0,0.0,0.0,0.0,0.0,0.0,0.0,0.0
7910,1.0,16.2086812767218,0.0,0.0,0.0,0.0,0.0,0.0,0.0,0.0,0.0
7911,1.0,24.3925025804405,0.0,0.0,0.0,0.0,0.0,0.0,0.0,0.0,0.0
7912,1.0,18.0597944020043,0.0,0.0,0.0,0.0,0.0,0.0,0.0,0.0,0.0
7913,2.0,0.0,0.0,0.0,0.0,0.0,0.0,0.0,0.0,0.0,0.0
7914,2.0,0.0,0.0,0.0,0.0,0.0,0.0,0.0,0.0,0.0,0.0
7915,2.0,0.0,0.0,0.0,0.0,0.0,0.0,0.0,0.0,0.0,0.0
7916,2.0,0.0,0.0,0.0,0.0,0.0,0.0,0.0,0.0,0.0,0.0
7917,2.0,0.0,0.0,0.0,0.0,0.0,0.0,0.0,0.0,0.0,0.0
7918,2.0,0.0,0.0,0.0,0.0,0.0,0.0,0.0,0.0,0.0,0.0
7919,2.0,0.0,0.0,0.0,0.0,0.0,0.0,0.0,0.0,0.0,0.0
7920,0.5,0.0,0.0,0.0,0.0,0.0,0.0,0.0,0.0,0.0,0.0
7921,0.5,0.0,0.0,0.0,0.0,0.0,0.0,0.0,0.0,0.0,0.0
7922,0.5,0.0,0.0,0.0,0.0,0.0,0.0,0.0,0.0,0.0,0.0
7923,0.5,0.0,0.0,0.0,0.0,0.0,0.0,0.0,0.0,0.0,0.0
7924,0.5,0.0,0.0,0.0,0.0,0.0,0.0,0.0,0.0,0.0,0.0
7925,1.0,0.0,0.0,0.0,0.0,0.0,0.0,0.0,0.0,0.0,0.0
7926,1.0,0.0,0.0,0.0,0.0,0.0,0.0,0.0,0.0,0.0,0.0
7927,1.0,0.0,0.0,0.0,0.0,0.0,0.0,0.0,0.0,0.0,0.0
7928,1.0,0.0,0.0,0.0,0.0,0.0,0.0,0.0,0.0,0.0,0.0
7929,1.0,17.049857386108,0.0,0.0,0.0,0.0,0.0,0.0,0.0,0.0,0.0
7930,1.0,7.03949278883393,0.0,0.0,0.0,0.0,0.0,0.0,0.0,0.0,0.0
7931,1.0,8.65221749093413,0.0,0.0,0.0,0.0,0.0,0.0,0.0,0.0,0.0
7932,1.0,46.109051327109,0.0,0.0,0.0,0.0,0.0,0.0,0.0,0.0,0.0
7933,1.0,15.5358934131848,0.0,0.0,0.0,0.0,0.0,0.0,0.0,0.0,0.0
7934,1.0,18.295563002634,0.0,0.0,0.0,0.0,0.0,0.0,0.0,0.0,0.0
7935,1.0,11.3334918079194,0.0,0.0,0.0,0.0,0.0,0.0,0.0,0.0,0.0
7936,1.0,4.98579950630227,0.0,0.0,0.0,0.0,0.0,0.0,0.0,0.0,0.0
7937,2.0,0.0,0.0,0.0,0.0,0.0,0.0,0.0,0.0,0.0,0.0
7938,2.0,0.0,0.0,0.0,0.0,0.0,0.0,0.0,0.0,0.0,0.0
7939,2.0,0.0,0.0,0.0,0.0,0.0,0.0,0.0,0.0,0.0,0.0
7940,2.0,0.0,0.0,0.0,0.0,0.0,0.0,0.0,0.0,0.0,0.0
7941,2.0,0.0,0.0,0.0,0.0,0.0,0.0,0.0,0.0,0.0,0.0
7942,2.0,0.0,0.0,0.0,0.0,0.0,0.0,0.0,0.0,0.0,0.0
7943,2.0,0.0,0.0,0.0,0.0,0.0,0.0,0.0,0.0,0.0,0.0
7944,0.5,0.0,0.0,0.0,0.0,0.0,0.0,0.0,0.0,0.0,0.0
7945,0.5,0.0,0.0,0.0,0.0,0.0,0.0,0.0,0.0,0.0,0.0
7946,0.5,0.0,0.0,0.0,0.0,0.0,0.0,0.0,0.0,0.0,0.0
7947,0.5,0.0,0.0,0.0,0.0,0.0,0.0,0.0,0.0,0.0,0.0
7948,0.5,0.0,0.0,0.0,0.0,0.0,0.0,0.0,0.0,0.0,0.0
7949,1.0,0.0,0.0,0.0,0.0,0.0,0.0,0.0,0.0,0.0,0.0
7950,1.0,0.0,0.0,0.0,0.0,0.0,0.0,0.0,0.0,0.0,0.0
7951,1.0,0.0,0.0,0.0,0.0,0.0,0.0,0.0,0.0,0.0,0.0
7952,1.0,0.0,0.0,0.0,0.0,0.0,0.0,0.0,0.0,0.0,0.0
7953,1.0,32.1867956824962,0.0,0.0,0.0,0.0,0.0,0.0,0.0,0.0,0.0
7954,1.0,51.8120772938948,0.0,0.0,60.8506273013512,60.2421210283377,0.0,60.2421210283377,0.0,0.0,0.0
7955,1.0,65.1486444944214,0.0,0.0,308.989464241214,305.899569598801,0.0,366.081448506111,0.0,0.0,0.0
7956,1.0,93.3560523642727,0.0,0.0,639.68147566804,633.28466091136,0.0,999.000027968965,0.0,0.0,0.0
7957,1.0,95.7441637042844,0.0,0.0,645.522378082483,639.067154301658,0.0,1637.06818224265,0.0,0.0,0.0
7958,1.0,85.6793725017568,0.0,0.0,571.909054375294,566.189963831541,0.0,2201.62107789195,0.0,0.0,0.0
7959,1.0,64.5651734807309,0.0,0.0,443.636058432419,439.199697848094,0.0,2638.61915466215,0.0,0.0,0.0
7960,1.0,35.5499824705725,0.0,0.0,268.629890623221,265.943591716988,0.0,2901.92412722448,0.0,0.0,0.0
7961,2.0,0.0,0.0,0.0,0.0,0.0,250.0,2646.496950572,100.0,0.0,0.0
7962,2.0,0.0,0.0,0.0,0.0,0.0,250.0,2391.32520109618,100.0,0.0,0.0
7963,2.0,0.0,0.0,0.0,0.0,0.0,250.0,2136.40862336983,100.0,0.0,0.0
7964,2.0,0.0,0.0,0.0,0.0,0.0,250.0,1881.74696222121,100.0,0.0,0.0
7965,2.0,0.0,0.0,0.0,0.0,0.0,250.0,1627.33996273373,100.0,0.0,0.0
7966,2.0,0.0,0.0,0.0,0.0,0.0,250.0,1373.18737024575,100.0,0.0,0.0
7967,2.0,0.0,0.0,0.0,0.0,0.0,250.0,1119.28893035025,100.0,0.0,0.0
7968,0.5,0.0,0.0,0.0,0.0,0.0,0.0,1118.1696414199,0.0,0.0,0.0
7969,0.5,0.0,0.0,0.0,0.0,0.0,0.0,1117.05147177848,0.0,0.0,0.0
7970,0.5,0.0,0.0,0.0,0.0,0.0,0.0,1115.9344203067,0.0,0.0,0.0
7971,0.5,0.0,0.0,0.0,0.0,0.0,0.0,1114.81848588639,0.0,0.0,0.0
7972,0.5,0.0,0.0,0.0,0.0,0.0,0.0,1113.70366740051,0.0,0.0,0.0
7973,1.0,0.0,0.0,0.0,0.0,0.0,0.0,1112.58996373311,0.0,0.0,0.0
7974,1.0,0.0,0.0,0.0,0.0,0.0,0.0,1111.47737376937,0.0,0.0,0.0
7975,1.0,0.0,0.0,0.0,0.0,0.0,0.0,1110.3658963956,0.0,0.0,0.0
7976,1.0,0.0,0.0,0.0,0.0,0.0,0.0,1109.25553049921,0.0,0.0,0.0
7977,1.0,22.9982618188289,0.0,0.0,0.0,0.0,0.0,1108.14627496871,0.0,0.0,0.0
7978,1.0,9.37584565355152,0.0,0.0,0.0,0.0,0.0,1107.03812869374,0.0,0.0,0.0
7979,1.0,14.7285329420441,0.0,0.0,0.0,0.0,0.0,1105.93109056505,0.0,0.0,0.0
7980,1.0,13.1571435952278,0.0,0.0,0.0,0.0,0.0,1104.82515947448,0.0,0.0,0.0
7981,1.0,6.62128071011387,0.0,0.0,0.0,0.0,0.0,1103.72033431501,0.0,0.0,0.0
7982,1.0,7.47323467491566,0.0,0.0,0.0,0.0,0.0,1102.61661398069,0.0,0.0,0.0
7983,1.0,16.4301073766728,0.0,0.0,0.0,0.0,0.0,1101.51399736671,0.0,0.0,0.0
7984,1.0,11.2674416517668,0.0,0.0,0.0,0.0,0.0,1100.41248336934,0.0,0.0,0.0
7985,2.0,0.0,0.0,0.0,0.0,0.0,250.0,846.786818360723,100.0,0.0,0.0
7986,2.0,0.0,0.0,0.0,0.0,0.0,250.0,593.41477901711,100.0,0.0,0.0
7987,2.0,0.0,0.0,0.0,0.0,0.0,250.0,340.29611171284,100.0,0.0,0.0
7988,2.0,0.0,0.0,0.0,0.0,0.0,250.0,87.4305630758747,100.0,0.0,0.0
7989,2.0,0.0,0.0,0.0,0.0,0.0,86.4697011876709,0.0,34.58788047506837,0.0,0.0
7990,2.0,0.0,0.0,0.0,0.0,0.0,0.0,0.0,0.0,0.0,0.0
7991,2.0,0.0,0.0,0.0,0.0,0.0,0.0,0.0,0.0,0.0,0.0
7992,0.5,0.0,0.0,0.0,0.0,0.0,0.0,0.0,0.0,0.0,0.0
7993,0.5,0.0,0.0,0.0,0.0,0.0,0.0,0.0,0.0,0.0,0.0
7994,0.5,0.0,0.0,0.0,0.0,0.0,0.0,0.0,0.0,0.0,0.0
7995,0.5,0.0,0.0,0.0,0.0,0.0,0.0,0.0,0.0,0.0,0.0
7996,0.5,0.0,0.0,0.0,0.0,0.0,0.0,0.0,0.0,0.0,0.0
7997,1.0,0.0,0.0,0.0,0.0,0.0,0.0,0.0,0.0,0.0,0.0
7998,1.0,0.0,0.0,0.0,0.0,0.0,0.0,0.0,0.0,0.0,0.0
7999,1.0,0.0,0.0,0.0,0.0,0.0,0.0,0.0,0.0,0.0,0.0
8000,1.0,0.0,0.0,0.0,0.0,0.0,0.0,0.0,0.0,0.0,0.0
8001,1.0,31.534090736093,0.0,0.0,0.0,0.0,0.0,0.0,0.0,0.0,0.0
8002,1.0,56.3512877965056,0.0,0.0,175.15930177641,173.407708758646,0.0,173.407708758646,0.0,0.0,0.0
8003,1.0,73.739726752475,0.0,0.0,458.527763843109,453.942486204678,0.0,627.176787254565,0.0,0.0,0.0
8004,1.0,76.4558380032386,0.0,0.0,399.906946916677,395.90787744751,0.0,1022.45748791482,0.0,0.0,0.0
8005,1.0,50.5012434208937,0.0,0.0,0.0,0.0,0.0,1021.43503042691,0.0,0.0,0.0
8006,1.0,0.0,0.0,0.0,0.0,0.0,0.0,1020.41359539648,0.0,0.0,0.0
8007,1.0,16.0028350258084,0.0,0.0,0.0,0.0,0.0,1019.39318180108,0.0,0.0,0.0
8008,1.0,8.66454069545089,0.0,0.0,0.0,0.0,0.0,1018.37378861928,0.0,0.0,0.0
8009,2.0,0.0,0.0,0.0,0.0,0.0,250.0,764.830162305409,100.0,0.0,0.0
8010,2.0,0.0,0.0,0.0,0.0,0.0,250.0,511.540079617851,100.0,0.0,0.0
8011,2.0,0.0,0.0,0.0,0.0,0.0,250.0,258.503287012981,100.0,0.0,0.0
8012,2.0,0.0,0.0,0.0,0.0,0.0,250.0,5.71953120071555,100.0,0.0,0.0
8013,2.0,0.0,0.0,0.0,0.0,0.0,5.65667355281969,0.0,2.262669421127876,0.0,0.0
8014,2.0,0.0,0.0,0.0,0.0,0.0,0.0,0.0,0.0,0.0,0.0
8015,2.0,0.0,0.0,0.0,0.0,0.0,0.0,0.0,0.0,0.0,0.0
8016,0.5,0.0,0.0,0.0,0.0,0.0,0.0,0.0,0.0,0.0,0.0
8017,0.5,0.0,0.0,0.0,0.0,0.0,0.0,0.0,0.0,0.0,0.0
8018,0.5,0.0,0.0,0.0,0.0,0.0,0.0,0.0,0.0,0.0,0.0
8019,0.5,0.0,0.0,0.0,0.0,0.0,0.0,0.0,0.0,0.0,0.0
8020,0.5,0.0,0.0,0.0,0.0,0.0,0.0,0.0,0.0,0.0,0.0
8021,1.0,0.0,0.0,0.0,0.0,0.0,0.0,0.0,0.0,0.0,0.0
8022,1.0,0.0,0.0,0.0,0.0,0.0,0.0,0.0,0.0,0.0,0.0
8023,1.0,0.0,0.0,0.0,0.0,0.0,0.0,0.0,0.0,0.0,0.0
8024,1.0,0.0,0.0,0.0,0.0,0.0,0.0,0.0,0.0,0.0,0.0
8025,1.0,33.0332891311303,0.0,0.0,0.0,0.0,0.0,0.0,0.0,0.0,0.0
8026,1.0,62.2233176596628,0.0,67.0431705411524,184.714260550831,182.867117945322,0.0,182.867117945322,26.817268216460963,0.0,0.0
8027,1.0,80.5685893819396,0.0,0.0,600.097239478866,594.096267084077,0.0,776.780517911454,0.0,0.0,0.0
8028,1.0,88.9253342764589,0.0,0.0,608.939081394244,602.849690580301,0.0,1378.85342797384,0.0,0.0,0.0
8029,1.0,76.0425972808017,0.0,0.0,406.69609906753,402.629138076855,0.0,1780.10371262272,0.0,0.0,0.0
8030,1.0,45.3166546640992,0.0,0.0,0.0,0.0,0.0,1778.3236089101,0.0,0.0,0.0
8031,1.0,35.4879625112537,0.0,0.0,0.0,0.0,0.0,1776.54528530119,0.0,0.0,0.0
8032,1.0,22.7231894103201,0.0,0.0,0.0,0.0,0.0,1774.76874001589,0.0,0.0,0.0
8033,2.0,0.0,0.0,0.0,0.0,0.0,250.0,1520.46871875062,100.0,0.0,0.0
8034,2.0,0.0,0.0,0.0,0.0,0.0,250.0,1266.42299750662,100.0,0.0,0.0
8035,2.0,0.0,0.0,0.0,0.0,0.0,250.0,1012.63132198386,100.0,0.0,0.0
8036,2.0,0.0,0.0,0.0,0.0,0.0,250.0,759.093438136623,100.0,0.0,0.0
8037,2.0,0.0,0.0,0.0,0.0,0.0,250.0,505.809092173234,100.0,0.0,0.0
8038,2.0,0.0,0.0,0.0,0.0,0.0,250.0,252.778030555808,100.0,0.0,0.0
8039,2.0,0.0,0.0,0.0,0.0,0.0,250.0,0.0,100.0,0.0,0.0
8040,0.5,0.0,0.0,0.0,0.0,0.0,0.0,0.0,0.0,0.0,0.0
8041,0.5,0.0,0.0,0.0,0.0,0.0,0.0,0.0,0.0,0.0,0.0
8042,0.5,0.0,0.0,0.0,0.0,0.0,0.0,0.0,0.0,0.0,0.0
8043,0.5,0.0,0.0,0.0,0.0,0.0,0.0,0.0,0.0,0.0,0.0
8044,0.5,0.0,0.0,0.0,0.0,0.0,0.0,0.0,0.0,0.0,0.0
8045,1.0,0.0,0.0,0.0,0.0,0.0,0.0,0.0,0.0,0.0,0.0
8046,1.0,0.0,0.0,0.0,0.0,0.0,0.0,0.0,0.0,0.0,0.0
8047,1.0,0.0,0.0,0.0,0.0,0.0,0.0,0.0,0.0,0.0,0.0
8048,1.0,0.0,0.0,0.0,0.0,0.0,0.0,0.0,0.0,0.0,0.0
8049,1.0,32.6095555888276,0.0,0.0,0.0,0.0,0.0,0.0,0.0,0.0,0.0
8050,1.0,28.1299271589483,0.0,0.0,0.0,0.0,0.0,0.0,0.0,0.0,0.0
8051,1.0,80.8949955391217,0.0,47.7625111521957,243.611701160814,241.175584149206,0.0,241.175584149206,19.10500446087828,0.0,0.0
8052,1.0,90.7582917257043,0.0,23.1042706857393,584.616662163959,578.77049554232,0.0,819.704904107376,9.241708274295721,0.0,0.0
8053,1.0,87.6691018333929,0.0,30.8272454165178,513.424646988395,508.290400518511,0.0,1327.17559972178,12.33089816660712,0.0,0.0
8054,1.0,76.3170995040401,0.0,59.2072512398997,401.506022227144,397.490962004872,0.0,1723.33938612693,23.68290049595988,0.0,0.0
8055,1.0,67.0437548133356,0.0,82.3906129666609,402.953384195551,398.923850353595,0.0,2120.5398970944,32.95624518666436,0.0,0.0
8056,1.0,36.4786613547286,0.0,21.1429441252972,265.52105034904,262.865839845549,0.0,2381.28519704285,8.45717765011888,0.0,0.0
8057,2.0,0.0,0.0,0.0,0.0,0.0,250.0,2126.37865932056,100.0,0.0,0.0
8058,2.0,0.0,0.0,0.0,0.0,0.0,250.0,1871.72702813599,100.0,0.0,0.0
8059,2.0,0.0,0.0,0.0,0.0,0.0,250.0,1617.3300485826,100.0,0.0,0.0
8060,2.0,0.0,0.0,0.0,0.0,0.0,250.0,1363.18746600876,100.0,0.0,0.0
8061,2.0,0.0,0.0,0.0,0.0,0.0,250.0,1109.2990260175,100.0,0.0,0.0
8062,2.0,0.0,0.0,0.0,0.0,0.0,250.0,855.664474466231,100.0,0.0,0.0
8063,2.0,0.0,0.0,0.0,0.0,0.0,250.0,602.283557466512,100.0,0.0,0.0
8064,0.5,0.0,0.0,0.0,0.0,0.0,0.0,601.681273909045,0.0,0.0,0.0
8065,0.5,0.0,0.0,0.0,0.0,0.0,0.0,601.079592635136,0.0,0.0,0.0
8066,0.5,0.0,0.0,0.0,0.0,0.0,0.0,600.478513042501,0.0,0.0,0.0
8067,0.5,0.0,0.0,0.0,0.0,0.0,0.0,599.878034529459,0.0,0.0,0.0
8068,0.5,0.0,0.0,0.0,0.0,0.0,0.0,599.278156494929,0.0,0.0,0.0
8069,1.0,0.0,0.0,0.0,0.0,0.0,0.0,598.678878338434,0.0,0.0,0.0
8070,1.0,0.0,0.0,0.0,0.0,0.0,0.0,598.080199460096,0.0,0.0,0.0
8071,1.0,0.0,0.0,0.0,0.0,0.0,0.0,597.482119260636,0.0,0.0,0.0
8072,1.0,0.0,0.0,0.0,0.0,0.0,0.0,596.884637141375,0.0,0.0,0.0
8073,1.0,31.1596129293494,0.0,0.0,0.0,0.0,0.0,596.287752504234,0.0,0.0,0.0
8074,1.0,62.0328907776648,0.0,0.0,257.446474684615,254.872009937769,0.0,850.563474689499,0.0,0.0,0.0
8075,1.0,80.4768132774515,0.0,0.0,632.472814348241,626.148086204759,0.0,1475.86099741957,0.0,0.0,0.0
8076,1.0,90.1859845497509,0.0,0.0,663.319266147509,656.686073486034,0.0,2131.07120990818,0.0,0.0,0.0
8077,1.0,89.9385843954265,0.0,0.0,632.764001094642,626.436361083695,0.0,2755.37649978197,0.0,0.0,0.0
8078,1.0,84.1754613293289,0.0,0.0,605.788936425905,599.731047061646,0.0,3352.35217034383,0.0,0.0,0.0
8079,1.0,65.2361123008038,0.0,0.0,483.504197642871,478.669155666442,0.0,3827.66897383993,0.0,0.0,0.0
8080,1.0,31.0026607537535,0.0,0.0,230.905977364886,228.596917591237,0.0,4052.43822245733,0.0,0.0,0.0
8081,2.0,0.0,0.0,0.0,0.0,0.0,250.0,3795.86053170962,100.0,0.0,0.0
8082,2.0,0.0,0.0,0.0,0.0,0.0,250.0,3539.53941865266,100.0,0.0,0.0
8083,2.0,0.0,0.0,0.0,0.0,0.0,250.0,3283.47462670875,100.0,0.0,0.0
8084,2.0,0.0,0.0,0.0,0.0,0.0,250.0,3027.66589955679,100.0,0.0,0.0
8085,2.0,0.0,0.0,0.0,0.0,0.0,250.0,2772.11298113198,100.0,0.0,0.0
8086,2.0,0.0,0.0,0.0,0.0,0.0,250.0,2516.8156156256,100.0,0.0,0.0
8087,2.0,0.0,0.0,0.0,0.0,0.0,250.0,2261.77354748472,100.0,0.0,0.0
8088,0.5,0.0,0.0,0.0,0.0,0.0,0.0,2259.51177393723,0.0,0.0,0.0
8089,0.5,0.0,0.0,0.0,0.0,0.0,0.0,2257.2522621633,0.0,0.0,0.0
8090,0.5,0.0,0.0,0.0,0.0,0.0,0.0,2254.99500990113,0.0,0.0,0.0
8091,0.5,0.0,0.0,0.0,0.0,0.0,0.0,2252.74001489123,0.0,0.0,0.0
8092,0.5,0.0,0.0,0.0,0.0,0.0,0.0,2250.48727487634,0.0,0.0,0.0
8093,1.0,0.0,0.0,0.0,0.0,0.0,0.0,2248.23678760147,0.0,0.0,0.0
8094,1.0,0.0,0.0,0.0,0.0,0.0,0.0,2245.98855081386,0.0,0.0,0.0
8095,1.0,0.0,0.0,0.0,0.0,0.0,0.0,2243.74256226305,0.0,0.0,0.0
8096,1.0,0.0,0.0,0.0,0.0,0.0,0.0,2241.49881970079,0.0,0.0,0.0
8097,1.0,25.8205425284439,0.0,0.0,0.0,0.0,0.0,2239.25732088109,0.0,0.0,0.0
8098,1.0,60.0911272506364,0.0,0.0,227.821023409393,225.542813175299,0.0,2462.5608767355,0.0,0.0,0.0
8099,1.0,61.3469237187113,0.0,0.0,281.724850606053,278.907602099992,0.0,2739.00591795876,0.0,0.0,0.0
8100,1.0,84.8856086248685,0.0,0.0,540.22844004394,534.8261556435,0.0,3271.0930676843,0.0,0.0,0.0
8101,1.0,71.163336603679,0.0,0.0,346.995539132512,343.525583741187,0.0,3611.3475583578,0.0,0.0,0.0
8102,1.0,26.0515371940466,0.0,0.0,0.0,0.0,0.0,3607.73621079945,0.0,0.0,0.0
8103,1.0,30.0999375625758,0.0,0.0,0.0,0.0,0.0,3604.12847458865,0.0,0.0,0.0
8104,1.0,1.94414696502578,0.0,0.0,0.0,0.0,0.0,3600.52434611406,0.0,0.0,0.0
8105,2.0,0.0,0.0,0.0,0.0,0.0,250.0,3344.39856924269,100.0,0.0,0.0
8106,2.0,0.0,0.0,0.0,0.0,0.0,250.0,3088.5289181482,100.0,0.0,0.0
8107,2.0,0.0,0.0,0.0,0.0,0.0,250.0,2832.9151367048,100.0,0.0,0.0
8108,2.0,0.0,0.0,0.0,0.0,0.0,250.0,2577.55696904284,100.0,0.0,0.0
8109,2.0,0.0,0.0,0.0,0.0,0.0,250.0,2322.45415954854,100.0,0.0,0.0
8110,2.0,0.0,0.0,0.0,0.0,0.0,250.0,2067.60645286374,100.0,0.0,0.0
8111,2.0,0.0,0.0,0.0,0.0,0.0,250.0,1813.01359388562,100.0,0.0,0.0
8112,0.5,0.0,0.0,0.0,0.0,0.0,0.0,1811.20058029174,0.0,0.0,0.0
8113,0.5,0.0,0.0,0.0,0.0,0.0,0.0,1809.38937971145,0.0,0.0,0.0
8114,0.5,0.0,0.0,0.0,0.0,0.0,0.0,1807.57999033174,0.0,0.0,0.0
8115,0.5,0.0,0.0,0.0,0.0,0.0,0.0,1805.7724103414,0.0,0.0,0.0
8116,0.5,0.0,0.0,0.0,0.0,0.0,0.0,1803.96663793106,0.0,0.0,0.0
8117,1.0,0.0,0.0,0.0,0.0,0.0,0.0,1802.16267129313,0.0,0.0,0.0
8118,1.0,0.0,0.0,0.0,0.0,0.0,0.0,1800.36050862184,0.0,0.0,0.0
8119,1.0,0.0,0.0,0.0,0.0,0.0,0.0,1798.56014811322,0.0,0.0,0.0
8120,1.0,0.0,0.0,0.0,0.0,0.0,0.0,1796.7615879651,0.0,0.0,0.0
8121,1.0,25.566695533266,0.0,0.0,0.0,0.0,0.0,1794.96482637714,0.0,0.0,0.0
8122,1.0,44.5753423426886,0.0,0.0,0.0,0.0,0.0,1793.16986155076,0.0,0.0,0.0
8123,1.0,75.5365227830247,0.0,0.0,472.000739645434,467.28073224898,0.0,2258.65742393819,0.0,0.0,0.0
8124,1.0,87.0295432795808,0.0,0.0,574.962233217182,569.21261088501,0.0,2825.61137739926,0.0,0.0,0.0
8125,1.0,88.2839012809823,0.0,0.0,570.023108730664,564.322877643357,0.0,3387.10864366522,0.0,0.0,0.0
8126,1.0,83.4641230520966,0.0,0.0,566.558320412852,560.892737208723,0.0,3944.61427223028,0.0,0.0,0.0
8127,1.0,50.8412366265811,0.0,0.0,288.686504085547,285.799639044691,0.0,4226.46929700274,0.0,0.0,0.0
8128,1.0,25.6216412326289,0.0,0.0,0.0,0.0,0.0,4222.24282770574,0.0,0.0,0.0
8129,2.0,0.0,0.0,0.0,0.0,0.0,250.0,3965.49533235278,100.0,0.0,0.0
8130,2.0,0.0,0.0,0.0,0.0,0.0,250.0,3709.00458449517,100.0,0.0,0.0
8131,2.0,0.0,0.0,0.0,0.0,0.0,250.0,3452.77032738542,100.0,0.0,0.0
8132,2.0,0.0,0.0,0.0,0.0,0.0,250.0,3196.79230453279,100.0,0.0,0.0
8133,2.0,0.0,0.0,0.0,0.0,0.0,250.0,2941.070259703,100.0,0.0,0.0
8134,2.0,0.0,0.0,0.0,0.0,0.0,250.0,2685.60393691805,100.0,0.0,0.0
8135,2.0,0.0,0.0,0.0,0.0,0.0,250.0,2430.39308045587,100.0,0.0,0.0
8136,0.5,0.0,0.0,0.0,0.0,0.0,0.0,2427.96268737542,0.0,0.0,0.0
8137,0.5,0.0,0.0,0.0,0.0,0.0,0.0,2425.53472468804,0.0,0.0,0.0
8138,0.5,0.0,0.0,0.0,0.0,0.0,0.0,2423.10918996336,0.0,0.0,0.0
8139,0.5,0.0,0.0,0.0,0.0,0.0,0.0,2420.68608077339,0.0,0.0,0.0
8140,0.5,0.0,0.0,0.0,0.0,0.0,0.0,2418.26539469262,0.0,0.0,0.0
8141,1.0,0.0,0.0,0.0,0.0,0.0,0.0,2415.84712929793,0.0,0.0,0.0
8142,1.0,0.0,0.0,0.0,0.0,0.0,0.0,2413.43128216863,0.0,0.0,0.0
8143,1.0,0.0,0.0,0.0,0.0,0.0,0.0,2411.01785088646,0.0,0.0,0.0
8144,1.0,0.0,0.0,0.0,0.0,0.0,0.0,2408.60683303557,0.0,0.0,0.0
8145,1.0,29.0996837457465,0.0,0.0,0.0,0.0,0.0,2406.19822620254,0.0,0.0,0.0
8146,1.0,59.108853172395,0.0,0.0,235.30899831614,232.955908332978,0.0,2636.74793630931,0.0,0.0,0.0
8147,1.0,76.1569337500949,0.0,0.0,555.74644735689,550.188982883321,0.0,3184.30017125633,0.0,0.0,0.0
8148,1.0,82.989028413935,0.0,0.0,539.96231512325,534.562691972017,0.0,3715.67856305709,0.0,0.0,0.0
8149,1.0,85.6266288702829,0.0,0.0,568.992036308312,563.302115945229,0.0,4275.26500043926,0.0,0.0,0.0
8150,1.0,82.1082186175616,0.0,0.0,584.925243966086,579.075991526425,0.0,4850.06572696524,0.0,0.0,0.0
8151,1.0,62.7814448333167,0.0,0.0,455.581397588109,451.025583612228,0.0,5296.24124485051,0.0,0.0,0.0
8152,1.0,29.1231659873776,0.0,0.0,211.16666302459,209.054996394344,0.0,5500.0,0.0,0.0,0.0
8153,2.0,0.0,0.0,0.0,0.0,0.0,250.0,5241.97474747475,100.0,0.0,0.0
8154,2.0,0.0,0.0,0.0,0.0,0.0,250.0,4984.20752020202,100.0,0.0,0.0
8155,2.0,0.0,0.0,0.0,0.0,0.0,250.0,4726.69806015656,100.0,0.0,0.0
8156,2.0,0.0,0.0,0.0,0.0,0.0,250.0,4469.44610957116,100.0,0.0,0.0
8157,2.0,0.0,0.0,0.0,0.0,0.0,250.0,4212.45141093633,100.0,0.0,0.0
8158,2.0,0.0,0.0,0.0,0.0,0.0,250.0,3955.71370700014,100.0,0.0,0.0
8159,2.0,0.0,0.0,0.0,0.0,0.0,250.0,3699.23274076789,100.0,0.0,0.0
8160,0.5,0.0,0.0,0.0,0.0,0.0,0.0,3695.53350802712,0.0,0.0,0.0
8161,0.5,0.0,0.0,0.0,0.0,0.0,0.0,3691.8379745191,0.0,0.0,0.0
8162,0.5,0.0,0.0,0.0,0.0,0.0,0.0,3688.14613654458,0.0,0.0,0.0
8163,0.5,0.0,0.0,0.0,0.0,0.0,0.0,3684.45799040803,0.0,0.0,0.0
8164,0.5,0.0,0.0,0.0,0.0,0.0,0.0,3680.77353241762,0.0,0.0,0.0
8165,1.0,0.0,0.0,0.0,0.0,0.0,0.0,3677.09275888521,0.0,0.0,0.0
8166,1.0,0.0,0.0,0.0,0.0,0.0,0.0,3673.41566612632,0.0,0.0,0.0
8167,1.0,0.0,0.0,0.0,0.0,0.0,0.0,3669.74225046019,0.0,0.0,0.0
8168,1.0,0.0,0.0,0.0,0.0,0.0,0.0,3666.07250820973,0.0,0.0,0.0
8169,1.0,22.9193785508172,0.0,0.0,0.0,0.0,0.0,3662.40643570152,0.0,0.0,0.0
8170,1.0,18.6780190894954,0.0,0.0,0.0,0.0,0.0,3658.74402926582,0.0,0.0,0.0
8171,1.0,14.7809535822818,0.0,0.0,0.0,0.0,0.0,3655.08528523656,0.0,0.0,0.0
8172,1.0,26.8980569300887,0.0,0.0,0.0,0.0,0.0,3651.43019995132,0.0,0.0,0.0
8173,1.0,41.091889167653,0.0,0.0,0.0,0.0,0.0,3647.77876975137,0.0,0.0,0.0
8174,1.0,25.3222348077596,0.0,0.0,0.0,0.0,0.0,3644.13099098162,0.0,0.0,0.0
8175,1.0,16.3913748564893,0.0,0.0,0.0,0.0,0.0,3640.48685999064,0.0,0.0,0.0
8176,1.0,6.31206409348519,0.0,0.0,0.0,0.0,0.0,3636.84637313065,0.0,0.0,0.0
8177,2.0,0.0,0.0,0.0,0.0,0.0,250.0,3380.68427423226,100.0,0.0,0.0
8178,2.0,0.0,0.0,0.0,0.0,0.0,250.0,3124.77833743278,100.0,0.0,0.0
8179,2.0,0.0,0.0,0.0,0.0,0.0,250.0,2869.12830657009,100.0,0.0,0.0
8180,2.0,0.0,0.0,0.0,0.0,0.0,250.0,2613.73392573827,100.0,0.0,0.0
8181,2.0,0.0,0.0,0.0,0.0,0.0,250.0,2358.59493928728,100.0,0.0,0.0
8182,2.0,0.0,0.0,0.0,0.0,0.0,250.0,2103.71109182274,100.0,0.0,0.0
8183,2.0,0.0,0.0,0.0,0.0,0.0,250.0,1849.08212820566,100.0,0.0,0.0
8184,0.5,0.0,0.0,0.0,0.0,0.0,0.0,1847.23304607746,0.0,0.0,0.0
8185,0.5,0.0,0.0,0.0,0.0,0.0,0.0,1845.38581303138,0.0,0.0,0.0
8186,0.5,0.0,0.0,0.0,0.0,0.0,0.0,1843.54042721835,0.0,0.0,0.0
8187,0.5,0.0,0.0,0.0,0.0,0.0,0.0,1841.69688679113,0.0,0.0,0.0
8188,0.5,0.0,0.0,0.0,0.0,0.0,0.0,1839.85518990434,0.0,0.0,0.0
8189,1.0,0.0,0.0,0.0,0.0,0.0,0.0,1838.01533471443,0.0,0.0,0.0
8190,1.0,0.0,0.0,0.0,0.0,0.0,0.0,1836.17731937972,0.0,0.0,0.0
8191,1.0,0.0,0.0,0.0,0.0,0.0,0.0,1834.34114206034,0.0,0.0,0.0
8192,1.0,0.0,0.0,0.0,0.0,0.0,0.0,1832.50680091828,0.0,0.0,0.0
8193,1.0,27.1039301497278,0.0,0.0,0.0,0.0,0.0,1830.67429411736,0.0,0.0,0.0
8194,1.0,48.2673899446129,0.0,0.0,43.0531383667491,42.6226069830816,0.0,1871.46622680633,0.0,0.0,0.0
8195,1.0,75.7627428909015,0.0,0.0,509.83595763827,504.737598061888,0.0,2374.33235864141,0.0,0.0,0.0
8196,1.0,82.089662744165,0.0,0.0,492.634652304848,487.7083057818,0.0,2859.66633206457,0.0,0.0,0.0
8197,1.0,59.4506505459487,0.0,0.0,214.747390417163,212.599916512992,0.0,3069.40658224549,0.0,0.0,0.0
8198,1.0,24.9262371081467,0.0,0.0,0.0,0.0,0.0,3066.33717566325,0.0,0.0,0.0
8199,1.0,27.1047560754929,0.0,0.0,0.0,0.0,0.0,3063.27083848758,0.0,0.0,0.0
8200,1.0,26.7620666833475,0.0,0.0,58.8435842151463,58.2551483729948,0.0,3118.46271602209,0.0,0.0,0.0
8201,2.0,0.0,0.0,0.0,0.0,0.0,250.0,2862.81900078082,100.0,0.0,0.0
8202,2.0,0.0,0.0,0.0,0.0,0.0,250.0,2607.43092925478,100.0,0.0,0.0
8203,2.0,0.0,0.0,0.0,0.0,0.0,250.0,2352.29824580028,100.0,0.0,0.0
8204,2.0,0.0,0.0,0.0,0.0,0.0,250.0,2097.42069502922,100.0,0.0,0.0
8205,2.0,0.0,0.0,0.0,0.0,0.0,250.0,1842.79802180894,100.0,0.0,0.0
8206,2.0,0.0,0.0,0.0,0.0,0.0,250.0,1588.42997126188,100.0,0.0,0.0
8207,2.0,0.0,0.0,0.0,0.0,0.0,250.0,1334.31628876537,100.0,0.0,0.0
8208,0.5,0.0,0.0,0.0,0.0,0.0,0.0,1332.9819724766,0.0,0.0,0.0
8209,0.5,0.0,0.0,0.0,0.0,0.0,0.0,1331.64899050412,0.0,0.0,0.0
8210,0.5,0.0,0.0,0.0,0.0,0.0,0.0,1330.31734151362,0.0,0.0,0.0
8211,0.5,0.0,0.0,0.0,0.0,0.0,0.0,1328.98702417211,0.0,0.0,0.0
8212,0.5,0.0,0.0,0.0,0.0,0.0,0.0,1327.65803714793,0.0,0.0,0.0
8213,1.0,0.0,0.0,0.0,0.0,0.0,0.0,1326.33037911079,0.0,0.0,0.0
8214,1.0,0.0,0.0,0.0,0.0,0.0,0.0,1325.00404873167,0.0,0.0,0.0
8215,1.0,0.0,0.0,0.0,0.0,0.0,0.0,1323.67904468294,0.0,0.0,0.0
8216,1.0,0.0,0.0,0.0,0.0,0.0,0.0,1322.35536563826,0.0,0.0,0.0
8217,1.0,26.8635869384463,0.0,0.0,0.0,0.0,0.0,1321.03301027262,0.0,0.0,0.0
8218,1.0,54.0078766877906,0.0,0.0,182.162349823673,180.340726325436,0.0,1500.05270358779,0.0,0.0,0.0
8219,1.0,68.7965274386584,0.0,0.0,403.19351101412,399.161575903979,0.0,1897.71422678818,0.0,0.0,0.0
8220,1.0,58.5034406854167,0.0,0.0,198.264550388303,196.28190488442,0.0,2092.09841744581,0.0,0.0,0.0
8221,1.0,72.3062858035403,0.0,0.0,357.04437239324,353.473928669308,0.0,2443.48024769767,0.0,0.0,0.0
8222,1.0,29.9984745008664,0.0,0.0,0.0,0.0,0.0,2441.03676744997,0.0,0.0,0.0
8223,1.0,31.5691813099355,0.0,0.0,0.0,0.0,0.0,2438.59573068252,0.0,0.0,0.0
8224,1.0,26.1529787998559,0.0,0.0,0.0,0.0,0.0,2436.15713495184,0.0,0.0,0.0
8225,2.0,0.0,0.0,0.0,0.0,0.0,250.0,2181.19572529163,100.0,0.0,0.0
8226,2.0,0.0,0.0,0.0,0.0,0.0,250.0,1926.48927704109,100.0,0.0,0.0
8227,2.0,0.0,0.0,0.0,0.0,0.0,250.0,1672.0375352388,100.0,0.0,0.0
8228,2.0,0.0,0.0,0.0,0.0,0.0,250.0,1417.84024517831,100.0,0.0,0.0
8229,2.0,0.0,0.0,0.0,0.0,0.0,250.0,1163.89715240787,100.0,0.0,0.0
8230,2.0,0.0,0.0,0.0,0.0,0.0,250.0,910.208002730214,100.0,0.0,0.0
8231,2.0,0.0,0.0,0.0,0.0,0.0,250.0,656.772542202232,100.0,0.0,0.0
8232,0.5,0.0,0.0,0.0,0.0,0.0,0.0,656.115769660029,0.0,0.0,0.0
8233,0.5,0.0,0.0,0.0,0.0,0.0,0.0,655.459653890369,0.0,0.0,0.0
8234,0.5,0.0,0.0,0.0,0.0,0.0,0.0,654.804194236479,0.0,0.0,0.0
8235,0.5,0.0,0.0,0.0,0.0,0.0,0.0,654.149390042243,0.0,0.0,0.0
8236,0.5,0.0,0.0,0.0,0.0,0.0,0.0,653.4952406522,0.0,0.0,0.0
8237,1.0,0.0,0.0,0.0,0.0,0.0,0.0,652.841745411548,0.0,0.0,0.0
8238,1.0,0.0,0.0,0.0,0.0,0.0,0.0,652.188903666137,0.0,0.0,0.0
8239,1.0,0.0,0.0,0.0,0.0,0.0,0.0,651.53671476247,0.0,0.0,0.0
8240,1.0,0.0,0.0,0.0,0.0,0.0,0.0,650.885178047708,0.0,0.0,0.0
8241,1.0,3.59880378433944,0.0,0.0,0.0,0.0,0.0,650.23429286966,0.0,0.0,0.0
8242,1.0,17.0797391639626,0.0,0.0,0.0,0.0,0.0,649.584058576791,0.0,0.0,0.0
8243,1.0,21.3615929093557,0.0,0.0,0.0,0.0,0.0,648.934474518214,0.0,0.0,0.0
8244,1.0,22.5159630945267,0.0,0.0,0.0,0.0,0.0,648.285540043696,0.0,0.0,0.0
8245,1.0,31.635808493489,0.0,0.0,0.0,0.0,0.0,647.637254503652,0.0,0.0,0.0
8246,1.0,28.3560835629069,0.0,0.0,0.0,0.0,0.0,646.989617249148,0.0,0.0,0.0
8247,1.0,46.185457742056,0.0,0.0,91.8970421557272,90.97807173417,0.0,737.320699366069,0.0,0.0,0.0
8248,1.0,9.02699351592595,0.0,0.0,0.0,0.0,0.0,736.583378666703,0.0,0.0,0.0
8249,2.0,0.0,0.0,0.0,0.0,0.0,250.0,483.321542762784,100.0,0.0,0.0
8250,2.0,0.0,0.0,0.0,0.0,0.0,250.0,230.312968694768,100.0,0.0,0.0
8251,2.0,0.0,0.0,0.0,0.0,0.0,227.781829168813,0.0,91.11273166752521,0.0,0.0
8252,2.0,0.0,0.0,0.0,0.0,0.0,0.0,0.0,0.0,0.0,0.0
8253,2.0,0.0,0.0,0.0,0.0,0.0,0.0,0.0,0.0,0.0,0.0
8254,2.0,0.0,0.0,0.0,0.0,0.0,0.0,0.0,0.0,0.0,0.0
8255,2.0,0.0,0.0,0.0,0.0,0.0,0.0,0.0,0.0,0.0,0.0
8256,0.5,0.0,0.0,0.0,0.0,0.0,0.0,0.0,0.0,0.0,0.0
8257,0.5,0.0,0.0,0.0,0.0,0.0,0.0,0.0,0.0,0.0,0.0
8258,0.5,0.0,0.0,0.0,0.0,0.0,0.0,0.0,0.0,0.0,0.0
8259,0.5,0.0,0.0,0.0,0.0,0.0,0.0,0.0,0.0,0.0,0.0
8260,0.5,0.0,0.0,0.0,0.0,0.0,0.0,0.0,0.0,0.0,0.0
8261,1.0,0.0,0.0,0.0,0.0,0.0,0.0,0.0,0.0,0.0,0.0
8262,1.0,0.0,0.0,0.0,0.0,0.0,0.0,0.0,0.0,0.0,0.0
8263,1.0,0.0,0.0,0.0,0.0,0.0,0.0,0.0,0.0,0.0,0.0
8264,1.0,0.0,0.0,0.0,0.0,0.0,0.0,0.0,0.0,0.0,0.0
8265,1.0,25.5580793509818,0.0,0.0,0.0,0.0,0.0,0.0,0.0,0.0,0.0
8266,1.0,54.6550375084099,0.0,113.362406228975,104.653537912831,103.607002533702,0.0,103.607002533702,45.34496249159,0.0,0.0
8267,1.0,71.4958068765934,0.0,71.2604828085164,452.803225416119,448.275193161958,0.0,551.778588693126,28.504193123406562,0.0,0.0
8268,1.0,80.8691225319742,0.0,47.8271936700645,513.133157836987,508.001826258617,0.0,1059.22863636305,19.1308774680258,0.0,0.0
8269,1.0,85.107592374122,0.0,37.2310190646949,560.690529991425,555.083624691511,0.0,1613.2530324182,14.89240762587796,0.0,0.0
8270,1.0,76.8090509442186,0.0,57.9773726394534,477.302149119505,472.52912762831,0.0,2084.16890701409,23.19094905578136,0.0,0.0
8271,1.0,62.7208037329872,0.0,93.197990667532,376.010552369963,372.250446846264,0.0,2454.33518495334,37.2791962670128,0.0,0.0
8272,1.0,20.2774164500994,0.0,0.0,0.0,0.0,199.306458874752,2250.56119433934,79.7225835499008,0.0,0.0
8273,2.0,0.0,0.0,0.0,0.0,0.0,250.0,1995.78538061975,100.0,0.0,0.0
8274,2.0,0.0,0.0,0.0,0.0,0.0,250.0,1741.26434271388,100.0,0.0,0.0
8275,2.0,0.0,0.0,0.0,0.0,0.0,250.0,1486.99782584591,100.0,0.0,0.0
8276,2.0,0.0,0.0,0.0,0.0,0.0,250.0,1232.98557549482,100.0,0.0,0.0
8277,2.0,0.0,0.0,0.0,0.0,0.0,250.0,979.227337394068,100.0,0.0,0.0
8278,2.0,0.0,0.0,0.0,0.0,0.0,250.0,725.722857531422,100.0,0.0,0.0
8279,2.0,0.0,0.0,0.0,0.0,0.0,250.0,472.471882148638,100.0,0.0,0.0
8280,0.5,0.0,0.0,0.0,0.0,0.0,0.0,471.999410266489,0.0,0.0,0.0
8281,0.5,0.0,0.0,0.0,0.0,0.0,0.0,471.527410856223,0.0,0.0,0.0
8282,0.5,0.0,0.0,0.0,0.0,0.0,0.0,471.055883445366,0.0,0.0,0.0
8283,0.5,0.0,0.0,0.0,0.0,0.0,0.0,470.584827561921,0.0,0.0,0.0
8284,0.5,0.0,0.0,0.0,0.0,0.0,0.0,470.114242734359,0.0,0.0,0.0
8285,1.0,0.0,0.0,0.0,0.0,0.0,250.0,217.118875966372,100.0,0.0,0.0
8286,1.0,0.0,0.0,0.0,0.0,0.0,214.732739519502,0.0,85.8930958078008,0.0,0.0
8287,1.0,0.0,0.0,0.0,0.0,0.0,0.0,0.0,0.0,0.0,0.0
8288,1.0,0.0,0.0,0.0,0.0,0.0,0.0,0.0,0.0,0.0,0.0
8289,1.0,24.9918289577759,0.0,0.0,0.0,0.0,0.0,0.0,0.0,0.0,0.0
8290,1.0,55.1352315195676,0.0,112.161921201081,104.494103008435,103.449161978351,0.0,103.449161978351,44.8647684804324,0.0,0.0
8291,1.0,72.6328593091876,0.0,68.4178517270309,457.714226012818,453.13708375269,0.0,556.482796569063,27.36714069081236,0.0,0.0
8292,1.0,81.4554014774884,0.0,46.3614963062791,516.958755416165,511.789167862004,0.0,1067.7154816345,18.54459852251164,0.0,0.0
8293,1.0,84.6547251879236,0.0,38.3631870301911,551.453330458184,545.938797153603,0.0,1612.58656330647,15.34527481207644,0.0,0.0
8294,1.0,76.5167304213292,0.0,58.708173946677,477.373096030184,472.599365069882,0.0,2083.57334181304,23.4832695786708,0.0,0.0
8295,1.0,60.7072472790884,0.0,98.231881802279,350.416355214577,346.912191662431,0.0,2428.40196013366,39.29275272091161,0.0,0.0
8296,1.0,23.8379581874557,0.0,0.0,0.0,0.0,190.405104531361,2233.64516975801,76.1620418125444,0.0,0.0
8297,2.0,0.0,0.0,0.0,0.0,0.0,250.0,1978.886272063,100.0,0.0,0.0
8298,2.0,0.0,0.0,0.0,0.0,0.0,250.0,1724.38213326568,100.0,0.0,0.0
8299,2.0,0.0,0.0,0.0,0.0,0.0,250.0,1470.13249860717,100.0,0.0,0.0
8300,2.0,0.0,0.0,0.0,0.0,0.0,250.0,1216.13711358331,100.0,0.0,0.0
8301,2.0,0.0,0.0,0.0,0.0,0.0,250.0,962.39572394447,100.0,0.0,0.0
8302,2.0,0.0,0.0,0.0,0.0,0.0,250.0,708.908075695273,100.0,0.0,0.0
8303,2.0,0.0,0.0,0.0,0.0,0.0,250.0,455.673915094325,100.0,0.0,0.0
8304,0.5,0.0,0.0,0.0,0.0,0.0,0.0,455.218241179231,0.0,0.0,0.0
8305,0.5,0.0,0.0,0.0,0.0,0.0,0.0,454.763022938051,0.0,0.0,0.0
8306,0.5,0.0,0.0,0.0,0.0,0.0,0.0,454.308259915113,0.0,0.0,0.0
8307,0.5,0.0,0.0,0.0,0.0,0.0,0.0,453.853951655198,0.0,0.0,0.0
8308,0.5,0.0,0.0,0.0,0.0,0.0,0.0,453.400097703543,0.0,0.0,0.0
8309,1.0,0.0,0.0,0.0,0.0,0.0,84.0108373634592,368.087265925578,33.604334945383684,0.0,0.0
8310,1.0,0.0,0.0,0.0,0.0,0.0,0.0,367.719178659652,0.0,0.0,0.0
8311,1.0,0.0,0.0,0.0,0.0,0.0,0.0,367.351459480992,0.0,0.0,0.0
8312,1.0,0.0,0.0,0.0,0.0,0.0,0.0,366.984108021511,0.0,0.0,0.0
8313,1.0,25.4349013792295,0.0,0.0,0.0,0.0,0.0,366.61712391349,0.0,0.0,0.0
8314,1.0,53.7590677370214,0.0,115.602330657447,89.8403159655421,88.9419128058867,0.0,455.192419595463,46.2409322629788,0.0,0.0
8315,1.0,71.0364317581193,0.0,72.4089206047018,459.133541168387,454.542205756703,0.0,909.279432932571,28.963568241880722,0.0,0.0
8316,1.0,78.3088737016164,0.0,54.2278157459591,494.553425939495,489.6078916801,0.0,1397.97804517974,21.69112629838364,0.0,0.0
8317,1.0,82.7907801681147,0.0,43.0230495797133,563.244106218272,557.61166515609,0.0,1954.19173229065,17.20921983188532,0.0,0.0
8318,1.0,76.8700248282156,0.0,57.8249379294609,509.884116116425,504.78527495526,0.0,2457.02281551362,23.129975171784363,0.0,0.0
8319,1.0,59.5394530837666,0.0,101.151367290584,344.824309058083,341.376065967502,0.0,2795.94185866561,40.460546916233604,0.0,0.0
8320,1.0,25.2979034573046,0.0,0.0,0.0,0.0,0.0,2793.14591680694,0.0,0.0,0.0
8321,2.0,0.0,0.0,0.0,0.0,0.0,250.0,2537.82751836488,100.0,0.0,0.0
8322,2.0,0.0,0.0,0.0,0.0,0.0,250.0,2282.76443832126,100.0,0.0,0.0
8323,2.0,0.0,0.0,0.0,0.0,0.0,250.0,2027.95642135769,100.0,0.0,0.0
8324,2.0,0.0,0.0,0.0,0.0,0.0,250.0,1773.40321241108,100.0,0.0,0.0
8325,2.0,0.0,0.0,0.0,0.0,0.0,250.0,1519.10455667342,100.0,0.0,0.0
8326,2.0,0.0,0.0,0.0,0.0,0.0,250.0,1265.06019959149,100.0,0.0,0.0
8327,2.0,0.0,0.0,0.0,0.0,0.0,250.0,1011.26988686665,100.0,0.0,0.0
8328,0.5,0.0,0.0,0.0,0.0,0.0,0.0,1010.25861697978,0.0,0.0,0.0
8329,0.5,0.0,0.0,0.0,0.0,0.0,0.0,1009.2483583628,0.0,0.0,0.0
8330,0.5,0.0,0.0,0.0,0.0,0.0,0.0,1008.23911000444,0.0,0.0,0.0
8331,0.5,0.0,0.0,0.0,0.0,0.0,0.0,1007.23087089443,0.0,0.0,0.0
8332,0.5,0.0,0.0,0.0,0.0,0.0,0.0,1006.22364002354,0.0,0.0,0.0
8333,1.0,0.0,0.0,0.0,0.0,0.0,0.0,1005.21741638351,0.0,0.0,0.0
8334,1.0,0.0,0.0,0.0,0.0,0.0,0.0,1004.21219896713,0.0,0.0,0.0
8335,1.0,0.0,0.0,0.0,0.0,0.0,0.0,1003.20798676816,0.0,0.0,0.0
8336,1.0,0.0,0.0,0.0,0.0,0.0,0.0,1002.2047787814,0.0,0.0,0.0
8337,1.0,29.4800327088927,0.0,0.0,0.0,0.0,0.0,1001.20257400261,0.0,0.0,0.0
8338,1.0,31.9599970969258,0.0,0.0,0.0,0.0,0.0,1000.20137142861,0.0,0.0,0.0
8339,1.0,32.4372960224557,0.0,0.0,0.0,0.0,0.0,999.201170057183,0.0,0.0,0.0
8340,1.0,40.1265053817091,0.0,0.0,0.0,0.0,0.0,998.201968887126,0.0,0.0,0.0
8341,1.0,67.7060134489448,0.0,0.0,223.931567728193,221.692252050911,0.0,1218.89601896915,0.0,0.0,0.0
8342,1.0,77.4766199131849,0.0,0.0,541.744349262759,536.326905770132,0.0,1754.00402872031,0.0,0.0,0.0
8343,1.0,61.8217030298268,0.0,0.0,455.574272680365,451.018529953562,0.0,2203.26855464515,0.0,0.0,0.0
8344,1.0,24.5251592859792,0.0,0.0,0.0,0.0,0.0,2201.06528609051,0.0,0.0,0.0
8345,2.0,0.0,0.0,0.0,0.0,0.0,250.0,1946.33896827917,100.0,0.0,0.0
8346,2.0,0.0,0.0,0.0,0.0,0.0,250.0,1691.86737678563,100.0,0.0,0.0
8347,2.0,0.0,0.0,0.0,0.0,0.0,250.0,1437.6502568836,100.0,0.0,0.0
8348,2.0,0.0,0.0,0.0,0.0,0.0,250.0,1183.68735410146,100.0,0.0,0.0
8349,2.0,0.0,0.0,0.0,0.0,0.0,250.0,929.978414222105,100.0,0.0,0.0
8350,2.0,0.0,0.0,0.0,0.0,0.0,250.0,676.523183282631,100.0,0.0,0.0
8351,2.0,0.0,0.0,0.0,0.0,0.0,250.0,423.321407574096,100.0,0.0,0.0
8352,0.5,0.0,0.0,0.0,0.0,0.0,0.0,422.898086166521,0.0,0.0,0.0
8353,0.5,0.0,0.0,0.0,0.0,0.0,0.0,422.475188080355,0.0,0.0,0.0
8354,0.5,0.0,0.0,0.0,0.0,0.0,0.0,422.052712892275,0.0,0.0,0.0
8355,0.5,0.0,0.0,0.0,0.0,0.0,0.0,421.630660179382,0.0,0.0,0.0
8356,0.5,0.0,0.0,0.0,0.0,0.0,0.0,421.209029519203,0.0,0.0,0.0
8357,1.0,0.0,0.0,0.0,0.0,0.0,0.0,420.787820489684,0.0,0.0,0.0
8358,1.0,0.0,0.0,0.0,0.0,0.0,0.0,420.367032669194,0.0,0.0,0.0
8359,1.0,0.0,0.0,0.0,0.0,0.0,0.0,419.946665636525,0.0,0.0,0.0
8360,1.0,0.0,0.0,0.0,0.0,0.0,0.0,419.526718970888,0.0,0.0,0.0
8361,1.0,24.6377467969013,0.0,0.0,0.0,0.0,0.0,419.107192251917,0.0,0.0,0.0
8362,1.0,54.8869824293563,0.0,0.0,206.84187015016,204.773451448658,0.0,623.461536508323,0.0,0.0,0.0
8363,1.0,75.0905594587931,0.0,0.0,557.409725273367,551.835628020634,0.0,1174.67370299245,0.0,0.0,0.0
8364,1.0,85.3878015983144,0.0,0.0,597.280517648674,591.307712472187,0.0,1764.80674176164,0.0,0.0,0.0
8365,1.0,87.3904145556299,0.0,0.0,595.823291119564,589.865058208368,0.0,2352.90699322825,0.0,0.0,0.0
8366,1.0,80.6393366164496,0.0,0.0,558.301511448645,552.718496334158,0.0,2903.27258256918,0.0,0.0,0.0
8367,1.0,60.348462829597,0.0,0.0,419.340560042161,415.14715444174,0.0,3315.51646442835,0.0,0.0,0.0
8368,1.0,21.1916440982085,0.0,0.0,0.0,0.0,0.0,3312.20094796392,0.0,0.0,0.0
8369,2.0,0.0,0.0,0.0,0.0,0.0,250.0,3056.36349449071,100.0,0.0,0.0
8370,2.0,0.0,0.0,0.0,0.0,0.0,250.0,2800.78187847096,100.0,0.0,0.0
8371,2.0,0.0,0.0,0.0,0.0,0.0,250.0,2545.45584406724,100.0,0.0,0.0
8372,2.0,0.0,0.0,0.0,0.0,0.0,250.0,2290.38513569792,100.0,0.0,0.0
8373,2.0,0.0,0.0,0.0,0.0,0.0,250.0,2035.56949803697,100.0,0.0,0.0
8374,2.0,0.0,0.0,0.0,0.0,0.0,250.0,1781.00867601368,100.0,0.0,0.0
8375,2.0,0.0,0.0,0.0,0.0,0.0,250.0,1526.70241481241,100.0,0.0,0.0
8376,0.5,0.0,0.0,0.0,0.0,0.0,0.0,1525.1757123976,0.0,0.0,0.0
8377,0.5,0.0,0.0,0.0,0.0,0.0,0.0,1523.6505366852,0.0,0.0,0.0
8378,0.5,0.0,0.0,0.0,0.0,0.0,0.0,1522.12688614852,0.0,0.0,0.0
8379,0.5,0.0,0.0,0.0,0.0,0.0,0.0,1520.60475926237,0.0,0.0,0.0
8380,0.5,0.0,0.0,0.0,0.0,0.0,0.0,1519.08415450311,0.0,0.0,0.0
8381,1.0,0.0,0.0,0.0,0.0,0.0,0.0,1517.5650703486,0.0,0.0,0.0
8382,1.0,0.0,0.0,0.0,0.0,0.0,0.0,1516.04750527826,0.0,0.0,0.0
8383,1.0,0.0,0.0,0.0,0.0,0.0,0.0,1514.53145777298,0.0,0.0,0.0
8384,1.0,0.0,0.0,0.0,0.0,0.0,0.0,1513.0169263152,0.0,0.0,0.0
8385,1.0,23.5658127245974,0.0,0.0,0.0,0.0,0.0,1511.50390938889,0.0,0.0,0.0
8386,1.0,54.5131895916468,0.0,0.0,196.919170996059,194.949979286099,0.0,1704.9423847656,0.0,0.0,0.0
8387,1.0,75.1076050364792,0.0,0.0,536.31408633987,530.950945476471,0.0,2234.1883878573,0.0,0.0,0.0
8388,1.0,84.1698114552273,0.0,0.0,554.61752618132,549.071350919507,0.0,2781.02555038895,0.0,0.0,0.0
8389,1.0,87.3298759338683,0.0,0.0,575.047076881155,569.296606112344,0.0,3347.54113095091,0.0,0.0,0.0
8390,1.0,81.1314470583914,0.0,0.0,548.584689319762,543.098842426564,0.0,3887.29243224652,0.0,0.0,0.0
8391,1.0,63.0359109031201,0.0,0.0,443.192438372774,438.760513989047,0.0,4322.16565380332,0.0,0.0,0.0
8392,1.0,25.6227480535971,0.0,0.0,0.0,0.0,0.0,4317.84348814952,0.0,0.0,0.0
8393,2.0,0.0,0.0,0.0,0.0,0.0,250.0,4061.00039213612,100.0,0.0,0.0
8394,2.0,0.0,0.0,0.0,0.0,0.0,250.0,3804.41413921873,100.0,0.0,0.0
8395,2.0,0.0,0.0,0.0,0.0,0.0,250.0,3548.08447255426,100.0,0.0,0.0
8396,2.0,0.0,0.0,0.0,0.0,0.0,250.0,3292.01113555645,100.0,0.0,0.0
8397,2.0,0.0,0.0,0.0,0.0,0.0,250.0,3036.19387189564,100.0,0.0,0.0
8398,2.0,0.0,0.0,0.0,0.0,0.0,250.0,2780.63242549849,100.0,0.0,0.0
8399,2.0,0.0,0.0,0.0,0.0,0.0,250.0,2525.32654054774,100.0,0.0,0.0
8400,0.5,0.0,0.0,0.0,0.0,0.0,0.0,2522.80121400719,0.0,0.0,0.0
8401,0.5,0.0,0.0,0.0,0.0,0.0,0.0,2520.27841279319,0.0,0.0,0.0
8402,0.5,0.0,0.0,0.0,0.0,0.0,0.0,2517.75813438039,0.0,0.0,0.0
8403,0.5,0.0,0.0,0.0,0.0,0.0,0.0,2515.24037624601,0.0,0.0,0.0
8404,0.5,0.0,0.0,0.0,0.0,0.0,0.0,2512.72513586977,0.0,0.0,0.0
8405,1.0,0.0,0.0,0.0,0.0,0.0,0.0,2510.2124107339,0.0,0.0,0.0
8406,1.0,0.0,0.0,0.0,0.0,0.0,0.0,2507.70219832316,0.0,0.0,0.0
8407,1.0,0.0,0.0,0.0,0.0,0.0,0.0,2505.19449612484,0.0,0.0,0.0
8408,1.0,0.0,0.0,0.0,0.0,0.0,0.0,2502.68930162871,0.0,0.0,0.0
8409,1.0,24.493086932672,0.0,0.0,0.0,0.0,0.0,2500.18661232709,0.0,0.0,0.0
8410,1.0,51.8563328959725,0.0,0.0,182.540045465176,180.714645010524,0.0,2678.40107072528,0.0,0.0,0.0
8411,1.0,73.3215427873842,0.0,0.0,530.345565976309,525.042110316545,0.0,3200.7647799711,0.0,0.0,0.0
8412,1.0,82.8477262666109,0.0,0.0,580.876020869888,575.067260661189,0.0,3772.63127585232,0.0,0.0,0.0
8413,1.0,85.8173853824052,0.0,0.0,597.955173924613,591.975622185367,0.0,4360.83426676184,0.0,0.0,0.0
8414,1.0,77.2248585534332,0.0,0.0,534.336949544852,528.993580049404,0.0,4885.46701254448,0.0,0.0,0.0
8415,1.0,60.3649387841298,0.0,0.0,430.231817523166,425.929499347934,0.0,5306.51104487987,0.0,0.0,0.0
8416,1.0,28.5046526550164,0.0,0.0,200.80350117678,198.795466165013,0.0,5500.0,0.0,0.0,0.0
8417,2.0,0.0,0.0,0.0,0.0,0.0,250.0,5241.97474747475,100.0,0.0,0.0
8418,2.0,0.0,0.0,0.0,0.0,0.0,250.0,4984.20752020202,100.0,0.0,0.0
8419,2.0,0.0,0.0,0.0,0.0,0.0,250.0,4726.69806015656,100.0,0.0,0.0
8420,2.0,0.0,0.0,0.0,0.0,0.0,250.0,4469.44610957116,100.0,0.0,0.0
8421,2.0,0.0,0.0,0.0,0.0,0.0,250.0,4212.45141093633,100.0,0.0,0.0
8422,2.0,0.0,0.0,0.0,0.0,0.0,250.0,3955.71370700014,100.0,0.0,0.0
8423,2.0,0.0,0.0,0.0,0.0,0.0,250.0,3699.23274076789,100.0,0.0,0.0
8424,0.5,0.0,0.0,0.0,0.0,0.0,0.0,3695.53350802712,0.0,0.0,0.0
8425,0.5,0.0,0.0,0.0,0.0,0.0,0.0,3691.8379745191,0.0,0.0,0.0
8426,0.5,0.0,0.0,0.0,0.0,0.0,0.0,3688.14613654458,0.0,0.0,0.0
8427,0.5,0.0,0.0,0.0,0.0,0.0,0.0,3684.45799040803,0.0,0.0,0.0
8428,0.5,0.0,0.0,0.0,0.0,0.0,0.0,3680.77353241762,0.0,0.0,0.0
8429,1.0,0.0,0.0,0.0,0.0,0.0,0.0,3677.09275888521,0.0,0.0,0.0
8430,1.0,0.0,0.0,0.0,0.0,0.0,0.0,3673.41566612632,0.0,0.0,0.0
8431,1.0,0.0,0.0,0.0,0.0,0.0,0.0,3669.74225046019,0.0,0.0,0.0
8432,1.0,0.0,0.0,0.0,0.0,0.0,0.0,3666.07250820973,0.0,0.0,0.0
8433,1.0,22.1329591794963,0.0,0.0,0.0,0.0,0.0,3662.40643570152,0.0,0.0,0.0
8434,1.0,53.252885691447,0.0,0.0,198.617190915447,196.631019006293,0.0,3855.37504827212,0.0,0.0,0.0
8435,1.0,72.9722117086671,0.0,0.0,532.102982087191,526.78195226632,0.0,4378.30162549016,0.0,0.0,0.0
8436,1.0,83.5660906930513,0.0,0.0,580.741416814572,574.934002646427,0.0,4948.8573265111,0.0,0.0,0.0
8437,1.0,35.5593812398123,0.0,0.0,0.0,0.0,0.0,4943.90846918459,0.0,0.0,0.0
8438,1.0,13.4523486745515,0.0,0.0,0.0,0.0,0.0,4938.9645607154,0.0,0.0,0.0
8439,1.0,32.2459371663179,0.0,0.0,0.0,0.0,0.0,4934.02559615469,0.0,0.0,0.0
8440,1.0,23.7940099883767,0.0,0.0,0.0,0.0,0.0,4929.09157055853,0.0,0.0,0.0
8441,2.0,0.0,0.0,0.0,0.0,0.0,250.0,4671.63722646272,100.0,0.0,0.0
8442,2.0,0.0,0.0,0.0,0.0,0.0,250.0,4414.44033671101,100.0,0.0,0.0
8443,2.0,0.0,0.0,0.0,0.0,0.0,250.0,4157.50064384904,100.0,0.0,0.0
8444,2.0,0.0,0.0,0.0,0.0,0.0,250.0,3900.81789067994,100.0,0.0,0.0
8445,2.0,0.0,0.0,0.0,0.0,0.0,250.0,3644.39182026401,100.0,0.0,0.0
8446,2.0,0.0,0.0,0.0,0.0,0.0,250.0,3388.22217591849,100.0,0.0,0.0
8447,2.0,0.0,0.0,0.0,0.0,0.0,250.0,3132.30870121732,100.0,0.0,0.0
8448,0.5,0.0,0.0,0.0,0.0,0.0,0.0,3129.1763925161,0.0,0.0,0.0
8449,0.5,0.0,0.0,0.0,0.0,0.0,0.0,3126.04721612359,0.0,0.0,0.0
8450,0.5,0.0,0.0,0.0,0.0,0.0,0.0,3122.92116890747,0.0,0.0,0.0
8451,0.5,0.0,0.0,0.0,0.0,0.0,0.0,3119.79824773856,0.0,0.0,0.0
8452,0.5,0.0,0.0,0.0,0.0,0.0,0.0,3116.67844949082,0.0,0.0,0.0
8453,1.0,0.0,0.0,0.0,0.0,0.0,0.0,3113.56177104133,0.0,0.0,0.0
8454,1.0,0.0,0.0,0.0,0.0,0.0,0.0,3110.44820927029,0.0,0.0,0.0
8455,1.0,0.0,0.0,0.0,0.0,0.0,0.0,3107.33776106102,0.0,0.0,0.0
8456,1.0,0.0,0.0,0.0,0.0,0.0,0.0,3104.23042329996,0.0,0.0,0.0
8457,1.0,21.7204594182991,0.0,0.0,0.0,0.0,0.0,3101.12619287666,0.0,0.0,0.0
8458,1.0,51.8668432524307,0.0,0.0,187.712870936245,185.835742226883,0.0,3283.86080891066,0.0,0.0,0.0
8459,1.0,70.9144066949607,0.0,0.0,487.381160875091,482.50734926634,0.0,3763.08429736809,0.0,0.0,0.0
8460,1.0,81.463963761282,0.0,0.0,547.738172123775,542.260790402538,0.0,4301.58200347326,0.0,0.0,0.0
8461,1.0,80.7265688973976,0.0,0.0,517.440645626502,512.266239170237,0.0,4809.54666064002,0.0,0.0,0.0
8462,1.0,62.4020184342637,0.0,0.0,343.333354677285,339.900021130512,0.0,5144.6371351099,0.0,0.0,0.0
8463,1.0,39.4294214145833,0.0,0.0,187.080474961523,185.209670211907,0.0,5324.70216818669,0.0,0.0,0.0
8464,1.0,10.4294246760788,0.0,0.0,0.0,0.0,0.0,5319.37746601851,0.0,0.0,0.0
8465,2.0,0.0,0.0,0.0,0.0,0.0,250.0,5061.53283602724,100.0,0.0,0.0
8466,2.0,0.0,0.0,0.0,0.0,0.0,250.0,4803.94605066596,100.0,0.0,0.0
8467,2.0,0.0,0.0,0.0,0.0,0.0,250.0,4546.61685209004,100.0,0.0,0.0
8468,2.0,0.0,0.0,0.0,0.0,0.0,250.0,4289.54498271269,100.0,0.0,0.0
8469,2.0,0.0,0.0,0.0,0.0,0.0,250.0,4032.73018520473,100.0,0.0,0.0
8470,2.0,0.0,0.0,0.0,0.0,0.0,250.0,3776.17220249427,100.0,0.0,0.0
8471,2.0,0.0,0.0,0.0,0.0,0.0,250.0,3519.87077776652,100.0,0.0,0.0
8472,0.5,0.0,0.0,0.0,0.0,0.0,0.0,3516.35090698876,0.0,0.0,0.0
8473,0.5,0.0,0.0,0.0,0.0,0.0,0.0,3512.83455608177,0.0,0.0,0.0
8474,0.5,0.0,0.0,0.0,0.0,0.0,0.0,3509.32172152569,0.0,0.0,0.0
8475,0.5,0.0,0.0,0.0,0.0,0.0,0.0,3505.81239980416,0.0,0.0,0.0
8476,0.5,0.0,0.0,0.0,0.0,0.0,0.0,3502.30658740436,0.0,0.0,0.0
8477,1.0,0.0,0.0,0.0,0.0,0.0,0.0,3498.80428081695,0.0,0.0,0.0
8478,1.0,0.0,0.0,0.0,0.0,0.0,0.0,3495.30547653614,0.0,0.0,0.0
8479,1.0,0.0,0.0,0.0,0.0,0.0,0.0,3491.8101710596,0.0,0.0,0.0
8480,1.0,0.0,0.0,0.0,0.0,0.0,0.0,3488.31836088854,0.0,0.0,0.0
8481,1.0,23.4737888757309,0.0,0.0,0.0,0.0,0.0,3484.83004252765,0.0,0.0,0.0
8482,1.0,47.7292867250357,0.0,0.0,125.6953535133,124.438399978167,0.0,3605.78361246329,0.0,0.0,0.0
8483,1.0,61.5123861607431,0.0,0.0,360.96662307376,357.356956843023,0.0,3959.53478569385,0.0,0.0,0.0
8484,1.0,77.6411885104091,0.0,0.0,524.211728821836,518.969611533617,0.0,4474.54486244177,0.0,0.0,0.0
8485,1.0,50.1345139579711,0.0,0.0,0.0,0.0,0.0,4470.07031757933,0.0,0.0,0.0
8486,1.0,48.150443076422,0.0,0.0,13.0502833171383,12.919780483967,0.0,4478.52002774572,0.0,0.0,0.0
8487,1.0,35.2980751273731,0.0,0.0,0.0,0.0,0.0,4474.04150771797,0.0,0.0,0.0
8488,1.0,9.52289592752237,0.0,0.0,0.0,0.0,0.0,4469.56746621026,0.0,0.0,0.0
8489,2.0,0.0,0.0,0.0,0.0,0.0,250.0,4212.57264621879,100.0,0.0,0.0
8490,2.0,0.0,0.0,0.0,0.0,0.0,250.0,3955.83482104732,100.0,0.0,0.0
8491,2.0,0.0,0.0,0.0,0.0,0.0,250.0,3699.35373370102,100.0,0.0,0.0
8492,2.0,0.0,0.0,0.0,0.0,0.0,250.0,3443.12912744207,100.0,0.0,0.0
8493,2.0,0.0,0.0,0.0,0.0,0.0,250.0,3187.16074578937,100.0,0.0,0.0
8494,2.0,0.0,0.0,0.0,0.0,0.0,250.0,2931.44833251833,100.0,0.0,0.0
8495,2.0,0.0,0.0,0.0,0.0,0.0,250.0,2675.99163166056,100.0,0.0,0.0
8496,0.5,0.0,0.0,0.0,0.0,0.0,0.0,2673.3156400289,0.0,0.0,0.0
8497,0.5,0.0,0.0,0.0,0.0,0.0,0.0,2670.64232438887,0.0,0.0,0.0
8498,0.5,0.0,0.0,0.0,0.0,0.0,0.0,2667.97168206448,0.0,0.0,0.0
8499,0.5,0.0,0.0,0.0,0.0,0.0,0.0,2665.30371038242,0.0,0.0,0.0
8500,0.5,0.0,0.0,0.0,0.0,0.0,0.0,2662.63840667203,0.0,0.0,0.0
8501,1.0,0.0,0.0,0.0,0.0,0.0,0.0,2659.97576826536,0.0,0.0,0.0
8502,1.0,0.0,0.0,0.0,0.0,0.0,0.0,2657.3157924971,0.0,0.0,0.0
8503,1.0,0.0,0.0,0.0,0.0,0.0,0.0,2654.6584767046,0.0,0.0,0.0
8504,1.0,0.0,0.0,0.0,0.0,0.0,0.0,2652.0038182279,0.0,0.0,0.0
8505,1.0,25.1994108202972,0.0,0.0,0.0,0.0,0.0,2649.35181440967,0.0,0.0,0.0
8506,1.0,5.72717746057277,0.0,0.0,0.0,0.0,0.0,2646.70246259526,0.0,0.0,0.0
8507,1.0,34.1420705525869,0.0,0.0,0.0,0.0,0.0,2644.05576013266,0.0,0.0,0.0
8508,1.0,67.2827778006122,0.0,0.0,208.745247549496,206.657795074001,0.0,2848.06949944653,0.0,0.0,0.0
8509,1.0,86.0854947998182,0.0,0.0,626.335233353624,620.071881020088,0.0,3465.29331096717,0.0,0.0,0.0
8510,1.0,73.7791302096738,0.0,0.0,502.978786066617,497.948998205951,0.0,3959.77701586216,0.0,0.0,0.0
8511,1.0,54.5076573192156,0.0,0.0,368.85215504768,365.163633497203,0.0,4320.9808723435,0.0,0.0,0.0
8512,1.0,7.26583182848712,0.0,0.0,0.0,0.0,0.0,4316.65989147115,0.0,0.0,0.0
8513,2.0,0.0,0.0,0.0,0.0,0.0,250.0,4059.81797905443,100.0,0.0,0.0
8514,2.0,0.0,0.0,0.0,0.0,0.0,250.0,3803.23290855012,100.0,0.0,0.0
8515,2.0,0.0,0.0,0.0,0.0,0.0,250.0,3546.90442311632,100.0,0.0,0.0
8516,2.0,0.0,0.0,0.0,0.0,0.0,250.0,3290.83226616795,100.0,0.0,0.0
8517,2.0,0.0,0.0,0.0,0.0,0.0,250.0,3035.01618137653,100.0,0.0,0.0
8518,2.0,0.0,0.0,0.0,0.0,0.0,250.0,2779.4559126699,100.0,0.0,0.0
8519,2.0,0.0,0.0,0.0,0.0,0.0,250.0,2524.15120423198,100.0,0.0,0.0
8520,0.5,0.0,0.0,0.0,0.0,0.0,0.0,2521.62705302775,0.0,0.0,0.0
8521,0.5,0.0,0.0,0.0,0.0,0.0,0.0,2519.10542597472,0.0,0.0,0.0
8522,0.5,0.0,0.0,0.0,0.0,0.0,0.0,2516.58632054874,0.0,0.0,0.0
8523,0.5,0.0,0.0,0.0,0.0,0.0,0.0,2514.06973422819,0.0,0.0,0.0
8524,0.5,0.0,0.0,0.0,0.0,0.0,0.0,2511.55566449397,0.0,0.0,0.0
8525,1.0,0.0,0.0,0.0,0.0,0.0,0.0,2509.04410882947,0.0,0.0,0.0
8526,1.0,0.0,0.0,0.0,0.0,0.0,0.0,2506.53506472064,0.0,0.0,0.0
8527,1.0,0.0,0.0,0.0,0.0,0.0,0.0,2504.02852965592,0.0,0.0,0.0
8528,1.0,0.0,0.0,0.0,0.0,0.0,0.0,2501.52450112627,0.0,0.0,0.0
8529,1.0,22.6101122768764,0.0,0.0,0.0,0.0,0.0,2499.02297662514,0.0,0.0,0.0
8530,1.0,39.4257419275649,0.0,0.0,0.0,0.0,0.0,2496.52395364851,0.0,0.0,0.0
8531,1.0,56.2173724911193,0.0,0.0,229.132868619684,226.841539933488,0.0,2720.86896962835,0.0,0.0,0.0
8532,1.0,50.2951217832369,0.0,0.0,0.0,0.0,0.0,2718.14810065873,0.0,0.0,0.0
8533,1.0,56.1877676881912,0.0,0.0,29.9646392304195,29.6649928381153,0.0,2745.09494539618,0.0,0.0,0.0
8534,1.0,15.3495513474457,0.0,0.0,0.0,0.0,0.0,2742.34985045079,0.0,0.0,0.0
8535,1.0,38.9410064100832,0.0,0.0,0.0,0.0,0.0,2739.60750060033,0.0,0.0,0.0
8536,1.0,34.3928472012343,0.0,0.0,261.233666880522,258.621330211717,0.0,2995.48922331145,0.0,0.0,0.0
8537,2.0,0.0,0.0,0.0,0.0,0.0,250.0,2739.96848156289,100.0,0.0,0.0
8538,2.0,0.0,0.0,0.0,0.0,0.0,250.0,2484.70326055607,100.0,0.0,0.0
8539,2.0,0.0,0.0,0.0,0.0,0.0,250.0,2229.69330477026,100.0,0.0,0.0
8540,2.0,0.0,0.0,0.0,0.0,0.0,250.0,1974.93835894024,100.0,0.0,0.0
8541,2.0,0.0,0.0,0.0,0.0,0.0,250.0,1720.43816805605,100.0,0.0,0.0
8542,2.0,0.0,0.0,0.0,0.0,0.0,250.0,1466.19247736274,100.0,0.0,0.0
8543,2.0,0.0,0.0,0.0,0.0,0.0,250.0,1212.20103236012,100.0,0.0,0.0
8544,0.5,0.0,0.0,0.0,0.0,0.0,0.0,1210.98883132776,0.0,0.0,0.0
8545,0.5,0.0,0.0,0.0,0.0,0.0,0.0,1209.77784249644,0.0,0.0,0.0
8546,0.5,0.0,0.0,0.0,0.0,0.0,0.0,1208.56806465394,0.0,0.0,0.0
8547,0.5,0.0,0.0,0.0,0.0,0.0,0.0,1207.35949658929,0.0,0.0,0.0
8548,0.5,0.0,0.0,0.0,0.0,0.0,0.0,1206.1521370927,0.0,0.0,0.0
8549,1.0,0.0,0.0,0.0,0.0,0.0,0.0,1204.9459849556,0.0,0.0,0.0
8550,1.0,0.0,0.0,0.0,0.0,0.0,0.0,1203.74103897065,0.0,0.0,0.0
8551,1.0,0.0,0.0,0.0,0.0,0.0,0.0,1202.53729793168,0.0,0.0,0.0
8552,1.0,0.0,0.0,0.0,0.0,0.0,0.0,1201.33476063375,0.0,0.0,0.0
8553,1.0,20.0077377751497,0.0,0.0,0.0,0.0,0.0,1200.13342587311,0.0,0.0,0.0
8554,1.0,40.7878438095885,0.0,0.0,0.0,0.0,0.0,1198.93329244724,0.0,0.0,0.0
8555,1.0,43.0349530686431,0.0,0.0,0.0,0.0,0.0,1197.73435915479,0.0,0.0,0.0
8556,1.0,81.9418674594973,0.0,0.0,293.681653114199,290.744836583057,0.0,1487.28146137869,0.0,0.0,0.0
8557,1.0,71.4682749993911,0.0,0.0,399.65944448311,395.662850038279,0.0,1881.45702995559,0.0,0.0,0.0
8558,1.0,56.2746690041448,0.0,0.0,264.629168882066,261.982877193246,0.0,2141.55845011888,0.0,0.0,0.0
8559,1.0,21.4880730259397,0.0,0.0,0.0,0.0,0.0,2139.41689166877,0.0,0.0,0.0
8560,1.0,3.67361783808036,0.0,0.0,0.0,0.0,0.0,2137.2774747771,0.0,0.0,0.0
8561,2.0,0.0,0.0,0.0,0.0,0.0,250.0,1882.61494477707,100.0,0.0,0.0
8562,2.0,0.0,0.0,0.0,0.0,0.0,250.0,1628.20707730704,100.0,0.0,0.0
8563,2.0,0.0,0.0,0.0,0.0,0.0,250.0,1374.05361770448,100.0,0.0,0.0
8564,2.0,0.0,0.0,0.0,0.0,0.0,250.0,1120.15431156152,100.0,0.0,0.0
8565,2.0,0.0,0.0,0.0,0.0,0.0,250.0,866.508904724707,100.0,0.0,0.0
8566,2.0,0.0,0.0,0.0,0.0,0.0,250.0,613.11714329473,100.0,0.0,0.0
8567,2.0,0.0,0.0,0.0,0.0,0.0,250.0,359.978773626183,100.0,0.0,0.0
8568,0.5,0.0,0.0,0.0,0.0,0.0,0.0,359.618794852557,0.0,0.0,0.0
8569,0.5,0.0,0.0,0.0,0.0,0.0,0.0,359.259176057704,0.0,0.0,0.0
8570,0.5,0.0,0.0,0.0,0.0,0.0,0.0,358.899916881646,0.0,0.0,0.0
8571,0.5,0.0,0.0,0.0,0.0,0.0,0.0,358.541016964765,0.0,0.0,0.0
8572,0.5,0.0,0.0,0.0,0.0,0.0,0.0,358.1824759478,0.0,0.0,0.0
8573,1.0,0.0,0.0,0.0,0.0,0.0,0.0,357.824293471852,0.0,0.0,0.0
8574,1.0,0.0,0.0,0.0,0.0,0.0,0.0,357.46646917838,0.0,0.0,0.0
8575,1.0,0.0,0.0,0.0,0.0,0.0,0.0,357.109002709202,0.0,0.0,0.0
8576,1.0,0.0,0.0,0.0,0.0,0.0,0.0,356.751893706493,0.0,0.0,0.0
8577,1.0,9.5238586121781,0.0,0.0,0.0,0.0,0.0,356.395141812786,0.0,0.0,0.0
8578,1.0,12.1375131364173,0.0,0.0,0.0,0.0,0.0,356.038746670973,0.0,0.0,0.0
8579,1.0,19.0047789867116,0.0,0.0,0.0,0.0,0.0,355.682707924302,0.0,0.0,0.0
8580,1.0,16.80629846057,0.0,0.0,0.0,0.0,0.0,355.327025216378,0.0,0.0,0.0
8581,1.0,51.6920047440057,0.0,0.0,0.0,0.0,0.0,354.971698191162,0.0,0.0,0.0
8582,1.0,17.8814667176703,0.0,0.0,0.0,0.0,0.0,354.616726492971,0.0,0.0,0.0
8583,1.0,8.98248722788099,0.0,0.0,0.0,0.0,0.0,354.262109766478,0.0,0.0,0.0
8584,1.0,7.50209537652188,0.0,0.0,0.0,0.0,0.0,353.907847656711,0.0,0.0,0.0
8585,2.0,0.0,0.0,0.0,0.0,0.0,250.0,101.028687283802,100.0,0.0,0.0
8586,2.0,0.0,0.0,0.0,0.0,0.0,99.918382010553,0.0,39.96735280422121,0.0,0.0
8587,2.0,0.0,0.0,0.0,0.0,0.0,0.0,0.0,0.0,0.0,0.0
8588,2.0,0.0,0.0,0.0,0.0,0.0,0.0,0.0,0.0,0.0,0.0
8589,2.0,0.0,0.0,0.0,0.0,0.0,0.0,0.0,0.0,0.0,0.0
8590,2.0,0.0,0.0,0.0,0.0,0.0,0.0,0.0,0.0,0.0,0.0
8591,2.0,0.0,0.0,0.0,0.0,0.0,0.0,0.0,0.0,0.0,0.0
8592,0.5,0.0,0.0,0.0,0.0,0.0,0.0,0.0,0.0,0.0,0.0
8593,0.5,0.0,0.0,0.0,0.0,0.0,0.0,0.0,0.0,0.0,0.0
8594,0.5,0.0,0.0,0.0,0.0,0.0,0.0,0.0,0.0,0.0,0.0
8595,0.5,0.0,0.0,0.0,0.0,0.0,0.0,0.0,0.0,0.0,0.0
8596,0.5,0.0,0.0,0.0,0.0,0.0,0.0,0.0,0.0,0.0,0.0
8597,1.0,0.0,0.0,0.0,0.0,0.0,0.0,0.0,0.0,0.0,0.0
8598,1.0,0.0,0.0,0.0,0.0,0.0,0.0,0.0,0.0,0.0,0.0
8599,1.0,0.0,0.0,0.0,0.0,0.0,0.0,0.0,0.0,0.0,0.0
8600,1.0,0.0,0.0,0.0,0.0,0.0,0.0,0.0,0.0,0.0,0.0
8601,1.0,21.5267627658453,0.0,0.0,0.0,0.0,0.0,0.0,0.0,0.0,0.0
8602,1.0,38.0595883211713,0.0,0.0,0.0,0.0,0.0,0.0,0.0,0.0,0.0
8603,1.0,18.6513071774307,0.0,0.0,0.0,0.0,0.0,0.0,0.0,0.0,0.0
8604,1.0,33.3871678515197,0.0,0.0,0.0,0.0,0.0,0.0,0.0,0.0,0.0
8605,1.0,33.1906628158714,0.0,0.0,0.0,0.0,0.0,0.0,0.0,0.0,0.0
8606,1.0,35.2801815079799,0.0,0.0,0.0,0.0,0.0,0.0,0.0,0.0,0.0
8607,1.0,22.8263184411001,0.0,0.0,0.0,0.0,0.0,0.0,0.0,0.0,0.0
8608,1.0,34.4501570905555,0.0,0.0,196.838591636828,194.87020572046,0.0,194.87020572046,0.0,0.0,0.0
8609,2.0,0.0,0.0,0.0,0.0,0.0,192.728582159592,0.0,77.09143286383681,0.0,0.0
8610,2.0,0.0,0.0,0.0,0.0,0.0,0.0,0.0,0.0,0.0,0.0
8611,2.0,0.0,0.0,0.0,0.0,0.0,0.0,0.0,0.0,0.0,0.0
8612,2.0,0.0,0.0,0.0,0.0,0.0,0.0,0.0,0.0,0.0,0.0
8613,2.0,0.0,0.0,0.0,0.0,0.0,0.0,0.0,0.0,0.0,0.0
8614,2.0,0.0,0.0,0.0,0.0,0.0,0.0,0.0,0.0,0.0,0.0
8615,2.0,0.0,0.0,0.0,0.0,0.0,0.0,0.0,0.0,0.0,0.0
8616,0.5,0.0,0.0,0.0,0.0,0.0,0.0,0.0,0.0,0.0,0.0
8617,0.5,0.0,0.0,0.0,0.0,0.0,0.0,0.0,0.0,0.0,0.0
8618,0.5,0.0,0.0,0.0,0.0,0.0,0.0,0.0,0.0,0.0,0.0
8619,0.5,0.0,0.0,0.0,0.0,0.0,0.0,0.0,0.0,0.0,0.0
8620,0.5,0.0,0.0,0.0,0.0,0.0,0.0,0.0,0.0,0.0,0.0
8621,1.0,0.0,0.0,0.0,0.0,0.0,0.0,0.0,0.0,0.0,0.0
8622,1.0,0.0,0.0,0.0,0.0,0.0,0.0,0.0,0.0,0.0,0.0
8623,1.0,0.0,0.0,0.0,0.0,0.0,0.0,0.0,0.0,0.0,0.0
8624,1.0,0.0,0.0,0.0,0.0,0.0,0.0,0.0,0.0,0.0,0.0
8625,1.0,22.4859475287493,0.0,0.0,0.0,0.0,0.0,0.0,0.0,0.0,0.0
8626,1.0,10.41787032932,0.0,0.0,0.0,0.0,0.0,0.0,0.0,0.0,0.0
8627,1.0,36.7451847289795,0.0,0.0,0.0,0.0,0.0,0.0,0.0,0.0,0.0
8628,1.0,27.3043178227671,0.0,0.0,0.0,0.0,0.0,0.0,0.0,0.0,0.0
8629,1.0,21.5047261267543,0.0,0.0,0.0,0.0,0.0,0.0,0.0,0.0,0.0
8630,1.0,17.7885040393178,0.0,0.0,0.0,0.0,0.0,0.0,0.0,0.0,0.0
8631,1.0,8.60887822433306,0.0,0.0,0.0,0.0,0.0,0.0,0.0,0.0,0.0
8632,1.0,4.8080155619391,0.0,0.0,0.0,0.0,0.0,0.0,0.0,0.0,0.0
8633,2.0,0.0,0.0,0.0,0.0,0.0,0.0,0.0,0.0,0.0,0.0
8634,2.0,0.0,0.0,0.0,0.0,0.0,0.0,0.0,0.0,0.0,0.0
8635,2.0,0.0,0.0,0.0,0.0,0.0,0.0,0.0,0.0,0.0,0.0
8636,2.0,0.0,0.0,0.0,0.0,0.0,0.0,0.0,0.0,0.0,0.0
8637,2.0,0.0,0.0,0.0,0.0,0.0,0.0,0.0,0.0,0.0,0.0
8638,2.0,0.0,0.0,0.0,0.0,0.0,0.0,0.0,0.0,0.0,0.0
8639,2.0,0.0,0.0,0.0,0.0,0.0,0.0,0.0,0.0,0.0,0.0
8640,0.5,0.0,0.0,0.0,0.0,0.0,0.0,0.0,0.0,0.0,0.0
8641,0.5,0.0,0.0,0.0,0.0,0.0,0.0,0.0,0.0,0.0,0.0
8642,0.5,0.0,0.0,0.0,0.0,0.0,0.0,0.0,0.0,0.0,0.0
8643,0.5,0.0,0.0,0.0,0.0,0.0,0.0,0.0,0.0,0.0,0.0
8644,0.5,0.0,0.0,0.0,0.0,0.0,0.0,0.0,0.0,0.0,0.0
8645,1.0,0.0,0.0,0.0,0.0,0.0,0.0,0.0,0.0,0.0,0.0
8646,1.0,0.0,0.0,0.0,0.0,0.0,0.0,0.0,0.0,0.0,0.0
8647,1.0,0.0,0.0,0.0,0.0,0.0,0.0,0.0,0.0,0.0,0.0
8648,1.0,0.0,0.0,0.0,0.0,0.0,0.0,0.0,0.0,0.0,0.0
8649,1.0,18.4201799995541,0.0,0.0,0.0,0.0,0.0,0.0,0.0,0.0,0.0
8650,1.0,46.5356750988136,0.0,0.0,99.2859311775444,98.2930718657689,0.0,98.2930718657689,0.0,0.0,0.0
8651,1.0,53.8575940678921,0.0,0.0,219.119379056594,216.928185266028,0.0,315.122964059931,0.0,0.0,0.0
8652,1.0,85.146334998515,0.0,0.0,601.770299600829,595.752596604821,0.0,910.560437700692,0.0,0.0,0.0
8653,1.0,74.5789657601197,0.0,0.0,408.330167570068,404.246865894367,0.0,1313.89674315736,0.0,0.0,0.0
8654,1.0,79.7228309158146,0.0,0.0,538.256412171705,532.873848049988,0.0,1845.45669446419,0.0,0.0,0.0
8655,1.0,60.594101382092,0.0,0.0,413.857640062867,409.719063662238,0.0,2253.33030143196,0.0,0.0,0.0
8656,1.0,37.780439300041,0.0,0.0,297.693073765463,294.716143027808,0.0,2545.79311415834,0.0,0.0,0.0
8657,2.0,0.0,0.0,0.0,0.0,0.0,250.0,2290.72206851893,100.0,0.0,0.0
8658,2.0,0.0,0.0,0.0,0.0,0.0,250.0,2035.90609392516,100.0,0.0,0.0
8659,2.0,0.0,0.0,0.0,0.0,0.0,250.0,1781.34493530598,100.0,0.0,0.0
8660,2.0,0.0,0.0,0.0,0.0,0.0,250.0,1527.03833784542,100.0,0.0,0.0
8661,2.0,0.0,0.0,0.0,0.0,0.0,250.0,1272.98604698232,100.0,0.0,0.0
8662,2.0,0.0,0.0,0.0,0.0,0.0,250.0,1019.18780841009,100.0,0.0,0.0
8663,2.0,0.0,0.0,0.0,0.0,0.0,250.0,765.643368076425,100.0,0.0,0.0
8664,0.5,0.0,0.0,0.0,0.0,0.0,0.0,764.877724708349,0.0,0.0,0.0
8665,0.5,0.0,0.0,0.0,0.0,0.0,0.0,764.112846983641,0.0,0.0,0.0
8666,0.5,0.0,0.0,0.0,0.0,0.0,0.0,763.348734136657,0.0,0.0,0.0
8667,0.5,0.0,0.0,0.0,0.0,0.0,0.0,762.58538540252,0.0,0.0,0.0
8668,0.5,0.0,0.0,0.0,0.0,0.0,0.0,761.822800017118,0.0,0.0,0.0
8669,1.0,0.0,0.0,0.0,0.0,0.0,0.0,761.060977217101,0.0,0.0,0.0
8670,1.0,0.0,0.0,0.0,0.0,0.0,0.0,760.299916239884,0.0,0.0,0.0
8671,1.0,0.0,0.0,0.0,0.0,0.0,0.0,759.539616323644,0.0,0.0,0.0
8672,1.0,0.0,0.0,0.0,0.0,0.0,0.0,758.78007670732,0.0,0.0,0.0
8673,1.0,18.6240840289246,0.0,0.0,0.0,0.0,0.0,758.021296630613,0.0,0.0,0.0
8674,1.0,25.8636595516032,0.0,0.0,0.0,0.0,0.0,757.263275333982,0.0,0.0,0.0
8675,1.0,40.7874888176325,0.0,0.0,0.0,0.0,0.0,756.506012058648,0.0,0.0,0.0
8676,1.0,33.4301775571946,0.0,0.0,0.0,0.0,0.0,755.749506046589,0.0,0.0,0.0
8677,1.0,44.1884338038498,0.0,0.0,0.0,0.0,0.0,754.993756540543,0.0,0.0,0.0
8678,1.0,59.7632336826242,0.0,0.0,203.289933481281,201.257034146468,0.0,955.49579693047,0.0,0.0,0.0
8679,1.0,25.2116208032967,0.0,0.0,0.0,0.0,0.0,954.54030113354,0.0,0.0,0.0
8680,1.0,19.9002328861904,0.0,0.0,0.0,0.0,0.0,953.585760832406,0.0,0.0,0.0
8681,2.0,0.0,0.0,0.0,0.0,0.0,250.0,700.106922546321,100.0,0.0,0.0
8682,2.0,0.0,0.0,0.0,0.0,0.0,250.0,446.881563098522,100.0,0.0,0.0
8683,2.0,0.0,0.0,0.0,0.0,0.0,250.0,193.909429010171,100.0,0.0,0.0
8684,2.0,0.0,0.0,0.0,0.0,0.0,191.778364385349,0.0,76.7113457541396,0.0,0.0
8685,2.0,0.0,0.0,0.0,0.0,0.0,0.0,0.0,0.0,0.0,0.0
8686,2.0,0.0,0.0,0.0,0.0,0.0,0.0,0.0,0.0,0.0,0.0
8687,2.0,0.0,0.0,0.0,0.0,0.0,0.0,0.0,0.0,0.0,0.0
8688,0.5,0.0,0.0,0.0,0.0,0.0,0.0,0.0,0.0,0.0,0.0
8689,0.5,0.0,0.0,0.0,0.0,0.0,0.0,0.0,0.0,0.0,0.0
8690,0.5,0.0,0.0,0.0,0.0,0.0,0.0,0.0,0.0,0.0,0.0
8691,0.5,0.0,0.0,0.0,0.0,0.0,0.0,0.0,0.0,0.0,0.0
8692,0.5,0.0,0.0,0.0,0.0,0.0,0.0,0.0,0.0,0.0,0.0
8693,1.0,0.0,0.0,0.0,0.0,0.0,0.0,0.0,0.0,0.0,0.0
8694,1.0,0.0,0.0,0.0,0.0,0.0,0.0,0.0,0.0,0.0,0.0
8695,1.0,0.0,0.0,0.0,0.0,0.0,0.0,0.0,0.0,0.0,0.0
8696,1.0,0.0,0.0,0.0,0.0,0.0,0.0,0.0,0.0,0.0,0.0
8697,1.0,14.4423814023462,0.0,0.0,0.0,0.0,0.0,0.0,0.0,0.0,0.0
8698,1.0,22.3767092269175,0.0,0.0,0.0,0.0,0.0,0.0,0.0,0.0,0.0
8699,1.0,37.8081439497877,0.0,0.0,0.0,0.0,0.0,0.0,0.0,0.0,0.0
8700,1.0,83.2585485012515,0.0,41.8536287468712,432.197740711017,427.875763303907,0.0,427.875763303907,16.741451498748482,0.0,0.0
8701,1.0,87.3614560759915,0.0,31.5963598100213,607.937566902017,601.858191232997,0.0,1029.3060787736,12.638543924008522,0.0,0.0
8702,1.0,78.6405534915883,0.0,53.3986162710293,502.552730396368,497.527203092404,0.0,1525.80397578723,21.35944650841172,0.0,0.0
8703,1.0,63.6885735987534,0.0,90.7785660031165,378.421537420528,374.637322046322,0.0,1898.91549385777,36.3114264012466,0.0,0.0
8704,1.0,37.8350220872481,0.0,155.41244478188,142.114966572808,140.69381690708,0.0,2037.71039527099,62.164977912752,0.0,0.0
8705,2.0,0.0,0.0,0.0,0.0,0.0,250.0,1783.14743235046,100.0,0.0,0.0
8706,2.0,0.0,0.0,0.0,0.0,0.0,250.0,1528.83903239286,100.0,0.0,0.0
8707,2.0,0.0,0.0,0.0,0.0,0.0,250.0,1274.78494083522,100.0,0.0,0.0
8708,2.0,0.0,0.0,0.0,0.0,0.0,250.0,1020.98490336913,100.0,0.0,0.0
8709,2.0,0.0,0.0,0.0,0.0,0.0,250.0,767.438665940507,100.0,0.0,0.0
8710,2.0,0.0,0.0,0.0,0.0,0.0,250.0,514.145974749314,100.0,0.0,0.0
8711,2.0,0.0,0.0,0.0,0.0,0.0,250.0,261.106576249312,100.0,0.0,0.0
8712,0.5,0.0,0.0,0.0,0.0,0.0,0.0,260.845469673063,0.0,0.0,0.0
8713,0.5,0.0,0.0,0.0,0.0,0.0,0.0,260.58462420339,0.0,0.0,0.0
8714,0.5,0.0,0.0,0.0,0.0,0.0,0.0,260.324039579186,0.0,0.0,0.0
8715,0.5,0.0,0.0,0.0,0.0,0.0,0.0,260.063715539607,0.0,0.0,0.0
8716,0.5,0.0,0.0,0.0,0.0,0.0,0.0,259.803651824067,0.0,0.0,0.0
8717,1.0,0.0,0.0,0.0,0.0,0.0,131.337076299586,126.880134738319,52.5348305198344,0.0,0.0
8718,1.0,0.0,0.0,0.0,0.0,0.0,0.0,126.75325460358,0.0,0.0,0.0
8719,1.0,0.0,0.0,0.0,0.0,0.0,0.0,126.626501348977,0.0,0.0,0.0
8720,1.0,0.0,0.0,0.0,0.0,0.0,0.0,126.499874847628,0.0,0.0,0.0
8721,1.0,17.793399676257,0.0,0.0,0.0,0.0,0.0,126.37337497278,0.0,0.0,0.0
8722,1.0,47.9952507818701,0.0,130.011873045325,10.6642879485184,10.5576450690332,0.0,136.80464666684,52.00474921813,0.0,0.0
8723,1.0,72.9968803409985,0.0,67.5077991475037,528.452523795378,523.167998557424,0.0,659.835840577598,27.003119659001484,0.0,0.0
8724,1.0,83.934813802613,0.0,40.1629654934676,621.96661954629,615.746953350827,0.0,1274.92295808785,16.065186197387042,0.0,0.0
8725,1.0,84.4466981330975,0.0,38.8832546672563,604.044285282983,598.003842430153,0.0,1871.65187755991,15.553301866902522,0.0,0.0
8726,1.0,78.1021088894743,0.0,54.7447277763143,536.871594811375,531.502878863261,0.0,2401.28310454561,21.89789111052572,0.0,0.0
8727,1.0,63.2818541135774,0.0,91.7953647160566,395.00370250763,391.053665482554,0.0,2789.93548692362,36.71814588642264,0.0,0.0
8728,1.0,38.2818207807662,0.0,154.295448048084,153.724287811308,152.187044933195,0.0,2939.33259636989,61.718179219233605,0.0,0.0
8729,2.0,0.0,0.0,0.0,0.0,0.0,250.0,2683.86801124827,100.0,0.0,0.0
8730,2.0,0.0,0.0,0.0,0.0,0.0,250.0,2428.65889071177,100.0,0.0,0.0
8731,2.0,0.0,0.0,0.0,0.0,0.0,250.0,2173.7049792958,100.0,0.0,0.0
8732,2.0,0.0,0.0,0.0,0.0,0.0,250.0,1919.00602179126,100.0,0.0,0.0
8733,2.0,0.0,0.0,0.0,0.0,0.0,250.0,1664.56176324421,100.0,0.0,0.0
8734,2.0,0.0,0.0,0.0,0.0,0.0,250.0,1410.37194895572,100.0,0.0,0.0
8735,2.0,0.0,0.0,0.0,0.0,0.0,250.0,1156.43632448151,100.0,0.0,0.0
8736,0.5,0.0,0.0,0.0,0.0,0.0,0.0,1155.27988815703,0.0,0.0,0.0
8737,0.5,0.0,0.0,0.0,0.0,0.0,0.0,1154.12460826887,0.0,0.0,0.0
8738,0.5,0.0,0.0,0.0,0.0,0.0,0.0,1152.9704836606,0.0,0.0,0.0
8739,0.5,0.0,0.0,0.0,0.0,0.0,0.0,1151.81751317694,0.0,0.0,0.0
8740,0.5,0.0,0.0,0.0,0.0,0.0,0.0,1150.66569566376,0.0,0.0,0.0
8741,1.0,0.0,0.0,0.0,0.0,0.0,0.0,1149.5150299681,0.0,0.0,0.0
8742,1.0,0.0,0.0,0.0,0.0,0.0,0.0,1148.36551493813,0.0,0.0,0.0
8743,1.0,0.0,0.0,0.0,0.0,0.0,0.0,1147.21714942319,0.0,0.0,0.0
8744,1.0,0.0,0.0,0.0,0.0,0.0,0.0,1146.06993227377,0.0,0.0,0.0
8745,1.0,18.3507430371412,0.0,0.0,0.0,0.0,0.0,1144.9238623415,0.0,0.0,0.0
8746,1.0,52.5718790316857,0.0,0.0,227.770521657848,225.492816441269,0.0,1369.27175492042,0.0,0.0,0.0
8747,1.0,71.8289515143765,0.0,0.0,582.482918698829,576.658089511841,0.0,1944.56057267734,0.0,0.0,0.0
8748,1.0,83.6872614187612,0.0,0.0,665.304256502566,658.651213937541,0.0,2601.26722604221,0.0,0.0,0.0
8749,1.0,83.8882776786375,0.0,0.0,612.433570319918,606.309234616719,0.0,3204.97519343288,0.0,0.0,0.0
8750,1.0,77.8350173675637,0.0,0.0,562.880844491453,557.252036046539,0.0,3759.02225428599,0.0,0.0,0.0
8751,1.0,64.0112494843044,0.0,0.0,483.896996879443,479.058026910648,0.0,4234.32125894235,0.0,0.0,0.0
8752,1.0,39.7251663471299,0.0,0.0,317.180842334599,314.009033911253,0.0,4544.09597159466,0.0,0.0,0.0
8753,2.0,0.0,0.0,0.0,0.0,0.0,250.0,4287.02662309782,100.0,0.0,0.0
8754,2.0,0.0,0.0,0.0,0.0,0.0,250.0,4030.21434394947,100.0,0.0,0.0
8755,2.0,0.0,0.0,0.0,0.0,0.0,250.0,3773.65887708026,100.0,0.0,0.0
8756,2.0,0.0,0.0,0.0,0.0,0.0,250.0,3517.35996567793,100.0,0.0,0.0
8757,2.0,0.0,0.0,0.0,0.0,0.0,250.0,3261.317353187,100.0,0.0,0.0
8758,2.0,0.0,0.0,0.0,0.0,0.0,250.0,3005.53078330856,100.0,0.0,0.0
8759,2.0,0.0,0.0,0.0,0.0,0.0,250.0,2750.0,100.0,0.0,0.0
