Hour,AC_kWh,POA_kWh/m2
1,-0.15630000000000002,0.0
2,-0.15630000000000002,0.0
3,-0.15630000000000002,0.0
4,-0.15630000000000002,0.0
5,-0.15630000000000002,0.0
6,-0.15630000000000002,0.0
7,-0.15630000000000002,0.0
8,-0.15630000000000002,0.0
9,-0.15630000000000002,0.0
10,14519.959387334871,189.36875723583773
11,42781.14058598009,420.2193936246103
12,59630.44527817593,587.9773725753018
13,68952.62769502011,687.9325696269008
14,71817.56048158849,718.3562612589843
15,66298.03271611915,659.5983895645975
16,51899.41911509002,510.84850758670063
17,24587.534977955875,241.6622481192962
18,-0.15630000000000002,0.0
19,-0.15630000000000002,0.0
20,-0.15630000000000002,0.0
21,-0.15630000000000002,0.0
22,-0.15630000000000002,0.0
23,-0.15630000000000002,0.0
24,-0.15630000000000002,0.0
25,-0.15630000000000002,0.0
26,-0.15630000000000002,0.0
27,-0.15630000000000002,0.0
28,-0.15630000000000002,0.0
29,-0.15630000000000002,0.0
30,-0.15630000000000002,0.0
31,-0.15630000000000002,0.0
32,-0.15630000000000002,0.0
33,-0.15630000000000002,0.0
34,7947.6364205817845,106.68520695276588
35,31429.48392468589,305.1965574949606
36,52079.45443870773,511.18648494117843
37,63143.942172239134,630.6793893596714
38,65644.78756381589,660.3648817339954
39,62359.03460414874,627.8557079560017
40,50762.17081596049,506.49713787731184
41,29940.65340657987,295.594011226782
42,-0.15630000000000002,0.0
43,-0.15630000000000002,0.0
44,-0.15630000000000002,0.0
45,-0.15630000000000002,0.0
46,-0.15630000000000002,0.0
47,-0.15630000000000002,0.0
48,-0.15630000000000002,0.0
49,-0.15630000000000002,0.0
50,-0.15630000000000002,0.0
51,-0.15630000000000002,0.0
52,-0.15630000000000002,0.0
53,-0.15630000000000002,0.0
54,-0.15630000000000002,0.0
55,-0.15630000000000002,0.0
56,-0.15630000000000002,0.0
57,-0.15630000000000002,0.0
58,15938.213951005408,212.91945125651134
59,16235.571100635507,160.28350002698667
60,25158.505891087538,246.29442202348253
61,22035.280046882042,217.17960385481345
62,17248.966249534722,171.52821723275935
63,20948.160839498098,208.14862937244757
64,19715.112512490272,196.31664744940173
65,10532.665520536124,107.13673210377053
66,-0.15630000000000002,0.0
67,-0.15630000000000002,0.0
68,-0.15630000000000002,0.0
69,-0.15630000000000002,0.0
70,-0.15630000000000002,0.0
71,-0.15630000000000002,0.0
72,-0.15630000000000002,0.0
73,-0.15630000000000002,0.0
74,-0.15630000000000002,0.0
75,-0.15630000000000002,0.0
76,-0.15630000000000002,0.0
77,-0.15630000000000002,0.0
78,-0.15630000000000002,0.0
79,-0.15630000000000002,0.0
80,-0.15630000000000002,0.0
81,-0.15630000000000002,0.0
82,9995.747494451,135.21140414553793
83,11812.912623207225,118.0617480453083
84,11491.126913966784,114.69682407337694
85,9524.6355616744,96.67910104111606
86,11412.381770282958,115.41361546018304
87,15488.372358493056,154.91462315407324
88,20698.580702762127,205.79945969502106
89,8047.70489402081,82.81902450607834
90,-0.15630000000000002,0.0
91,-0.15630000000000002,0.0
92,-0.15630000000000002,0.0
93,-0.15630000000000002,0.0
94,-0.15630000000000002,0.0
95,-0.15630000000000002,0.0
96,-0.15630000000000002,0.0
97,-0.15630000000000002,0.0
98,-0.15630000000000002,0.0
99,-0.15630000000000002,0.0
100,-0.15630000000000002,0.0
101,-0.15630000000000002,0.0
102,-0.15630000000000002,0.0
103,-0.15630000000000002,0.0
104,-0.15630000000000002,0.0
105,-0.15630000000000002,0.0
106,15183.763096654038,201.76620063232915
107,22336.373798320215,217.704288620162
108,17458.785534058483,169.91140257316653
109,39785.15029787008,385.82634549653477
110,42410.864446711756,413.4033468564782
111,11576.238142937464,115.52092020559296
112,17374.197249723642,170.97104076444313
113,4603.739965485879,48.45302325300038
114,-0.15630000000000002,0.0
115,-0.15630000000000002,0.0
116,-0.15630000000000002,0.0
117,-0.15630000000000002,0.0
118,-0.15630000000000002,0.0
119,-0.15630000000000002,0.0
120,-0.15630000000000002,0.0
121,-0.15630000000000002,0.0
122,-0.15630000000000002,0.0
123,-0.15630000000000002,0.0
124,-0.15630000000000002,0.0
125,-0.15630000000000002,0.0
126,-0.15630000000000002,0.0
127,-0.15630000000000002,0.0
128,-0.15630000000000002,0.0
129,-0.15630000000000002,0.0
130,6286.020923116869,85.62118515227753
131,8934.132630770173,88.75277429885146
132,10758.601779309709,105.39535191143835
133,10707.965124156945,105.32259536414003
134,9151.508980531959,90.52617837553271
135,6465.214315768771,64.93998281253118
136,6600.394583667622,65.81398016040359
137,4257.786325424891,43.877720423298996
138,-0.15630000000000002,0.0
139,-0.15630000000000002,0.0
140,-0.15630000000000002,0.0
141,-0.15630000000000002,0.0
142,-0.15630000000000002,0.0
143,-0.15630000000000002,0.0
144,-0.15630000000000002,0.0
145,-0.15630000000000002,0.0
146,-0.15630000000000002,0.0
147,-0.15630000000000002,0.0
148,-0.15630000000000002,0.0
149,-0.15630000000000002,0.0
150,-0.15630000000000002,0.0
151,-0.15630000000000002,0.0
152,-0.15630000000000002,0.0
153,-0.15630000000000002,0.0
154,18986.430971786795,242.36959434263264
155,7679.514050675021,75.52524536515041
156,21566.92068476965,203.26923346479884
157,38773.34890479279,367.011257980871
158,49587.8426403484,475.12634511719847
159,8066.852103951142,80.2702702675467
160,14904.548524004924,144.17460790268717
161,3677.353398031779,38.547493045448064
162,-0.15630000000000002,0.0
163,-0.15630000000000002,0.0
164,-0.15630000000000002,0.0
165,-0.15630000000000002,0.0
166,-0.15630000000000002,0.0
167,-0.15630000000000002,0.0
168,-0.15630000000000002,0.0
169,-0.15630000000000002,0.0
170,-0.15630000000000002,0.0
171,-0.15630000000000002,0.0
172,-0.15630000000000002,0.0
173,-0.15630000000000002,0.0
174,-0.15630000000000002,0.0
175,-0.15630000000000002,0.0
176,-0.15630000000000002,0.0
177,-0.15630000000000002,0.0
178,14611.895793556152,187.23176527962028
179,43732.4512350002,427.5738834295749
180,61047.59477905123,608.9409096604413
181,68912.75952918532,704.1414237662176
182,62845.0485119252,640.7197569601204
183,62489.873766903926,645.2688404155617
184,33627.74720869632,334.0990401644524
185,37273.737652934135,368.2048697624826
186,-0.15630000000000002,0.0
187,-0.15630000000000002,0.0
188,-0.15630000000000002,0.0
189,-0.15630000000000002,0.0
190,-0.15630000000000002,0.0
191,-0.15630000000000002,0.0
192,-0.15630000000000002,0.0
193,-0.15630000000000002,0.0
194,-0.15630000000000002,0.0
195,-0.15630000000000002,0.0
196,-0.15630000000000002,0.0
197,-0.15630000000000002,0.0
198,-0.15630000000000002,0.0
199,-0.15630000000000002,0.0
200,-0.15630000000000002,0.0
201,-0.15630000000000002,0.0
202,13149.354131008777,167.38209925297778
203,22226.002545886156,213.49351682165377
204,29816.650792353757,284.5198442915897
205,19341.51032992078,186.62320544916068
206,27052.36243722775,260.9579297312522
207,16689.800533916277,162.35227900380264
208,20788.297791340963,201.071432358562
209,13735.556499306045,134.3988746972264
210,-0.15630000000000002,0.0
211,-0.15630000000000002,0.0
212,-0.15630000000000002,0.0
213,-0.15630000000000002,0.0
214,-0.15630000000000002,0.0
215,-0.15630000000000002,0.0
216,-0.15630000000000002,0.0
217,-0.15630000000000002,0.0
218,-0.15630000000000002,0.0
219,-0.15630000000000002,0.0
220,-0.15630000000000002,0.0
221,-0.15630000000000002,0.0
222,-0.15630000000000002,0.0
223,-0.15630000000000002,0.0
224,-0.15630000000000002,0.0
225,-0.15630000000000002,0.0
226,16562.374739415496,211.13472164215915
227,37839.88105722007,366.0390624110423
228,40472.12601192661,388.2134220542779
229,40371.477275164245,388.88311170467955
230,45057.326176218114,436.5666715696889
231,35628.59283436917,345.44545774832653
232,22138.624452941796,215.6161137763137
233,21941.722436905377,214.49748366760167
234,-0.15630000000000002,0.0
235,-0.15630000000000002,0.0
236,-0.15630000000000002,0.0
237,-0.15630000000000002,0.0
238,-0.15630000000000002,0.0
239,-0.15630000000000002,0.0
240,-0.15630000000000002,0.0
241,-0.15630000000000002,0.0
242,-0.15630000000000002,0.0
243,-0.15630000000000002,0.0
244,-0.15630000000000002,0.0
245,-0.15630000000000002,0.0
246,-0.15630000000000002,0.0
247,-0.15630000000000002,0.0
248,-0.15630000000000002,0.0
249,-0.15630000000000002,0.0
250,14338.460648212067,178.34731190079953
251,40499.89235844012,387.6014396913588
252,13495.513747974992,130.81137277369993
253,5258.182137042632,54.37846593418182
254,74913.65727490828,738.6679898480565
255,71481.1371454712,704.5156779314169
256,58875.42709030105,574.5024788281653
257,27568.21072208962,267.23446395424423
258,-0.15630000000000002,0.0
259,-0.15630000000000002,0.0
260,-0.15630000000000002,0.0
261,-0.15630000000000002,0.0
262,-0.15630000000000002,0.0
263,-0.15630000000000002,0.0
264,-0.15630000000000002,0.0
265,-0.15630000000000002,0.0
266,-0.15630000000000002,0.0
267,-0.15630000000000002,0.0
268,-0.15630000000000002,0.0
269,-0.15630000000000002,0.0
270,-0.15630000000000002,0.0
271,-0.15630000000000002,0.0
272,-0.15630000000000002,0.0
273,-0.15630000000000002,0.0
274,14580.314062017846,180.50705565438992
275,40235.73812409085,394.95105294553065
276,59087.933980451875,594.6580582235334
277,69061.22090285206,710.7799774503738
278,68357.2188489263,709.8016296879784
279,64275.428765999575,671.8621719461946
280,58207.30329725459,597.2538146592029
281,7987.5530635510395,81.422376026016
282,-0.15630000000000002,0.0
283,-0.15630000000000002,0.0
284,-0.15630000000000002,0.0
285,-0.15630000000000002,0.0
286,-0.15630000000000002,0.0
287,-0.15630000000000002,0.0
288,-0.15630000000000002,0.0
289,-0.15630000000000002,0.0
290,-0.15630000000000002,0.0
291,-0.15630000000000002,0.0
292,-0.15630000000000002,0.0
293,-0.15630000000000002,0.0
294,-0.15630000000000002,0.0
295,-0.15630000000000002,0.0
296,-0.15630000000000002,0.0
297,-0.15630000000000002,0.0
298,12189.92165217235,150.14429740081098
299,30865.579163556602,298.7999169760409
300,45330.57666956962,438.8516538231984
301,48442.52153933217,472.1691238349428
302,19506.489692994706,190.7262998739468
303,25495.450894208017,248.19585041130813
304,31401.52899269195,304.9109874316999
305,6213.484762991219,63.25247491521013
306,-0.15630000000000002,0.0
307,-0.15630000000000002,0.0
308,-0.15630000000000002,0.0
309,-0.15630000000000002,0.0
310,-0.15630000000000002,0.0
311,-0.15630000000000002,0.0
312,-0.15630000000000002,0.0
313,-0.15630000000000002,0.0
314,-0.15630000000000002,0.0
315,-0.15630000000000002,0.0
316,-0.15630000000000002,0.0
317,-0.15630000000000002,0.0
318,-0.15630000000000002,0.0
319,-0.15630000000000002,0.0
320,-0.15630000000000002,0.0
321,-0.15630000000000002,0.0
322,17560.24199916373,212.20158100570686
323,30368.82755824956,293.78957399723095
324,22765.278480441495,219.909405468638
325,57420.912520603204,569.5628546339368
326,27114.49659483298,264.3600934734118
327,20677.516234200037,202.40679588432664
328,12232.003390393485,120.5996981371974
329,1109.0443983249957,13.995480211108422
330,-0.15630000000000002,0.0
331,-0.15630000000000002,0.0
332,-0.15630000000000002,0.0
333,-0.15630000000000002,0.0
334,-0.15630000000000002,0.0
335,-0.15630000000000002,0.0
336,-0.15630000000000002,0.0
337,-0.15630000000000002,0.0
338,-0.15630000000000002,0.0
339,-0.15630000000000002,0.0
340,-0.15630000000000002,0.0
341,-0.15630000000000002,0.0
342,-0.15630000000000002,0.0
343,-0.15630000000000002,0.0
344,-0.15630000000000002,0.0
345,-0.15630000000000002,0.0
346,16754.55315123105,198.12473683473678
347,45971.466738864816,443.2064335035357
348,64107.58764882471,628.2974907278249
349,74164.61402778741,744.7647188204304
350,75215.82,789.4108973277572
351,73745.7562492085,754.4231621243482
352,60710.0291897174,614.3311209668798
353,39659.70670507119,394.6435074589469
354,-0.15630000000000002,0.0
355,-0.15630000000000002,0.0
356,-0.15630000000000002,0.0
357,-0.15630000000000002,0.0
358,-0.15630000000000002,0.0
359,-0.15630000000000002,0.0
360,-0.15630000000000002,0.0
361,-0.15630000000000002,0.0
362,-0.15630000000000002,0.0
363,-0.15630000000000002,0.0
364,-0.15630000000000002,0.0
365,-0.15630000000000002,0.0
366,-0.15630000000000002,0.0
367,-0.15630000000000002,0.0
368,-0.15630000000000002,0.0
369,-0.15630000000000002,0.0
370,16587.05528017099,195.35701344610433
371,43631.37289739564,426.4932521953122
372,60978.98758213926,604.7371554890804
373,70358.37883957136,710.9583417036978
374,74922.21777228206,766.629615842673
375,70406.6661012332,719.3649125178855
376,57492.779588727666,580.416861622495
377,38779.01892065207,385.772695451878
378,-0.15630000000000002,0.0
379,-0.15630000000000002,0.0
380,-0.15630000000000002,0.0
381,-0.15630000000000002,0.0
382,-0.15630000000000002,0.0
383,-0.15630000000000002,0.0
384,-0.15630000000000002,0.0
385,-0.15630000000000002,0.0
386,-0.15630000000000002,0.0
387,-0.15630000000000002,0.0
388,-0.15630000000000002,0.0
389,-0.15630000000000002,0.0
390,-0.15630000000000002,0.0
391,-0.15630000000000002,0.0
392,-0.15630000000000002,0.0
393,-0.15630000000000002,0.0
394,21245.29068253288,249.21741455728272
395,31471.77512495769,305.4673016259016
396,51036.48683845697,501.24217964471
397,70392.53388959057,708.6758588427202
398,75215.82,764.9683449051795
399,71055.85872250992,717.5147860318981
400,60118.9367429478,601.5882975453275
401,39140.86704474111,386.07608032878267
402,-0.15630000000000002,0.0
403,-0.15630000000000002,0.0
404,-0.15630000000000002,0.0
405,-0.15630000000000002,0.0
406,-0.15630000000000002,0.0
407,-0.15630000000000002,0.0
408,-0.15630000000000002,0.0
409,-0.15630000000000002,0.0
410,-0.15630000000000002,0.0
411,-0.15630000000000002,0.0
412,-0.15630000000000002,0.0
413,-0.15630000000000002,0.0
414,-0.15630000000000002,0.0
415,-0.15630000000000002,0.0
416,-0.15630000000000002,0.0
417,-0.15630000000000002,0.0
418,16879.456785907783,195.1433013741476
419,42849.28897297009,424.3476309727318
420,58328.03206540525,593.8329615022111
421,67229.24148974672,697.9820312573453
422,72806.0904282042,759.788051087385
423,68814.62847564841,712.4582320938385
424,42175.999773341784,424.8519167719275
425,39897.54138271292,399.54760054012877
426,-0.15630000000000002,0.0
427,-0.15630000000000002,0.0
428,-0.15630000000000002,0.0
429,-0.15630000000000002,0.0
430,-0.15630000000000002,0.0
431,-0.15630000000000002,0.0
432,-0.15630000000000002,0.0
433,-0.15630000000000002,0.0
434,-0.15630000000000002,0.0
435,-0.15630000000000002,0.0
436,-0.15630000000000002,0.0
437,-0.15630000000000002,0.0
438,-0.15630000000000002,0.0
439,-0.15630000000000002,0.0
440,-0.15630000000000002,0.0
441,-0.15630000000000002,0.0
442,21943.936111255072,250.6522052217069
443,44022.66059890511,435.1889394856158
444,60295.622076892294,608.9303286271692
445,68250.03368480547,693.000501360098
446,74207.55581884657,756.8398537463783
447,69649.67405159186,708.3697525116141
448,59696.41249444663,601.6362016312761
449,40066.23255682844,398.6981626520409
450,-0.15630000000000002,0.0
451,-0.15630000000000002,0.0
452,-0.15630000000000002,0.0
453,-0.15630000000000002,0.0
454,-0.15630000000000002,0.0
455,-0.15630000000000002,0.0
456,-0.15630000000000002,0.0
457,-0.15630000000000002,0.0
458,-0.15630000000000002,0.0
459,-0.15630000000000002,0.0
460,-0.15630000000000002,0.0
461,-0.15630000000000002,0.0
462,-0.15630000000000002,0.0
463,-0.15630000000000002,0.0
464,-0.15630000000000002,0.0
465,-0.15630000000000002,0.0
466,16874.996702940247,191.9794024755701
467,38633.84772291248,380.8356703214467
468,55443.56798462238,553.9468285337756
469,62115.58527112411,627.9890543968745
470,60134.824140804616,609.8702242358386
471,40752.13114417456,409.300924913712
472,49698.97786590966,500.7695767927852
473,43704.665276599,438.203962818984
474,-0.15630000000000002,0.0
475,-0.15630000000000002,0.0
476,-0.15630000000000002,0.0
477,-0.15630000000000002,0.0
478,-0.15630000000000002,0.0
479,-0.15630000000000002,0.0
480,-0.15630000000000002,0.0
481,-0.15630000000000002,0.0
482,-0.15630000000000002,0.0
483,-0.15630000000000002,0.0
484,-0.15630000000000002,0.0
485,-0.15630000000000002,0.0
486,-0.15630000000000002,0.0
487,-0.15630000000000002,0.0
488,-0.15630000000000002,0.0
489,-0.15630000000000002,0.0
490,16859.125352640713,190.92292988927232
491,40900.333848734204,410.2751442029229
492,56462.580159259094,579.2829584300374
493,66430.2953777865,689.5730449226186
494,71816.90015184677,747.5542137580935
495,69532.53539925397,718.6010147599542
496,59322.69737292856,605.0291419480178
497,39662.68912130969,398.86652664510945
498,-0.15630000000000002,0.0
499,-0.15630000000000002,0.0
500,-0.15630000000000002,0.0
501,-0.15630000000000002,0.0
502,-0.15630000000000002,0.0
503,-0.15630000000000002,0.0
504,-0.15630000000000002,0.0
505,-0.15630000000000002,0.0
506,-0.15630000000000002,0.0
507,-0.15630000000000002,0.0
508,-0.15630000000000002,0.0
509,-0.15630000000000002,0.0
510,-0.15630000000000002,0.0
511,-0.15630000000000002,0.0
512,-0.15630000000000002,0.0
513,-0.15630000000000002,0.0
514,17427.506528802733,195.95652142575784
515,41874.34292901379,417.29216621021357
516,56528.26507999037,580.0971304981102
517,66111.64561788738,693.7117722171655
518,71155.27871407912,754.3308948801414
519,67984.50126420657,720.461139945315
520,58745.39096354746,613.1275782426168
521,38853.6166557945,395.90567166400723
522,-0.15630000000000002,0.0
523,-0.15630000000000002,0.0
524,-0.15630000000000002,0.0
525,-0.15630000000000002,0.0
526,-0.15630000000000002,0.0
527,-0.15630000000000002,0.0
528,-0.15630000000000002,0.0
529,-0.15630000000000002,0.0
530,-0.15630000000000002,0.0
531,-0.15630000000000002,0.0
532,-0.15630000000000002,0.0
533,-0.15630000000000002,0.0
534,-0.15630000000000002,0.0
535,-0.15630000000000002,0.0
536,-0.15630000000000002,0.0
537,-0.15630000000000002,0.0
538,21069.640326850265,230.6160706839174
539,36102.563967936556,353.954291873659
540,57312.66959366849,580.0107412583974
541,67884.30171643435,703.486567825183
542,72542.5618102642,759.2227741215961
543,67045.70840835685,699.2841842260583
544,59266.504417015516,612.490173589618
545,39744.827149521625,403.1389617407299
546,-0.15630000000000002,1.7466024656409576
547,-0.15630000000000002,0.0
548,-0.15630000000000002,0.0
549,-0.15630000000000002,0.0
550,-0.15630000000000002,0.0
551,-0.15630000000000002,0.0
552,-0.15630000000000002,0.0
553,-0.15630000000000002,0.0
554,-0.15630000000000002,0.0
555,-0.15630000000000002,0.0
556,-0.15630000000000002,0.0
557,-0.15630000000000002,0.0
558,-0.15630000000000002,0.0
559,-0.15630000000000002,0.0
560,-0.15630000000000002,0.0
561,-0.15630000000000002,0.0
562,17867.019120565456,196.65045700104685
563,42224.396443733836,423.4045424282027
564,57948.26875051253,595.6110670378948
565,71982.90254877615,755.3265928791494
566,72671.05682795771,764.2311589456174
567,71818.95645488457,755.1516365529828
568,61302.17057644397,636.370171069996
569,44980.41325736481,460.59288137527454
570,49.23507641807703,3.4938625100150627
571,-0.15630000000000002,0.0
572,-0.15630000000000002,0.0
573,-0.15630000000000002,0.0
574,-0.15630000000000002,0.0
575,-0.15630000000000002,0.0
576,-0.15630000000000002,0.0
577,-0.15630000000000002,0.0
578,-0.15630000000000002,0.0
579,-0.15630000000000002,0.0
580,-0.15630000000000002,0.0
581,-0.15630000000000002,0.0
582,-0.15630000000000002,0.0
583,-0.15630000000000002,0.0
584,-0.15630000000000002,0.0
585,-0.15630000000000002,0.0
586,20879.747459971633,226.32520930424397
587,11623.829495930842,115.28185473203627
588,18075.56230092911,177.14057141278474
589,46431.69741344538,455.55547051411844
590,61380.49094214726,610.6293687565491
591,57306.242785455484,569.9850096069941
592,19717.05913426651,195.07764219549176
593,4739.263641017792,49.97402106669549
594,-0.15630000000000002,0.8732818354370238
595,-0.15630000000000002,0.0
596,-0.15630000000000002,0.0
597,-0.15630000000000002,0.0
598,-0.15630000000000002,0.0
599,-0.15630000000000002,0.0
600,-0.15630000000000002,0.0
601,-0.15630000000000002,0.0
602,-0.15630000000000002,0.0
603,-0.15630000000000002,0.0
604,-0.15630000000000002,0.0
605,-0.15630000000000002,0.0
606,-0.15630000000000002,0.0
607,-0.15630000000000002,0.0
608,-0.15630000000000002,0.0
609,-0.15630000000000002,0.0
610,19151.430113180155,202.48895240119413
611,48397.82562946611,461.7004233841654
612,66890.19841062152,645.5249623961713
613,75215.82,757.7622889439348
614,72502.38936352769,713.2739227715424
615,60489.0331910404,592.2996332307001
616,57010.26699970628,556.7166024368853
617,27386.930109380395,265.7717093797249
618,313.20245739943186,6.116006013212344
619,-0.15630000000000002,0.0
620,-0.15630000000000002,0.0
621,-0.15630000000000002,0.0
622,-0.15630000000000002,0.0
623,-0.15630000000000002,0.0
624,-0.15630000000000002,0.0
625,-0.15630000000000002,0.0
626,-0.15630000000000002,0.0
627,-0.15630000000000002,0.0
628,-0.15630000000000002,0.0
629,-0.15630000000000002,0.0
630,-0.15630000000000002,0.0
631,-0.15630000000000002,0.0
632,-0.15630000000000002,0.0
633,-0.15630000000000002,0.0
634,20305.14031238499,214.61948206255866
635,46312.731993016525,441.6696755184081
636,55444.92279485523,530.1485761908448
637,44459.18103811338,427.19177322938805
638,53386.118823828234,518.8903585491867
639,16004.901140505373,157.12351504131962
640,19913.028583627514,194.5102417091206
641,43513.148602844616,423.1646471937548
642,-0.15630000000000002,2.620405051287348
643,-0.15630000000000002,0.0
644,-0.15630000000000002,0.0
645,-0.15630000000000002,0.0
646,-0.15630000000000002,0.0
647,-0.15630000000000002,0.0
648,-0.15630000000000002,0.0
649,-0.15630000000000002,0.0
650,-0.15630000000000002,0.0
651,-0.15630000000000002,0.0
652,-0.15630000000000002,0.0
653,-0.15630000000000002,0.0
654,-0.15630000000000002,0.0
655,-0.15630000000000002,0.0
656,-0.15630000000000002,0.0
657,-0.15630000000000002,0.0
658,21466.591849513465,226.6544405995734
659,16993.487232220978,164.11550712808102
660,62241.913280909874,607.2381089153794
661,43548.72065617578,423.76707531944436
662,74024.54233833801,734.8190059008232
663,74181.2292955044,736.6742621438036
664,57059.04448407524,561.3642100938184
665,45181.803121454526,441.959942541531
666,563.5084007271241,8.739537809856634
667,-0.15630000000000002,0.0
668,-0.15630000000000002,0.0
669,-0.15630000000000002,0.0
670,-0.15630000000000002,0.0
671,-0.15630000000000002,0.0
672,-0.15630000000000002,0.0
673,-0.15630000000000002,0.0
674,-0.15630000000000002,0.0
675,-0.15630000000000002,0.0
676,-0.15630000000000002,0.0
677,-0.15630000000000002,0.0
678,-0.15630000000000002,0.0
679,-0.15630000000000002,0.0
680,-0.15630000000000002,0.0
681,-0.15630000000000002,0.0
682,20316.38975175289,214.88352925678316
683,46197.89549876393,448.25795799114144
684,62222.5601458676,615.1748635817527
685,73487.51971323352,740.1390939255525
686,75215.82,778.886460691466
687,74390.41536845847,754.5848652725011
688,64105.25485097159,644.7233703221243
689,45286.13380185234,448.95918381130036
690,808.1945593551238,11.36416422376254
691,-0.15630000000000002,0.0
692,-0.15630000000000002,0.0
693,-0.15630000000000002,0.0
694,-0.15630000000000002,0.0
695,-0.15630000000000002,0.0
696,-0.15630000000000002,0.0
697,-0.15630000000000002,0.0
698,-0.15630000000000002,0.0
699,-0.15630000000000002,0.0
700,-0.15630000000000002,0.0
701,-0.15630000000000002,0.0
702,-0.15630000000000002,0.0
703,-0.15630000000000002,0.0
704,-0.15630000000000002,0.0
705,-0.15630000000000002,0.0
706,19471.775252244548,202.43853726325867
707,31863.38022782775,307.56374445547266
708,36398.776863196996,356.21761230864536
709,58670.62441623969,594.9146813804964
710,75215.82,794.4959659564582
711,73256.21166538737,770.4845600908646
712,63090.00095102918,654.9041105364378
713,44725.021461887154,453.479238395858
714,2718.6805579183933,31.018485389260317
715,-0.15630000000000002,0.0
716,-0.15630000000000002,0.0
717,-0.15630000000000002,0.0
718,-0.15630000000000002,0.0
719,-0.15630000000000002,0.0
720,-0.15630000000000002,0.0
721,-0.15630000000000002,0.0
722,-0.15630000000000002,0.0
723,-0.15630000000000002,0.0
724,-0.15630000000000002,0.0
725,-0.15630000000000002,0.0
726,-0.15630000000000002,0.0
727,-0.15630000000000002,0.0
728,-0.15630000000000002,0.0
729,-0.15630000000000002,0.0
730,15891.651314072013,165.5729153301478
731,42786.085478420326,422.0304880316825
732,39896.822681633734,396.51995926846234
733,50550.66729842129,514.6283253771657
734,75215.82,800.8302124441054
735,62176.7361886529,644.83105269196
736,61449.790414072275,630.4601012257107
737,42903.82772508057,428.34257960194714
738,2763.676605643167,31.17135781771229
739,-0.15630000000000002,0.0
740,-0.15630000000000002,0.0
741,-0.15630000000000002,0.0
742,-0.15630000000000002,0.0
743,-0.15630000000000002,0.0
744,-0.15630000000000002,0.0
745,-0.15630000000000002,0.0
746,-0.15630000000000002,0.0
747,-0.15630000000000002,0.0
748,-0.15630000000000002,0.0
749,-0.15630000000000002,0.0
750,-0.15630000000000002,0.0
751,-0.15630000000000002,0.0
752,-0.15630000000000002,0.0
753,-0.15630000000000002,0.0
754,20326.88928980752,213.6704055073518
755,44279.569737184065,442.7922501642391
756,60866.65079594919,627.2290593833654
757,70843.680311616,747.3697664451829
758,72126.84314568937,765.4466805829173
759,68918.01874997128,731.1096438460353
760,59969.91052628027,628.9188289949444
761,41153.683109727885,422.36491856578795
762,9514.17540728631,99.62634734885188
763,-0.15630000000000002,0.0
764,-0.15630000000000002,0.0
765,-0.15630000000000002,0.0
766,-0.15630000000000002,0.0
767,-0.15630000000000002,0.0
768,-0.15630000000000002,0.0
769,-0.15630000000000002,0.0
770,-0.15630000000000002,0.0
771,-0.15630000000000002,0.0
772,-0.15630000000000002,0.0
773,-0.15630000000000002,0.0
774,-0.15630000000000002,0.0
775,-0.15630000000000002,0.0
776,-0.15630000000000002,0.0
777,-0.15630000000000002,0.0
778,22437.484101032343,236.7765896953057
779,45198.496691679895,457.5024884928676
780,55319.01832625634,567.8282936666566
781,71078.5469599511,747.1102862575917
782,74804.35697528615,791.5442218296553
783,65453.12471709795,685.978922361242
784,43063.093622857436,442.6478290919483
785,35561.810909825545,364.03486021773165
786,4216.13493567295,46.57809472765123
787,-0.15630000000000002,0.0
788,-0.15630000000000002,0.0
789,-0.15630000000000002,0.0
790,-0.15630000000000002,0.0
791,-0.15630000000000002,0.0
792,-0.15630000000000002,0.0
793,-0.15630000000000002,0.0
794,-0.15630000000000002,0.0
795,-0.15630000000000002,0.0
796,-0.15630000000000002,0.0
797,-0.15630000000000002,0.0
798,-0.15630000000000002,0.0
799,-0.15630000000000002,0.0
800,-0.15630000000000002,0.0
801,-0.15630000000000002,0.0
802,22838.44600991153,235.5582691949789
803,25800.852056772783,248.91293532423444
804,55614.29637070813,547.672081483388
805,75215.82,769.9313631650277
806,72403.88897389258,732.908385180906
807,62015.22496537491,624.7728809774214
808,46218.62980305305,461.2600127473959
809,25165.35569237214,250.4589870105352
810,6074.418860310494,64.19349726249679
811,-0.15630000000000002,0.0
812,-0.15630000000000002,0.0
813,-0.15630000000000002,0.0
814,-0.15630000000000002,0.0
815,-0.15630000000000002,0.0
816,-0.15630000000000002,0.0
817,-0.15630000000000002,0.0
818,-0.15630000000000002,0.0
819,-0.15630000000000002,0.0
820,-0.15630000000000002,0.0
821,-0.15630000000000002,0.0
822,-0.15630000000000002,0.0
823,-0.15630000000000002,0.0
824,-0.15630000000000002,0.0
825,-0.15630000000000002,0.0
826,21707.939132266663,220.39371819746307
827,46988.76711160325,456.7657803979003
828,63401.79445748833,636.1479988900514
829,74064.36003453417,766.8499702904027
830,75215.82,801.528738613687
831,72249.30958345062,761.556405047549
832,62315.27814977558,649.2261620838046
833,42258.813158517616,429.3953789087115
834,13734.83941840297,140.4632617375639
835,-0.15630000000000002,0.0
836,-0.15630000000000002,0.0
837,-0.15630000000000002,0.0
838,-0.15630000000000002,0.0
839,-0.15630000000000002,0.0
840,-0.15630000000000002,0.0
841,-0.15630000000000002,0.0
842,-0.15630000000000002,0.0
843,-0.15630000000000002,0.0
844,-0.15630000000000002,0.0
845,-0.15630000000000002,0.0
846,-0.15630000000000002,0.0
847,-0.15630000000000002,0.0
848,-0.15630000000000002,0.0
849,-0.15630000000000002,0.0
850,23704.313784887447,241.97156518591132
851,41119.711567663464,404.2082882508588
852,55064.62431401258,555.898738886358
853,68728.99813078163,716.9022903424051
854,60149.624450709794,624.3718858173767
855,42542.40949737267,434.3114006237562
856,29686.97118322811,301.54964162973204
857,32311.87657206452,328.80901028994856
858,2831.9969233518127,32.00818272398093
859,-0.15630000000000002,0.0
860,-0.15630000000000002,0.0
861,-0.15630000000000002,0.0
862,-0.15630000000000002,0.0
863,-0.15630000000000002,0.0
864,-0.15630000000000002,0.0
865,-0.15630000000000002,0.0
866,-0.15630000000000002,0.0
867,-0.15630000000000002,0.0
868,-0.15630000000000002,0.0
869,-0.15630000000000002,0.0
870,-0.15630000000000002,0.0
871,-0.15630000000000002,0.0
872,-0.15630000000000002,0.0
873,-0.15630000000000002,0.0
874,21388.323730669883,218.58918676747032
875,43597.00610045195,427.43718603206327
876,36271.43501007892,356.02336028421854
877,34706.01703106706,342.37190424346477
878,28804.678309563355,286.17081380993596
879,18835.77280736988,188.77134187565053
880,8056.392961532107,83.7051862784106
881,3224.7220766197715,35.923823925495554
882,53.29893935769459,3.4950944161973085
883,-0.15630000000000002,0.0
884,-0.15630000000000002,0.0
885,-0.15630000000000002,0.0
886,-0.15630000000000002,0.0
887,-0.15630000000000002,0.0
888,-0.15630000000000002,0.0
889,-0.15630000000000002,0.0
890,-0.15630000000000002,0.0
891,-0.15630000000000002,0.0
892,-0.15630000000000002,0.0
893,-0.15630000000000002,0.0
894,-0.15630000000000002,0.0
895,-0.15630000000000002,0.0
896,-0.15630000000000002,0.0
897,-0.15630000000000002,0.0
898,24252.72424165581,242.3051747592257
899,25634.666318889544,244.6572153338274
900,55826.548616817534,540.3780242915795
901,72950.3229943404,720.7886853212314
902,75215.82,766.8902854598726
903,67484.97589792743,669.9436857749654
904,59546.195007415874,587.204363871871
905,48282.917018001644,472.50975000766084
906,16298.062085825099,161.39141697141997
907,-0.15630000000000002,0.0
908,-0.15630000000000002,0.0
909,-0.15630000000000002,0.0
910,-0.15630000000000002,0.0
911,-0.15630000000000002,0.0
912,-0.15630000000000002,0.0
913,-0.15630000000000002,0.0
914,-0.15630000000000002,0.0
915,-0.15630000000000002,0.0
916,-0.15630000000000002,0.0
917,-0.15630000000000002,0.0
918,-0.15630000000000002,0.0
919,-0.15630000000000002,0.0
920,-0.15630000000000002,0.0
921,-0.15630000000000002,0.0
922,11680.487022903795,119.11960105994253
923,21672.35482859904,208.93532547648047
924,13908.942162950518,136.8541375868298
925,11992.117495109116,119.93788452086127
926,17674.10190459901,175.3508402820072
927,15290.525340505079,152.75662236417708
928,14619.957239822344,146.06573648482254
929,8236.868396688033,84.0844095345042
930,7827.083015359173,80.86322171664635
931,-0.15630000000000002,0.0
932,-0.15630000000000002,0.0
933,-0.15630000000000002,0.0
934,-0.15630000000000002,0.0
935,-0.15630000000000002,0.0
936,-0.15630000000000002,0.0
937,-0.15630000000000002,0.0
938,-0.15630000000000002,0.0
939,-0.15630000000000002,0.0
940,-0.15630000000000002,0.0
941,-0.15630000000000002,0.0
942,-0.15630000000000002,0.0
943,-0.15630000000000002,0.0
944,-0.15630000000000002,0.0
945,-0.15630000000000002,0.0
946,24276.851388193525,242.93835244589357
947,40182.61994519667,385.872426617257
948,21661.501584948237,210.35696431802958
949,36056.17125721864,351.4572940336484
950,64334.88432514123,636.1042524677791
951,15772.37747678543,157.04538801509742
952,52258.548645457005,516.1245166780677
953,8873.466187298238,89.98734114797625
954,6387.363141232545,66.54360134291251
955,-0.15630000000000002,0.0
956,-0.15630000000000002,0.0
957,-0.15630000000000002,0.0
958,-0.15630000000000002,0.0
959,-0.15630000000000002,0.0
960,-0.15630000000000002,0.0
961,-0.15630000000000002,0.0
962,-0.15630000000000002,0.0
963,-0.15630000000000002,0.0
964,-0.15630000000000002,0.0
965,-0.15630000000000002,0.0
966,-0.15630000000000002,0.0
967,-0.15630000000000002,0.0
968,-0.15630000000000002,0.0
969,-0.15630000000000002,0.0
970,8662.094076157433,89.7326593106749
971,7717.889794746458,78.0268736089252
972,23000.396419082594,223.78893801147686
973,10270.90872790327,103.91873242377056
974,4383.586872150201,47.384134392484526
975,17705.269550238358,175.78840522566875
976,13452.438135118065,134.6883337558108
977,11116.149416547836,111.84921158831779
978,5325.73951778096,56.22263862389635
979,-0.15630000000000002,0.0
980,-0.15630000000000002,0.0
981,-0.15630000000000002,0.0
982,-0.15630000000000002,0.0
983,-0.15630000000000002,0.0
984,-0.15630000000000002,0.0
985,-0.15630000000000002,0.0
986,-0.15630000000000002,0.0
987,-0.15630000000000002,0.0
988,-0.15630000000000002,0.0
989,-0.15630000000000002,0.0
990,-0.15630000000000002,0.0
991,-0.15630000000000002,0.0
992,-0.15630000000000002,0.0
993,-0.15630000000000002,0.0
994,18753.36731466282,189.46545662831429
995,11528.05152080189,114.69395886220795
996,26494.696665769374,259.8933335059684
997,22899.483760790732,227.43351817760086
998,24000.24311836019,238.84898572902372
999,69124.89509598451,693.6852790235632
1000,58675.397563926774,587.1616938361395
1001,47514.32352199519,472.68009896008436
1002,21261.37381720636,212.68456970717136
1003,-0.15630000000000002,0.0
1004,-0.15630000000000002,0.0
1005,-0.15630000000000002,0.0
1006,-0.15630000000000002,0.0
1007,-0.15630000000000002,0.0
1008,-0.15630000000000002,0.0
1009,-0.15630000000000002,0.0
1010,-0.15630000000000002,0.0
1011,-0.15630000000000002,0.0
1012,-0.15630000000000002,0.0
1013,-0.15630000000000002,0.0
1014,-0.15630000000000002,0.0
1015,-0.15630000000000002,0.0
1016,-0.15630000000000002,0.0
1017,-0.15630000000000002,0.0
1018,7195.974859251498,74.63350063041423
1019,11955.504147876327,117.50828142538629
1020,20775.930806254124,201.80410023604665
1021,11285.514902321405,113.1624811722923
1022,14443.041070464376,143.84840003093936
1023,10327.649968667722,104.59540199933106
1024,13872.023608287267,138.30124680533802
1025,6173.487062193951,64.05632830918685
1026,4759.799255789249,50.56988629476597
1027,-0.15630000000000002,0.0
1028,-0.15630000000000002,0.0
1029,-0.15630000000000002,0.0
1030,-0.15630000000000002,0.0
1031,-0.15630000000000002,0.0
1032,-0.15630000000000002,0.0
1033,-0.15630000000000002,0.0
1034,-0.15630000000000002,0.0
1035,-0.15630000000000002,0.0
1036,-0.15630000000000002,0.0
1037,-0.15630000000000002,0.0
1038,-0.15630000000000002,0.0
1039,-0.15630000000000002,0.0
1040,-0.15630000000000002,0.0
1041,-0.15630000000000002,0.0
1042,13534.31816597439,137.1726057769102
1043,4644.594606387337,49.09510750312232
1044,4236.754794878438,45.5909244697688
1045,14501.596989236408,145.22843816727843
1046,6979.46165205718,72.90424299497973
1047,3838.2278280268533,42.11495964527286
1048,13806.107229896881,138.20196980910424
1049,1581.6286773115862,19.263692976444545
1050,3349.9174056634347,36.629153102953666
1051,-0.15630000000000002,0.0
1052,-0.15630000000000002,0.0
1053,-0.15630000000000002,0.0
1054,-0.15630000000000002,0.0
1055,-0.15630000000000002,0.0
1056,-0.15630000000000002,0.0
1057,-0.15630000000000002,0.0
1058,-0.15630000000000002,0.0
1059,-0.15630000000000002,0.0
1060,-0.15630000000000002,0.0
1061,-0.15630000000000002,0.0
1062,-0.15630000000000002,0.0
1063,-0.15630000000000002,0.0
1064,-0.15630000000000002,0.0
1065,-0.15630000000000002,0.0
1066,23567.96507393404,231.5128838300508
1067,12919.33050218134,126.18077045173615
1068,11626.100276015042,114.85694905136397
1069,49525.358564924885,480.27196549585045
1070,8665.785770913515,88.07859399492074
1071,38149.79205537047,370.05258701163274
1072,34293.092210052375,330.64842319485996
1073,43084.71769894521,415.55680094309383
1074,19376.161533067127,188.64633468104702
1075,-0.15630000000000002,0.0
1076,-0.15630000000000002,0.0
1077,-0.15630000000000002,0.0
1078,-0.15630000000000002,0.0
1079,-0.15630000000000002,0.0
1080,-0.15630000000000002,0.0
1081,-0.15630000000000002,0.0
1082,-0.15630000000000002,0.0
1083,-0.15630000000000002,0.0
1084,-0.15630000000000002,0.0
1085,-0.15630000000000002,0.0
1086,-0.15630000000000002,0.0
1087,-0.15630000000000002,0.0
1088,-0.15630000000000002,0.0
1089,-0.15630000000000002,0.0
1090,27539.066437374124,266.5889396541642
1091,41369.87804139302,393.3319046507183
1092,51727.87490890786,498.3906529359313
1093,10080.649724224724,100.99494300478187
1094,8111.952001063146,82.627180469084
1095,46313.61968018733,452.504962233581
1096,4809.94514791868,50.89022968492204
1097,46707.99945038908,455.04103558465516
1098,27260.963140491156,264.0403474523816
1099,-0.15630000000000002,0.0
1100,-0.15630000000000002,0.0
1101,-0.15630000000000002,0.0
1102,-0.15630000000000002,0.0
1103,-0.15630000000000002,0.0
1104,-0.15630000000000002,0.0
1105,-0.15630000000000002,0.0
1106,-0.15630000000000002,0.0
1107,-0.15630000000000002,0.0
1108,-0.15630000000000002,0.0
1109,-0.15630000000000002,0.0
1110,-0.15630000000000002,0.0
1111,-0.15630000000000002,0.0
1112,-0.15630000000000002,0.0
1113,-0.15630000000000002,0.0
1114,28569.915469743773,272.1783645347375
1115,55341.4686938885,524.0161726185668
1116,72412.44773230095,701.1059588844191
1117,75215.82,777.66463954564
1118,75215.82,855.9536677080189
1119,75215.82,745.4647995049604
1120,41410.895008530795,403.15017862279313
1121,58840.884360864504,574.8844388103612
1122,24764.090369456153,240.3892557721329
1123,-0.15630000000000002,0.0
1124,-0.15630000000000002,0.0
1125,-0.15630000000000002,0.0
1126,-0.15630000000000002,0.0
1127,-0.15630000000000002,0.0
1128,-0.15630000000000002,0.0
1129,-0.15630000000000002,0.0
1130,-0.15630000000000002,0.0
1131,-0.15630000000000002,0.0
1132,-0.15630000000000002,0.0
1133,-0.15630000000000002,0.0
1134,-0.15630000000000002,0.0
1135,-0.15630000000000002,0.0
1136,-0.15630000000000002,0.0
1137,-0.15630000000000002,0.0
1138,28086.309305791117,271.7040725468185
1139,53089.40341904594,515.0785635380238
1140,70446.07098419467,695.1793672911359
1141,75215.82,796.5448355624917
1142,67591.92549828706,670.7584606674243
1143,75215.82,846.6187464559802
1144,61040.28303136909,603.2213403455135
1145,54486.24504350066,534.5009047665328
1146,25340.149668890845,247.51084303908814
1147,-0.15630000000000002,0.0
1148,-0.15630000000000002,0.0
1149,-0.15630000000000002,0.0
1150,-0.15630000000000002,0.0
1151,-0.15630000000000002,0.0
1152,-0.15630000000000002,0.0
1153,-0.15630000000000002,0.0
1154,-0.15630000000000002,0.0
1155,-0.15630000000000002,0.0
1156,-0.15630000000000002,0.0
1157,-0.15630000000000002,0.0
1158,-0.15630000000000002,0.0
1159,-0.15630000000000002,0.0
1160,-0.15630000000000002,0.0
1161,-0.15630000000000002,0.0
1162,13994.272102902369,136.37154110842124
1163,19602.372317240563,187.20128617142888
1164,26123.294505041882,251.57819110412836
1165,19434.431225232038,190.0049209617443
1166,10477.961652557171,105.3942195442929
1167,20344.998636653567,200.7873665446828
1168,9265.738498684543,93.59820134540898
1169,8525.17697821387,85.90537420367801
1170,7363.157824442015,74.91881457870315
1171,-0.15630000000000002,0.0
1172,-0.15630000000000002,0.0
1173,-0.15630000000000002,0.0
1174,-0.15630000000000002,0.0
1175,-0.15630000000000002,0.0
1176,-0.15630000000000002,0.0
1177,-0.15630000000000002,0.0
1178,-0.15630000000000002,0.0
1179,-0.15630000000000002,0.0
1180,-0.15630000000000002,0.0
1181,-0.15630000000000002,0.0
1182,-0.15630000000000002,0.0
1183,-0.15630000000000002,0.0
1184,-0.15630000000000002,0.0
1185,-0.15630000000000002,0.0
1186,27728.423781287995,267.2604194985374
1187,32091.136608233617,306.7979048885255
1188,58972.40442955305,577.3188534652974
1189,49556.1812418015,487.4344529123356
1190,57361.41145333602,571.6266646751583
1191,44276.423024289106,438.8528675095677
1192,32611.17787211691,321.5400597422268
1193,38203.43804782262,375.86209229950606
1194,25454.247085866093,250.39587375563994
1195,-0.15630000000000002,0.0
1196,-0.15630000000000002,0.0
1197,-0.15630000000000002,0.0
1198,-0.15630000000000002,0.0
1199,-0.15630000000000002,0.0
1200,-0.15630000000000002,0.0
1201,-0.15630000000000002,0.0
1202,-0.15630000000000002,0.0
1203,-0.15630000000000002,0.0
1204,-0.15630000000000002,0.0
1205,-0.15630000000000002,0.0
1206,-0.15630000000000002,0.0
1207,-0.15630000000000002,0.0
1208,-0.15630000000000002,0.0
1209,3603.7837623596456,49.36538891924023
1210,29335.172725729117,285.2095205153533
1211,54323.97194676286,530.6117889119465
1212,66747.643813201,663.0753068813001
1213,75215.82,808.5736553561683
1214,75215.82,873.6427047479351
1215,75215.82,836.8598948847282
1216,72602.8789005239,737.5483653864254
1217,54317.410099919674,543.7651428187625
1218,25019.751029055893,249.18509316958426
1219,-0.15630000000000002,0.0
1220,-0.15630000000000002,0.0
1221,-0.15630000000000002,0.0
1222,-0.15630000000000002,0.0
1223,-0.15630000000000002,0.0
1224,-0.15630000000000002,0.0
1225,-0.15630000000000002,0.0
1226,-0.15630000000000002,0.0
1227,-0.15630000000000002,0.0
1228,-0.15630000000000002,0.0
1229,-0.15630000000000002,0.0
1230,-0.15630000000000002,0.0
1231,-0.15630000000000002,0.0
1232,-0.15630000000000002,0.0
1233,6834.794139867039,89.842518151177
1234,27674.28247293415,270.4068921051462
1235,51800.683391733815,509.7870447792416
1236,69840.10098155339,706.7432165469864
1237,75215.82,832.4847954099912
1238,75215.82,877.2048841077267
1239,75215.82,822.4284337937776
1240,66376.50939012946,698.369518012459
1241,48903.76935415558,506.8203469499475
1242,19224.010014084495,197.46661462579138
1243,-0.15630000000000002,0.0
1244,-0.15630000000000002,0.0
1245,-0.15630000000000002,0.0
1246,-0.15630000000000002,0.0
1247,-0.15630000000000002,0.0
1248,-0.15630000000000002,0.0
1249,-0.15630000000000002,0.0
1250,-0.15630000000000002,0.0
1251,-0.15630000000000002,0.0
1252,-0.15630000000000002,0.0
1253,-0.15630000000000002,0.0
1254,-0.15630000000000002,0.0
1255,-0.15630000000000002,0.0
1256,-0.15630000000000002,0.0
1257,5958.466942068145,79.77269243917544
1258,28812.329434348678,287.1888741875862
1259,50810.06235781266,525.9758973582473
1260,66109.89940360897,715.7722680037112
1261,75215.82,833.3837001353251
1262,75215.82,888.8517364082448
1263,75215.82,841.4278442062831
1264,69397.39489405377,719.6033050005678
1265,51995.10864762786,528.8352561443663
1266,23367.444506359723,236.02811648255476
1267,-0.15630000000000002,0.0
1268,-0.15630000000000002,0.0
1269,-0.15630000000000002,0.0
1270,-0.15630000000000002,0.0
1271,-0.15630000000000002,0.0
1272,-0.15630000000000002,0.0
1273,-0.15630000000000002,0.0
1274,-0.15630000000000002,0.0
1275,-0.15630000000000002,0.0
1276,-0.15630000000000002,0.0
1277,-0.15630000000000002,0.0
1278,-0.15630000000000002,0.0
1279,-0.15630000000000002,0.0
1280,-0.15630000000000002,0.0
1281,6120.698139116898,81.40710539785724
1282,29287.887935365245,287.5058022273978
1283,53383.971103232725,532.0871205982489
1284,70484.05600486022,722.1842233821193
1285,75215.82,825.52279230299
1286,75215.82,885.0702786959122
1287,75215.82,829.9071219172873
1288,70758.21643280728,738.5467389322173
1289,53399.44362556131,546.250450553266
1290,24913.796662083158,251.46501948776194
1291,-0.15630000000000002,0.0
1292,-0.15630000000000002,0.0
1293,-0.15630000000000002,0.0
1294,-0.15630000000000002,0.0
1295,-0.15630000000000002,0.0
1296,-0.15630000000000002,0.0
1297,-0.15630000000000002,0.0
1298,-0.15630000000000002,0.0
1299,-0.15630000000000002,0.0
1300,-0.15630000000000002,0.0
1301,-0.15630000000000002,0.0
1302,-0.15630000000000002,0.0
1303,-0.15630000000000002,0.0
1304,-0.15630000000000002,0.0
1305,6677.451280781566,87.99420506750175
1306,28795.764516228675,282.21799668531577
1307,33212.14684619446,323.5012640599804
1308,40840.6095646191,401.9092513358839
1309,22033.230363082985,219.410058124637
1310,68073.99001863721,690.6652523340465
1311,69543.08317548214,706.312679762281
1312,72584.59134422053,736.4595762859884
1313,32390.11837374201,321.6583196402355
1314,8273.957985590612,84.8934063263758
1315,-0.15630000000000002,0.0
1316,-0.15630000000000002,0.0
1317,-0.15630000000000002,0.0
1318,-0.15630000000000002,0.0
1319,-0.15630000000000002,0.0
1320,-0.15630000000000002,0.0
1321,-0.15630000000000002,0.0
1322,-0.15630000000000002,0.0
1323,-0.15630000000000002,0.0
1324,-0.15630000000000002,0.0
1325,-0.15630000000000002,0.0
1326,-0.15630000000000002,0.0
1327,-0.15630000000000002,0.0
1328,-0.15630000000000002,0.0
1329,7481.508212532701,97.94909163555462
1330,27185.87094056488,262.09444420170234
1331,50806.62465763415,491.44947405374967
1332,68927.52867930409,686.0484132452252
1333,40121.0164598028,395.365262707265
1334,71283.85445602624,719.5616107522776
1335,59833.31969448626,599.4331850973267
1336,55448.41918608307,554.6415121444769
1337,50441.82705834228,501.9278427975219
1338,18373.287962200986,182.52663339123754
1339,-0.15630000000000002,0.0
1340,-0.15630000000000002,0.0
1341,-0.15630000000000002,0.0
1342,-0.15630000000000002,0.0
1343,-0.15630000000000002,0.0
1344,-0.15630000000000002,0.0
1345,-0.15630000000000002,0.0
1346,-0.15630000000000002,0.0
1347,-0.15630000000000002,0.0
1348,-0.15630000000000002,0.0
1349,-0.15630000000000002,0.0
1350,-0.15630000000000002,0.0
1351,-0.15630000000000002,0.0
1352,-0.15630000000000002,0.0
1353,7345.000469816307,96.34147145252976
1354,26871.03372273393,258.6061665818112
1355,29531.56202129865,283.2732612715925
1356,46062.17900968692,447.5207179378336
1357,32282.090627890648,314.8954072205088
1358,18067.072243953073,178.7543332173013
1359,16607.939974252124,164.59859739084334
1360,3528.6421059381914,38.60246160770338
1361,12490.166844953997,123.73956117855758
1362,3165.585609215462,34.160650935007034
1363,-0.15630000000000002,0.0
1364,-0.15630000000000002,0.0
1365,-0.15630000000000002,0.0
1366,-0.15630000000000002,0.0
1367,-0.15630000000000002,0.0
1368,-0.15630000000000002,0.0
1369,-0.15630000000000002,0.0
1370,-0.15630000000000002,0.0
1371,-0.15630000000000002,0.0
1372,-0.15630000000000002,0.0
1373,-0.15630000000000002,0.0
1374,-0.15630000000000002,0.0
1375,-0.15630000000000002,0.0
1376,-0.15630000000000002,0.0
1377,7419.946679206018,94.84186786767576
1378,16105.652899843246,153.4709441673761
1379,18776.320078407374,177.89786262017353
1380,44690.16576274899,427.726030546175
1381,-0.15630000000000002,0.0
1382,74266.88932562734,734.8374875131025
1383,75215.82,777.9573814100219
1384,36019.06760654069,347.7641703903644
1385,9848.290491817432,97.4700571071749
1386,2551.3011376119202,28.019573534682667
1387,-0.15630000000000002,0.0
1388,-0.15630000000000002,0.0
1389,-0.15630000000000002,0.0
1390,-0.15630000000000002,0.0
1391,-0.15630000000000002,0.0
1392,-0.15630000000000002,0.0
1393,-0.15630000000000002,0.0
1394,-0.15630000000000002,0.0
1395,-0.15630000000000002,0.0
1396,-0.15630000000000002,0.0
1397,-0.15630000000000002,0.0
1398,-0.15630000000000002,0.0
1399,-0.15630000000000002,0.0
1400,-0.15630000000000002,0.0
1401,5417.926008890484,71.08216238156548
1402,10497.191213305205,102.28106424342491
1403,10577.816970914857,103.0158757924853
1404,10523.451284244326,103.76191049197169
1405,-0.15630000000000002,0.0
1406,60927.82730354728,597.9538289581492
1407,62422.70716707974,616.614323349114
1408,28504.102855868867,279.491572212415
1409,21452.268379556626,211.17896380550337
1410,5308.096016249068,55.102681869880335
1411,-0.15630000000000002,0.0
1412,-0.15630000000000002,0.0
1413,-0.15630000000000002,0.0
1414,-0.15630000000000002,0.0
1415,-0.15630000000000002,0.0
1416,-0.15630000000000002,0.0
1417,-0.15630000000000002,0.0
1418,-0.15630000000000002,0.0
1419,-0.15630000000000002,0.0
1420,-0.15630000000000002,0.0
1421,-0.15630000000000002,0.0
1422,-0.15630000000000002,0.0
1423,-0.15630000000000002,0.0
1424,-0.15630000000000002,0.0
1425,8883.06130579758,113.14436734737173
1426,28446.354794814357,275.6802970132428
1427,52732.951972581424,531.2820956490799
1428,67295.82192437456,697.9467527485061
1429,75215.82,855.7465344616593
1430,67877.82922727171,703.8798482696441
1431,63676.97343732888,656.2310981654842
1432,71844.65388085139,744.9080221549797
1433,56442.4972224647,572.8782453777333
1434,29028.82342227584,290.13171063203384
1435,-0.15630000000000002,0.0
1436,-0.15630000000000002,0.0
1437,-0.15630000000000002,0.0
1438,-0.15630000000000002,0.0
1439,-0.15630000000000002,0.0
1440,-0.15630000000000002,0.0
1441,-0.15630000000000002,0.0
1442,-0.15630000000000002,0.0
1443,-0.15630000000000002,0.0
1444,-0.15630000000000002,0.0
1445,-0.15630000000000002,0.0
1446,-0.15630000000000002,0.0
1447,-0.15630000000000002,0.0
1448,-0.15630000000000002,0.0
1449,7536.180482984497,98.14103126151676
1450,33586.50185392068,325.9260037027679
1451,56086.72403761292,552.4284477640639
1452,73012.09019376064,736.0955880753925
1453,75215.82,813.9763606294429
1454,75215.82,879.735565578652
1455,75215.82,853.2403685207275
1456,72838.67255392412,742.6048372014432
1457,55130.99375931075,552.9181985573139
1458,31335.886629384717,310.63912230625954
1459,-0.15630000000000002,0.0
1460,-0.15630000000000002,0.0
1461,-0.15630000000000002,0.0
1462,-0.15630000000000002,0.0
1463,-0.15630000000000002,0.0
1464,-0.15630000000000002,0.0
1465,-0.15630000000000002,0.0
1466,-0.15630000000000002,0.0
1467,-0.15630000000000002,0.0
1468,-0.15630000000000002,0.0
1469,-0.15630000000000002,0.0
1470,-0.15630000000000002,0.0
1471,-0.15630000000000002,0.0
1472,-0.15630000000000002,0.0
1473,10036.511029509584,134.51258485514361
1474,23404.544213085726,225.21603875964783
1475,48718.24152015637,470.4161100936078
1476,25173.31101391081,244.75278506134077
1477,26262.759424876414,257.60948651063933
1478,14417.932586115658,144.68381378253085
1479,8354.912878448413,86.23405601250738
1480,13237.535983780077,132.8317821335845
1481,28509.90456600497,280.41427126470154
1482,7922.907713640632,80.71468036814574
1483,-0.15630000000000002,0.0
1484,-0.15630000000000002,0.0
1485,-0.15630000000000002,0.0
1486,-0.15630000000000002,0.0
1487,-0.15630000000000002,0.0
1488,-0.15630000000000002,0.0
1489,-0.15630000000000002,0.0
1490,-0.15630000000000002,0.0
1491,-0.15630000000000002,0.0
1492,-0.15630000000000002,0.0
1493,-0.15630000000000002,0.0
1494,-0.15630000000000002,0.0
1495,-0.15630000000000002,0.0
1496,-0.15630000000000002,0.0
1497,9859.70170091333,131.38465274743004
1498,11383.128643445518,111.71273572731829
1499,20767.2995281086,199.87484733512957
1500,17264.2058601363,169.1206674944137
1501,24274.397748060994,237.36144572553798
1502,19363.88805029006,191.42361844022605
1503,8830.358566639394,90.7399787785492
1504,9414.147133809905,96.16804106614428
1505,8127.984061928178,82.69748806341472
1506,4510.092058551789,47.43025472195806
1507,-0.15630000000000002,0.0
1508,-0.15630000000000002,0.0
1509,-0.15630000000000002,0.0
1510,-0.15630000000000002,0.0
1511,-0.15630000000000002,0.0
1512,-0.15630000000000002,0.0
1513,-0.15630000000000002,0.0
1514,-0.15630000000000002,0.0
1515,-0.15630000000000002,0.0
1516,-0.15630000000000002,0.0
1517,-0.15630000000000002,0.0
1518,-0.15630000000000002,0.0
1519,-0.15630000000000002,0.0
1520,-0.15630000000000002,0.0
1521,9640.66169655605,123.583250257502
1522,33141.929859315445,310.89302142258754
1523,61899.28287340529,589.161203495159
1524,75215.82,775.4693994905566
1525,32998.95849767765,317.25409442591007
1526,75215.82,751.2670448176104
1527,75215.82,762.5380243670168
1528,61494.654229698834,601.4795532862447
1529,54661.91098690956,532.9248571010165
1530,34666.70710648038,335.43853763085366
1531,-0.15630000000000002,0.0
1532,-0.15630000000000002,0.0
1533,-0.15630000000000002,0.0
1534,-0.15630000000000002,0.0
1535,-0.15630000000000002,0.0
1536,-0.15630000000000002,0.0
1537,-0.15630000000000002,0.0
1538,-0.15630000000000002,0.0
1539,-0.15630000000000002,0.0
1540,-0.15630000000000002,0.0
1541,-0.15630000000000002,0.0
1542,-0.15630000000000002,0.0
1543,-0.15630000000000002,0.0
1544,-0.15630000000000002,0.0
1545,8131.123745337253,104.03037650739215
1546,35390.13052352351,339.8491337744468
1547,58620.964147131555,572.4018739168131
1548,74707.6011797315,747.8575321957678
1549,75215.82,835.7422289670029
1550,75215.82,882.2050234289404
1551,75215.82,858.4584187483781
1552,73403.52448583422,743.7459070301513
1553,57456.21965552696,573.8650242694438
1554,30783.469358119375,303.89631669420385
1555,-0.15630000000000002,0.0
1556,-0.15630000000000002,0.0
1557,-0.15630000000000002,0.0
1558,-0.15630000000000002,0.0
1559,-0.15630000000000002,0.0
1560,-0.15630000000000002,0.0
1561,-0.15630000000000002,0.0
1562,-0.15630000000000002,0.0
1563,-0.15630000000000002,0.0
1564,-0.15630000000000002,0.0
1565,-0.15630000000000002,0.0
1566,-0.15630000000000002,0.0
1567,-0.15630000000000002,0.0
1568,-0.15630000000000002,0.0
1569,8673.022897093404,111.48219566343194
1570,34473.60823173805,335.5680062381571
1571,55124.12182356534,549.0068065686854
1572,70682.65725786678,723.570495966348
1573,75215.82,812.4166284637121
1574,75215.82,868.549484304115
1575,75215.82,837.8157287160751
1576,64662.53317596318,667.1238165206511
1577,42525.9506080941,430.83514231164054
1578,29199.447449490268,294.420859933324
1579,-0.15630000000000002,0.0
1580,-0.15630000000000002,0.0
1581,-0.15630000000000002,0.0
1582,-0.15630000000000002,0.0
1583,-0.15630000000000002,0.0
1584,-0.15630000000000002,0.0
1585,-0.15630000000000002,0.0
1586,-0.15630000000000002,0.0
1587,-0.15630000000000002,0.0
1588,-0.15630000000000002,0.0
1589,-0.15630000000000002,0.0
1590,-0.15630000000000002,0.0
1591,-0.15630000000000002,0.0
1592,-0.15630000000000002,0.0
1593,8040.787423733798,106.22486401225169
1594,14997.778114878085,147.5706780950685
1595,11213.755274877483,112.58747341653557
1596,28519.84729609471,285.02318946613286
1597,59972.33639324707,621.3343154201984
1598,75215.82,891.0013760101639
1599,75215.82,857.4640031779953
1600,70721.84672844988,746.730689675188
1601,55122.80415770347,570.2523217304198
1602,30905.717207555805,314.34662832049565
1603,-0.15630000000000002,0.0
1604,-0.15630000000000002,0.0
1605,-0.15630000000000002,0.0
1606,-0.15630000000000002,0.0
1607,-0.15630000000000002,0.0
1608,-0.15630000000000002,0.0
1609,-0.15630000000000002,0.0
1610,-0.15630000000000002,0.0
1611,-0.15630000000000002,0.0
1612,-0.15630000000000002,0.0
1613,-0.15630000000000002,0.0
1614,-0.15630000000000002,0.0
1615,-0.15630000000000002,0.0
1616,-0.15630000000000002,0.0
1617,10612.542276466462,130.33629541489123
1618,14469.505292814803,142.8622975577356
1619,23266.986458949035,229.58989918654711
1620,63855.9735458366,651.3294725780283
1621,75215.82,790.682641081479
1622,75215.82,868.4170517318482
1623,75215.82,844.0896115784625
1624,67305.15401399332,693.4192725557382
1625,55318.74974214604,562.1218576929743
1626,10213.836320004124,104.74261653232658
1627,-0.15630000000000002,0.0
1628,-0.15630000000000002,0.0
1629,-0.15630000000000002,0.0
1630,-0.15630000000000002,0.0
1631,-0.15630000000000002,0.0
1632,-0.15630000000000002,0.0
1633,-0.15630000000000002,0.0
1634,-0.15630000000000002,0.0
1635,-0.15630000000000002,0.0
1636,-0.15630000000000002,0.0
1637,-0.15630000000000002,0.0
1638,-0.15630000000000002,0.0
1639,-0.15630000000000002,0.0
1640,-0.15630000000000002,0.0
1641,10316.493395701633,118.46265294059864
1642,36062.86884384812,350.4519196173437
1643,57142.5764086675,568.5750133088809
1644,72224.0310161333,736.4494784635415
1645,75215.82,840.5007054938787
1646,75215.82,879.2469325667028
1647,75215.82,864.8361497542832
1648,72163.8254300641,740.5549902435488
1649,55600.50101896068,561.5148853179666
1650,24304.354236178027,242.3907412114887
1651,-0.15630000000000002,0.0
1652,-0.15630000000000002,0.0
1653,-0.15630000000000002,0.0
1654,-0.15630000000000002,0.0
1655,-0.15630000000000002,0.0
1656,-0.15630000000000002,0.0
1657,-0.15630000000000002,0.0
1658,-0.15630000000000002,0.0
1659,-0.15630000000000002,0.0
1660,-0.15630000000000002,0.0
1661,-0.15630000000000002,0.0
1662,-0.15630000000000002,0.0
1663,-0.15630000000000002,0.0
1664,-0.15630000000000002,0.0
1665,11167.876786639892,122.86653629555077
1666,36220.66308514173,350.9346938567763
1667,57250.40014677403,569.3389103595301
1668,71810.40009434862,732.7030155297787
1669,75215.82,829.5818536576168
1670,75215.82,892.7024233406729
1671,75215.82,871.9103157090315
1672,55217.66368475253,563.9041359179457
1673,26381.977064294162,267.1006413066897
1674,14804.732895912495,151.5689566227176
1675,-0.15630000000000002,0.0
1676,-0.15630000000000002,0.0
1677,-0.15630000000000002,0.0
1678,-0.15630000000000002,0.0
1679,-0.15630000000000002,0.0
1680,-0.15630000000000002,0.0
1681,-0.15630000000000002,0.0
1682,-0.15630000000000002,0.0
1683,-0.15630000000000002,0.0
1684,-0.15630000000000002,0.0
1685,-0.15630000000000002,0.0
1686,-0.15630000000000002,0.0
1687,-0.15630000000000002,0.0
1688,-0.15630000000000002,0.0
1689,11782.00127129833,128.1864169955013
1690,35713.279814181755,352.0834031887822
1691,52495.66057125276,524.8483819336062
1692,71862.72087467674,740.2649551401144
1693,75215.82,871.0054815931942
1694,75215.82,898.7086944951291
1695,75215.82,861.4324196364514
1696,75215.82,799.5530818105917
1697,53377.331728840116,550.0729957206513
1698,27603.13186578526,280.505003099307
1699,-0.15630000000000002,0.0
1700,-0.15630000000000002,0.0
1701,-0.15630000000000002,0.0
1702,-0.15630000000000002,0.0
1703,-0.15630000000000002,0.0
1704,-0.15630000000000002,0.0
1705,-0.15630000000000002,0.0
1706,-0.15630000000000002,0.0
1707,-0.15630000000000002,0.0
1708,-0.15630000000000002,0.0
1709,-0.15630000000000002,0.0
1710,-0.15630000000000002,0.0
1711,-0.15630000000000002,0.0
1712,-0.15630000000000002,0.0
1713,12334.020402638911,131.10251529503995
1714,37158.39897098046,367.90136296709574
1715,57766.921584697295,595.7789144558287
1716,72953.30143846986,787.2915852886384
1717,75215.82,882.1638933911005
1718,75215.82,932.3951905071197
1719,75215.82,903.403008839573
1720,71799.29720918849,792.7135037284736
1721,57388.58221179566,617.3427374359222
1722,32532.0534493994,340.09689983843344
1723,-0.15630000000000002,0.0
1724,-0.15630000000000002,0.0
1725,-0.15630000000000002,0.0
1726,-0.15630000000000002,0.0
1727,-0.15630000000000002,0.0
1728,-0.15630000000000002,0.0
1729,-0.15630000000000002,0.0
1730,-0.15630000000000002,0.0
1731,-0.15630000000000002,0.0
1732,-0.15630000000000002,0.0
1733,-0.15630000000000002,0.0
1734,-0.15630000000000002,0.0
1735,-0.15630000000000002,0.0
1736,-0.15630000000000002,0.0
1737,12644.308371706176,134.59495098881615
1738,-0.15630000000000002,0.0
1739,56736.957687239585,596.2458468628439
1740,70273.1537576037,760.4125196912039
1741,75215.82,884.0315926047169
1742,75215.82,933.2487462717471
1743,75215.82,882.3768856672932
1744,65533.49764445751,731.816854449216
1745,52632.65195897514,572.0216592227158
1746,25160.210716372167,263.23851132143204
1747,-0.15630000000000002,0.0
1748,-0.15630000000000002,0.0
1749,-0.15630000000000002,0.0
1750,-0.15630000000000002,0.0
1751,-0.15630000000000002,0.0
1752,-0.15630000000000002,0.0
1753,-0.15630000000000002,0.0
1754,-0.15630000000000002,0.0
1755,-0.15630000000000002,0.0
1756,-0.15630000000000002,0.0
1757,-0.15630000000000002,0.0
1758,-0.15630000000000002,0.0
1759,-0.15630000000000002,0.0
1760,-0.15630000000000002,0.0
1761,13085.651798562258,138.40307425918272
1762,36946.92548823665,373.3840240530043
1763,57554.54161707324,601.9781458153592
1764,71386.81598255427,771.2092605235281
1765,75215.82,891.309958761428
1766,75215.82,939.8436864614779
1767,75215.82,908.7983205936383
1768,72908.55703555886,792.5627632556638
1769,56060.2164373807,593.8921486561297
1770,32587.877448537954,337.2404463109892
1771,-0.15630000000000002,0.0
1772,-0.15630000000000002,0.0
1773,-0.15630000000000002,0.0
1774,-0.15630000000000002,0.0
1775,-0.15630000000000002,0.0
1776,-0.15630000000000002,0.0
1777,-0.15630000000000002,0.0
1778,-0.15630000000000002,0.0
1779,-0.15630000000000002,0.0
1780,-0.15630000000000002,0.0
1781,-0.15630000000000002,0.0
1782,-0.15630000000000002,0.0
1783,-0.15630000000000002,0.0
1784,-0.15630000000000002,0.0
1785,13722.805654050053,142.8325617227088
1786,37373.47723567563,374.23947457072074
1787,58131.7272429129,601.7169427491907
1788,73457.64580973242,779.5159646764621
1789,75215.82,909.7561624793
1790,75215.82,936.0770420045865
1791,75215.82,905.6141707039617
1792,73069.4571869345,777.7261685263405
1793,55581.105738262304,581.8403550403385
1794,28668.278987825477,294.4999615064857
1795,-0.15630000000000002,0.0
1796,-0.15630000000000002,0.0
1797,-0.15630000000000002,0.0
1798,-0.15630000000000002,0.0
1799,-0.15630000000000002,0.0
1800,-0.15630000000000002,0.0
1801,-0.15630000000000002,0.0
1802,-0.15630000000000002,0.0
1803,-0.15630000000000002,0.0
1804,-0.15630000000000002,0.0
1805,-0.15630000000000002,0.0
1806,-0.15630000000000002,0.0
1807,-0.15630000000000002,0.0
1808,-0.15630000000000002,0.0
1809,16280.473045842844,167.7735671788887
1810,35978.3890226922,356.4478336167146
1811,34209.71424152807,341.2526856265159
1812,51821.38260059638,525.5811445920064
1813,75215.82,897.0686154538126
1814,48980.38044700303,502.63420564299014
1815,44591.33777861348,458.03109175959105
1816,44815.89997065359,460.0502257840148
1817,14630.449717564785,150.98482224894036
1818,3077.6650067023584,35.04895655896298
1819,130.22680194797186,4.3684666548443865
1820,-0.15630000000000002,0.0
1821,-0.15630000000000002,0.0
1822,-0.15630000000000002,0.0
1823,-0.15630000000000002,0.0
1824,-0.15630000000000002,0.0
1825,-0.15630000000000002,0.0
1826,-0.15630000000000002,0.0
1827,-0.15630000000000002,0.0
1828,-0.15630000000000002,0.0
1829,-0.15630000000000002,0.0
1830,-0.15630000000000002,0.0
1831,-0.15630000000000002,0.0
1832,-0.15630000000000002,0.0
1833,17070.953019757166,175.99384956719334
1834,27653.84563404521,271.17694621767066
1835,29783.162547249707,294.36896660413305
1836,70093.12334955769,716.403007622191
1837,24003.908191357736,242.45517170311027
1838,17306.274188479874,177.3714174560885
1839,8550.157175618446,89.86746864429078
1840,28621.31989797654,287.2928752522736
1841,43985.796900241585,442.1349413581123
1842,7460.781919551069,76.87792353529254
1843,303.89599637540425,6.116869419140059
1844,-0.15630000000000002,0.0
1845,-0.15630000000000002,0.0
1846,-0.15630000000000002,0.0
1847,-0.15630000000000002,0.0
1848,-0.15630000000000002,0.0
1849,-0.15630000000000002,0.0
1850,-0.15630000000000002,0.0
1851,-0.15630000000000002,0.0
1852,-0.15630000000000002,0.0
1853,-0.15630000000000002,0.0
1854,-0.15630000000000002,0.0
1855,-0.15630000000000002,0.0
1856,-0.15630000000000002,0.0
1857,15204.208473187246,153.2853481638191
1858,41147.50308697221,399.8890264757338
1859,33610.046414086595,327.8119634329883
1860,75215.82,757.5720374301324
1861,30405.489386355857,301.79666289677056
1862,19349.480463971973,194.95747256547747
1863,7680.301805402536,80.92362197312823
1864,19340.24408984233,194.76898639102185
1865,8622.066896896971,88.91139044780185
1866,6977.979180180578,71.99442423340292
1867,389.62459127693506,6.991352927765816
1868,-0.15630000000000002,0.0
1869,-0.15630000000000002,0.0
1870,-0.15630000000000002,0.0
1871,-0.15630000000000002,0.0
1872,-0.15630000000000002,0.0
1873,-0.15630000000000002,0.0
1874,-0.15630000000000002,0.0
1875,-0.15630000000000002,0.0
1876,-0.15630000000000002,0.0
1877,-0.15630000000000002,0.0
1878,-0.15630000000000002,0.0
1879,-0.15630000000000002,0.0
1880,-0.15630000000000002,0.0
1881,5433.139548072094,57.85111975732354
1882,9461.968025131175,94.50951869219007
1883,7617.134011566703,78.21976602972319
1884,12810.24764233089,128.76874870617604
1885,16920.633971535528,169.02173009978924
1886,-0.15630000000000002,0.0
1887,45862.28844208447,456.43049963965467
1888,45037.60698741298,449.8023170826783
1889,29789.968533782037,296.72426878400154
1890,9074.682164324991,92.45757679756551
1891,559.3747095956206,8.740589608064335
1892,-0.15630000000000002,0.0
1893,-0.15630000000000002,0.0
1894,-0.15630000000000002,0.0
1895,-0.15630000000000002,0.0
1896,-0.15630000000000002,0.0
1897,-0.15630000000000002,0.0
1898,-0.15630000000000002,0.0
1899,-0.15630000000000002,0.0
1900,-0.15630000000000002,0.0
1901,-0.15630000000000002,0.0
1902,-0.15630000000000002,0.0
1903,-0.15630000000000002,0.0
1904,-0.15630000000000002,0.0
1905,17325.949683510546,175.2345747976823
1906,33497.02425078326,326.7251152176996
1907,56518.63937413334,565.6253395350849
1908,8092.782128370456,83.51171980041482
1909,75215.82,939.0539909062782
1910,12634.920593271583,129.59139141837477
1911,35325.90829617131,355.3156069580289
1912,58439.52726436052,590.0099949319003
1913,2778.288768790615,31.57368929884074
1914,24030.656650336325,238.8694392773137
1915,-0.15630000000000002,0.8735361744151986
1916,-0.15630000000000002,0.0
1917,-0.15630000000000002,0.0
1918,-0.15630000000000002,0.0
1919,-0.15630000000000002,0.0
1920,-0.15630000000000002,0.0
1921,-0.15630000000000002,0.0
1922,-0.15630000000000002,0.0
1923,-0.15630000000000002,0.0
1924,-0.15630000000000002,0.0
1925,-0.15630000000000002,0.0
1926,-0.15630000000000002,0.0
1927,-0.15630000000000002,0.0
1928,-0.15630000000000002,0.0
1929,15634.047236923407,155.10255641319156
1930,42869.95920713429,414.3882838601329
1931,24069.577907782714,233.81930159328166
1932,8566.151312171341,87.99302312532961
1933,9677.356679355938,99.71121991963746
1934,35256.95155589954,349.6518849354939
1935,21096.037777950645,210.95458994787376
1936,75215.82,794.5434964433543
1937,43859.06866820829,436.603145181435
1938,19993.23337388349,198.96219901527894
1939,729.5758518541196,10.490540872484383
1940,-0.15630000000000002,0.0
1941,-0.15630000000000002,0.0
1942,-0.15630000000000002,0.0
1943,-0.15630000000000002,0.0
1944,-0.15630000000000002,0.0
1945,-0.15630000000000002,0.0
1946,-0.15630000000000002,0.0
1947,-0.15630000000000002,0.0
1948,-0.15630000000000002,0.0
1949,-0.15630000000000002,0.0
1950,-0.15630000000000002,0.0
1951,-0.15630000000000002,0.0
1952,-0.15630000000000002,0.0
1953,15752.203744570592,158.13856836112242
1954,7345.266158599199,74.11760193522713
1955,22020.585471968316,214.45687488808875
1956,32322.426965205043,316.9071004835156
1957,33918.70307080082,335.5008292923682
1958,59931.15241508024,601.8572257667898
1959,61843.44836901969,624.4597905730833
1960,70331.06558843334,713.3670426657133
1961,35403.475163665,354.47708265426456
1962,7152.762470173829,74.43983261838474
1963,891.2358813162607,12.240826667113451
1964,-0.15630000000000002,0.0
1965,-0.15630000000000002,0.0
1966,-0.15630000000000002,0.0
1967,-0.15630000000000002,0.0
1968,-0.15630000000000002,0.0
1969,-0.15630000000000002,0.0
1970,-0.15630000000000002,0.0
1971,-0.15630000000000002,0.0
1972,-0.15630000000000002,0.0
1973,-0.15630000000000002,0.0
1974,-0.15630000000000002,0.0
1975,-0.15630000000000002,0.0
1976,-0.15630000000000002,0.0
1977,-0.15630000000000002,0.0
1978,24431.524004587423,237.05698250847973
1979,50776.56424542168,500.24537120375487
1980,62173.33829291228,622.7786291181011
1981,45726.121294428434,458.44014008763173
1982,23438.58107584464,236.86629669341218
1983,33388.87786980248,336.9559325404656
1984,45155.77541413597,455.95373251137664
1985,36345.20259171889,365.5313390718786
1986,11169.284135206284,114.21824082112933
1987,885.1205287615128,12.241031589811529
1988,-0.15630000000000002,0.0
1989,-0.15630000000000002,0.0
1990,-0.15630000000000002,0.0
1991,-0.15630000000000002,0.0
1992,-0.15630000000000002,0.0
1993,-0.15630000000000002,0.0
1994,-0.15630000000000002,0.0
1995,-0.15630000000000002,0.0
1996,-0.15630000000000002,0.0
1997,-0.15630000000000002,0.0
1998,-0.15630000000000002,0.0
1999,-0.15630000000000002,0.0
2000,-0.15630000000000002,0.0
2001,16559.79428712223,166.1697782569678
2002,41444.911801390735,410.92639792867715
2003,57779.07743094599,589.1064813736921
2004,75215.82,819.5085530766702
2005,75215.82,948.1315446753204
2006,75215.82,981.4609799247661
2007,75215.82,844.5658668798757
2008,70140.31984575478,761.4368716522033
2009,56989.07902604775,605.9476164369146
2010,32993.72425503939,341.6342808415799
2011,4950.448234209682,54.68818522115089
2012,-0.15630000000000002,0.0
2013,-0.15630000000000002,0.0
2014,-0.15630000000000002,0.0
2015,-0.15630000000000002,0.0
2016,-0.15630000000000002,0.0
2017,-0.15630000000000002,0.0
2018,-0.15630000000000002,0.0
2019,-0.15630000000000002,0.0
2020,-0.15630000000000002,0.0
2021,-0.15630000000000002,0.0
2022,-0.15630000000000002,0.0
2023,-0.15630000000000002,0.0
2024,-0.15630000000000002,0.0
2025,17132.933482111755,175.05311528417482
2026,38967.23057779824,398.26164776475963
2027,58878.62699844489,615.5501469679499
2028,75215.82,807.7416214413265
2029,75215.82,887.6571380343216
2030,75215.82,967.4935643177583
2031,75215.82,826.7333620102526
2032,64063.96368602505,678.6668456109054
2033,19529.035183897005,203.82960187154018
2034,26093.72226843577,270.515680564071
2035,279.6786627859975,6.1179451853122035
2036,-0.15630000000000002,0.0
2037,-0.15630000000000002,0.0
2038,-0.15630000000000002,0.0
2039,-0.15630000000000002,0.0
2040,-0.15630000000000002,0.0
2041,-0.15630000000000002,0.0
2042,-0.15630000000000002,0.0
2043,-0.15630000000000002,0.0
2044,-0.15630000000000002,0.0
2045,-0.15630000000000002,0.0
2046,-0.15630000000000002,0.0
2047,-0.15630000000000002,0.0
2048,-0.15630000000000002,0.0
2049,12405.869905439415,127.1581516294998
2050,40513.96326215812,407.9737246139725
2051,51315.42348731082,523.1728701409579
2052,71574.03364293695,747.9213779808963
2053,75215.82,854.4192205100259
2054,75215.82,986.1678851224935
2055,60630.091428653395,635.1276386613756
2056,26204.477326395205,271.1923887593339
2057,28822.42611617061,296.5523041522741
2058,16725.612201309836,172.72132862379937
2059,4229.297092038922,47.187131689512675
2060,-0.15630000000000002,0.0
2061,-0.15630000000000002,0.0
2062,-0.15630000000000002,0.0
2063,-0.15630000000000002,0.0
2064,-0.15630000000000002,0.0
2065,-0.15630000000000002,0.0
2066,-0.15630000000000002,0.0
2067,-0.15630000000000002,0.0
2068,-0.15630000000000002,0.0
2069,-0.15630000000000002,0.0
2070,-0.15630000000000002,0.0
2071,-0.15630000000000002,0.0
2072,-0.15630000000000002,0.0
2073,18342.835158769198,181.1838609270999
2074,44197.55846569676,436.64567664999
2075,65122.54618548943,667.0259547066954
2076,75215.82,840.6939741966852
2077,75215.82,982.0175246435141
2078,75215.82,1026.1179466406707
2079,75215.82,969.1281916032723
2080,75215.82,850.2797877856772
2081,64358.752445142905,673.4414645101276
2082,39364.311534018554,402.96362930294265
2083,9710.4672385225,101.85397710168243
2084,-0.15630000000000002,0.0
2085,-0.15630000000000002,0.0
2086,-0.15630000000000002,0.0
2087,-0.15630000000000002,0.0
2088,-0.15630000000000002,0.0
2089,-0.15630000000000002,0.0
2090,-0.15630000000000002,0.0
2091,-0.15630000000000002,0.0
2092,-0.15630000000000002,0.0
2093,-0.15630000000000002,0.0
2094,-0.15630000000000002,0.0
2095,-0.15630000000000002,0.0
2096,-0.15630000000000002,0.0
2097,18777.476520642547,186.4324955248842
2098,43474.230953132566,433.14877854980836
2099,65581.7163704316,676.1584364458085
2100,75215.82,840.7966781969736
2101,75215.82,970.2290439513409
2102,75215.82,1012.2681316910327
2103,75215.82,964.3022532770179
2104,75215.82,845.9778774074507
2105,-0.15630000000000002,0.0
2106,35238.65478625715,362.4327193306647
2107,1602.7524245189331,19.955935945523525
2108,-0.15630000000000002,0.0
2109,-0.15630000000000002,0.0
2110,-0.15630000000000002,0.0
2111,-0.15630000000000002,0.0
2112,-0.15630000000000002,0.0
2113,-0.15630000000000002,0.0
2114,-0.15630000000000002,0.0
2115,-0.15630000000000002,0.0
2116,-0.15630000000000002,0.0
2117,-0.15630000000000002,0.0
2118,-0.15630000000000002,0.0
2119,-0.15630000000000002,0.0
2120,-0.15630000000000002,0.0
2121,18173.31246749566,183.21010231790976
2122,40670.93282682395,420.3109148165822
2123,58784.82570320635,636.6923690619709
2124,75174.78966346393,831.5356541950224
2125,75215.82,933.5097693549076
2126,75215.82,936.7485162325468
2127,75215.82,944.6314731561059
2128,75215.82,815.9201793544187
2129,61071.00227794389,650.771336858214
2130,20993.900514193065,219.54558030323838
2131,5518.728934297944,61.024861975167745
2132,-0.15630000000000002,0.0
2133,-0.15630000000000002,0.0
2134,-0.15630000000000002,0.0
2135,-0.15630000000000002,0.0
2136,-0.15630000000000002,0.0
2137,-0.15630000000000002,0.0
2138,-0.15630000000000002,0.0
2139,-0.15630000000000002,0.0
2140,-0.15630000000000002,0.0
2141,-0.15630000000000002,0.0
2142,-0.15630000000000002,0.0
2143,-0.15630000000000002,0.0
2144,-0.15630000000000002,0.0
2145,20443.540934748275,206.9982458773222
2146,32032.077051243752,325.09110536629385
2147,52344.13739129403,547.8824197799873
2148,75215.82,826.8342814955835
2149,70605.70618713617,763.59730445997
2150,75215.82,834.4633914550004
2151,67463.0434748484,732.1210138855489
2152,58114.06718880783,623.9955211798728
2153,56902.954773897516,604.1415117844186
2154,33096.587075858006,343.4732345381714
2155,5502.934527517287,60.48698835270371
2156,-0.15630000000000002,0.0
2157,-0.15630000000000002,0.0
2158,-0.15630000000000002,0.0
2159,-0.15630000000000002,0.0
2160,-0.15630000000000002,0.0
2161,-0.15630000000000002,0.0
2162,-0.15630000000000002,0.0
2163,-0.15630000000000002,0.0
2164,-0.15630000000000002,0.0
2165,-0.15630000000000002,0.0
2166,-0.15630000000000002,0.0
2167,-0.15630000000000002,0.0
2168,4639.13981816545,62.82867680630575
2169,19926.0311776988,200.23354368460252
2170,43436.90041957221,439.4874465295775
2171,61609.107481293206,640.811339900592
2172,75215.82,817.7645099637355
2173,75215.82,925.3669916426816
2174,75215.82,938.4114703409244
2175,75215.82,945.7135592109083
2176,71944.57060330131,767.8545540518887
2177,59642.955083898865,626.2175144115815
2178,37209.47205718242,383.7420410793963
2179,8921.418802480619,95.10290555368877
2180,-0.15630000000000002,0.0
2181,-0.15630000000000002,0.0
2182,-0.15630000000000002,0.0
2183,-0.15630000000000002,0.0
2184,-0.15630000000000002,0.0
2185,-0.15630000000000002,0.0
2186,-0.15630000000000002,0.0
2187,-0.15630000000000002,0.0
2188,-0.15630000000000002,0.0
2189,-0.15630000000000002,0.0
2190,-0.15630000000000002,0.0
2191,-0.15630000000000002,0.0
2192,5423.728883366229,73.59930711595815
2193,19788.316807963645,198.62643498294506
2194,43520.898909349664,443.4379407840216
2195,56708.34000956651,595.1775519286149
2196,74373.66151626442,815.3056659781502
2197,75215.82,843.1593502368141
2198,52684.49348726577,567.1637870235709
2199,75215.82,934.1785021276615
2200,72805.18975525322,804.2254887613875
2201,59579.57528926983,642.3361473735742
2202,40178.98553813702,421.9032193187537
2203,9480.074217678943,101.00982269055329
2204,-0.15630000000000002,0.0
2205,-0.15630000000000002,0.0
2206,-0.15630000000000002,0.0
2207,-0.15630000000000002,0.0
2208,-0.15630000000000002,0.0
2209,-0.15630000000000002,0.0
2210,-0.15630000000000002,0.0
2211,-0.15630000000000002,0.0
2212,-0.15630000000000002,0.0
2213,-0.15630000000000002,0.0
2214,-0.15630000000000002,0.0
2215,-0.15630000000000002,0.0
2216,5753.994927986946,77.18951721917561
2217,19490.5163195981,195.62660629405937
2218,41684.98279280299,428.1766438483894
2219,58778.321656980515,632.6883736917913
2220,72529.88242194206,814.7260205872817
2221,75215.82,941.9711492939871
2222,75215.82,946.1334326929007
2223,75022.91369818202,868.0871295839776
2224,73664.59013911072,833.1555458773245
2225,54170.55939082574,592.3916445912809
2226,26477.953377800044,281.6463421625884
2227,2843.056143538976,33.68876064167348
2228,-0.15630000000000002,0.0
2229,-0.15630000000000002,0.0
2230,-0.15630000000000002,0.0
2231,-0.15630000000000002,0.0
2232,-0.15630000000000002,0.0
2233,-0.15630000000000002,0.0
2234,-0.15630000000000002,0.0
2235,-0.15630000000000002,0.0
2236,-0.15630000000000002,0.0
2237,-0.15630000000000002,0.0
2238,-0.15630000000000002,0.0
2239,-0.15630000000000002,0.0
2240,6933.195907538891,92.44791015784988
2241,19242.82515323491,195.46047170710244
2242,40271.23112844884,415.42908808976665
2243,44230.89939326556,460.9139832437835
2244,73996.01492221409,795.334350431483
2245,75215.82,920.8786664071991
2246,75215.82,986.4581601661222
2247,75215.82,952.3410060451426
2248,75215.82,822.8458161616245
2249,57587.39583656054,604.9590264821821
2250,34750.80556222005,359.9651287071295
2251,9030.225535769656,96.53684304522868
2252,-0.15630000000000002,0.0
2253,-0.15630000000000002,0.0
2254,-0.15630000000000002,0.0
2255,-0.15630000000000002,0.0
2256,-0.15630000000000002,0.0
2257,-0.15630000000000002,0.0
2258,-0.15630000000000002,0.0
2259,-0.15630000000000002,0.0
2260,-0.15630000000000002,0.0
2261,-0.15630000000000002,0.0
2262,-0.15630000000000002,0.0
2263,-0.15630000000000002,0.0
2264,7063.4144498690375,93.34546268365425
2265,21299.07421230947,208.24792904117905
2266,41520.849520978925,407.4710627643187
2267,59883.498255141814,604.0695508114339
2268,41777.72986465628,421.05708355196015
2269,34824.65495393715,352.1121670708174
2270,72120.23830445124,745.9080241975895
2271,21372.747712047774,218.03019153294719
2272,29556.84961901878,300.3153193487073
2273,14542.488465584078,147.72814880925253
2274,18192.148072806864,183.39807944966037
2275,6783.590692401782,71.38984154293843
2276,-0.15630000000000002,0.0
2277,-0.15630000000000002,0.0
2278,-0.15630000000000002,0.0
2279,-0.15630000000000002,0.0
2280,-0.15630000000000002,0.0
2281,-0.15630000000000002,0.0
2282,-0.15630000000000002,0.0
2283,-0.15630000000000002,0.0
2284,-0.15630000000000002,0.0
2285,-0.15630000000000002,0.0
2286,-0.15630000000000002,0.0
2287,-0.15630000000000002,0.0
2288,6174.963423071812,82.57483237400183
2289,22764.4279442572,222.69474790584638
2290,17475.085077699143,172.74065812704563
2291,30956.796130685776,307.4851002093768
2292,64127.85788156801,654.5022653152012
2293,38001.20914039838,383.39002120979467
2294,49260.96253458981,501.68391822977713
2295,21272.561078728802,217.04835303137895
2296,62861.90061316641,647.5601146308164
2297,48453.071153357574,493.45486553975263
2298,40351.577114225256,405.18367459049705
2299,4098.827651066922,44.682162103258264
2300,-0.15630000000000002,0.0
2301,-0.15630000000000002,0.0
2302,-0.15630000000000002,0.0
2303,-0.15630000000000002,0.0
2304,-0.15630000000000002,0.0
2305,-0.15630000000000002,0.0
2306,-0.15630000000000002,0.0
2307,-0.15630000000000002,0.0
2308,-0.15630000000000002,0.0
2309,-0.15630000000000002,0.0
2310,-0.15630000000000002,0.0
2311,-0.15630000000000002,0.0
2312,7249.344305823627,95.14056773526299
2313,20536.96899678853,201.40791336013086
2314,27246.56170398387,267.0075393407529
2315,19296.034320047394,193.35324997680078
2316,33907.90957252187,341.22307877382553
2317,7037.690422297531,75.66803577479435
2318,18323.47335421788,188.5295062999584
2319,7705.480687764571,82.81020496013767
2320,68487.66413530745,716.2921918865285
2321,20439.540715521136,209.1284059072534
2322,33123.80723802231,336.9886820994223
2323,12496.223667868739,128.85693771887787
2324,-0.15630000000000002,0.0
2325,-0.15630000000000002,0.0
2326,-0.15630000000000002,0.0
2327,-0.15630000000000002,0.0
2328,-0.15630000000000002,0.0
2329,-0.15630000000000002,0.0
2330,-0.15630000000000002,0.0
2331,-0.15630000000000002,0.0
2332,-0.15630000000000002,0.0
2333,-0.15630000000000002,0.0
2334,-0.15630000000000002,0.0
2335,-0.15630000000000002,0.0
2336,5015.284927715784,65.52133438371885
2337,22051.45454878873,218.41045304005226
2338,46518.75995867056,473.34795343276244
2339,64603.0207029246,686.5327211140196
2340,75215.82,848.5823021861122
2341,75215.82,959.3099832819853
2342,75215.82,1006.9995851466825
2343,75215.82,972.3015042960031
2344,75215.82,841.8482639549694
2345,58504.73164954408,623.7967919810136
2346,24489.266301611668,254.81680602101838
2347,6599.270667420962,71.6238389403455
2348,-0.15630000000000002,0.0
2349,-0.15630000000000002,0.0
2350,-0.15630000000000002,0.0
2351,-0.15630000000000002,0.0
2352,-0.15630000000000002,0.0
2353,-0.15630000000000002,0.0
2354,-0.15630000000000002,0.0
2355,-0.15630000000000002,0.0
2356,-0.15630000000000002,0.0
2357,-0.15630000000000002,0.0
2358,-0.15630000000000002,0.0
2359,-0.15630000000000002,0.0
2360,4782.077892115254,62.82867680630575
2361,23218.338742849875,232.43286715877184
2362,45750.61490229087,471.5253572705182
2363,52388.89903478673,544.1162350893349
2364,73870.58972236243,787.5151322593915
2365,75215.82,913.3574146329679
2366,75215.82,882.5409888401579
2367,75215.82,896.4466390393741
2368,58265.05369441614,613.4936895014772
2369,41138.68475009228,427.46594335019955
2370,37001.79909379034,381.92191211578677
2371,3365.2102352807565,38.21702939989667
2372,-0.15630000000000002,0.0
2373,-0.15630000000000002,0.0
2374,-0.15630000000000002,0.0
2375,-0.15630000000000002,0.0
2376,-0.15630000000000002,0.0
2377,-0.15630000000000002,0.0
2378,-0.15630000000000002,0.0
2379,-0.15630000000000002,0.0
2380,-0.15630000000000002,0.0
2381,-0.15630000000000002,0.0
2382,-0.15630000000000002,0.0
2383,-0.15630000000000002,0.0
2384,5355.765503500487,70.0090970127407
2385,22527.64464141651,223.68284437182837
2386,46014.95565391216,472.34193154875067
2387,52770.34333494916,550.582143358523
2388,49578.32752055915,520.5653387188983
2389,66870.6871532651,723.0878488336672
2390,61860.62966002617,666.2457887173346
2391,74183.21090056693,810.6357165946399
2392,48319.461386377574,513.0057807952998
2393,61954.19536278607,662.3718624001297
2394,34854.71041496358,361.5496262093335
2395,12024.831419179569,125.39841188312354
2396,-0.15630000000000002,0.0
2397,-0.15630000000000002,0.0
2398,-0.15630000000000002,0.0
2399,-0.15630000000000002,0.0
2400,-0.15630000000000002,0.0
2401,-0.15630000000000002,0.0
2402,-0.15630000000000002,0.0
2403,-0.15630000000000002,0.0
2404,-0.15630000000000002,0.0
2405,-0.15630000000000002,0.0
2406,-0.15630000000000002,0.0
2407,-0.15630000000000002,0.0
2408,5037.569927206941,66.271217867068
2409,23367.00291551853,230.84364778739658
2410,46367.05974529992,478.78751077545763
2411,63955.541821474406,696.0317805542232
2412,75215.82,863.5323528382767
2413,70030.91329414559,757.2457848141503
2414,66866.05068291636,720.1572011887321
2415,60385.60783225739,646.1061308337556
2416,34774.473102717864,363.91931821599934
2417,45848.23218438768,481.37279448509327
2418,4483.964435987861,49.99889003000142
2419,281.08479813886476,6.120065988055242
2420,-0.15630000000000002,0.0
2421,-0.15630000000000002,0.0
2422,-0.15630000000000002,0.0
2423,-0.15630000000000002,0.0
2424,-0.15630000000000002,0.0
2425,-0.15630000000000002,0.0
2426,-0.15630000000000002,0.0
2427,-0.15630000000000002,0.0
2428,-0.15630000000000002,0.0
2429,-0.15630000000000002,0.0
2430,-0.15630000000000002,0.0
2431,-0.15630000000000002,0.0
2432,5293.567414219152,69.77569710542956
2433,24141.973679622104,237.5408394969898
2434,44784.1435826586,449.62760688753497
2435,61705.01071483548,635.5567869370975
2436,58730.22461743737,610.45397055097
2437,70022.97583205967,743.2467148510614
2438,39343.29786322542,408.1642163168244
2439,8209.731413060696,89.07144491589088
2440,12400.476839145314,131.06471180940716
2441,14878.268897540967,153.75572016613856
2442,33342.8667756344,338.9662563542934
2443,8230.696673019089,86.34644327032159
2444,-0.15630000000000002,0.0
2445,-0.15630000000000002,0.0
2446,-0.15630000000000002,0.0
2447,-0.15630000000000002,0.0
2448,-0.15630000000000002,0.0
2449,-0.15630000000000002,0.0
2450,-0.15630000000000002,0.0
2451,-0.15630000000000002,0.0
2452,-0.15630000000000002,0.0
2453,-0.15630000000000002,0.0
2454,-0.15630000000000002,0.0
2455,-0.15630000000000002,0.0
2456,4611.732142868209,59.85535717027242
2457,23628.666689173926,233.77389904712928
2458,48132.44018489282,495.07286764216326
2459,66761.00671580299,715.657561264525
2460,75215.82,874.5210827830331
2461,75215.82,975.8706030260448
2462,75215.82,997.727103874084
2463,75215.82,987.2730872974248
2464,75215.82,856.8590690177105
2465,60284.882597511554,664.7333187786325
2466,39114.59148079465,416.1972907081226
2467,13249.267641082577,139.55053848630826
2468,-0.15630000000000002,0.0
2469,-0.15630000000000002,0.0
2470,-0.15630000000000002,0.0
2471,-0.15630000000000002,0.0
2472,-0.15630000000000002,0.0
2473,-0.15630000000000002,0.0
2474,-0.15630000000000002,0.0
2475,-0.15630000000000002,0.0
2476,-0.15630000000000002,0.0
2477,-0.15630000000000002,0.0
2478,-0.15630000000000002,0.0
2479,-0.15630000000000002,0.0
2480,2533.370254405166,30.755217599337254
2481,23760.317696829203,235.00044398423657
2482,39674.028985682504,401.5266234137548
2483,23052.11419077129,236.7464443428516
2484,60685.40936541125,640.1290462752711
2485,12249.602901034048,131.12285923032437
2486,68980.19890199073,738.2747650100291
2487,66346.83550724231,708.3300480690738
2488,43129.465158504354,450.79537392762563
2489,27608.77982933023,286.3787697352638
2490,27949.67369900528,290.4051016390101
2491,4740.017517797525,52.31133231733949
2492,-0.15630000000000002,0.0
2493,-0.15630000000000002,0.0
2494,-0.15630000000000002,0.0
2495,-0.15630000000000002,0.0
2496,-0.15630000000000002,0.0
2497,-0.15630000000000002,0.0
2498,-0.15630000000000002,0.0
2499,-0.15630000000000002,0.0
2500,-0.15630000000000002,0.0
2501,-0.15630000000000002,0.0
2502,-0.15630000000000002,0.0
2503,-0.15630000000000002,0.0
2504,4861.588542141908,62.53137709085274
2505,24278.45834377696,237.5027843554294
2506,48643.20879499807,485.0830076817708
2507,61277.25422610431,622.1395720985919
2508,65318.67743074172,670.8958769032739
2509,74998.79673373236,780.8968335630611
2510,40606.22992841222,416.29477488118533
2511,8521.894613818129,91.75719066687822
2512,71909.50008639629,750.4941659209192
2513,65956.73956128133,681.9260211252864
2514,40729.356273098776,414.92154588674873
2515,13851.180101380356,141.89350533620308
2516,-0.15630000000000002,0.0
2517,-0.15630000000000002,0.0
2518,-0.15630000000000002,0.0
2519,-0.15630000000000002,0.0
2520,-0.15630000000000002,0.0
2521,-0.15630000000000002,0.0
2522,-0.15630000000000002,0.0
2523,-0.15630000000000002,0.0
2524,-0.15630000000000002,0.0
2525,-0.15630000000000002,0.0
2526,-0.15630000000000002,0.0
2527,-0.15630000000000002,0.0
2528,6453.982264121839,83.30281866147928
2529,24984.724490895278,248.00009505481643
2530,47587.46423832167,488.82351197459127
2531,64494.549941651974,700.4816107136076
2532,75215.82,845.9117380734453
2533,75215.82,964.2448110615206
2534,75215.82,968.9892788698601
2535,75215.82,848.3253813691957
2536,44525.00442791224,464.426981783911
2537,48210.52831656347,502.6959923507133
2538,14595.39420754773,151.12472924451941
2539,1962.823145082573,23.633706723075136
2540,-0.15630000000000002,0.0
2541,-0.15630000000000002,0.0
2542,-0.15630000000000002,0.0
2543,-0.15630000000000002,0.0
2544,-0.15630000000000002,0.0
2545,-0.15630000000000002,0.0
2546,-0.15630000000000002,0.0
2547,-0.15630000000000002,0.0
2548,-0.15630000000000002,0.0
2549,-0.15630000000000002,0.0
2550,-0.15630000000000002,0.0
2551,-0.15630000000000002,0.0
2552,5334.171825947144,64.75559701831986
2553,25285.521010417848,244.74766427555033
2554,39287.389939265806,386.0870874537898
2555,37898.96684181615,378.2408405633306
2556,44600.419892500824,450.09825998478675
2557,15771.74891784264,161.78051772233863
2558,11864.283402207164,123.11967732878603
2559,24824.534380209872,251.94610081229473
2560,75215.82,837.4969180859221
2561,54974.351775003466,559.7634412824592
2562,2957.5575580648065,33.313206345209714
2563,4597.46359579723,49.0061605260162
2564,-0.15630000000000002,0.0
2565,-0.15630000000000002,0.0
2566,-0.15630000000000002,0.0
2567,-0.15630000000000002,0.0
2568,-0.15630000000000002,0.0
2569,-0.15630000000000002,0.0
2570,-0.15630000000000002,0.0
2571,-0.15630000000000002,0.0
2572,-0.15630000000000002,0.0
2573,-0.15630000000000002,0.0
2574,-0.15630000000000002,0.0
2575,-0.15630000000000002,0.0
2576,6065.17161083212,68.29556685293653
2577,25796.123681770034,249.05340956000472
2578,50285.488924185884,502.53707149691786
2579,68276.04556722664,708.3597935256809
2580,75215.82,866.5697422663071
2581,75215.82,972.8234967407847
2582,75215.82,938.8079504770145
2583,75215.82,864.473280483218
2584,69524.7459708393,757.199724918242
2585,47186.10913639327,496.3793455218434
2586,25673.17266590661,264.238064458479
2587,7525.801974803968,79.51447832786286
2588,-0.15630000000000002,0.0
2589,-0.15630000000000002,0.0
2590,-0.15630000000000002,0.0
2591,-0.15630000000000002,0.0
2592,-0.15630000000000002,0.0
2593,-0.15630000000000002,0.0
2594,-0.15630000000000002,0.0
2595,-0.15630000000000002,0.0
2596,-0.15630000000000002,0.0
2597,-0.15630000000000002,0.0
2598,-0.15630000000000002,0.0
2599,-0.15630000000000002,0.0
2600,5336.322135712902,54.10900676216349
2601,26112.393189919145,259.81984505577867
2602,49210.39964635898,509.2093755319461
2603,66561.96794106069,711.2124151196824
2604,75215.82,816.8167577177383
2605,74381.4627004014,796.085164232747
2606,75215.82,960.566641492219
2607,75215.82,913.608825831347
2608,72433.59726392844,772.5694377371759
2609,57148.6152412777,599.6038369356592
2610,40794.317757416684,420.4604934063974
2611,15049.316992414615,155.17387054562514
2612,-0.15630000000000002,0.0
2613,-0.15630000000000002,0.0
2614,-0.15630000000000002,0.0
2615,-0.15630000000000002,0.0
2616,-0.15630000000000002,0.0
2617,-0.15630000000000002,0.0
2618,-0.15630000000000002,0.0
2619,-0.15630000000000002,0.0
2620,-0.15630000000000002,0.0
2621,-0.15630000000000002,0.0
2622,-0.15630000000000002,0.0
2623,-0.15630000000000002,0.0
2624,6938.977206391126,73.50666794428511
2625,25943.406214277275,254.88127783670265
2626,49516.43952712495,504.1567604794716
2627,67494.73969992592,701.5104544808726
2628,75215.82,869.1472757769391
2629,75215.82,939.4381682644796
2630,75215.82,862.1557035820306
2631,72714.95732856503,774.5599756791968
2632,73257.99556338506,778.343830769345
2633,62308.80467817186,652.9689863600643
2634,40938.6812464608,420.5696617619403
2635,9574.329512292532,100.31351589492387
2636,-0.15630000000000002,0.0
2637,-0.15630000000000002,0.0
2638,-0.15630000000000002,0.0
2639,-0.15630000000000002,0.0
2640,-0.15630000000000002,0.0
2641,-0.15630000000000002,0.0
2642,-0.15630000000000002,0.0
2643,-0.15630000000000002,0.0
2644,-0.15630000000000002,0.0
2645,-0.15630000000000002,0.0
2646,-0.15630000000000002,0.0
2647,-0.15630000000000002,0.0
2648,7301.1758474968665,72.8767368997233
2649,26318.82675996733,256.57783090631034
2650,27006.419324423867,266.5841466362557
2651,21184.231907314363,213.16491265789892
2652,24925.94119940807,252.72868954962973
2653,55429.90450625817,568.1269589035368
2654,75215.82,872.9396841480891
2655,22967.59265534676,236.72013231730602
2656,48782.24089696498,502.3457836911103
2657,62487.16456156099,644.53459492324
2658,43298.243825085236,438.76037016124326
2659,16797.234272228354,169.58692736542773
2660,-0.15630000000000002,0.0
2661,-0.15630000000000002,0.0
2662,-0.15630000000000002,0.0
2663,-0.15630000000000002,0.0
2664,-0.15630000000000002,0.0
2665,-0.15630000000000002,0.0
2666,-0.15630000000000002,0.0
2667,-0.15630000000000002,0.0
2668,-0.15630000000000002,0.0
2669,-0.15630000000000002,0.0
2670,-0.15630000000000002,0.0
2671,-0.15630000000000002,0.0
2672,7829.212679823533,77.1309706534612
2673,25935.43727274146,252.85847812785562
2674,35555.32583198469,352.83321030742496
2675,67758.88070057087,697.8412876700322
2676,75215.82,863.4956110225885
2677,72084.77333249048,762.6379591506195
2678,41233.583267840215,428.8444585870242
2679,75215.82,942.4221572021671
2680,75215.82,850.130061254186
2681,51625.44567461638,550.1971474242971
2682,14286.719162301923,147.4495191364229
2683,700.767313916171,10.496618963133265
2684,-0.15630000000000002,0.0
2685,-0.15630000000000002,0.0
2686,-0.15630000000000002,0.0
2687,-0.15630000000000002,0.0
2688,-0.15630000000000002,0.0
2689,-0.15630000000000002,0.0
2690,-0.15630000000000002,0.0
2691,-0.15630000000000002,0.0
2692,-0.15630000000000002,0.0
2693,-0.15630000000000002,0.0
2694,-0.15630000000000002,0.0
2695,-0.15630000000000002,0.0
2696,7406.578399322528,75.68637876525544
2697,18493.780893290426,180.286146664263
2698,44139.07408030479,434.01783150281517
2699,56685.350501751695,568.2974288119066
2700,72212.5547129347,742.4636140850042
2701,49612.394650534574,507.1514493850983
2702,75215.82,901.0404261338837
2703,67732.24972556804,708.6215101551052
2704,48159.120203179984,500.6288080149628
2705,19115.298908621917,198.68821033564745
2706,9115.855144690402,96.62874824664928
2707,4114.39452684047,45.62866497494349
2708,-0.15630000000000002,0.0
2709,-0.15630000000000002,0.0
2710,-0.15630000000000002,0.0
2711,-0.15630000000000002,0.0
2712,-0.15630000000000002,0.0
2713,-0.15630000000000002,0.0
2714,-0.15630000000000002,0.0
2715,-0.15630000000000002,0.0
2716,-0.15630000000000002,0.0
2717,-0.15630000000000002,0.0
2718,-0.15630000000000002,0.0
2719,-0.15630000000000002,0.0
2720,8036.87850136072,76.83601681916724
2721,27701.91522767455,270.13595201891735
2722,50019.06144229761,501.8876403998519
2723,53575.62808047766,546.0470940921712
2724,54769.83918045807,565.609213422808
2725,75215.82,890.7794938949107
2726,52007.385366155635,544.158606451263
2727,75215.82,944.1751896297745
2728,75215.82,834.6646773940508
2729,54682.5824354118,571.2128030702609
2730,15407.973228469707,160.49090125801027
2731,4742.61012512966,52.12243308631067
2732,-0.15630000000000002,0.0
2733,-0.15630000000000002,0.0
2734,-0.15630000000000002,0.0
2735,-0.15630000000000002,0.0
2736,-0.15630000000000002,0.0
2737,-0.15630000000000002,0.0
2738,-0.15630000000000002,0.0
2739,-0.15630000000000002,0.0
2740,-0.15630000000000002,0.0
2741,-0.15630000000000002,0.0
2742,-0.15630000000000002,0.0
2743,-0.15630000000000002,0.0
2744,8996.718000865865,86.7625741917774
2745,27286.068668947042,267.873960870996
2746,50497.1928223067,509.7343049893176
2747,68160.7271655682,708.9599007563198
2748,75215.82,875.764998548969
2749,75215.82,985.5000502960535
2750,75215.82,1016.3588026220882
2751,75215.82,960.3682531086748
2752,75215.82,832.0114684701391
2753,59068.75059131937,627.2422268567833
2754,36936.27671537121,385.38754223997734
2755,15335.633738004593,160.2825984959896
2756,-0.15630000000000002,0.0
2757,-0.15630000000000002,0.0
2758,-0.15630000000000002,0.0
2759,-0.15630000000000002,0.0
2760,-0.15630000000000002,0.0
2761,-0.15630000000000002,0.0
2762,-0.15630000000000002,0.0
2763,-0.15630000000000002,0.0
2764,-0.15630000000000002,0.0
2765,-0.15630000000000002,0.0
2766,-0.15630000000000002,0.0
2767,-0.15630000000000002,0.0
2768,8944.615690344719,88.33644278690598
2769,26874.973043496586,269.14194626941725
2770,48779.0604945633,509.91189213306995
2771,64926.54793993184,711.9456087486664
2772,75178.54151915152,874.3636062914604
2773,75215.82,978.4417007654583
2774,75215.82,1009.1974867315046
2775,75215.82,965.0198501719028
2776,75215.82,837.369166067875
2777,60167.816950229564,647.3858389309179
2778,39221.281081252026,412.0459416701842
2779,8574.440713697148,92.09641230542526
2780,-0.15630000000000002,0.0
2781,-0.15630000000000002,0.0
2782,-0.15630000000000002,0.0
2783,-0.15630000000000002,0.0
2784,-0.15630000000000002,0.0
2785,-0.15630000000000002,0.0
2786,-0.15630000000000002,0.0
2787,-0.15630000000000002,0.0
2788,-0.15630000000000002,0.0
2789,-0.15630000000000002,0.0
2790,-0.15630000000000002,0.0
2791,-0.15630000000000002,0.0
2792,8474.197971222511,82.7055255501897
2793,27292.424685297003,272.0415021652566
2794,49458.84982916436,511.97959827586067
2795,66322.02957042979,712.0820767365572
2796,75215.82,872.0525737641185
2797,75215.82,959.9389087802065
2798,75215.82,999.0944592722574
2799,75215.82,906.5350067843209
2800,72665.03936281365,791.5327392036675
2801,49709.345956944,529.3842818935083
2802,7556.909680415347,82.59155500718366
2803,14567.347058125257,152.97639957596735
2804,-0.15630000000000002,0.0
2805,-0.15630000000000002,0.0
2806,-0.15630000000000002,0.0
2807,-0.15630000000000002,0.0
2808,-0.15630000000000002,0.0
2809,-0.15630000000000002,0.0
2810,-0.15630000000000002,0.0
2811,-0.15630000000000002,0.0
2812,-0.15630000000000002,0.0
2813,-0.15630000000000002,0.0
2814,-0.15630000000000002,0.0
2815,-0.15630000000000002,0.0
2816,9960.907747557769,95.54347504142416
2817,28677.528443255505,279.3805240607268
2818,51078.448877692776,514.2150150890021
2819,69119.1004442623,718.4044880078195
2820,75215.82,883.3063171681927
2821,75215.82,988.3346978884878
2822,75215.82,995.7021438589618
2823,75215.82,950.6364865488362
2824,75215.82,853.772092435284
2825,62655.8439206938,657.6875226822359
2826,39782.765882616804,409.4525635569177
2827,16660.940127554648,170.90861169295363
2828,-0.15630000000000002,0.0
2829,-0.15630000000000002,0.0
2830,-0.15630000000000002,0.0
2831,-0.15630000000000002,0.0
2832,-0.15630000000000002,0.0
2833,-0.15630000000000002,0.0
2834,-0.15630000000000002,0.0
2835,-0.15630000000000002,0.0
2836,-0.15630000000000002,0.0
2837,-0.15630000000000002,0.0
2838,-0.15630000000000002,0.0
2839,-0.15630000000000002,0.0
2840,8828.377777724303,82.17522819319618
2841,29084.106353218882,281.4377333116414
2842,52626.54777802799,528.8284296519947
2843,70413.21305562458,733.6433521360769
2844,75215.82,897.6827603642462
2845,75215.82,1009.6696166272955
2846,75215.82,1040.9176756636211
2847,75215.82,1003.6069778989452
2848,75215.82,874.2948136436052
2849,63893.51566069888,676.0769593031522
2850,41886.208137385474,432.99989854828476
2851,17668.76173633982,181.0526209825046
2852,-0.15630000000000002,0.0
2853,-0.15630000000000002,0.0
2854,-0.15630000000000002,0.0
2855,-0.15630000000000002,0.0
2856,-0.15630000000000002,0.0
2857,-0.15630000000000002,0.0
2858,-0.15630000000000002,0.0
2859,-0.15630000000000002,0.0
2860,-0.15630000000000002,0.0
2861,-0.15630000000000002,0.0
2862,-0.15630000000000002,0.0
2863,-0.15630000000000002,0.0
2864,8846.309687183662,82.67285596418726
2865,28450.92280245012,282.81494929928556
2866,50076.66423440308,529.8468881398804
2867,66714.55745337675,730.9934982234615
2868,75215.82,892.8601064040824
2869,75215.82,980.6230255922451
2870,75215.82,941.7329499581423
2871,75215.82,934.2188573027273
2872,74114.22376208303,826.4226687184761
2873,40472.565668300274,438.61084541349055
2874,30338.82023889083,321.9646171543892
2875,13454.839013730578,141.43473408566473
2876,-0.15630000000000002,0.0
2877,-0.15630000000000002,0.0
2878,-0.15630000000000002,0.0
2879,-0.15630000000000002,0.0
2880,-0.15630000000000002,0.0
2881,-0.15630000000000002,0.0
2882,-0.15630000000000002,0.0
2883,-0.15630000000000002,0.0
2884,-0.15630000000000002,0.0
2885,-0.15630000000000002,0.0
2886,-0.15630000000000002,0.0
2887,-0.15630000000000002,0.0
2888,10412.102718747778,96.2288831140443
2889,25510.46953321449,246.73086946791275
2890,41378.36744190227,408.5621464966584
2891,31300.244595094282,312.6432075754033
2892,19345.294028746666,197.40046910494218
2893,67385.65460917646,696.5231485145105
2894,75215.82,922.0315147052221
2895,75215.82,940.6639219660443
2896,75215.82,844.8857318770978
2897,63929.337317231526,665.3315101377519
2898,42516.2794282641,436.5895879767363
2899,18002.265839264528,183.94972352201953
2900,-0.15630000000000002,0.0
2901,-0.15630000000000002,0.0
2902,-0.15630000000000002,0.0
2903,-0.15630000000000002,0.0
2904,-0.15630000000000002,0.0
2905,-0.15630000000000002,0.0
2906,-0.15630000000000002,0.0
2907,-0.15630000000000002,0.0
2908,-0.15630000000000002,0.0
2909,-0.15630000000000002,0.0
2910,-0.15630000000000002,0.0
2911,-0.15630000000000002,0.0
2912,9263.701005246916,84.80918100251405
2913,29448.81012862,288.06833945292203
2914,52224.39361944462,532.7623172384477
2915,69523.87496428865,727.3017090392576
2916,75215.82,872.8370191995698
2917,75215.82,967.4751346818331
2918,75215.82,1013.7044785231327
2919,75215.82,966.7170816960829
2920,75215.82,856.0574564271963
2921,62955.47783770543,666.0353210562358
2922,43325.92325662548,449.2608429130129
2923,17973.096616204904,184.91038055831999
2924,-0.15630000000000002,0.0
2925,-0.15630000000000002,0.0
2926,-0.15630000000000002,0.0
2927,-0.15630000000000002,0.0
2928,-0.15630000000000002,0.0
2929,-0.15630000000000002,0.0
2930,-0.15630000000000002,0.0
2931,-0.15630000000000002,0.0
2932,-0.15630000000000002,0.0
2933,-0.15630000000000002,0.0
2934,-0.15630000000000002,0.0
2935,-0.15630000000000002,0.0
2936,9448.74651825208,86.3660579024574
2937,29858.063983220436,293.7497418580703
2938,52671.23565917093,537.5155012471523
2939,70404.80658184722,738.5739641116603
2940,75215.82,891.475096269717
2941,75215.82,988.2700835003208
2942,75215.82,1007.9668511653841
2943,75215.82,975.4320163387888
2944,75215.82,864.4171539810047
2945,62010.17838854088,662.5835977113277
2946,41279.31329798243,431.6760343802015
2947,18208.160063165888,188.72927875454633
2948,-0.15630000000000002,0.0
2949,-0.15630000000000002,0.0
2950,-0.15630000000000002,0.0
2951,-0.15630000000000002,0.0
2952,-0.15630000000000002,0.0
2953,-0.15630000000000002,0.0
2954,-0.15630000000000002,0.0
2955,-0.15630000000000002,0.0
2956,-0.15630000000000002,0.0
2957,-0.15630000000000002,0.0
2958,-0.15630000000000002,0.0
2959,-0.15630000000000002,0.0
2960,9429.85897146529,86.70480874810264
2961,29327.911835948984,292.9215019642553
2962,50920.78215318551,532.6413598423132
2963,67553.25646210191,731.7387448715582
2964,75215.82,883.6756074304026
2965,75215.82,980.1539997439588
2966,75215.82,1006.1208295657441
2967,75215.82,966.2046097235271
2968,75215.82,855.8015815656474
2969,61660.40617341385,666.7687687966401
2970,42468.30330655136,448.33620006131224
2971,17520.968294438182,183.13395396306123
2972,-0.15630000000000002,0.0
2973,-0.15630000000000002,0.0
2974,-0.15630000000000002,0.0
2975,-0.15630000000000002,0.0
2976,-0.15630000000000002,0.0
2977,-0.15630000000000002,0.0
2978,-0.15630000000000002,0.0
2979,-0.15630000000000002,0.0
2980,-0.15630000000000002,0.0
2981,-0.15630000000000002,0.0
2982,-0.15630000000000002,0.0
2983,-0.15630000000000002,0.0
2984,9746.528304694937,90.3644672455495
2985,29209.264097886175,291.86975473468175
2986,50834.98452873047,533.3404893662191
2987,67092.55675626428,730.0166452032408
2988,75215.82,891.8622522307671
2989,75215.82,982.5903960739237
2990,75215.82,1009.5416889355046
2991,75215.82,965.0885937030679
2992,75215.82,848.6570469316675
2993,61300.58764809394,666.200046567086
2994,42224.63091386667,447.7241026582659
2995,17973.447547955893,187.91888050461233
2996,-0.15630000000000002,0.0
2997,-0.15630000000000002,0.0
2998,-0.15630000000000002,0.0
2999,-0.15630000000000002,0.0
3000,-0.15630000000000002,0.0
3001,-0.15630000000000002,0.0
3002,-0.15630000000000002,0.0
3003,-0.15630000000000002,0.0
3004,-0.15630000000000002,0.0
3005,-0.15630000000000002,0.0
3006,-0.15630000000000002,0.0
3007,-0.15630000000000002,0.0
3008,9558.6596073241,88.48779703108315
3009,29226.716831486447,291.81170204971346
3010,51135.939944429505,530.1652620230808
3011,67731.98457598928,725.102380824328
3012,75215.82,875.5088202224166
3013,75215.82,970.4903690836787
3014,75215.82,996.9205637963393
3015,75215.82,951.1556973052519
3016,72247.26396343569,822.9712182798661
3017,62522.98444694133,698.5588288864965
3018,43312.63274832642,469.56457122322
3019,19074.633003772866,201.70641526718282
3020,-0.15630000000000002,0.0
3021,-0.15630000000000002,0.0
3022,-0.15630000000000002,0.0
3023,-0.15630000000000002,0.0
3024,-0.15630000000000002,0.0
3025,-0.15630000000000002,0.0
3026,-0.15630000000000002,0.0
3027,-0.15630000000000002,0.0
3028,-0.15630000000000002,0.0
3029,-0.15630000000000002,0.0
3030,-0.15630000000000002,0.0
3031,-0.15630000000000002,0.0
3032,9876.226126931828,92.1374478393269
3033,29156.93074930318,293.3813229468371
3034,50292.04105037696,531.7902395273387
3035,66135.62975355219,727.8859728060957
3036,75215.82,885.6582620674493
3037,75215.82,986.098592137798
3038,75215.82,1001.7272665885923
3039,75215.82,951.5787038932967
3040,73505.57473387851,831.0886912968833
3041,58824.30264706352,650.6746118059893
3042,33909.20544218552,364.3421265846554
3043,12449.034941159716,133.78540428405043
3044,-0.15630000000000002,0.0
3045,-0.15630000000000002,0.0
3046,-0.15630000000000002,0.0
3047,-0.15630000000000002,0.0
3048,-0.15630000000000002,0.0
3049,-0.15630000000000002,0.0
3050,-0.15630000000000002,0.0
3051,-0.15630000000000002,0.0
3052,-0.15630000000000002,0.0
3053,-0.15630000000000002,0.0
3054,-0.15630000000000002,0.0
3055,-0.15630000000000002,0.0
3056,10001.593335973974,92.84286043340798
3057,26143.60617007374,263.27341428852526
3058,49100.532671429675,511.8088048512671
3059,66237.73741050603,710.4495379876532
3060,75215.82,817.5899025856554
3061,75215.82,890.9288463124693
3062,53261.897283142556,571.9744114915288
3063,44397.97878114552,474.0956264315134
3064,74308.94831225969,810.6103949463902
3065,57031.31835164538,610.7373511087031
3066,36336.41679083751,383.34215318672767
3067,18702.765921831116,195.5652404796101
3068,-0.15630000000000002,0.0
3069,-0.15630000000000002,0.0
3070,-0.15630000000000002,0.0
3071,-0.15630000000000002,0.0
3072,-0.15630000000000002,0.0
3073,-0.15630000000000002,0.0
3074,-0.15630000000000002,0.0
3075,-0.15630000000000002,0.0
3076,-0.15630000000000002,0.0
3077,-0.15630000000000002,0.0
3078,-0.15630000000000002,0.0
3079,-0.15630000000000002,0.0
3080,11240.094203143117,111.59954308351128
3081,26139.069728656636,263.76526414137385
3082,40361.533619122216,417.19176250634877
3083,6047.49424354607,67.66011128158978
3084,63327.76576772816,678.0552919927934
3085,27296.117553117696,289.52215195093623
3086,7713.81600186985,86.52893029873334
3087,6663.717863283267,74.94185268188545
3088,4918.530825065298,56.31074559848426
3089,3613.510174271975,42.16323152352363
3090,9135.223479838922,96.72120753383668
3091,1281.8011466774783,16.630113495937255
3092,-0.15630000000000002,0.0
3093,-0.15630000000000002,0.0
3094,-0.15630000000000002,0.0
3095,-0.15630000000000002,0.0
3096,-0.15630000000000002,0.0
3097,-0.15630000000000002,0.0
3098,-0.15630000000000002,0.0
3099,-0.15630000000000002,0.0
3100,-0.15630000000000002,0.0
3101,-0.15630000000000002,0.0
3102,-0.15630000000000002,0.0
3103,-0.15630000000000002,0.0
3104,10206.479450545725,94.381540704761
3105,29373.74795522276,296.576465086522
3106,51806.78443999624,545.6872626472853
3107,68788.78759194174,742.3887489201308
3108,75215.82,873.3511945865148
3109,69818.94016978025,739.2678138251987
3110,75215.82,960.1712212779461
3111,75215.82,947.2189460678388
3112,68887.83315748662,738.5451204419624
3113,57954.49617242645,613.8801588626114
3114,41482.87215689931,433.8471067841718
3115,17375.854842585893,180.41442616622916
3116,-0.15630000000000002,0.0
3117,-0.15630000000000002,0.0
3118,-0.15630000000000002,0.0
3119,-0.15630000000000002,0.0
3120,-0.15630000000000002,0.0
3121,-0.15630000000000002,0.0
3122,-0.15630000000000002,0.0
3123,-0.15630000000000002,0.0
3124,-0.15630000000000002,0.0
3125,-0.15630000000000002,0.0
3126,-0.15630000000000002,0.0
3127,-0.15630000000000002,0.0
3128,9058.406868820513,92.10663370967247
3129,3890.0222308928765,42.94119209292905
3130,17798.73265609517,181.51598067177065
3131,59796.270853436276,618.0402054698867
3132,63314.04568086869,660.3335282416131
3133,75215.82,980.9536013612664
3134,75215.82,1001.4040222046734
3135,75215.82,950.1186463793774
3136,75215.82,842.0008985187305
3137,63121.79586459748,662.8911958407837
3138,43552.718859762805,450.02293043278127
3139,19610.984952681945,200.42100384046665
3140,-0.15630000000000002,0.0
3141,-0.15630000000000002,0.0
3142,-0.15630000000000002,0.0
3143,-0.15630000000000002,0.0
3144,-0.15630000000000002,0.0
3145,-0.15630000000000002,0.0
3146,-0.15630000000000002,0.0
3147,-0.15630000000000002,0.0
3148,-0.15630000000000002,0.0
3149,-0.15630000000000002,0.0
3150,-0.15630000000000002,0.0
3151,-0.15630000000000002,0.0
3152,11155.969899951599,101.88633723969296
3153,30757.621485987962,305.27947012362375
3154,51221.33727644546,534.2277090409166
3155,68272.5531567672,736.9088321158991
3156,75215.82,894.8074370845421
3157,75215.82,983.9684504739812
3158,75215.82,1010.4301055007685
3159,75215.82,960.2432410114552
3160,73724.2772007586,798.7796096317319
3161,35981.448668249235,378.08585873973897
3162,25702.645848639128,268.0884564384237
3163,12214.423517072459,127.98599510419277
3164,-0.15630000000000002,0.0
3165,-0.15630000000000002,0.0
3166,-0.15630000000000002,0.0
3167,-0.15630000000000002,0.0
3168,-0.15630000000000002,0.0
3169,-0.15630000000000002,0.0
3170,-0.15630000000000002,0.0
3171,-0.15630000000000002,0.0
3172,-0.15630000000000002,0.0
3173,-0.15630000000000002,0.0
3174,-0.15630000000000002,0.0
3175,-0.15630000000000002,0.0
3176,12238.672199481394,116.79109216677003
3177,30860.128816244694,304.10386408499187
3178,41653.729294441655,424.7417336081861
3179,23524.244416149086,243.2384107051252
3180,22181.51059851905,233.1550700217184
3181,32501.940859857055,342.7948315336828
3182,41549.69823208866,442.0062111499226
3183,23103.36782646534,244.83203071145556
3184,42002.018700541244,446.5494356172924
3185,21797.01504631305,229.77661060134886
3186,34689.068167184996,361.63676274701766
3187,3364.220527496654,38.557426015253085
3188,-0.15630000000000002,0.0
3189,-0.15630000000000002,0.0
3190,-0.15630000000000002,0.0
3191,-0.15630000000000002,0.0
3192,-0.15630000000000002,0.0
3193,-0.15630000000000002,0.0
3194,-0.15630000000000002,0.0
3195,-0.15630000000000002,0.0
3196,-0.15630000000000002,0.0
3197,-0.15630000000000002,0.0
3198,-0.15630000000000002,0.0
3199,-0.15630000000000002,0.0
3200,13065.034053452626,122.17205588241498
3201,30270.19696615843,294.5874905054398
3202,42333.16940386301,423.14841591884846
3203,57259.30605671033,586.0920833134413
3204,10326.915671964702,109.37765284804722
3205,66169.09457955544,689.4493595960216
3206,75215.82,870.8782981824428
3207,75215.82,859.9284707811483
3208,71998.63624855877,762.3888102980485
3209,61842.85836692323,647.2719928003702
3210,30505.926920125206,312.7962028822365
3211,20625.617463716455,209.59949072585448
3212,-0.15630000000000002,0.0
3213,-0.15630000000000002,0.0
3214,-0.15630000000000002,0.0
3215,-0.15630000000000002,0.0
3216,-0.15630000000000002,0.0
3217,-0.15630000000000002,0.0
3218,-0.15630000000000002,0.0
3219,-0.15630000000000002,0.0
3220,-0.15630000000000002,0.0
3221,-0.15630000000000002,0.0
3222,-0.15630000000000002,0.0
3223,-0.15630000000000002,0.0
3224,10696.690204537996,94.81764637768924
3225,31503.203179724096,307.04563895336906
3226,53838.01614366366,549.0991934503762
3227,70240.50701640875,741.5520895401071
3228,75215.82,898.3797182613423
3229,75215.82,987.657064476516
3230,75215.82,1002.1952768638794
3231,75215.82,970.8480861844164
3232,75215.82,857.3149920642784
3233,63523.49901719604,678.6607057492155
3234,44529.51012751371,464.8248061270127
3235,20718.90596654795,212.38633238932618
3236,-0.15630000000000002,0.0
3237,-0.15630000000000002,0.0
3238,-0.15630000000000002,0.0
3239,-0.15630000000000002,0.0
3240,-0.15630000000000002,0.0
3241,-0.15630000000000002,0.0
3242,-0.15630000000000002,0.0
3243,-0.15630000000000002,0.0
3244,-0.15630000000000002,0.0
3245,-0.15630000000000002,0.0
3246,-0.15630000000000002,0.0
3247,-0.15630000000000002,0.0
3248,10764.085155709785,96.78047090643327
3249,30762.363924438145,307.09524074378686
3250,52402.394987625725,547.3687934294396
3251,69626.64137328393,745.1133099353052
3252,75215.82,898.7037126307711
3253,75215.82,994.655188240635
3254,75215.82,1016.3068552109444
3255,75215.82,965.9073729477916
3256,75215.82,847.393575495461
3257,63150.139270563974,680.488524061941
3258,25919.627012902507,273.120825341047
3259,6470.959719786097,71.01499532293893
3260,-0.15630000000000002,0.0
3261,-0.15630000000000002,0.0
3262,-0.15630000000000002,0.0
3263,-0.15630000000000002,0.0
3264,-0.15630000000000002,0.0
3265,-0.15630000000000002,0.0
3266,-0.15630000000000002,0.0
3267,-0.15630000000000002,0.0
3268,-0.15630000000000002,0.0
3269,-0.15630000000000002,0.0
3270,-0.15630000000000002,0.0
3271,3536.0747246259098,50.26294144504459
3272,12746.673264202589,119.25177181395168
3273,30613.420212177265,305.359957002647
3274,51979.31457142059,540.8801234238479
3275,68730.32914948933,731.7566548028499
3276,75215.82,877.8781919739173
3277,75215.82,975.6810072655926
3278,75215.82,963.0155716871114
3279,75215.82,885.0609334053644
3280,69031.41050283729,744.9373539436253
3281,23723.288700727087,251.0038355676454
3282,30122.09985900558,315.5699011043485
3283,14851.205999755648,155.3335977900097
3284,-0.15630000000000002,0.0
3285,-0.15630000000000002,0.0
3286,-0.15630000000000002,0.0
3287,-0.15630000000000002,0.0
3288,-0.15630000000000002,0.0
3289,-0.15630000000000002,0.0
3290,-0.15630000000000002,0.0
3291,-0.15630000000000002,0.0
3292,-0.15630000000000002,0.0
3293,-0.15630000000000002,0.0
3294,-0.15630000000000002,0.0
3295,4178.311874567414,58.3409141772839
3296,10974.430521512617,98.58974609014095
3297,30983.489815150388,310.1979930400701
3298,51133.86193158561,550.2651414965949
3299,67590.14537740032,744.387921896314
3300,75215.82,901.1982685727986
3301,75215.82,996.5682114341187
3302,75215.82,1017.9713565944212
3303,75215.82,973.9998826898237
3304,75215.82,855.9475922550795
3305,62790.94315842176,678.6987469081421
3306,43741.95908140233,463.5668582045409
3307,20667.2000358672,215.87448824751257
3308,-0.15630000000000002,0.0
3309,-0.15630000000000002,0.0
3310,-0.15630000000000002,0.0
3311,-0.15630000000000002,0.0
3312,-0.15630000000000002,0.0
3313,-0.15630000000000002,0.0
3314,-0.15630000000000002,0.0
3315,-0.15630000000000002,0.0
3316,-0.15630000000000002,0.0
3317,-0.15630000000000002,0.0
3318,-0.15630000000000002,0.0
3319,4175.0040566788875,58.3409141772839
3320,11032.21072165553,100.02712466981586
3321,30543.373312375163,307.5188474870175
3322,51638.500583739566,542.6492428503728
3323,67905.06670339382,736.5460099057952
3324,75215.82,891.2237406988168
3325,75215.82,979.4708266101118
3326,75215.82,1000.8557170358843
3327,75215.82,955.7685948155718
3328,75215.82,844.9822471644412
3329,60388.18762982093,659.4753321075195
3330,41335.0952502882,441.0970228569013
3331,20023.048442015428,210.88227262176815
3332,-0.15630000000000002,0.0
3333,-0.15630000000000002,0.0
3334,-0.15630000000000002,0.0
3335,-0.15630000000000002,0.0
3336,-0.15630000000000002,0.0
3337,-0.15630000000000002,0.0
3338,-0.15630000000000002,0.0
3339,-0.15630000000000002,0.0
3340,-0.15630000000000002,0.0
3341,-0.15630000000000002,0.0
3342,-0.15630000000000002,0.0
3343,5725.855183295158,78.98462227078437
3344,11640.710033411482,108.02433719208602
3345,19347.972185098854,199.12520769934892
3346,6047.8536753786575,67.60096178440764
3347,61185.08075189666,685.2717884772068
3348,63906.53737630385,720.6086108644828
3349,75215.82,970.4554595006373
3350,75215.82,979.2973243143398
3351,75215.82,912.8926804038266
3352,75215.82,849.2758546827472
3353,55480.866047277406,606.828656602531
3354,38111.63429255437,410.00373501250857
3355,15367.747986734577,165.30821251766955
3356,-0.15630000000000002,0.0
3357,-0.15630000000000002,0.0
3358,-0.15630000000000002,0.0
3359,-0.15630000000000002,0.0
3360,-0.15630000000000002,0.0
3361,-0.15630000000000002,0.0
3362,-0.15630000000000002,0.0
3363,-0.15630000000000002,0.0
3364,-0.15630000000000002,0.0
3365,-0.15630000000000002,0.0
3366,-0.15630000000000002,0.0
3367,5281.327395484631,73.59930711595815
3368,12181.498932389688,115.29037357299191
3369,29956.85974932116,307.47511365835027
3370,47694.6970947048,513.3212855360143
3371,62467.125607037815,695.6981737023052
3372,73506.79601665339,839.2600125331134
3373,75215.82,932.8174697403078
3374,75215.82,899.6742226101165
3375,71947.445101727,808.2877649592259
3376,74603.66863059292,833.3712168671542
3377,48500.76507504195,528.3297762657612
3378,43602.94385061408,467.48369053949716
3379,20420.23343290375,216.21400915819066
3380,-0.15630000000000002,0.0
3381,-0.15630000000000002,0.0
3382,-0.15630000000000002,0.0
3383,-0.15630000000000002,0.0
3384,-0.15630000000000002,0.0
3385,-0.15630000000000002,0.0
3386,-0.15630000000000002,0.0
3387,-0.15630000000000002,0.0
3388,-0.15630000000000002,0.0
3389,-0.15630000000000002,0.0
3390,-0.15630000000000002,0.0
3391,5635.308715879119,78.08706974498001
3392,11861.881797354272,110.4376102291105
3393,29797.36977732635,305.83143080110494
3394,47697.79596810104,514.2289873003355
3395,62558.33262943981,697.5491198040538
3396,66454.68364260979,749.1434157753206
3397,75215.82,911.8613862396687
3398,66893.61188056445,759.2899766097934
3399,75215.82,873.1684150713444
3400,45317.41731490824,500.17517752354803
3401,33814.28079613977,365.85705717770753
3402,38919.6147703155,414.0987656773126
3403,13267.083865839842,141.98103808871173
3404,32.59134455346533,3.494329795607749
3405,-0.15630000000000002,0.0
3406,-0.15630000000000002,0.0
3407,-0.15630000000000002,0.0
3408,-0.15630000000000002,0.0
3409,-0.15630000000000002,0.0
3410,-0.15630000000000002,0.0
3411,-0.15630000000000002,0.0
3412,-0.15630000000000002,0.0
3413,-0.15630000000000002,0.0
3414,-0.15630000000000002,0.0
3415,765.5423977787104,14.360840412869885
3416,9033.977082383308,92.21459571255211
3417,25422.092015895672,253.08835473424583
3418,16145.238016561489,165.23620137414133
3419,13191.59254953873,137.53839367873664
3420,10967.38977939907,116.46952570155206
3421,7173.69139088756,78.47851795860811
3422,29629.646195120356,308.6513030449657
3423,8193.40969992036,89.16895235344292
3424,41542.88989450089,432.87204881949816
3425,30738.270152692807,316.4871259810597
3426,21474.10049001733,220.23667696063168
3427,12439.418659785504,127.66359451873718
3428,45.68974515749296,3.494384510187876
3429,-0.15630000000000002,0.0
3430,-0.15630000000000002,0.0
3431,-0.15630000000000002,0.0
3432,-0.15630000000000002,0.0
3433,-0.15630000000000002,0.0
3434,-0.15630000000000002,0.0
3435,-0.15630000000000002,0.0
3436,-0.15630000000000002,0.0
3437,-0.15630000000000002,0.0
3438,-0.15630000000000002,0.0
3439,4990.807267652167,69.11154448693631
3440,12582.319543822272,122.75261097666397
3441,31639.454222256707,311.35008669329727
3442,46371.619320985745,474.72697311960496
3443,33510.94984865744,345.06762854506627
3444,60077.153380150885,634.3244023178632
3445,47738.019242085495,499.4177991052223
3446,73682.50229057025,790.7073492184213
3447,75215.82,819.1042059976847
3448,71309.26304579528,763.4626000267144
3449,56291.61126005176,590.7114814672673
3450,43957.56505632043,454.52650670747084
3451,13116.090217130712,135.302214284365
3452,-0.15630000000000002,2.62063687255234
3453,-0.15630000000000002,0.0
3454,-0.15630000000000002,0.0
3455,-0.15630000000000002,0.0
3456,-0.15630000000000002,0.0
3457,-0.15630000000000002,0.0
3458,-0.15630000000000002,0.0
3459,-0.15630000000000002,0.0
3460,-0.15630000000000002,0.0
3461,-0.15630000000000002,0.0
3462,-0.15630000000000002,0.0
3463,5107.424486382466,70.0090970127407
3464,14528.278742032799,135.02474329368002
3465,30739.06949284475,300.94152461055654
3466,45649.567528270796,460.2876254679585
3467,52070.307845681986,534.5487393286795
3468,63748.64428261859,668.9308239392057
3469,48905.943014196164,511.5579648816389
3470,71987.51403880258,769.1154247565026
3471,75215.82,847.7259012636737
3472,60245.10948684282,638.8794155537829
3473,57668.159363070044,607.8468780442148
3474,29441.8529299912,303.7223194742029
3475,14776.823652954572,151.90022616472515
3476,281.3960797512031,6.116686963672963
3477,-0.15630000000000002,0.0
3478,-0.15630000000000002,0.0
3479,-0.15630000000000002,0.0
3480,-0.15630000000000002,0.0
3481,-0.15630000000000002,0.0
3482,-0.15630000000000002,0.0
3483,-0.15630000000000002,0.0
3484,-0.15630000000000002,0.0
3485,-0.15630000000000002,0.0
3486,-0.15630000000000002,0.0
3487,4334.878745423427,61.931124280501386
3488,11657.117545732517,103.69215668102147
3489,31716.491425544336,311.8937947928579
3490,52850.1871782215,542.6543863005338
3491,69406.14952353528,736.3770354657461
3492,75215.82,889.3466469317137
3493,75215.82,989.0966130587344
3494,75215.82,1011.077330793336
3495,75215.82,962.457877664313
3496,75215.82,847.765456973855
3497,63200.95979290105,675.3656101839136
3498,44524.99729557364,466.0074605161421
3499,22197.990461693487,228.36859877749086
3500,353.2661573639713,6.991093397278093
3501,-0.15630000000000002,0.0
3502,-0.15630000000000002,0.0
3503,-0.15630000000000002,0.0
3504,-0.15630000000000002,0.0
3505,-0.15630000000000002,0.0
3506,-0.15630000000000002,0.0
3507,-0.15630000000000002,0.0
3508,-0.15630000000000002,0.0
3509,-0.15630000000000002,0.0
3510,-0.15630000000000002,0.0
3511,4385.660338435341,62.82867680630575
3512,11774.851596387256,105.297070317177
3513,31561.738351889242,312.55102891281257
3514,52353.23394233945,543.6520761223584
3515,68361.16608716297,736.2701609928988
3516,75215.82,890.1647602873853
3517,75215.82,968.5136315711164
3518,75215.82,968.111542788288
3519,75215.82,916.2634524206962
3520,45178.03311599975,484.9638271409557
3521,53263.53864719772,572.0085880790291
3522,39444.23972473466,417.51677090475056
3523,21518.362675576,224.00133095156576
3524,681.2695977371917,10.261594751793144
3525,-0.15630000000000002,0.0
3526,-0.15630000000000002,0.0
3527,-0.15630000000000002,0.0
3528,-0.15630000000000002,0.0
3529,-0.15630000000000002,0.0
3530,-0.15630000000000002,0.0
3531,-0.15630000000000002,0.0
3532,-0.15630000000000002,0.0
3533,-0.15630000000000002,0.0
3534,-0.15630000000000002,0.0
3535,4554.090668831412,64.6237818579145
3536,11986.827888472468,106.77817431576129
3537,32500.522918473354,319.3267445905681
3538,54104.19178506492,552.9325092894434
3539,70833.17051395342,745.588662893045
3540,75215.82,899.4301073384694
3541,75215.82,992.9501902237089
3542,75215.82,1015.0102132855457
3543,75215.82,972.5725100103579
3544,75215.82,862.9299673708878
3545,64308.57106098169,689.0126140758113
3546,45576.2860782975,479.9270286345574
3547,23148.05249735135,239.45465519462857
3548,835.8827276160648,11.88780160537096
3549,-0.15630000000000002,0.0
3550,-0.15630000000000002,0.0
3551,-0.15630000000000002,0.0
3552,-0.15630000000000002,0.0
3553,-0.15630000000000002,0.0
3554,-0.15630000000000002,0.0
3555,-0.15630000000000002,0.0
3556,-0.15630000000000002,0.0
3557,-0.15630000000000002,0.0
3558,-0.15630000000000002,0.0
3559,4465.966021178456,62.82867680630575
3560,12001.749182671789,107.583375168879
3561,32154.76284387112,318.62696368152194
3562,53305.71009603271,551.9120284513824
3563,69377.85148228913,745.5013490379037
3564,75215.82,896.8070952556958
3565,75215.82,990.5459700784456
3566,75215.82,1010.9577829924162
3567,71360.78789593314,799.5523311802295
3568,75215.82,896.5568179177078
3569,61375.95299031089,676.1112964225107
3570,44073.84791251746,474.80014686267515
3571,22125.32788245771,233.07508326280345
3572,809.7283358650195,11.800577882631451
3573,-0.15630000000000002,0.0
3574,-0.15630000000000002,0.0
3575,-0.15630000000000002,0.0
3576,-0.15630000000000002,0.0
3577,-0.15630000000000002,0.0
3578,-0.15630000000000002,0.0
3579,-0.15630000000000002,0.0
3580,-0.15630000000000002,0.0
3581,-0.15630000000000002,0.0
3582,-0.15630000000000002,0.0
3583,4339.0560399735205,60.136019228892636
3584,13725.030414544728,128.85813739666864
3585,30775.4147491346,315.9638068653972
3586,42217.7270851235,449.4580092697282
3587,41985.83441308305,452.7793275061799
3588,75215.82,872.3395060135014
3589,75215.82,949.8845486914256
3590,75215.82,1000.2377137110587
3591,47506.364341101755,529.5783663985027
3592,68100.86396637322,778.6321503120278
3593,33804.9319179221,370.55419435322693
3594,3972.950577525191,47.39510288826688
3595,1899.7441156385653,24.523887818988232
3596,-0.15630000000000002,2.6208711248423446
3597,-0.15630000000000002,0.0
3598,-0.15630000000000002,0.0
3599,-0.15630000000000002,0.0
3600,-0.15630000000000002,0.0
3601,-0.15630000000000002,0.0
3602,-0.15630000000000002,0.0
3603,-0.15630000000000002,0.0
3604,-0.15630000000000002,0.0
3605,-0.15630000000000002,0.0
3606,-0.15630000000000002,0.0
3607,6329.1683883180085,86.1650424772193
3608,13290.449402455724,130.01850536549009
3609,30571.312448791803,310.56377268232677
3610,46419.720784670295,490.57552574511203
3611,65446.70082343695,719.2535007667337
3612,75215.82,850.2879922662764
3613,75215.82,942.7339048683758
3614,75215.82,990.8789503487548
3615,75215.82,853.9520160665194
3616,47489.51115788498,516.5127477893253
3617,34368.06617699178,370.6020101530968
3618,3771.4948460589985,44.75846400010193
3619,7492.643131003674,82.44463551592311
3620,-0.15630000000000002,1.747150531175129
3621,-0.15630000000000002,0.0
3622,-0.15630000000000002,0.0
3623,-0.15630000000000002,0.0
3624,-0.15630000000000002,0.0
3625,-0.15630000000000002,0.0
3626,-0.15630000000000002,0.0
3627,-0.15630000000000002,0.0
3628,-0.15630000000000002,0.0
3629,-0.15630000000000002,0.0
3630,-0.15630000000000002,0.0
3631,4611.057252564351,64.6237818579145
3632,11925.776437980872,106.35326830238228
3633,30921.006335781974,310.78283002049494
3634,51569.88510653846,542.0668952672786
3635,67152.63094694665,731.7223323346445
3636,75215.82,876.8088022561177
3637,75215.82,896.8049367105378
3638,74418.84933427007,848.9993790386826
3639,74138.74761680402,845.5328046075057
3640,40694.49021950059,445.7294561959459
3641,55853.42846970136,610.9745769457479
3642,5595.47186263828,64.10900478942028
3643,3590.183428957237,42.07648232342326
3644,415.92471713179873,7.866042077484321
3645,-0.15630000000000002,0.0
3646,-0.15630000000000002,0.0
3647,-0.15630000000000002,0.0
3648,-0.15630000000000002,0.0
3649,-0.15630000000000002,0.0
3650,-0.15630000000000002,0.0
3651,-0.15630000000000002,0.0
3652,-0.15630000000000002,0.0
3653,-0.15630000000000002,0.0
3654,-0.15630000000000002,0.0
3655,4696.542851560777,66.41888690952321
3656,11817.313745264712,108.12761325079454
3657,30375.924972370354,308.30292661819254
3658,49918.726202999125,537.9401883498742
3659,63744.16486651918,724.9942577286477
3660,74454.6053107699,875.9867818620686
3661,75215.82,962.9101075565275
3662,75215.82,918.7092812751165
3663,60248.54822447085,679.178511382883
3664,6685.405830758777,77.51916184591605
3665,7800.543463590664,88.88129716034658
3666,26301.18484648923,285.95645502341773
3667,4207.080708221458,49.1058047362715
3668,485.03142400411605,8.740741398735414
3669,-0.15630000000000002,0.0
3670,-0.15630000000000002,0.0
3671,-0.15630000000000002,0.0
3672,-0.15630000000000002,0.0
3673,-0.15630000000000002,0.0
3674,-0.15630000000000002,0.0
3675,-0.15630000000000002,0.0
3676,-0.15630000000000002,0.0
3677,-0.15630000000000002,0.0
3678,-0.15630000000000002,0.0
3679,4823.405323473029,68.21399196113195
3680,11651.837535157165,106.88444603335432
3681,30158.88557286534,308.64611023010997
3682,49346.662836916315,533.5160971771614
3683,65191.77695921985,726.579280076767
3684,75215.82,877.8534341784845
3685,75215.82,934.5705741460442
3686,73433.2150608807,825.8891654367283
3687,75215.82,896.4440444844217
3688,49768.31505728825,549.243199287703
3689,55983.7315796,617.9020091709649
3690,42141.20690535635,456.8611330760994
3691,22128.79055034517,235.37137889978496
3692,2626.98167320954,29.765272513325076
3693,-0.15630000000000002,0.0
3694,-0.15630000000000002,0.0
3695,-0.15630000000000002,0.0
3696,-0.15630000000000002,0.0
3697,-0.15630000000000002,0.0
3698,-0.15630000000000002,0.0
3699,-0.15630000000000002,0.0
3700,-0.15630000000000002,0.0
3701,-0.15630000000000002,0.0
3702,-0.15630000000000002,0.0
3703,4600.56175295196,62.82867680630575
3704,11768.143372741451,106.73994228901239
3705,31175.075408684475,314.6666541534265
3706,51190.638468343685,542.3264637534724
3707,66815.24744981423,729.7480517214009
3708,75215.82,879.0778279066794
3709,75215.82,970.2360881583041
3710,75215.82,998.2241643687812
3711,75215.82,975.8626932648617
3712,75215.82,863.8235777029673
3713,62056.61537777673,687.869140447222
3714,43221.77124465989,468.37225482551895
3715,22903.53390085255,242.92293219931014
3716,2600.779499739589,29.428272211124412
3717,-0.15630000000000002,0.0
3718,-0.15630000000000002,0.0
3719,-0.15630000000000002,0.0
3720,-0.15630000000000002,0.0
3721,-0.15630000000000002,0.0
3722,-0.15630000000000002,0.0
3723,-0.15630000000000002,0.0
3724,-0.15630000000000002,0.0
3725,-0.15630000000000002,0.0
3726,-0.15630000000000002,0.0
3727,4676.984467711854,63.726229332110115
3728,12153.070084639312,110.9165629052295
3729,30944.588734735895,314.8541590796348
3730,51344.20130908023,560.3453738765962
3731,65653.93681216438,738.2376241528882
3732,75215.82,887.6233422084688
3733,75215.82,981.1588514109292
3734,75215.82,1010.3211579601083
3735,75215.82,995.1391725157005
3736,72636.59052183297,869.9946315725965
3737,60252.4411725001,693.3573235407997
3738,42361.23079212778,470.3268750298124
3739,22686.878497107817,244.62191174464834
3740,2619.0108334174733,29.953985069743794
3741,-0.15630000000000002,0.0
3742,-0.15630000000000002,0.0
3743,-0.15630000000000002,0.0
3744,-0.15630000000000002,0.0
3745,-0.15630000000000002,0.0
3746,-0.15630000000000002,0.0
3747,-0.15630000000000002,0.0
3748,-0.15630000000000002,0.0
3749,-0.15630000000000002,0.0
3750,-0.15630000000000002,0.0
3751,4942.720705605066,69.11154448693631
3752,11824.88737355366,109.09127749070949
3753,30271.71631632865,312.65063027008904
3754,49027.97887583623,540.8279365020023
3755,64287.472706065644,729.8997472001071
3756,75215.82,882.3305942378618
3757,75215.82,971.3367398998764
3758,75215.82,968.9297817957807
3759,75215.82,940.6586766603378
3760,66868.11167817928,778.2045045236741
3761,23891.639494653038,264.1522057462872
3762,7197.222920880883,82.60599654327827
3763,3923.076282276038,46.47057006769749
3764,99.34574112099803,4.3690749926707175
3765,-0.15630000000000002,0.0
3766,-0.15630000000000002,0.0
3767,-0.15630000000000002,0.0
3768,-0.15630000000000002,0.0
3769,-0.15630000000000002,0.0
3770,-0.15630000000000002,0.0
3771,-0.15630000000000002,0.0
3772,-0.15630000000000002,0.0
3773,-0.15630000000000002,0.0
3774,-0.15630000000000002,0.0
3775,4897.433594387298,68.21399196113195
3776,11617.517491005376,106.3459102270315
3777,30614.13116814288,313.149700570349
3778,50532.00213388966,539.7140058467068
3779,65777.56756437942,724.768412328756
3780,75215.82,874.4268272223802
3781,75215.82,971.5502802636144
3782,75215.82,963.2471044608877
3783,75215.82,954.8632807878735
3784,75135.53862398058,855.0416654476891
3785,61246.56805667646,681.4908559117644
3786,42777.445395881834,465.7827774637962
3787,20915.7252883203,223.46290859046374
3788,3499.0694092576505,38.41914839827465
3789,-0.15630000000000002,0.0
3790,-0.15630000000000002,0.0
3791,-0.15630000000000002,0.0
3792,-0.15630000000000002,0.0
3793,-0.15630000000000002,0.0
3794,-0.15630000000000002,0.0
3795,-0.15630000000000002,0.0
3796,-0.15630000000000002,0.0
3797,-0.15630000000000002,0.0
3798,-0.15630000000000002,0.0
3799,6173.964578682016,84.36993742561057
3800,14431.637996233065,137.17011872738303
3801,30753.84776499598,312.34330616169194
3802,49470.620545497826,527.05357997886
3803,56444.19494053254,612.0393332420193
3804,69805.80195143353,774.855286493071
3805,75215.82,899.2481843795329
3806,73468.78939203736,827.9407369651215
3807,74422.11932441912,843.6397554927438
3808,52396.84963903683,581.7794556650251
3809,52599.55126957356,582.3565765473419
3810,38515.73035679456,418.24689500854936
3811,25255.26969976548,268.3233767337572
3812,3083.3911930449904,34.48845545130819
3813,-0.15630000000000002,0.0
3814,-0.15630000000000002,0.0
3815,-0.15630000000000002,0.0
3816,-0.15630000000000002,0.0
3817,-0.15630000000000002,0.0
3818,-0.15630000000000002,0.0
3819,-0.15630000000000002,0.0
3820,-0.15630000000000002,0.0
3821,-0.15630000000000002,0.0
3822,-0.15630000000000002,0.0
3823,5817.453843162744,80.7797273223931
3824,11766.21781467599,107.61772449505612
3825,30289.25931014364,306.823038207549
3826,50096.10663308315,531.0156653170824
3827,64946.71314438817,713.5987257499588
3828,75215.82,860.0906544164951
3829,75215.82,859.8185353303369
3830,62763.89847001025,705.3574228632892
3831,61370.28804449446,687.1556756877151
3832,60910.92153443238,681.09331318637
3833,54217.81412168046,600.4401704508542
3834,10592.264740924524,116.49157548951277
3835,1688.5437450032061,21.895668243794926
3836,3597.3438863849087,38.635258630821966
3837,-0.15630000000000002,0.0
3838,-0.15630000000000002,0.0
3839,-0.15630000000000002,0.0
3840,-0.15630000000000002,0.0
3841,-0.15630000000000002,0.0
3842,-0.15630000000000002,0.0
3843,-0.15630000000000002,0.0
3844,-0.15630000000000002,0.0
3845,-0.15630000000000002,0.0
3846,-0.15630000000000002,0.0
3847,6377.3678076874385,87.06259500302367
3848,14029.277033597768,132.15118331819878
3849,30625.626436468185,308.88082608835714
3850,44099.44315209438,462.0997177134376
3851,35476.75083845175,377.8609260444069
3852,43510.50801873077,470.76843325919356
3853,75215.82,950.6426353200308
3854,52851.1325458495,582.3037959974603
3855,49247.316657780655,538.4594809530871
3856,61429.71593706639,677.2678237845063
3857,30639.717657465473,329.4980283732956
3858,30374.284283347348,324.09668991738386
3859,15284.583156325918,161.785580877513
3860,730.4435397528694,11.366052628214717
3861,-0.15630000000000002,0.0
3862,-0.15630000000000002,0.0
3863,-0.15630000000000002,0.0
3864,-0.15630000000000002,0.0
3865,-0.15630000000000002,0.0
3866,-0.15630000000000002,0.0
3867,-0.15630000000000002,0.0
3868,-0.15630000000000002,0.0
3869,-0.15630000000000002,0.0
3870,-0.15630000000000002,0.0
3871,5140.694742960281,71.80420206434943
3872,14285.698318790231,136.27352516984027
3873,22791.593809153303,229.69693833452484
3874,40457.881302934096,419.05220092468653
3875,60805.060363712,646.6708335743034
3876,64441.05546683986,689.7162717501092
3877,30256.99762507057,320.00951612485505
3878,57722.81962383595,617.3716653684291
3879,37981.80356260133,401.94214639233064
3880,41979.148144393155,445.7697766568694
3881,66925.77720919087,714.8871575773189
3882,48773.06680564606,505.97980266779933
3883,15098.994319710266,154.77699856315343
3884,3133.5337826286104,33.772088851255646
3885,-0.15630000000000002,0.0
3886,-0.15630000000000002,0.0
3887,-0.15630000000000002,0.0
3888,-0.15630000000000002,0.0
3889,-0.15630000000000002,0.0
3890,-0.15630000000000002,0.0
3891,-0.15630000000000002,0.0
3892,-0.15630000000000002,0.0
3893,-0.15630000000000002,0.0
3894,-0.15630000000000002,0.0
3895,5335.01747466458,73.59930711595815
3896,10130.40169002879,101.7118945552504
3897,27291.197512689523,269.459003298184
3898,38848.21181733213,393.5093999008315
3899,31324.38055078957,320.3610167723092
3900,11668.252692263937,124.41661350933951
3901,8805.71532712116,96.21917999241214
3902,29427.669515251946,308.8256783157507
3903,30251.16158655932,317.9657393227468
3904,58435.55622674302,620.3708323666644
3905,18611.71149269982,196.33451040309038
3906,48926.249493151954,509.6874723183455
3907,24915.483444335543,254.55572622837718
3908,924.8837618816794,13.116572774603362
3909,-0.15630000000000002,0.0
3910,-0.15630000000000002,0.0
3911,-0.15630000000000002,0.0
3912,-0.15630000000000002,0.0
3913,-0.15630000000000002,0.0
3914,-0.15630000000000002,0.0
3915,-0.15630000000000002,0.0
3916,-0.15630000000000002,0.0
3917,-0.15630000000000002,0.0
3918,-0.15630000000000002,0.0
3919,4914.539711054593,65.52133438371885
3920,14855.173242866802,138.75888009185763
3921,29285.779256960257,287.0278887458447
3922,32885.87320305549,330.8083446856676
3923,25193.711920665628,258.1447143106072
3924,75215.82,813.7787927317931
3925,50690.374647600416,529.8800313132024
3926,51343.71996519717,538.085762190187
3927,48673.25983674948,508.9993285685621
3928,43291.71696971661,449.4609920135323
3929,57314.743186211206,596.0270662193367
3930,46457.14112571568,476.81592709609686
3931,19869.220457346193,201.75449440069096
3932,3959.7113673768513,41.13538508469959
3933,-0.15630000000000002,0.0
3934,-0.15630000000000002,0.0
3935,-0.15630000000000002,0.0
3936,-0.15630000000000002,0.0
3937,-0.15630000000000002,0.0
3938,-0.15630000000000002,0.0
3939,-0.15630000000000002,0.0
3940,-0.15630000000000002,0.0
3941,-0.15630000000000002,0.0
3942,-0.15630000000000002,0.0
3943,4729.084412513701,61.033571754697
3944,14271.75054821709,130.26705443174052
3945,31765.68390449776,310.8250136756474
3946,49349.31536768579,500.0546768341518
3947,55077.092672986866,566.1205174220039
3948,46141.183609817446,475.78028700204095
3949,36492.1429369309,376.7495828409768
3950,23806.932554918014,247.76992255984175
3951,54394.89898550581,568.1130105109614
3952,47945.39402205951,498.6007702409596
3953,26783.044930392454,276.76505151714315
3954,13064.262461124992,136.71030492297052
3955,18725.423303655047,190.85413214776173
3956,4314.147386007831,44.34450956822814
3957,-0.15630000000000002,0.0
3958,-0.15630000000000002,0.0
3959,-0.15630000000000002,0.0
3960,-0.15630000000000002,0.0
3961,-0.15630000000000002,0.0
3962,-0.15630000000000002,0.0
3963,-0.15630000000000002,0.0
3964,-0.15630000000000002,0.0
3965,-0.15630000000000002,0.0
3966,-0.15630000000000002,0.0
3967,4739.728785261981,61.033571754697
3968,13300.994059398381,119.049735943797
3969,30045.223408609105,292.3496443982383
3970,18667.950538865585,188.48184993293154
3971,68103.49155715511,707.002601257546
3972,72444.67764611005,762.4499904810878
3973,33551.874037344096,346.43092959401883
3974,10529.772028085279,113.23813163386576
3975,12587.132407215922,134.55836955575387
3976,11292.63907374973,120.97496698073839
3977,14441.409765457536,151.77726854754937
3978,36099.1511088641,369.97298501447165
3979,16059.490742204058,163.55477342318653
3980,3748.40405424616,39.13631017982044
3981,-0.15630000000000002,0.0
3982,-0.15630000000000002,0.0
3983,-0.15630000000000002,0.0
3984,-0.15630000000000002,0.0
3985,-0.15630000000000002,0.0
3986,-0.15630000000000002,0.0
3987,-0.15630000000000002,0.0
3988,-0.15630000000000002,0.0
3989,-0.15630000000000002,0.0
3990,-0.15630000000000002,0.0
3991,5078.6963491371835,67.31643943532758
3992,13018.3150972436,116.72358491128897
3993,31074.952038641655,305.0908719887141
3994,51784.32170221831,531.6460763880184
3995,61839.54536489609,647.1252030144227
3996,75215.82,816.964511108567
3997,75215.82,882.1180342445888
3998,75215.82,872.5833488310521
3999,73296.8376278793,787.9455691300676
4000,74358.79298983564,802.6410316163758
4001,60380.00736023799,642.8482551645667
4002,43588.37437035193,455.9417831483076
4003,25117.28087928109,257.50323515285874
4004,4012.52303921212,42.365035458107286
4005,-0.15630000000000002,0.0
4006,-0.15630000000000002,0.0
4007,-0.15630000000000002,0.0
4008,-0.15630000000000002,0.0
4009,-0.15630000000000002,0.0
4010,-0.15630000000000002,0.0
4011,-0.15630000000000002,0.0
4012,-0.15630000000000002,0.0
4013,-0.15630000000000002,0.0
4014,-0.15630000000000002,0.0
4015,4812.621493266402,62.82867680630575
4016,11846.667779750976,105.81411982812651
4017,30517.381672827967,305.3638287401957
4018,51221.30657686019,538.0834487235713
4019,66985.01977424235,724.46292262386
4020,75215.82,864.7966546969094
4021,75215.82,930.6659656814442
4022,75215.82,969.864024501706
4023,75215.82,951.4293162479916
4024,75215.82,849.6540673448674
4025,62778.7884146446,679.3787675211573
4026,48375.871509900455,514.1764774871715
4027,26548.881259191032,276.0074253375063
4028,3766.8205540382605,40.601995754063815
4029,-0.15630000000000002,0.0
4030,-0.15630000000000002,0.0
4031,-0.15630000000000002,0.0
4032,-0.15630000000000002,0.0
4033,-0.15630000000000002,0.0
4034,-0.15630000000000002,0.0
4035,-0.15630000000000002,0.0
4036,-0.15630000000000002,0.0
4037,-0.15630000000000002,0.0
4038,-0.15630000000000002,0.0
4039,4790.228487685031,63.726229332110115
4040,11235.502577921538,100.05073923329957
4041,30058.757966753958,303.64098485285
4042,49838.99946721255,533.1923956815666
4043,64642.542597310945,722.5206613740002
4044,75057.25836107711,862.6887342397509
4045,75215.82,928.4551148001706
4046,75215.82,859.116177601592
4047,75215.82,909.1738525015838
4048,62501.50691413137,696.5731100911514
4049,61500.8917147191,678.8222792978969
4050,44529.04305308432,480.47331665382814
4051,23345.27744916183,246.95380142689186
4052,3955.4727553826983,43.011432615363994
4053,-0.15630000000000002,0.0
4054,-0.15630000000000002,0.0
4055,-0.15630000000000002,0.0
4056,-0.15630000000000002,0.0
4057,-0.15630000000000002,0.0
4058,-0.15630000000000002,0.0
4059,-0.15630000000000002,0.0
4060,-0.15630000000000002,0.0
4061,-0.15630000000000002,0.0
4062,-0.15630000000000002,0.0
4063,4791.013389433822,64.6237818579145
4064,11131.80293970428,99.90435368208412
4065,29867.485070120056,304.395054895709
4066,49855.94005506885,536.5418512403958
4067,65263.94259637196,725.9039112440744
4068,75215.82,876.44498410683
4069,75215.82,982.50502263649
4070,75215.82,1002.983069649652
4071,75215.82,991.622588811983
4072,75215.82,871.6633965349607
4073,63346.135719501544,704.9124694511736
4074,44643.102890793525,485.4620516534442
4075,24834.86876251009,264.10717838266885
4076,4073.3710435458333,44.59068815225432
4077,-0.15630000000000002,0.0
4078,-0.15630000000000002,0.0
4079,-0.15630000000000002,0.0
4080,-0.15630000000000002,0.0
4081,-0.15630000000000002,0.0
4082,-0.15630000000000002,0.0
4083,-0.15630000000000002,0.0
4084,-0.15630000000000002,0.0
4085,-0.15630000000000002,0.0
4086,-0.15630000000000002,0.0
4087,4846.65022348852,66.41888690952321
4088,11342.466703191541,103.43394389420637
4089,29689.870032868595,304.71585445598316
4090,48862.15360156364,529.4938088800685
4091,63275.74496296912,712.869216366133
4092,75127.25152566296,865.5100691711413
4093,75215.82,960.3496009579235
4094,75215.82,984.5725656100965
4095,75215.82,971.7675391006522
4096,74191.08464208279,859.2896889868039
4097,60297.93543826717,683.5054060828745
4098,42701.464398672884,472.4511238298267
4099,23491.49864820506,253.8536225722272
4100,3675.6203752661645,41.25614697183755
4101,-0.15630000000000002,0.0
4102,-0.15630000000000002,0.0
4103,-0.15630000000000002,0.0
4104,-0.15630000000000002,0.0
4105,-0.15630000000000002,0.0
4106,-0.15630000000000002,0.0
4107,-0.15630000000000002,0.0
4108,-0.15630000000000002,0.0
4109,-0.15630000000000002,0.0
4110,-0.15630000000000002,0.0
4111,4821.982523498203,67.31643943532758
4112,11280.48451164402,103.53263434345496
4113,29337.25611287667,300.25725380390446
4114,49208.192923551214,527.9238003451031
4115,64521.9541709779,716.9830544494254
4116,75215.82,865.4670585344592
4117,75215.82,954.9982719616513
4118,73917.76742154895,861.0374370363978
4119,75215.82,886.6734029591789
4120,43828.947645819375,493.6027050468655
4121,41170.6964966953,460.47143827741826
4122,37058.04157883717,408.38850927569763
4123,12641.17865025004,137.63217982320623
4124,3784.6604846279843,42.34435680041533
4125,-0.15630000000000002,0.0
4126,-0.15630000000000002,0.0
4127,-0.15630000000000002,0.0
4128,-0.15630000000000002,0.0
4129,-0.15630000000000002,0.0
4130,-0.15630000000000002,0.0
4131,-0.15630000000000002,0.0
4132,-0.15630000000000002,0.0
4133,-0.15630000000000002,0.0
4134,-0.15630000000000002,0.0
4135,5019.38426190815,71.80420206434943
4136,12061.674556487,112.28734699628124
4137,29400.881089471117,298.80398168913695
4138,49301.12277062114,524.6540061904924
4139,64783.46940540514,713.5945531852917
4140,60650.12362785477,668.9746641169545
4141,75215.82,877.2697878869741
4142,75215.82,993.6647312742984
4143,75215.82,896.9167993903272
4144,75215.82,841.6381843314509
4145,62257.348006488486,684.2769586849811
4146,43608.37182091187,469.49477194411605
4147,23717.867298761274,251.48637581435108
4148,4127.175915748436,45.325959384476235
4149,-0.15630000000000002,0.0
4150,-0.15630000000000002,0.0
4151,-0.15630000000000002,0.0
4152,-0.15630000000000002,0.0
4153,-0.15630000000000002,0.0
4154,-0.15630000000000002,0.0
4155,-0.15630000000000002,0.0
4156,-0.15630000000000002,0.0
4157,-0.15630000000000002,0.0
4158,-0.15630000000000002,0.0
4159,4765.641412805139,66.41888690952321
4160,11189.925818166988,100.8037886199642
4161,29836.50236105847,300.4742647907916
4162,50108.854404855745,528.4865367151235
4163,65506.42985669204,710.6122949573786
4164,75215.82,854.4000286106889
4165,75215.82,957.8537465431026
4166,75215.82,977.292113110657
4167,75215.82,965.0336762214981
4168,75215.82,841.2607728894391
4169,63056.128538751866,684.427923606283
4170,44938.36239751571,478.5518189502279
4171,25137.073341217754,262.96878557263045
4172,4791.233677885416,51.022055530569965
4173,-0.15630000000000002,0.0
4174,-0.15630000000000002,0.0
4175,-0.15630000000000002,0.0
4176,-0.15630000000000002,0.0
4177,-0.15630000000000002,0.0
4178,-0.15630000000000002,0.0
4179,-0.15630000000000002,0.0
4180,-0.15630000000000002,0.0
4181,-0.15630000000000002,0.0
4182,-0.15630000000000002,0.0
4183,4778.557707203243,66.41888690952321
4184,11131.520711383979,99.79680810496862
4185,29650.530664622715,299.83953228098346
4186,49489.7807845811,528.1059765764165
4187,64521.27609700834,714.1369690422028
4188,73058.79004785468,831.9745977168682
4189,73105.58234269606,838.8273851452177
4190,75215.82,983.9811001674788
4191,70045.83409667786,797.1578559810881
4192,47252.61698152314,522.7721522640792
4193,44780.28784045369,492.51046296186
4194,41135.168454064886,448.12998838705676
4195,24473.661100757992,261.1058484794608
4196,2670.0195093647794,31.45845267127653
4197,-0.15630000000000002,0.0
4198,-0.15630000000000002,0.0
4199,-0.15630000000000002,0.0
4200,-0.15630000000000002,0.0
4201,-0.15630000000000002,0.0
4202,-0.15630000000000002,0.0
4203,-0.15630000000000002,0.0
4204,-0.15630000000000002,0.0
4205,-0.15630000000000002,0.0
4206,-0.15630000000000002,0.0
4207,4665.431238708536,65.52133438371885
4208,10870.544419043583,98.48387754595458
4209,29156.67847788025,296.8344815988833
4210,48574.03282702429,522.5208292561833
4211,63735.030154481996,711.0872556748668
4212,74738.61205106131,859.9091548675361
4213,75215.82,944.4118828449516
4214,75215.82,932.3706423707819
4215,75215.82,914.3839073265715
4216,71889.76377475169,840.4007129789869
4217,51515.49084245095,581.7340431496287
4218,37455.199339510495,414.8911193863636
4219,22366.40503383376,242.4063069040877
4220,3671.625439523793,41.57437911702086
4221,-0.15630000000000002,0.0
4222,-0.15630000000000002,0.0
4223,-0.15630000000000002,0.0
4224,-0.15630000000000002,0.0
4225,-0.15630000000000002,0.0
4226,-0.15630000000000002,0.0
4227,-0.15630000000000002,0.0
4228,-0.15630000000000002,0.0
4229,-0.15630000000000002,0.0
4230,-0.15630000000000002,0.0
4231,4653.264743592533,66.41888690952321
4232,11007.721556801484,100.86270770764752
4233,29127.171679112504,297.95710519855953
4234,48069.19568665642,522.0654064177069
4235,62238.999250154244,710.0038063168415
4236,72219.16623876695,858.3471950424697
4237,75215.82,952.8968530975377
4238,75215.82,985.4899386278173
4239,75215.82,961.7989333119416
4240,72358.41082495045,861.6022360323548
4241,59187.683803305365,683.0793466260174
4242,42227.78324664824,473.3162908670688
4243,23696.68922792162,258.38734071563607
4244,3957.9828182562815,44.630370033599256
4245,-0.15630000000000002,0.0
4246,-0.15630000000000002,0.0
4247,-0.15630000000000002,0.0
4248,-0.15630000000000002,0.0
4249,-0.15630000000000002,0.0
4250,-0.15630000000000002,0.0
4251,-0.15630000000000002,0.0
4252,-0.15630000000000002,0.0
4253,-0.15630000000000002,0.0
4254,-0.15630000000000002,0.0
4255,4507.711629625312,64.6237818579145
4256,10762.841089266014,99.0651628929903
4257,28796.799506924475,297.879726418218
4258,47740.13094322106,523.2819411741125
4259,62026.4795032976,709.3499556501168
4260,72830.49411967045,859.997525829862
4261,75215.82,975.6218892159557
4262,75215.82,992.3347917567698
4263,75215.82,958.778772691745
4264,72321.83685770116,864.9246804734134
4265,59075.89741773185,685.6175431778058
4266,41469.34550801249,467.66488176757434
4267,22976.60099882055,252.7516077600979
4268,3600.9131366971437,41.66247257429343
4269,-0.15630000000000002,0.0
4270,-0.15630000000000002,0.0
4271,-0.15630000000000002,0.0
4272,-0.15630000000000002,0.0
4273,-0.15630000000000002,0.0
4274,-0.15630000000000002,0.0
4275,-0.15630000000000002,0.0
4276,-0.15630000000000002,0.0
4277,-0.15630000000000002,0.0
4278,-0.15630000000000002,0.0
4279,4752.324567727825,70.0090970127407
4280,11353.291933273587,107.25961505649914
4281,28459.882766494367,297.349032597182
4282,46818.7552642318,515.6165750790002
4283,60405.309991373644,693.797798799498
4284,70675.25207807889,838.9545867234815
4285,75215.82,942.3353765693378
4286,75215.82,973.2809206688045
4287,75215.82,951.4275102856084
4288,69979.90022270195,833.3975941225845
4289,56704.4788306227,658.5652585660663
4290,39901.766724995134,451.94444861405714
4291,20847.258615711962,231.42100132197658
4292,3575.810562539931,41.725258574717586
4293,-0.15630000000000002,0.0
4294,-0.15630000000000002,0.0
4295,-0.15630000000000002,0.0
4296,-0.15630000000000002,0.0
4297,-0.15630000000000002,0.0
4298,-0.15630000000000002,0.0
4299,-0.15630000000000002,0.0
4300,-0.15630000000000002,0.0
4301,-0.15630000000000002,0.0
4302,-0.15630000000000002,0.0
4303,4495.634974421488,66.41888690952321
4304,10909.414554491597,102.42741431678229
4305,28507.699028402792,295.6735003084052
4306,47637.865266026376,518.9017581554227
4307,62565.39749170085,706.8090989643771
4308,73607.89848692583,853.4474229092422
4309,75215.82,931.5873002797726
4310,75215.82,984.887266242638
4311,75215.82,950.7884521370123
4312,71379.49975897653,840.677578234719
4313,58105.96717178435,670.8322545811478
4314,40550.617028230816,456.8167917918325
4315,18106.13820230519,201.0452410182201
4316,900.5035889386295,13.99273973167989
4317,-0.15630000000000002,0.0
4318,-0.15630000000000002,0.0
4319,-0.15630000000000002,0.0
4320,-0.15630000000000002,0.0
4321,-0.15630000000000002,0.0
4322,-0.15630000000000002,0.0
4323,-0.15630000000000002,0.0
4324,-0.15630000000000002,0.0
4325,-0.15630000000000002,0.0
4326,-0.15630000000000002,0.0
4327,4696.638716445579,70.0090970127407
4328,10909.602897881163,103.35121727914428
4329,27697.662920005027,292.9083832575493
4330,46799.21767567884,516.6875969950338
4331,62306.55181346743,704.4268580528831
4332,74489.2452231506,854.7867479876444
4333,75215.82,950.2584766080561
4334,75215.82,981.9410374881696
4335,75215.82,955.0234279459486
4336,73380.67663177078,838.665383477359
4337,58867.932828699115,662.8051030260906
4338,40934.879967742076,451.0918064004622
4339,21354.22290082175,231.31142756209212
4340,2931.421702273441,34.420311715205266
4341,-0.15630000000000002,0.0
4342,-0.15630000000000002,0.0
4343,-0.15630000000000002,0.0
4344,-0.15630000000000002,0.0
4345,-0.15630000000000002,0.0
4346,-0.15630000000000002,0.0
4347,-0.15630000000000002,0.0
4348,-0.15630000000000002,0.0
4349,-0.15630000000000002,0.0
4350,-0.15630000000000002,0.0
4351,3961.63166049955,55.648256599870805
4352,11329.209396200687,99.15532934446539
4353,29753.33925082874,291.9105514851925
4354,51121.774516839876,523.6357125314356
4355,62189.37118506694,651.6255693497875
4356,75215.82,844.600436018516
4357,75215.82,921.8107858097791
4358,75215.82,981.8123956271157
4359,75215.82,966.6835078763123
4360,75215.82,891.8983296285526
4361,68983.46183739523,748.062462116214
4362,47702.378309946565,506.4390568651559
4363,27617.83460375276,287.05419362759596
4364,5421.27408991312,56.92531433662675
4365,-0.15630000000000002,0.0
4366,-0.15630000000000002,0.0
4367,-0.15630000000000002,0.0
4368,-0.15630000000000002,0.0
4369,-0.15630000000000002,0.0
4370,-0.15630000000000002,0.0
4371,-0.15630000000000002,0.0
4372,-0.15630000000000002,0.0
4373,-0.15630000000000002,0.0
4374,-0.15630000000000002,0.0
4375,4204.784521759513,61.033571754697
4376,10760.78781797716,96.58077358756577
4377,29233.39315687853,293.9987037066797
4378,48482.65345422654,516.3758491683496
4379,62861.74526393112,713.1372114237059
4380,73978.14685562027,874.1075351152258
4381,75215.82,952.4120715292246
4382,75215.82,1015.0146646497566
4383,75215.82,965.0037060356282
4384,72724.02039273683,841.0223901571686
4385,62706.82031911131,709.6238776011458
4386,37826.65349113117,414.161269222782
4387,25415.734510704056,272.4053298563632
4388,5658.210289568006,60.53106553420019
4389,-0.15630000000000002,0.0
4390,-0.15630000000000002,0.0
4391,-0.15630000000000002,0.0
4392,-0.15630000000000002,0.0
4393,-0.15630000000000002,0.0
4394,-0.15630000000000002,0.0
4395,-0.15630000000000002,0.0
4396,-0.15630000000000002,0.0
4397,-0.15630000000000002,0.0
4398,-0.15630000000000002,0.0
4399,4126.578878833999,61.931124280501386
4400,10047.86041111361,90.81448791894961
4401,28423.880166367555,287.6444568272009
4402,48954.78197281027,520.0923056354936
4403,65523.52796963506,720.4779216254043
4404,75215.82,864.0204336269654
4405,75215.82,962.2232470348869
4406,75215.82,1020.8482299009613
4407,75215.82,977.4062630055442
4408,75215.82,862.4156969297879
4409,63433.63396795279,709.8508873773517
4410,44954.38439853174,492.74353481767093
4411,25913.5155712115,278.35560709998856
4412,3980.019028814882,44.705720850018764
4413,-0.15630000000000002,0.0
4414,-0.15630000000000002,0.0
4415,-0.15630000000000002,0.0
4416,-0.15630000000000002,0.0
4417,-0.15630000000000002,0.0
4418,-0.15630000000000002,0.0
4419,-0.15630000000000002,0.0
4420,-0.15630000000000002,0.0
4421,-0.15630000000000002,0.0
4422,-0.15630000000000002,0.0
4423,3983.563354483377,60.136019228892636
4424,9899.0709760673,89.45976059122592
4425,28334.083230100223,285.37593369966027
4426,49399.34521378904,520.494569436071
4427,65483.488511964446,708.1318890030319
4428,75215.82,863.8306778181787
4429,75215.82,957.7960926649407
4430,75215.82,980.4859038784592
4431,75215.82,948.5860140877113
4432,75215.82,858.3727962456993
4433,64346.863025592786,706.4940491453173
4434,45828.16557363028,494.00897621220287
4435,25496.23874195482,270.1064289759127
4436,4677.54417560384,50.888518220198364
4437,-0.15630000000000002,0.0
4438,-0.15630000000000002,0.0
4439,-0.15630000000000002,0.0
4440,-0.15630000000000002,0.0
4441,-0.15630000000000002,0.0
4442,-0.15630000000000002,0.0
4443,-0.15630000000000002,0.0
4444,-0.15630000000000002,0.0
4445,-0.15630000000000002,0.0
4446,-0.15630000000000002,0.0
4447,3830.58455693554,57.44336165147954
4448,10347.422753321458,93.6593426416274
4449,28687.96717009886,286.63971295054733
4450,50332.5428345924,525.2748858970602
4451,66904.02759711789,716.6750506619293
4452,75215.82,875.796037757053
4453,75215.82,976.42509055716
4454,75215.82,1008.0636418263733
4455,75215.82,970.2633846546455
4456,75215.82,867.0635704665533
4457,65828.96120894748,715.5234416820989
4458,48117.45400170299,513.8904345938067
4459,27172.958217778192,284.2909129373345
4460,5493.638940917865,58.052475570869824
4461,-0.15630000000000002,0.0
4462,-0.15630000000000002,0.0
4463,-0.15630000000000002,0.0
4464,-0.15630000000000002,0.0
4465,-0.15630000000000002,0.0
4466,-0.15630000000000002,0.0
4467,-0.15630000000000002,0.0
4468,-0.15630000000000002,0.0
4469,-0.15630000000000002,0.0
4470,-0.15630000000000002,0.0
4471,3951.4822908133183,57.44336165147954
4472,10404.532822874875,94.33830191283005
4473,28590.803471684783,288.45559991613993
4474,48892.99473630838,519.7176125776629
4475,65154.2253500779,711.9855582294553
4476,75215.82,865.0390427438582
4477,75215.82,964.3586705845113
4478,75215.82,992.6707247251531
4479,75215.82,948.8370913735989
4480,75215.82,882.1168661884277
4481,64665.8020855338,717.6350352039004
4482,47115.94925490168,512.4485581004153
4483,26584.825046376813,282.93015089058605
4484,5080.272125097866,54.92708483177905
4485,-0.15630000000000002,0.0
4486,-0.15630000000000002,0.0
4487,-0.15630000000000002,0.0
4488,-0.15630000000000002,0.0
4489,-0.15630000000000002,0.0
4490,-0.15630000000000002,0.0
4491,-0.15630000000000002,0.0
4492,-0.15630000000000002,0.0
4493,-0.15630000000000002,0.0
4494,-0.15630000000000002,0.0
4495,3869.3006993260506,56.54580912567517
4496,9997.692547345929,91.11345891308848
4497,27946.36488371866,283.9825222981015
4498,49154.22805549435,522.3999716104615
4499,65283.79381251593,712.2470186409329
4500,75215.82,870.6334977118885
4501,75215.82,966.5161296972587
4502,75215.82,990.0620952099072
4503,75215.82,965.0961045213563
4504,75215.82,868.2913115306213
4505,64080.25155635521,711.1705158355561
4506,46830.81965252328,510.4993269430126
4507,25223.51555656021,270.215057869617
4508,4445.226333553454,49.10172361747698
4509,-0.15630000000000002,0.0
4510,-0.15630000000000002,0.0
4511,-0.15630000000000002,0.0
4512,-0.15630000000000002,0.0
4513,-0.15630000000000002,0.0
4514,-0.15630000000000002,0.0
4515,-0.15630000000000002,0.0
4516,-0.15630000000000002,0.0
4517,-0.15630000000000002,0.0
4518,-0.15630000000000002,0.0
4519,4335.720569472558,61.931124280501386
4520,10383.403058979351,95.34408254894674
4521,27922.51936972599,284.8702806039416
4522,47515.86363497399,513.5328039432461
4523,63826.76403137467,710.790599905837
4524,75215.82,863.9012310108193
4525,75215.82,964.317110245528
4526,75215.82,994.3356531599825
4527,75215.82,961.6908582688245
4528,75215.82,870.941279610661
4529,64343.225900280144,719.0476189788533
4530,46788.738950286985,512.5332007151736
4531,26588.555596850896,285.36582988112707
4532,5207.925173401218,56.59564915598732
4533,-0.15630000000000002,0.0
4534,-0.15630000000000002,0.0
4535,-0.15630000000000002,0.0
4536,-0.15630000000000002,0.0
4537,-0.15630000000000002,0.0
4538,-0.15630000000000002,0.0
4539,-0.15630000000000002,0.0
4540,-0.15630000000000002,0.0
4541,-0.15630000000000002,0.0
4542,-0.15630000000000002,0.0
4543,3859.704695627574,55.648256599870805
4544,10286.04745149718,94.57296548951918
4545,28187.221128527464,284.50344726472946
4546,49107.476608187884,519.8386919476416
4547,65498.407761312264,714.8774481816158
4548,75215.82,869.4848847948574
4549,75215.82,969.2024272371822
4550,75215.82,999.405558035371
4551,75215.82,968.8075846659509
4552,75215.82,870.5261070544202
4553,63855.40880131561,707.7294355758464
4554,45916.372910609214,499.2909590849425
4555,26129.24134201777,279.5684954488063
4556,4712.761035920338,51.64644651248213
4557,-0.15630000000000002,0.0
4558,-0.15630000000000002,0.0
4559,-0.15630000000000002,0.0
4560,-0.15630000000000002,0.0
4561,-0.15630000000000002,0.0
4562,-0.15630000000000002,0.0
4563,-0.15630000000000002,0.0
4564,-0.15630000000000002,0.0
4565,-0.15630000000000002,0.0
4566,-0.15630000000000002,0.0
4567,3780.058621435508,54.750704074066434
4568,10196.840879754636,93.35801260416537
4569,28499.22401093681,286.6652007616084
4570,49291.13044871747,521.0847859836531
4571,65488.67355377269,713.5891892294816
4572,75215.82,872.5091856998016
4573,75215.82,968.1765314990836
4574,75215.82,1004.108525377078
4575,75215.82,991.7476122722153
4576,75215.82,893.4411862164711
4577,66183.50488513838,732.9707098723497
4578,48241.5167375776,523.6121971916966
4579,27260.212298869894,290.39865860671716
4580,5683.964594382573,60.90347600613544
4581,-0.15630000000000002,0.0
4582,-0.15630000000000002,0.0
4583,-0.15630000000000002,0.0
4584,-0.15630000000000002,0.0
4585,-0.15630000000000002,0.0
4586,-0.15630000000000002,0.0
4587,-0.15630000000000002,0.0
4588,-0.15630000000000002,0.0
4589,-0.15630000000000002,0.0
4590,-0.15630000000000002,0.0
4591,3863.1970070601146,55.648256599870805
4592,9544.960493738143,85.86663896439237
4593,27961.428670669422,282.8544399388825
4594,48723.89487067284,521.9953255793072
4595,64716.25131225717,716.0567848831125
4596,75215.82,872.1020761373579
4597,75215.82,968.2310667142909
4598,75215.82,1005.460624456123
4599,75215.82,974.1026807417544
4600,75215.82,876.3630857927271
4601,65649.02537783267,723.4422087991283
4602,47827.482032321364,515.9417872920287
4603,27004.049537265513,285.756466097069
4604,5302.834786477682,56.91018591773358
4605,-0.15630000000000002,0.0
4606,-0.15630000000000002,0.0
4607,-0.15630000000000002,0.0
4608,-0.15630000000000002,0.0
4609,-0.15630000000000002,0.0
4610,-0.15630000000000002,0.0
4611,-0.15630000000000002,0.0
4612,-0.15630000000000002,0.0
4613,-0.15630000000000002,0.0
4614,-0.15630000000000002,0.0
4615,3791.8720410348687,54.750704074066434
4616,9407.09179066752,84.7367695944949
4617,28236.72581834456,285.77421359600004
4618,48807.548498343895,525.8946573349995
4619,63314.79762367513,725.571357956326
4620,74883.9231304234,881.5215739340293
4621,75215.82,995.2029766983346
4622,75215.82,1023.0625985354391
4623,75215.82,992.6262815955158
4624,75215.82,894.3461673842256
4625,65722.08688814592,738.4946232809203
4626,47775.10878431003,524.6811334418278
4627,26801.984957663954,288.6727161761874
4628,5554.105638823529,60.3427566943425
4629,-0.15630000000000002,0.0
4630,-0.15630000000000002,0.0
4631,-0.15630000000000002,0.0
4632,-0.15630000000000002,0.0
4633,-0.15630000000000002,0.0
4634,-0.15630000000000002,0.0
4635,-0.15630000000000002,0.0
4636,-0.15630000000000002,0.0
4637,-0.15630000000000002,0.0
4638,-0.15630000000000002,0.0
4639,-0.15630000000000002,0.0
4640,9682.516049348387,90.26187155131298
4641,27087.762800672546,279.1331285636588
4642,47382.481868268806,512.2400427217451
4643,63261.512673373654,703.5321158390454
4644,75215.82,858.8735212479878
4645,75215.82,958.7561485287805
4646,75215.82,989.0309151628048
4647,75215.82,957.2745939102584
4648,75051.05590634744,852.6376496976151
4649,61436.88587234528,688.4395265106295
4650,42284.49489319428,465.53398389472363
4651,22570.835111574823,245.3596954754515
4652,3967.943653384182,45.058083609477386
4653,-0.15630000000000002,0.0
4654,-0.15630000000000002,0.0
4655,-0.15630000000000002,0.0
4656,-0.15630000000000002,0.0
4657,-0.15630000000000002,0.0
4658,-0.15630000000000002,0.0
4659,-0.15630000000000002,0.0
4660,-0.15630000000000002,0.0
4661,-0.15630000000000002,0.0
4662,-0.15630000000000002,0.0
4663,-0.15630000000000002,0.0
4664,9068.824991352858,82.17781381112987
4665,27420.27480030005,276.73423598833284
4666,48711.93486195992,514.5903793149319
4667,65560.47639935515,711.8558259192843
4668,75215.82,869.4033194995313
4669,75215.82,971.8771469107658
4670,75215.82,1004.3969083314922
4671,75215.82,968.4234064172283
4672,75215.82,870.4528966394718
4673,64881.36396021553,713.6286153022163
4674,46507.63561456097,502.5257101186335
4675,26170.8600743928,278.1629061847501
4676,4607.563637482564,50.4562005914698
4677,-0.15630000000000002,0.0
4678,-0.15630000000000002,0.0
4679,-0.15630000000000002,0.0
4680,-0.15630000000000002,0.0
4681,-0.15630000000000002,0.0
4682,-0.15630000000000002,0.0
4683,-0.15630000000000002,0.0
4684,-0.15630000000000002,0.0
4685,-0.15630000000000002,0.0
4686,-0.15630000000000002,0.0
4687,-0.15630000000000002,0.0
4688,10013.564753674915,92.58895058802769
4689,27883.611376514513,283.38199197718825
4690,47502.07849779764,522.2141730706728
4691,63957.80941541357,718.9220165146005
4692,75215.82,874.337455648481
4693,75215.82,980.5704139383998
4694,75215.82,1013.1643513757709
4695,75215.82,954.0110411691431
4696,75215.82,901.9845645234747
4697,64764.242553295415,735.1393725464852
4698,47046.581291598886,520.0934549656819
4699,26473.00156501977,286.04727043998645
4700,4975.6634713020185,54.67343616481353
4701,-0.15630000000000002,0.0
4702,-0.15630000000000002,0.0
4703,-0.15630000000000002,0.0
4704,-0.15630000000000002,0.0
4705,-0.15630000000000002,0.0
4706,-0.15630000000000002,0.0
4707,-0.15630000000000002,0.0
4708,-0.15630000000000002,0.0
4709,-0.15630000000000002,0.0
4710,-0.15630000000000002,0.0
4711,-0.15630000000000002,0.0
4712,9061.705681698242,82.87897321872336
4713,27258.828994211544,275.68521418674817
4714,47773.14477936336,509.68788424272964
4715,63023.18268940991,705.6580793666158
4716,73472.11246141461,860.1766941431084
4717,75215.82,961.6275591781886
4718,75215.82,992.807737741539
4719,75215.82,962.0161276634046
4720,73621.44248295728,877.4216227898254
4721,61817.05210207279,713.6592424920453
4722,45384.07827428472,506.40811588700774
4723,24972.832200648896,272.1186951285479
4724,4040.0832971730692,45.66262147344378
4725,-0.15630000000000002,0.0
4726,-0.15630000000000002,0.0
4727,-0.15630000000000002,0.0
4728,-0.15630000000000002,0.0
4729,-0.15630000000000002,0.0
4730,-0.15630000000000002,0.0
4731,-0.15630000000000002,0.0
4732,-0.15630000000000002,0.0
4733,-0.15630000000000002,0.0
4734,-0.15630000000000002,0.0
4735,-0.15630000000000002,0.0
4736,9153.122603501653,85.50495911848945
4737,26529.81113190506,272.3206863083718
4738,46120.413485017016,499.35680160955985
4739,62306.29758071608,700.1607777558087
4740,73725.9519430347,846.5421510389327
4741,75215.82,951.4999693321209
4742,75215.82,983.1128282708797
4743,75215.82,951.0220770972383
4744,73986.20237462377,859.7396026691554
4745,61705.333462728915,703.486292737613
4746,44723.974563820026,497.65104888433945
4747,24564.83682995531,267.73256951997143
4748,3594.926759726277,41.27986072179538
4749,-0.15630000000000002,0.0
4750,-0.15630000000000002,0.0
4751,-0.15630000000000002,0.0
4752,-0.15630000000000002,0.0
4753,-0.15630000000000002,0.0
4754,-0.15630000000000002,0.0
4755,-0.15630000000000002,0.0
4756,-0.15630000000000002,0.0
4757,-0.15630000000000002,0.0
4758,-0.15630000000000002,0.0
4759,-0.15630000000000002,0.0
4760,8791.231527191363,82.1155309650508
4761,26355.919562391096,272.28995028915324
4762,46406.726169438865,507.0136634372606
4763,61246.635825124395,701.1863103801473
4764,71756.14572482268,855.467833271075
4765,75215.82,924.2032852592051
4766,75215.82,989.2663454120378
4767,75215.82,957.6902638586686
4768,72500.56434201806,853.6227359008478
4769,61060.339514616644,703.524651082642
4770,40744.38347023926,456.02783964554806
4771,24204.77353571462,265.50878117595835
4772,3882.097154057864,44.300885885016385
4773,-0.15630000000000002,0.0
4774,-0.15630000000000002,0.0
4775,-0.15630000000000002,0.0
4776,-0.15630000000000002,0.0
4777,-0.15630000000000002,0.0
4778,-0.15630000000000002,0.0
4779,-0.15630000000000002,0.0
4780,-0.15630000000000002,0.0
4781,-0.15630000000000002,0.0
4782,-0.15630000000000002,0.0
4783,-0.15630000000000002,0.0
4784,9105.76169963464,86.47121991645
4785,26512.0275441767,272.5170612696145
4786,46542.784026466674,501.94202675271066
4787,62308.90396922436,697.9488333209024
4788,73775.77455747037,851.9128538379839
4789,75215.82,926.5163665798727
4790,72064.92691696766,838.5107548689825
4791,74978.9057687625,875.6852027344205
4792,72188.52171998046,836.7953062909526
4793,46884.01747480217,529.0015225479734
4794,33628.02427038407,373.65820215293684
4795,15858.284935188087,175.6281790793546
4796,1144.3741641379363,16.377429428024428
4797,-0.15630000000000002,0.0
4798,-0.15630000000000002,0.0
4799,-0.15630000000000002,0.0
4800,-0.15630000000000002,0.0
4801,-0.15630000000000002,0.0
4802,-0.15630000000000002,0.0
4803,-0.15630000000000002,0.0
4804,-0.15630000000000002,0.0
4805,-0.15630000000000002,0.0
4806,-0.15630000000000002,0.0
4807,-0.15630000000000002,0.0
4808,9535.896681347082,91.11599704655863
4809,26615.360455470553,272.6471170943561
4810,47335.57316960841,506.21532113372217
4811,63442.18568587921,701.4177667841182
4812,75215.82,862.1813093488564
4813,75215.82,970.248870748008
4814,75215.82,997.5922413471301
4815,75215.82,953.7001955721215
4816,75215.82,854.7671708307815
4817,61872.67086509337,689.0823212015462
4818,43924.2947109545,480.7800146990347
4819,23686.31695062513,255.5047417816309
4820,2963.227748689443,34.719533497803134
4821,-0.15630000000000002,0.0
4822,-0.15630000000000002,0.0
4823,-0.15630000000000002,0.0
4824,-0.15630000000000002,0.0
4825,-0.15630000000000002,0.0
4826,-0.15630000000000002,0.0
4827,-0.15630000000000002,0.0
4828,-0.15630000000000002,0.0
4829,-0.15630000000000002,0.0
4830,-0.15630000000000002,0.0
4831,-0.15630000000000002,0.0
4832,8620.759546425066,81.09649993815367
4833,26054.56749871894,267.55065979457447
4834,46443.59499779916,501.4263636991027
4835,63043.4609947,699.9932809921562
4836,75215.82,861.1965823895896
4837,75215.82,960.0221091726124
4838,75215.82,986.3918870540268
4839,75215.82,950.8450674316233
4840,75215.82,858.9267338043097
4841,63040.686833550855,706.0599857797824
4842,45074.424432013235,494.5939117972869
4843,25020.298797028572,269.609577574848
4844,3598.499050970088,41.197126893255444
4845,-0.15630000000000002,0.0
4846,-0.15630000000000002,0.0
4847,-0.15630000000000002,0.0
4848,-0.15630000000000002,0.0
4849,-0.15630000000000002,0.0
4850,-0.15630000000000002,0.0
4851,-0.15630000000000002,0.0
4852,-0.15630000000000002,0.0
4853,-0.15630000000000002,0.0
4854,-0.15630000000000002,0.0
4855,-0.15630000000000002,0.0
4856,8762.462303845301,83.16989817421099
4857,26011.297987505695,266.73406086445584
4858,46168.42229822841,494.87725896899394
4859,62548.096659814735,691.2583224238359
4860,74035.96089613224,839.9114720814249
4861,75215.82,950.6015533291618
4862,75215.82,970.4776380019318
4863,75215.82,951.9812313101461
4864,74212.92988880722,847.4493366183507
4865,62404.24639080648,701.2603483848587
4866,43797.75245345057,481.6146162950346
4867,23532.521032615405,254.44767852918446
4868,2670.001457815578,31.772230315659883
4869,-0.15630000000000002,0.0
4870,-0.15630000000000002,0.0
4871,-0.15630000000000002,0.0
4872,-0.15630000000000002,0.0
4873,-0.15630000000000002,0.0
4874,-0.15630000000000002,0.0
4875,-0.15630000000000002,0.0
4876,-0.15630000000000002,0.0
4877,-0.15630000000000002,0.0
4878,-0.15630000000000002,0.0
4879,-0.15630000000000002,0.0
4880,8465.879763706547,79.74930720299334
4881,25966.239594124632,264.86472933543786
4882,46862.0627043294,500.7092443759312
4883,62909.2088330188,696.495815070762
4884,74345.97555982269,848.2076544773416
4885,75215.82,960.2606874875036
4886,75215.82,986.7501531203778
4887,75215.82,956.9690955971961
4888,74766.07705599112,864.8291945288605
4889,61606.11776115507,700.5648248017848
4890,43169.20965943231,480.3456419695822
4891,19505.6786974827,213.6303528319393
4892,3100.3200294279363,36.320114056859055
4893,-0.15630000000000002,0.0
4894,-0.15630000000000002,0.0
4895,-0.15630000000000002,0.0
4896,-0.15630000000000002,0.0
4897,-0.15630000000000002,0.0
4898,-0.15630000000000002,0.0
4899,-0.15630000000000002,0.0
4900,-0.15630000000000002,0.0
4901,-0.15630000000000002,0.0
4902,-0.15630000000000002,0.0
4903,-0.15630000000000002,0.0
4904,9099.495852444708,86.76984961727278
4905,26044.075674924938,262.07381514595295
4906,46817.91426537005,490.29391650690053
4907,63160.96336708888,683.4960108839335
4908,74551.3854950786,829.8100034976039
4909,75215.82,939.4027627797553
4910,75215.82,964.6244810681715
4911,75215.82,880.3300437438974
4912,38007.4615202537,424.9045015674246
4913,4651.2433302999425,56.261553956989566
4914,46506.22442633857,519.4815671001247
4915,24577.79269935677,267.12125892438183
4916,3219.872736890513,37.13702481798393
4917,-0.15630000000000002,0.0
4918,-0.15630000000000002,0.0
4919,-0.15630000000000002,0.0
4920,-0.15630000000000002,0.0
4921,-0.15630000000000002,0.0
4922,-0.15630000000000002,0.0
4923,-0.15630000000000002,0.0
4924,-0.15630000000000002,0.0
4925,-0.15630000000000002,0.0
4926,-0.15630000000000002,0.0
4927,-0.15630000000000002,0.0
4928,10101.983620413515,100.2861413276262
4929,25555.623237561238,264.18710461199424
4930,43435.84318024579,472.45310671793624
4931,49307.42879404164,561.490031864871
4932,56306.34756054445,645.928002086973
4933,65290.54172212813,768.3199800205857
4934,75215.82,974.4002988992028
4935,51696.171876966866,586.3714951818254
4936,32475.558120562793,355.59681533205304
4937,11425.788495004665,127.93744687615536
4938,22499.453856239114,245.78584675466598
4939,13115.007635315382,143.54675513383182
4940,2239.724254690076,26.767758102870417
4941,-0.15630000000000002,0.0
4942,-0.15630000000000002,0.0
4943,-0.15630000000000002,0.0
4944,-0.15630000000000002,0.0
4945,-0.15630000000000002,0.0
4946,-0.15630000000000002,0.0
4947,-0.15630000000000002,0.0
4948,-0.15630000000000002,0.0
4949,-0.15630000000000002,0.0
4950,-0.15630000000000002,0.0
4951,-0.15630000000000002,0.0
4952,9442.827586362011,92.27776872051818
4953,25301.351787112933,259.7641398293608
4954,45595.34633487499,491.70608332072607
4955,60648.983102080885,686.9373530457568
4956,71070.42535231619,836.5993731426748
4957,75215.82,956.3201024759059
4958,75215.82,979.9130969201343
4959,75215.82,942.3436015484904
4960,74299.46954050596,830.5140147591133
4961,60228.33206630446,665.2608248788489
4962,42048.186066966955,455.4205919197913
4963,21656.918296164964,230.90270926024354
4964,1586.4151336912769,20.266197741131833
4965,-0.15630000000000002,0.0
4966,-0.15630000000000002,0.0
4967,-0.15630000000000002,0.0
4968,-0.15630000000000002,0.0
4969,-0.15630000000000002,0.0
4970,-0.15630000000000002,0.0
4971,-0.15630000000000002,0.0
4972,-0.15630000000000002,0.0
4973,-0.15630000000000002,0.0
4974,-0.15630000000000002,0.0
4975,-0.15630000000000002,0.0
4976,10179.79113506143,98.9321990521262
4977,25606.94429821481,259.2366721092098
4978,46229.08080120631,491.45961234260835
4979,62052.4650948855,686.9550784094602
4980,73777.051864747,840.7587403229766
4981,75215.82,899.5439866742494
4982,71524.07306808639,805.9573977552286
4983,62505.70982089974,695.4874646694726
4984,42247.527119391874,461.2497603227767
4985,63120.489528894235,686.4230939524662
4986,43630.09992317015,470.10789375234316
4987,22415.175780696878,238.06138987952338
4988,2414.1773416001297,28.29963572852438
4989,-0.15630000000000002,0.0
4990,-0.15630000000000002,0.0
4991,-0.15630000000000002,0.0
4992,-0.15630000000000002,0.0
4993,-0.15630000000000002,0.0
4994,-0.15630000000000002,0.0
4995,-0.15630000000000002,0.0
4996,-0.15630000000000002,0.0
4997,-0.15630000000000002,0.0
4998,-0.15630000000000002,0.0
4999,-0.15630000000000002,0.0
5000,8671.535277776205,82.03523209847172
5001,25874.588524265604,259.6203943005549
5002,46985.21865092044,495.8367044849784
5003,62433.1039435547,686.650762860947
5004,74301.22120318997,839.0369883823245
5005,75215.82,939.0943608864197
5006,75215.82,982.1886352474562
5007,75215.82,923.6649104303635
5008,71123.75245368395,804.8093761001668
5009,59914.794178438766,665.832897893159
5010,39641.874088598765,430.48650061307706
5011,16724.538378568333,180.04113504865336
5012,2190.5056088843608,26.22538150499821
5013,-0.15630000000000002,0.0
5014,-0.15630000000000002,0.0
5015,-0.15630000000000002,0.0
5016,-0.15630000000000002,0.0
5017,-0.15630000000000002,0.0
5018,-0.15630000000000002,0.0
5019,-0.15630000000000002,0.0
5020,-0.15630000000000002,0.0
5021,-0.15630000000000002,0.0
5022,-0.15630000000000002,0.0
5023,-0.15630000000000002,0.0
5024,8173.362461872438,77.77550061198812
5025,25327.00959114585,260.3449238893478
5026,45658.72705876232,497.69756805970417
5027,60808.066383097386,694.0979382624198
5028,72680.46643574201,850.3131499755333
5029,75215.82,956.674390709924
5030,75215.82,990.8728984545335
5031,75215.82,957.7118939501562
5032,74995.354965621,864.5599650434342
5033,61758.963306858175,698.2922308636735
5034,44052.09338114299,488.1224584545175
5035,23348.54184799772,253.17965840401624
5036,549.2971141567624,9.614970161532966
5037,-0.15630000000000002,0.0
5038,-0.15630000000000002,0.0
5039,-0.15630000000000002,0.0
5040,-0.15630000000000002,0.0
5041,-0.15630000000000002,0.0
5042,-0.15630000000000002,0.0
5043,-0.15630000000000002,0.0
5044,-0.15630000000000002,0.0
5045,-0.15630000000000002,0.0
5046,-0.15630000000000002,0.0
5047,-0.15630000000000002,0.0
5048,7936.695098399748,76.00520324548543
5049,25265.07042579346,260.9992874632179
5050,45906.35860957587,499.24328628888753
5051,61546.63608382379,690.4948285986695
5052,74103.24679719031,850.9342474235455
5053,75215.82,962.8550583001831
5054,75215.82,995.0786460905653
5055,75215.82,970.3575515922366
5056,75215.82,876.5832629243765
5057,63222.12425460507,713.7083096549547
5058,44761.67620845662,495.4756884726847
5059,22442.547601286715,244.4476589310718
5060,540.5052112081897,9.614837074910149
5061,-0.15630000000000002,0.0
5062,-0.15630000000000002,0.0
5063,-0.15630000000000002,0.0
5064,-0.15630000000000002,0.0
5065,-0.15630000000000002,0.0
5066,-0.15630000000000002,0.0
5067,-0.15630000000000002,0.0
5068,-0.15630000000000002,0.0
5069,-0.15630000000000002,0.0
5070,-0.15630000000000002,0.0
5071,-0.15630000000000002,0.0
5072,8248.901141563243,80.07255157850956
5073,25261.53408889731,260.1421044609771
5074,46088.690925946394,496.68688221086285
5075,61997.554067815254,691.0319524842427
5076,74128.67321099876,844.4071367757913
5077,75215.82,950.8209777672279
5078,75215.82,911.5308305032918
5079,75215.82,894.2739693653159
5080,72954.74992148497,835.3479917036157
5081,57488.35428741118,646.1158805193278
5082,39359.080059203676,433.7854104305766
5083,19409.309965886947,212.33362372509177
5084,386.6853635101545,7.865432710741871
5085,-0.15630000000000002,0.0
5086,-0.15630000000000002,0.0
5087,-0.15630000000000002,0.0
5088,-0.15630000000000002,0.0
5089,-0.15630000000000002,0.0
5090,-0.15630000000000002,0.0
5091,-0.15630000000000002,0.0
5092,-0.15630000000000002,0.0
5093,-0.15630000000000002,0.0
5094,-0.15630000000000002,0.0
5095,-0.15630000000000002,0.0
5096,8299.974660325735,81.61075854173143
5097,24395.328716364667,253.05844868616293
5098,44552.86949089141,481.204720651475
5099,60085.583694327936,673.1462003588196
5100,70657.81160571644,822.1280339721955
5101,67895.52173572122,804.1184209403449
5102,64921.38173319941,777.6560813387587
5103,60770.911395979354,731.5068853498146
5104,58171.38389532679,696.0256380358024
5105,51201.05024902085,596.4566026229307
5106,23882.538470964653,268.42923241260763
5107,22248.818539658834,246.84451940552353
5108,162.01675110376777,5.24243040229281
5109,-0.15630000000000002,0.0
5110,-0.15630000000000002,0.0
5111,-0.15630000000000002,0.0
5112,-0.15630000000000002,0.0
5113,-0.15630000000000002,0.0
5114,-0.15630000000000002,0.0
5115,-0.15630000000000002,0.0
5116,-0.15630000000000002,0.0
5117,-0.15630000000000002,0.0
5118,-0.15630000000000002,0.0
5119,-0.15630000000000002,0.0
5120,8178.564180204543,82.38915797549647
5121,24134.295558858637,250.73316502754918
5122,44310.55273582708,479.4587383587184
5123,60025.26839132534,673.5687413530962
5124,71488.6645193188,825.3197164058746
5125,75215.82,897.5417713656748
5126,53417.67013818626,615.9923547223159
5127,7696.630342308296,91.83459329071542
5128,26210.95744857984,298.2085400935015
5129,5418.450034313486,65.93963556409823
5130,2942.9681505066874,37.72512411878431
5131,14088.107949651278,158.67558242817606
5132,-0.15630000000000002,0.873400272529137
5133,-0.15630000000000002,0.0
5134,-0.15630000000000002,0.0
5135,-0.15630000000000002,0.0
5136,-0.15630000000000002,0.0
5137,-0.15630000000000002,0.0
5138,-0.15630000000000002,0.0
5139,-0.15630000000000002,0.0
5140,-0.15630000000000002,0.0
5141,-0.15630000000000002,0.0
5142,-0.15630000000000002,0.0
5143,-0.15630000000000002,0.0
5144,7257.337912737367,71.37000466582826
5145,24424.934160565994,253.62745612007254
5146,46096.87603261857,498.0540703362853
5147,63039.58506549693,705.1732672735022
5148,74988.95385217023,859.8999285555337
5149,75215.82,965.9850373274143
5150,75215.82,993.8643781377681
5151,75215.82,963.1169120593296
5152,74488.83078297453,863.6186526885648
5153,62365.79763927601,710.4971918157938
5154,43268.202268102534,483.0822517348722
5155,21818.961417133498,240.39639859723422
5156,17.369874243212617,3.494302260747718
5157,-0.15630000000000002,0.0
5158,-0.15630000000000002,0.0
5159,-0.15630000000000002,0.0
5160,-0.15630000000000002,0.0
5161,-0.15630000000000002,0.0
5162,-0.15630000000000002,0.0
5163,-0.15630000000000002,0.0
5164,-0.15630000000000002,0.0
5165,-0.15630000000000002,0.0
5166,-0.15630000000000002,0.0
5167,-0.15630000000000002,0.0
5168,7471.4236567790795,74.68157188543653
5169,24124.163935585828,252.59292675789573
5170,44106.47572744081,491.3228027394265
5171,60516.83464166879,695.7255296566806
5172,71890.14057023526,844.5866341561405
5173,75215.82,951.5127204947121
5174,75215.82,990.252760414311
5175,75215.82,917.4227763895275
5176,68883.31320452859,798.755378895992
5177,61172.98175568963,700.9724130142887
5178,43616.77156619115,487.46325226887114
5179,20963.893625718974,231.1818492193169
5180,-0.15630000000000002,1.7468509176984135
5181,-0.15630000000000002,0.0
5182,-0.15630000000000002,0.0
5183,-0.15630000000000002,0.0
5184,-0.15630000000000002,0.0
5185,-0.15630000000000002,0.0
5186,-0.15630000000000002,0.0
5187,-0.15630000000000002,0.0
5188,-0.15630000000000002,0.0
5189,-0.15630000000000002,0.0
5190,-0.15630000000000002,0.0
5191,-0.15630000000000002,0.0
5192,7255.416384509302,72.12948844343994
5193,24136.245941689827,251.57557320477875
5194,44575.722522585536,494.74909903563406
5195,59847.94298764694,693.4695070792362
5196,71868.79297983392,849.0969342798516
5197,75215.82,953.3979901145927
5198,75215.82,985.0372773718545
5199,75215.82,953.4886759952227
5200,73486.39124865094,858.8205484941432
5201,62079.6461297161,711.4240157185164
5202,43631.09025513257,486.65293964175106
5203,22128.81608802636,242.73524032761668
5204,-0.15630000000000002,0.0
5205,-0.15630000000000002,0.0
5206,-0.15630000000000002,0.0
5207,-0.15630000000000002,0.0
5208,-0.15630000000000002,0.0
5209,-0.15630000000000002,0.0
5210,-0.15630000000000002,0.0
5211,-0.15630000000000002,0.0
5212,-0.15630000000000002,0.0
5213,-0.15630000000000002,0.0
5214,-0.15630000000000002,0.0
5215,-0.15630000000000002,0.0
5216,7329.591114569775,73.88059842081522
5217,24028.443026979192,249.6937264955231
5218,45211.28370794875,489.8994305200456
5219,61466.103178850026,689.913490213077
5220,73117.00325184208,841.0498869269994
5221,75215.82,938.0447561760099
5222,75215.82,923.7971549039727
5223,75215.82,941.0667873523297
5224,73036.36680149831,853.6648570866394
5225,60651.965296785034,695.137589589882
5226,43210.85804261792,480.60194862731686
5227,21584.33351594115,236.01306751678666
5228,-0.15630000000000002,0.0
5229,-0.15630000000000002,0.0
5230,-0.15630000000000002,0.0
5231,-0.15630000000000002,0.0
5232,-0.15630000000000002,0.0
5233,-0.15630000000000002,0.0
5234,-0.15630000000000002,0.0
5235,-0.15630000000000002,0.0
5236,-0.15630000000000002,0.0
5237,-0.15630000000000002,0.0
5238,-0.15630000000000002,0.0
5239,-0.15630000000000002,0.0
5240,7215.543340178339,72.22611936034369
5241,24245.990439603196,249.98031420748484
5242,45464.250360077844,488.4162402709973
5243,62042.489205408376,690.20785514996
5244,73663.65961992166,840.0368176957927
5245,75215.82,947.6863309477138
5246,75215.82,983.4907056337788
5247,75215.82,952.1987289160195
5248,74057.84480601213,857.5565757723467
5249,61298.73994246937,698.2367139404722
5250,43961.115599917735,489.1334004542395
5251,22379.55835644375,244.72946969654356
5252,-0.15630000000000002,0.0
5253,-0.15630000000000002,0.0
5254,-0.15630000000000002,0.0
5255,-0.15630000000000002,0.0
5256,-0.15630000000000002,0.0
5257,-0.15630000000000002,0.0
5258,-0.15630000000000002,0.0
5259,-0.15630000000000002,0.0
5260,-0.15630000000000002,0.0
5261,-0.15630000000000002,0.0
5262,-0.15630000000000002,0.0
5263,-0.15630000000000002,0.0
5264,7194.425677758392,72.28545539629776
5265,24200.323740221374,249.14859541346047
5266,44987.01216957,487.8167806787474
5267,59597.63500829883,684.5579721325112
5268,70872.54914353015,834.2626476974789
5269,75215.82,941.2775350008819
5270,75215.82,972.3794838106047
5271,75215.82,951.4796652003513
5272,73478.69360221375,861.3650259677022
5273,61100.092809234884,701.7878228486612
5274,43175.919489438114,483.60374104747757
5275,21651.415254899504,238.03120552367963
5276,-0.15630000000000002,0.0
5277,-0.15630000000000002,0.0
5278,-0.15630000000000002,0.0
5279,-0.15630000000000002,0.0
5280,-0.15630000000000002,0.0
5281,-0.15630000000000002,0.0
5282,-0.15630000000000002,0.0
5283,-0.15630000000000002,0.0
5284,-0.15630000000000002,0.0
5285,-0.15630000000000002,0.0
5286,-0.15630000000000002,0.0
5287,-0.15630000000000002,0.0
5288,7280.900429549283,74.98407786805844
5289,23559.083343001446,245.8174380344418
5290,43980.536530608,481.4616823698523
5291,59706.329965830955,677.0636335991403
5292,71440.82264643697,830.3010306026578
5293,75215.82,937.3359804511957
5294,75215.82,917.1612664407286
5295,27452.526358008894,310.2008896718836
5296,48119.10188051746,546.5715521006475
5297,13013.86332137421,148.59867928438803
5298,23222.857179233484,258.1417352691879
5299,10564.871264483752,119.03089449020646
5300,-0.15630000000000002,0.0
5301,-0.15630000000000002,0.0
5302,-0.15630000000000002,0.0
5303,-0.15630000000000002,0.0
5304,-0.15630000000000002,0.0
5305,-0.15630000000000002,0.0
5306,-0.15630000000000002,0.0
5307,-0.15630000000000002,0.0
5308,-0.15630000000000002,0.0
5309,-0.15630000000000002,0.0
5310,-0.15630000000000002,0.0
5311,-0.15630000000000002,0.0
5312,7766.9197942191495,81.33717838444832
5313,23732.539499674804,246.72367893376585
5314,43492.31294123297,473.8397874966778
5315,58725.72695596601,665.8501406848611
5316,69107.13151874262,804.941756894509
5317,75215.82,923.0434038974428
5318,75215.82,958.016963153029
5319,75215.82,923.9682240586287
5320,70597.38703589472,809.7727988939582
5321,57291.24095323569,639.8473614655504
5322,40079.49716469005,449.1301798766817
5323,16204.718998323442,178.6610875079897
5324,-0.15630000000000002,0.0
5325,-0.15630000000000002,0.0
5326,-0.15630000000000002,0.0
5327,-0.15630000000000002,0.0
5328,-0.15630000000000002,0.0
5329,-0.15630000000000002,0.0
5330,-0.15630000000000002,0.0
5331,-0.15630000000000002,0.0
5332,-0.15630000000000002,0.0
5333,-0.15630000000000002,0.0
5334,-0.15630000000000002,0.0
5335,-0.15630000000000002,0.0
5336,7394.471819590925,77.9018099571903
5337,23249.7985389781,242.95994322572005
5338,43317.546225624,476.7324074050922
5339,58644.93179626375,675.1437535193332
5340,71000.55143639295,825.7688375566197
5341,75215.82,921.7946424074901
5342,75215.82,956.725931699622
5343,75215.82,928.597337180588
5344,72349.01955375489,832.6970904014485
5345,59011.922379145035,668.5420739967741
5346,40900.038776453905,454.4865519825808
5347,18153.002800979808,199.99011624512607
5348,-0.15630000000000002,0.0
5349,-0.15630000000000002,0.0
5350,-0.15630000000000002,0.0
5351,-0.15630000000000002,0.0
5352,-0.15630000000000002,0.0
5353,-0.15630000000000002,0.0
5354,-0.15630000000000002,0.0
5355,-0.15630000000000002,0.0
5356,-0.15630000000000002,0.0
5357,-0.15630000000000002,0.0
5358,-0.15630000000000002,0.0
5359,-0.15630000000000002,0.0
5360,7310.398028585996,76.31382106494664
5361,23424.854133864676,248.26505410648278
5362,42214.83442144091,469.05538232447645
5363,57778.9605633615,666.4810150689185
5364,70462.25213884845,824.8241344228877
5365,75215.82,924.5394347670542
5366,75215.82,959.6923064358973
5367,75215.82,904.6224540317717
5368,67938.48681979532,782.1691499560402
5369,52188.74763473032,586.7414778334625
5370,33542.770587449355,370.61863395214465
5371,13731.217054850938,152.77801773993414
5372,-0.15630000000000002,0.0
5373,-0.15630000000000002,0.0
5374,-0.15630000000000002,0.0
5375,-0.15630000000000002,0.0
5376,-0.15630000000000002,0.0
5377,-0.15630000000000002,0.0
5378,-0.15630000000000002,0.0
5379,-0.15630000000000002,0.0
5380,-0.15630000000000002,0.0
5381,-0.15630000000000002,0.0
5382,-0.15630000000000002,0.0
5383,-0.15630000000000002,0.0
5384,1592.2870397139322,21.89999802682381
5385,9492.794633274953,101.79860106074486
5386,43446.26668250794,461.8950022615473
5387,22492.170893023642,241.35152295036286
5388,49233.286798836976,534.2335025633781
5389,6456.369010934211,74.85691513526174
5390,8329.088774268665,96.28967412624812
5391,11642.097501096843,132.9146318620075
5392,37559.519511489256,424.23868813744895
5393,40636.7517356315,445.2897951487487
5394,26735.925246755556,282.19671395425837
5395,6175.484280698759,67.95744180487404
5396,-0.15630000000000002,0.0
5397,-0.15630000000000002,0.0
5398,-0.15630000000000002,0.0
5399,-0.15630000000000002,0.0
5400,-0.15630000000000002,0.0
5401,-0.15630000000000002,0.0
5402,-0.15630000000000002,0.0
5403,-0.15630000000000002,0.0
5404,-0.15630000000000002,0.0
5405,-0.15630000000000002,0.0
5406,-0.15630000000000002,0.0
5407,-0.15630000000000002,0.0
5408,6777.710123834345,71.18512635430415
5409,23349.11163476039,241.76523486634778
5410,44387.44084843614,480.39521513951763
5411,62288.32693516651,685.2784404581411
5412,75215.82,845.9034670112515
5413,75215.82,941.500584833731
5414,75215.82,978.0366202714717
5415,75215.82,942.5942601832497
5416,75215.82,844.6709684904757
5417,61029.063567447425,671.9940548835006
5418,41936.14500408194,454.2680637933769
5419,18145.05226998748,195.48784192782554
5420,-0.15630000000000002,0.0
5421,-0.15630000000000002,0.0
5422,-0.15630000000000002,0.0
5423,-0.15630000000000002,0.0
5424,-0.15630000000000002,0.0
5425,-0.15630000000000002,0.0
5426,-0.15630000000000002,0.0
5427,-0.15630000000000002,0.0
5428,-0.15630000000000002,0.0
5429,-0.15630000000000002,0.0
5430,-0.15630000000000002,0.0
5431,-0.15630000000000002,0.0
5432,6597.233498378759,68.66250396317788
5433,24192.712439270937,243.94916023880796
5434,46928.90790392082,490.03869625762974
5435,64558.94990781481,694.3751929504879
5436,75215.82,843.9741604780568
5437,75215.82,941.4025976100916
5438,75215.82,982.9180308824842
5439,75215.82,953.4911177015914
5440,75215.82,859.8253191812336
5441,62546.27287511557,690.6798792313965
5442,43931.782803095724,475.4269588543471
5443,19320.001055765348,207.4149961386002
5444,-0.15630000000000002,0.0
5445,-0.15630000000000002,0.0
5446,-0.15630000000000002,0.0
5447,-0.15630000000000002,0.0
5448,-0.15630000000000002,0.0
5449,-0.15630000000000002,0.0
5450,-0.15630000000000002,0.0
5451,-0.15630000000000002,0.0
5452,-0.15630000000000002,0.0
5453,-0.15630000000000002,0.0
5454,-0.15630000000000002,0.0
5455,-0.15630000000000002,0.0
5456,8010.675638348711,86.60504114717521
5457,24049.091884599224,242.24836428265687
5458,46430.89741317047,483.94995766701084
5459,52062.01397167314,552.0877836528078
5460,61501.89055550529,663.9197572665834
5461,75215.82,950.3046796833987
5462,75215.82,890.9932230592332
5463,75215.82,945.3363938828788
5464,75215.82,851.0185215799123
5465,62306.48314734241,681.5920456844107
5466,43589.394832644684,467.4482091846035
5467,19350.52328432937,206.04756566145355
5468,-0.15630000000000002,0.0
5469,-0.15630000000000002,0.0
5470,-0.15630000000000002,0.0
5471,-0.15630000000000002,0.0
5472,-0.15630000000000002,0.0
5473,-0.15630000000000002,0.0
5474,-0.15630000000000002,0.0
5475,-0.15630000000000002,0.0
5476,-0.15630000000000002,0.0
5477,-0.15630000000000002,0.0
5478,-0.15630000000000002,0.0
5479,-0.15630000000000002,0.0
5480,6372.747649286384,68.0931781505099
5481,23956.16156558729,242.1925543884275
5482,46099.66800306374,486.894969307956
5483,63091.675957348365,685.4884492095616
5484,75215.82,840.4974496485661
5485,75215.82,938.2872049004993
5486,75215.82,966.9030328147228
5487,75215.82,950.1316976205742
5488,75215.82,856.2730091303066
5489,62496.035624677825,680.4008889475208
5490,42029.088008696686,444.75124009524416
5491,17935.89116449071,188.3632029096718
5492,-0.15630000000000002,0.0
5493,-0.15630000000000002,0.0
5494,-0.15630000000000002,0.0
5495,-0.15630000000000002,0.0
5496,-0.15630000000000002,0.0
5497,-0.15630000000000002,0.0
5498,-0.15630000000000002,0.0
5499,-0.15630000000000002,0.0
5500,-0.15630000000000002,0.0
5501,-0.15630000000000002,0.0
5502,-0.15630000000000002,0.0
5503,-0.15630000000000002,0.0
5504,6085.86029379782,65.52783228812186
5505,24058.342528619367,241.65178579017058
5506,46891.35614271831,486.2845061097786
5507,64032.90953619305,685.2783290593736
5508,75215.82,841.700946278808
5509,75215.82,944.6689873836851
5510,75215.82,986.1587540055727
5511,75215.82,949.2331522374985
5512,75215.82,855.1531909696834
5513,63133.63160511496,688.1226672645222
5514,44083.58205695575,470.2794660920819
5515,20139.908925683474,212.6035799823131
5516,-0.15630000000000002,0.0
5517,-0.15630000000000002,0.0
5518,-0.15630000000000002,0.0
5519,-0.15630000000000002,0.0
5520,-0.15630000000000002,0.0
5521,-0.15630000000000002,0.0
5522,-0.15630000000000002,0.0
5523,-0.15630000000000002,0.0
5524,-0.15630000000000002,0.0
5525,-0.15630000000000002,0.0
5526,-0.15630000000000002,0.0
5527,-0.15630000000000002,0.0
5528,6095.785833535063,67.57714442151322
5529,23632.308471287302,240.6226763986816
5530,45464.27335600265,483.3595778224773
5531,61674.242892655246,688.9810678717708
5532,72113.69881866289,842.5134018581508
5533,75215.82,939.2659331591043
5534,75215.82,973.4897517099507
5535,75215.82,949.3753008889022
5536,73736.51357889085,854.3314629965761
5537,60431.70285983952,681.9807758249175
5538,42560.5825505162,467.5985338073169
5539,18691.19521328069,202.15947075883972
5540,-0.15630000000000002,0.0
5541,-0.15630000000000002,0.0
5542,-0.15630000000000002,0.0
5543,-0.15630000000000002,0.0
5544,-0.15630000000000002,0.0
5545,-0.15630000000000002,0.0
5546,-0.15630000000000002,0.0
5547,-0.15630000000000002,0.0
5548,-0.15630000000000002,0.0
5549,-0.15630000000000002,0.0
5550,-0.15630000000000002,0.0
5551,-0.15630000000000002,0.0
5552,5878.477765868597,67.81498019344623
5553,23099.038831472997,239.7182945383643
5554,45126.22295480608,484.9216540784608
5555,61813.24404059424,687.1963137944103
5556,73436.73022295418,841.5257908807879
5557,75215.82,938.2057054578437
5558,75215.82,977.8522629007996
5559,75215.82,947.2433363466307
5560,72370.25376982194,845.9847488787476
5561,59107.933517870144,674.0401801948335
5562,40657.50756083966,452.4188200460975
5563,17162.0274253667,189.13129037543877
5564,-0.15630000000000002,0.0
5565,-0.15630000000000002,0.0
5566,-0.15630000000000002,0.0
5567,-0.15630000000000002,0.0
5568,-0.15630000000000002,0.0
5569,-0.15630000000000002,0.0
5570,-0.15630000000000002,0.0
5571,-0.15630000000000002,0.0
5572,-0.15630000000000002,0.0
5573,-0.15630000000000002,0.0
5574,-0.15630000000000002,0.0
5575,-0.15630000000000002,0.0
5576,5771.590826111358,69.04602238877176
5577,23085.976818278257,238.9426712435804
5578,44852.56787054764,481.49125190836645
5579,61405.866566186465,681.3577687656505
5580,75215.82,878.8805958135591
5581,75215.82,933.2645690590965
5582,75215.82,980.0635446459776
5583,75215.82,949.641988035517
5584,73369.38224895355,839.9330451745824
5585,59406.60756341645,668.6275637453142
5586,40791.11456946579,450.233616342663
5587,16750.667129197824,184.5124817442208
5588,-0.15630000000000002,0.0
5589,-0.15630000000000002,0.0
5590,-0.15630000000000002,0.0
5591,-0.15630000000000002,0.0
5592,-0.15630000000000002,0.0
5593,-0.15630000000000002,0.0
5594,-0.15630000000000002,0.0
5595,-0.15630000000000002,0.0
5596,-0.15630000000000002,0.0
5597,-0.15630000000000002,0.0
5598,-0.15630000000000002,0.0
5599,-0.15630000000000002,0.0
5600,5644.561642133075,70.3336097349969
5601,22509.6774446237,236.2764730480046
5602,43743.75710897088,475.3176654827
5603,60286.085196713924,673.114126960234
5604,71773.02584312856,821.9776511143815
5605,75215.82,927.7878275415281
5606,75215.82,961.7583764265349
5607,75215.82,935.926784986994
5608,71367.75169862116,827.3182413583675
5609,57788.68517546472,655.3294600260019
5610,39632.16821685085,438.89908179527237
5611,15709.790286492622,173.19533293749615
5612,-0.15630000000000002,0.0
5613,-0.15630000000000002,0.0
5614,-0.15630000000000002,0.0
5615,-0.15630000000000002,0.0
5616,-0.15630000000000002,0.0
5617,-0.15630000000000002,0.0
5618,-0.15630000000000002,0.0
5619,-0.15630000000000002,0.0
5620,-0.15630000000000002,0.0
5621,-0.15630000000000002,0.0
5622,-0.15630000000000002,0.0
5623,-0.15630000000000002,0.0
5624,5484.719770459202,71.73607644068616
5625,22511.99277617644,234.4863345758144
5626,44175.464008560855,473.8722324105777
5627,60790.830879589616,673.7963246004838
5628,72471.86910262553,827.1687810049725
5629,75215.82,923.2145469343899
5630,75215.82,961.8871739572205
5631,75215.82,936.1524634664642
5632,69620.46600906836,814.286478954408
5633,55606.35480785575,638.8410870629901
5634,37882.71139655083,424.79076473702446
5635,11922.88201901109,134.1191146993184
5636,-0.15630000000000002,0.0
5637,-0.15630000000000002,0.0
5638,-0.15630000000000002,0.0
5639,-0.15630000000000002,0.0
5640,-0.15630000000000002,0.0
5641,-0.15630000000000002,0.0
5642,-0.15630000000000002,0.0
5643,-0.15630000000000002,0.0
5644,-0.15630000000000002,0.0
5645,-0.15630000000000002,0.0
5646,-0.15630000000000002,0.0
5647,-0.15630000000000002,0.0
5648,5478.2918509731035,75.22644452614108
5649,22484.433295774445,235.21623432858848
5650,43237.59836915405,466.9996930139389
5651,58911.10988652883,658.4133141539355
5652,71538.03422288416,817.2427630447437
5653,75215.82,910.6563270373202
5654,75215.82,885.7959983265541
5655,70420.4529947373,810.0228514780737
5656,54156.924426676596,612.1564592123606
5657,33183.105118749285,367.9447345652994
5658,2925.8482168156847,36.82783711817181
5659,15125.167031582578,166.8771501766446
5660,-0.15630000000000002,0.0
5661,-0.15630000000000002,0.0
5662,-0.15630000000000002,0.0
5663,-0.15630000000000002,0.0
5664,-0.15630000000000002,0.0
5665,-0.15630000000000002,0.0
5666,-0.15630000000000002,0.0
5667,-0.15630000000000002,0.0
5668,-0.15630000000000002,0.0
5669,-0.15630000000000002,0.0
5670,-0.15630000000000002,0.0
5671,-0.15630000000000002,0.0
5672,5414.803095598072,73.73135655737818
5673,22650.25229593817,233.39313974533906
5674,44166.555049074464,469.01387881028927
5675,61002.52987095722,670.138253845568
5676,72471.12466290627,814.6543459277723
5677,75215.82,856.1739309037853
5678,74961.4104712191,860.8702059685746
5679,74425.58116563928,862.4188545151187
5680,71472.24568251065,824.4156961540946
5681,55054.856765028904,619.5346978691769
5682,38451.09920722992,423.7178248258918
5683,14263.050515033427,157.1078582516392
5684,-0.15630000000000002,0.0
5685,-0.15630000000000002,0.0
5686,-0.15630000000000002,0.0
5687,-0.15630000000000002,0.0
5688,-0.15630000000000002,0.0
5689,-0.15630000000000002,0.0
5690,-0.15630000000000002,0.0
5691,-0.15630000000000002,0.0
5692,-0.15630000000000002,0.0
5693,-0.15630000000000002,0.0
5694,-0.15630000000000002,0.0
5695,-0.15630000000000002,0.0
5696,5370.473712183302,73.25418387574223
5697,22370.15298010078,232.42990369560744
5698,43885.25368743033,469.1561902385846
5699,59822.49192941104,668.3079901740593
5700,70214.07791325219,815.5480830327504
5701,73704.68155695216,869.3861927272033
5702,72905.48179072847,861.6398554614558
5703,44266.22950688772,503.4916491009678
5704,43569.981183227224,494.88286254386145
5705,51121.43656940469,582.1063980159886
5706,29909.274587068026,331.86226695754783
5707,15530.249492321713,171.67246122668575
5708,-0.15630000000000002,0.0
5709,-0.15630000000000002,0.0
5710,-0.15630000000000002,0.0
5711,-0.15630000000000002,0.0
5712,-0.15630000000000002,0.0
5713,-0.15630000000000002,0.0
5714,-0.15630000000000002,0.0
5715,-0.15630000000000002,0.0
5716,-0.15630000000000002,0.0
5717,-0.15630000000000002,0.0
5718,-0.15630000000000002,0.0
5719,-0.15630000000000002,0.0
5720,5459.8380728179845,75.14122810460309
5721,22418.108444260495,232.4050122635356
5722,43952.8811776938,469.5258467538546
5723,60571.246352757844,670.010764038653
5724,71973.22884074891,818.8014949795411
5725,75215.82,907.7388598741371
5726,75215.82,944.1784717715
5727,75215.82,917.3184416620443
5728,67587.26462960371,805.7734892063646
5729,30386.281177042583,341.8097050393359
5730,37818.02010282035,426.67875921173885
5731,12683.77901219986,141.38049767486388
5732,-0.15630000000000002,0.0
5733,-0.15630000000000002,0.0
5734,-0.15630000000000002,0.0
5735,-0.15630000000000002,0.0
5736,-0.15630000000000002,0.0
5737,-0.15630000000000002,0.0
5738,-0.15630000000000002,0.0
5739,-0.15630000000000002,0.0
5740,-0.15630000000000002,0.0
5741,-0.15630000000000002,0.0
5742,-0.15630000000000002,0.0
5743,-0.15630000000000002,0.0
5744,5364.229276723711,74.03435189251366
5745,21994.227967663424,230.45364254055875
5746,42576.82238726178,464.4012143555374
5747,59481.725733435065,665.8336791072187
5748,70976.60506089982,808.9815132135627
5749,75215.82,910.2694162203422
5750,75215.82,947.8088911227999
5751,75215.82,906.6924144091852
5752,69160.20451969313,788.4756701310355
5753,57364.24123552065,642.1802389566051
5754,35245.76639999777,385.3988436417298
5755,10459.525062217337,116.49630733551197
5756,-0.15630000000000002,0.0
5757,-0.15630000000000002,0.0
5758,-0.15630000000000002,0.0
5759,-0.15630000000000002,0.0
5760,-0.15630000000000002,0.0
5761,-0.15630000000000002,0.0
5762,-0.15630000000000002,0.0
5763,-0.15630000000000002,0.0
5764,-0.15630000000000002,0.0
5765,-0.15630000000000002,0.0
5766,-0.15630000000000002,0.0
5767,-0.15630000000000002,0.0
5768,5364.547121021461,74.99398522560331
5769,22165.276059109303,230.37591076564306
5770,42954.735893055506,456.3239487031265
5771,59715.93157907881,656.1610365942535
5772,70758.95087191406,804.2736131046335
5773,75215.82,899.8700138687052
5774,75215.82,935.7604059572102
5775,75215.82,886.987102570947
5776,69023.45231753678,772.7870360141139
5777,53150.876345562174,585.7877279371596
5778,32439.604066121203,353.4340897164101
5779,9148.84698192029,101.96998279970263
5780,-0.15630000000000002,0.0
5781,-0.15630000000000002,0.0
5782,-0.15630000000000002,0.0
5783,-0.15630000000000002,0.0
5784,-0.15630000000000002,0.0
5785,-0.15630000000000002,0.0
5786,-0.15630000000000002,0.0
5787,-0.15630000000000002,0.0
5788,-0.15630000000000002,0.0
5789,-0.15630000000000002,0.0
5790,-0.15630000000000002,0.0
5791,-0.15630000000000002,0.0
5792,4316.973969669967,58.83611919823823
5793,22165.610814865828,230.69818489089872
5794,42395.43969784651,453.25664602231217
5795,19663.143768916252,211.20257879513002
5796,72140.87309540472,794.9615261213723
5797,73417.71839931802,810.6429979972779
5798,75215.82,878.8921247361758
5799,60998.72819732956,672.0655060549678
5800,6061.780309296338,71.24493145870966
5801,14216.57328846578,156.99436170779185
5802,9464.191132282158,104.73554782880645
5803,1505.9078498947963,20.126941115038193
5804,-0.15630000000000002,0.0
5805,-0.15630000000000002,0.0
5806,-0.15630000000000002,0.0
5807,-0.15630000000000002,0.0
5808,-0.15630000000000002,0.0
5809,-0.15630000000000002,0.0
5810,-0.15630000000000002,0.0
5811,-0.15630000000000002,0.0
5812,-0.15630000000000002,0.0
5813,-0.15630000000000002,0.0
5814,-0.15630000000000002,0.0
5815,-0.15630000000000002,0.0
5816,2625.2584747788032,33.9958418256452
5817,22963.74430169496,237.8036104466435
5818,43317.58650539087,458.2127398814538
5819,61274.18321187612,660.9447177422302
5820,73881.50786631802,809.9693455833818
5821,75215.82,900.7338799963718
5822,75215.82,941.9322811040025
5823,75215.82,899.1103792272867
5824,70486.68612855661,785.6566399435675
5825,55525.72407947937,611.9010926427254
5826,35951.529137195546,388.7168417158926
5827,10369.847861570159,114.05873346089625
5828,-0.15630000000000002,0.0
5829,-0.15630000000000002,0.0
5830,-0.15630000000000002,0.0
5831,-0.15630000000000002,0.0
5832,-0.15630000000000002,0.0
5833,-0.15630000000000002,0.0
5834,-0.15630000000000002,0.0
5835,-0.15630000000000002,0.0
5836,-0.15630000000000002,0.0
5837,-0.15630000000000002,0.0
5838,-0.15630000000000002,0.0
5839,-0.15630000000000002,0.0
5840,4930.000664735049,66.68763180180153
5841,21791.214360338272,224.2579424665381
5842,43025.45653561382,451.9867778902242
5843,58797.75013913119,637.7048097783106
5844,70862.44437560238,787.3773248192788
5845,71023.70666697966,794.5978552719787
5846,66027.1557813424,739.483500167183
5847,48666.95760378435,536.7920727234804
5848,61497.298740968814,686.1021110758355
5849,61158.2643662634,655.2193320017702
5850,38835.439973749315,407.1718283384467
5851,12419.274642339917,132.1242045003139
5852,-0.15630000000000002,0.0
5853,-0.15630000000000002,0.0
5854,-0.15630000000000002,0.0
5855,-0.15630000000000002,0.0
5856,-0.15630000000000002,0.0
5857,-0.15630000000000002,0.0
5858,-0.15630000000000002,0.0
5859,-0.15630000000000002,0.0
5860,-0.15630000000000002,0.0
5861,-0.15630000000000002,0.0
5862,-0.15630000000000002,0.0
5863,-0.15630000000000002,0.0
5864,4559.574276665614,62.78860026925334
5865,22065.71567686122,225.21677520206558
5866,44993.69332283247,468.0971466178218
5867,62070.30229909846,667.8999981884574
5868,66444.56782824396,726.9767392319571
5869,47800.13100929615,515.1645138195331
5870,28682.427417679937,307.6447784884976
5871,55025.48843186662,598.8011152358798
5872,16202.747375612087,175.53631694064006
5873,10550.47199784635,115.71655203096407
5874,17138.536467563823,183.66841294631038
5875,5120.931847337782,58.10150838640885
5876,-0.15630000000000002,0.0
5877,-0.15630000000000002,0.0
5878,-0.15630000000000002,0.0
5879,-0.15630000000000002,0.0
5880,-0.15630000000000002,0.0
5881,-0.15630000000000002,0.0
5882,-0.15630000000000002,0.0
5883,-0.15630000000000002,0.0
5884,-0.15630000000000002,0.0
5885,-0.15630000000000002,0.0
5886,-0.15630000000000002,0.0
5887,-0.15630000000000002,0.0
5888,5092.913386400612,69.11154448693631
5889,22036.46374780261,225.65750376681174
5890,44447.49422001273,465.89689151778794
5891,58974.93539146967,635.5771568749304
5892,68271.05499889352,755.3702344913606
5893,74733.01254732898,844.1131917371104
5894,75215.82,889.2969060657271
5895,66725.34158640211,750.8277714461915
5896,63535.51813978263,710.5778940852557
5897,46534.821111118305,509.96519896468874
5898,35082.25332211212,379.4678849937236
5899,7535.611613800186,84.21868494677766
5900,-0.15630000000000002,0.0
5901,-0.15630000000000002,0.0
5902,-0.15630000000000002,0.0
5903,-0.15630000000000002,0.0
5904,-0.15630000000000002,0.0
5905,-0.15630000000000002,0.0
5906,-0.15630000000000002,0.0
5907,-0.15630000000000002,0.0
5908,-0.15630000000000002,0.0
5909,-0.15630000000000002,0.0
5910,-0.15630000000000002,0.0
5911,-0.15630000000000002,0.0
5912,5084.809366649946,70.0090970127407
5913,21523.859960045716,224.75858446728844
5914,43234.18758330214,467.4682363575166
5915,59080.323913202425,667.7569754573638
5916,71088.86001817937,825.0885097744356
5917,75215.82,914.3137572179785
5918,75215.82,955.206386561117
5919,75215.82,917.2626278155859
5920,69675.57710823147,805.9152412510311
5921,53181.905268727416,598.7173804459246
5922,33976.63771440408,373.0707311679277
5923,6954.421308022581,79.02662068476081
5924,-0.15630000000000002,0.0
5925,-0.15630000000000002,0.0
5926,-0.15630000000000002,0.0
5927,-0.15630000000000002,0.0
5928,-0.15630000000000002,0.0
5929,-0.15630000000000002,0.0
5930,-0.15630000000000002,0.0
5931,-0.15630000000000002,0.0
5932,-0.15630000000000002,0.0
5933,-0.15630000000000002,0.0
5934,-0.15630000000000002,0.0
5935,-0.15630000000000002,0.0
5936,7289.089491886152,99.62833036428482
5937,22533.208296341276,233.83464723316945
5938,42531.5411908103,452.03853648716165
5939,60498.40104918649,667.8132071322227
5940,72320.49722554487,820.7165261033362
5941,75215.82,907.6604412480966
5942,75215.82,954.683635021607
5943,75215.82,916.6151176093786
5944,68769.75383774737,793.193456223854
5945,54452.99199767482,616.7899151391043
5946,32382.945006141807,357.3733928576354
5947,6954.32226074029,79.79411979308163
5948,-0.15630000000000002,0.0
5949,-0.15630000000000002,0.0
5950,-0.15630000000000002,0.0
5951,-0.15630000000000002,0.0
5952,-0.15630000000000002,0.0
5953,-0.15630000000000002,0.0
5954,-0.15630000000000002,0.0
5955,-0.15630000000000002,0.0
5956,-0.15630000000000002,0.0
5957,-0.15630000000000002,0.0
5958,-0.15630000000000002,0.0
5959,-0.15630000000000002,0.0
5960,1556.547241763864,26.02902324832667
5961,12842.806762828246,136.0212344803694
5962,22425.377868708627,236.7072690402814
5963,23469.67258280461,252.83248232738333
5964,9126.161166846541,104.10359157985935
5965,21261.15386809624,236.52249912018445
5966,18525.534194800788,207.88659369795286
5967,30253.602445994933,337.3831162788549
5968,36745.667104417655,409.12200390742237
5969,9659.758905846405,110.36819026585152
5970,7706.284642578021,88.31058336563319
5971,1816.1902405999667,24.01895768864916
5972,-0.15630000000000002,0.0
5973,-0.15630000000000002,0.0
5974,-0.15630000000000002,0.0
5975,-0.15630000000000002,0.0
5976,-0.15630000000000002,0.0
5977,-0.15630000000000002,0.0
5978,-0.15630000000000002,0.0
5979,-0.15630000000000002,0.0
5980,-0.15630000000000002,0.0
5981,-0.15630000000000002,0.0
5982,-0.15630000000000002,0.0
5983,-0.15630000000000002,0.0
5984,6347.5466816422295,88.85770005463242
5985,21763.150871446862,230.47536167350228
5986,41090.43373266041,442.88565098037714
5987,56269.50995527678,618.7961484741039
5988,71192.1330116472,797.1719528574619
5989,75215.82,862.4806067339404
5990,75215.82,889.8775266373115
5991,72546.90993269795,814.9083119570304
5992,57582.89920737716,638.1174841319487
5993,47764.29395799024,524.3395398028455
5994,27334.471683604002,297.73639011488615
5995,4049.6633231385176,48.29710998288845
5996,-0.15630000000000002,0.0
5997,-0.15630000000000002,0.0
5998,-0.15630000000000002,0.0
5999,-0.15630000000000002,0.0
6000,-0.15630000000000002,0.0
6001,-0.15630000000000002,0.0
6002,-0.15630000000000002,0.0
6003,-0.15630000000000002,0.0
6004,-0.15630000000000002,0.0
6005,-0.15630000000000002,0.0
6006,-0.15630000000000002,0.0
6007,-0.15630000000000002,0.0
6008,4851.893040475104,67.31643943532758
6009,21543.916120086298,221.2135622429622
6010,37859.82194097852,389.4038522766684
6011,56915.11788555295,600.0830573435095
6012,65707.4549810962,705.9818584357898
6013,67889.34987427744,735.8706306718641
6014,61015.96520714444,662.2087944624332
6015,75019.26497801523,825.096712499945
6016,49965.59282669213,539.453777044788
6017,55887.22242238528,602.8012038055465
6018,34886.64510838905,370.73484700162163
6019,7000.900262449912,78.00607135082998
6020,-0.15630000000000002,0.0
6021,-0.15630000000000002,0.0
6022,-0.15630000000000002,0.0
6023,-0.15630000000000002,0.0
6024,-0.15630000000000002,0.0
6025,-0.15630000000000002,0.0
6026,-0.15630000000000002,0.0
6027,-0.15630000000000002,0.0
6028,-0.15630000000000002,0.0
6029,-0.15630000000000002,0.0
6030,-0.15630000000000002,0.0
6031,-0.15630000000000002,0.0
6032,6919.459222313308,95.14056773526299
6033,21346.541329493015,217.84050123929245
6034,40503.34322167717,415.9830321060311
6035,41833.29631993941,433.9190502945905
6036,61448.87837052772,652.3344391928601
6037,54556.58969783991,578.910452510736
6038,69663.26788568405,752.008259219172
6039,32629.60425708209,345.27681884683915
6040,32604.26440755402,344.26158010364924
6041,26935.77725472162,283.5960815530339
6042,10843.36655723145,116.11826442990231
6043,4595.6794325121145,52.199635334876724
6044,-0.15630000000000002,0.0
6045,-0.15630000000000002,0.0
6046,-0.15630000000000002,0.0
6047,-0.15630000000000002,0.0
6048,-0.15630000000000002,0.0
6049,-0.15630000000000002,0.0
6050,-0.15630000000000002,0.0
6051,-0.15630000000000002,0.0
6052,-0.15630000000000002,0.0
6053,-0.15630000000000002,0.0
6054,-0.15630000000000002,0.0
6055,-0.15630000000000002,0.0
6056,4780.105658382267,66.41888690952321
6057,21794.647299102544,223.10181408646596
6058,43988.87771365064,458.02105249427717
6059,60923.84693335114,654.4023928944769
6060,72649.50620793777,798.4932615804872
6061,75215.82,867.9063650436494
6062,75215.82,844.4772465548577
6063,75186.10640939907,831.1547029743708
6064,67216.94077786192,736.8611739392684
6065,56042.07203267875,606.9623020435708
6066,32769.48743484,349.5314104499857
6067,3651.2947035328284,43.17009202800258
6068,-0.15630000000000002,0.0
6069,-0.15630000000000002,0.0
6070,-0.15630000000000002,0.0
6071,-0.15630000000000002,0.0
6072,-0.15630000000000002,0.0
6073,-0.15630000000000002,0.0
6074,-0.15630000000000002,0.0
6075,-0.15630000000000002,0.0
6076,-0.15630000000000002,0.0
6077,-0.15630000000000002,0.0
6078,-0.15630000000000002,0.0
6079,-0.15630000000000002,0.0
6080,5837.091771337013,80.7797273223931
6081,21034.165634246245,219.56111960999175
6082,43317.28641103435,459.56697421404584
6083,60470.84892742103,653.6321748476471
6084,72239.61290432507,796.6959442789406
6085,75215.82,854.7654027445861
6086,75215.82,925.480430571548
6087,75215.82,847.4280153313783
6088,45455.04372555977,499.2545522454605
6089,34158.04834222062,372.332319723835
6090,18809.454050312786,204.4002386234742
6091,175.97216191791387,5.243288370592245
6092,-0.15630000000000002,0.0
6093,-0.15630000000000002,0.0
6094,-0.15630000000000002,0.0
6095,-0.15630000000000002,0.0
6096,-0.15630000000000002,0.0
6097,-0.15630000000000002,0.0
6098,-0.15630000000000002,0.0
6099,-0.15630000000000002,0.0
6100,-0.15630000000000002,0.0
6101,-0.15630000000000002,0.0
6102,-0.15630000000000002,0.0
6103,-0.15630000000000002,0.0
6104,4811.03494867727,67.31643943532758
6105,20972.604084706752,218.91906242039383
6106,43093.08696252064,456.2979646761973
6107,60157.38353358032,658.3910144432366
6108,72061.16925271634,812.6547245108478
6109,75215.82,868.2479470613258
6110,75215.82,941.422187758153
6111,75215.82,884.8257165990875
6112,67940.99512567099,770.2103162976455
6113,49735.55770650578,552.2862643657993
6114,29041.16239806045,316.83710813665874
6115,3834.715891123594,46.074639216443444
6116,-0.15630000000000002,0.0
6117,-0.15630000000000002,0.0
6118,-0.15630000000000002,0.0
6119,-0.15630000000000002,0.0
6120,-0.15630000000000002,0.0
6121,-0.15630000000000002,0.0
6122,-0.15630000000000002,0.0
6123,-0.15630000000000002,0.0
6124,-0.15630000000000002,0.0
6125,-0.15630000000000002,0.0
6126,-0.15630000000000002,0.0
6127,-0.15630000000000002,0.0
6128,6638.325145592697,93.34546268365425
6129,12261.720175361559,130.00925369664833
6130,31456.649522284744,328.1188474831026
6131,13807.640532263595,147.8926648568574
6132,14759.56299921707,159.50246860211007
6133,18321.680284682923,198.07659695428322
6134,19055.597618367505,206.40006360034522
6135,13427.776913363532,147.638222175854
6136,10462.553910705421,114.95968744142391
6137,5008.723537928606,57.063270172748354
6138,1714.2040903245052,21.893711454701137
6139,505.55455094901055,8.740615943476627
6140,-0.15630000000000002,0.0
6141,-0.15630000000000002,0.0
6142,-0.15630000000000002,0.0
6143,-0.15630000000000002,0.0
6144,-0.15630000000000002,0.0
6145,-0.15630000000000002,0.0
6146,-0.15630000000000002,0.0
6147,-0.15630000000000002,0.0
6148,-0.15630000000000002,0.0
6149,-0.15630000000000002,0.0
6150,-0.15630000000000002,0.0
6151,-0.15630000000000002,0.0
6152,2819.8098770171687,42.184968712805286
6153,7896.079485002737,83.78457660539067
6154,8467.03083711914,89.21331042174901
6155,8570.690568038266,91.59454927125161
6156,10115.952226232575,107.74278796067499
6157,22217.75332864915,230.67473866555233
6158,31117.797256961785,321.5988217692039
6159,36731.63285969884,383.12987073248587
6160,25814.76946039055,270.8902831240718
6161,10608.425502845297,113.89473522970441
6162,1066.2867262373275,14.882214031969001
6163,432.25904200251586,7.865761986810885
6164,-0.15630000000000002,0.0
6165,-0.15630000000000002,0.0
6166,-0.15630000000000002,0.0
6167,-0.15630000000000002,0.0
6168,-0.15630000000000002,0.0
6169,-0.15630000000000002,0.0
6170,-0.15630000000000002,0.0
6171,-0.15630000000000002,0.0
6172,-0.15630000000000002,0.0
6173,-0.15630000000000002,0.0
6174,-0.15630000000000002,0.0
6175,-0.15630000000000002,0.0
6176,4207.0106532296195,59.23846670308827
6177,21625.56687943548,218.18351449303768
6178,42997.3003377188,435.4976316010042
6179,54345.54599002631,560.1829018228743
6180,19461.736175578735,202.11048502238816
6181,44517.05675352746,467.5276128879134
6182,69920.76100444348,756.9090430861186
6183,66174.8878158822,713.61287618577
6184,71384.84892830034,769.5810940461333
6185,46184.1250906899,486.2717608590343
6186,32879.72096375962,342.6330628557839
6187,195.36975358561276,5.242545515460017
6188,-0.15630000000000002,0.0
6189,-0.15630000000000002,0.0
6190,-0.15630000000000002,0.0
6191,-0.15630000000000002,0.0
6192,-0.15630000000000002,0.0
6193,-0.15630000000000002,0.0
6194,-0.15630000000000002,0.0
6195,-0.15630000000000002,0.0
6196,-0.15630000000000002,0.0
6197,-0.15630000000000002,0.0
6198,-0.15630000000000002,0.0
6199,-0.15630000000000002,0.0
6200,6510.884481516272,88.85770005463242
6201,21464.71745795939,221.03078309709068
6202,37387.144343777574,387.77207192368587
6203,60938.54511189151,661.1104597219046
6204,70512.43096005358,783.7215355741322
6205,27550.029169350437,294.1340515821284
6206,29156.331560844752,312.07645596138263
6207,47430.514297404356,515.8468972470694
6208,52250.10296596233,569.3411969644048
6209,54846.3024110111,596.4195091668392
6210,32357.434114784155,343.1875230262175
6211,35.740671512308296,3.4943942747944647
6212,-0.15630000000000002,0.0
6213,-0.15630000000000002,0.0
6214,-0.15630000000000002,0.0
6215,-0.15630000000000002,0.0
6216,-0.15630000000000002,0.0
6217,-0.15630000000000002,0.0
6218,-0.15630000000000002,0.0
6219,-0.15630000000000002,0.0
6220,-0.15630000000000002,0.0
6221,-0.15630000000000002,0.0
6222,-0.15630000000000002,0.0
6223,-0.15630000000000002,0.0
6224,4160.698426328186,59.23846670308827
6225,20339.5371751608,211.7750907111728
6226,43441.583747309305,458.3474357523483
6227,60999.855230904985,659.9113939825198
6228,72048.1702458289,794.2007779632311
6229,65160.54466525571,714.6683627285025
6230,66082.1047707983,726.597494956216
6231,45464.872505982,489.8171220364158
6232,64430.15894678186,703.7586471559085
6233,51632.10890977913,556.299528162542
6234,25850.0143871548,274.45975524144677
6235,-0.15630000000000002,0.0
6236,-0.15630000000000002,0.0
6237,-0.15630000000000002,0.0
6238,-0.15630000000000002,0.0
6239,-0.15630000000000002,0.0
6240,-0.15630000000000002,0.0
6241,-0.15630000000000002,0.0
6242,-0.15630000000000002,0.0
6243,-0.15630000000000002,0.0
6244,-0.15630000000000002,0.0
6245,-0.15630000000000002,0.0
6246,-0.15630000000000002,0.0
6247,-0.15630000000000002,0.0
6248,4366.4879503180755,61.931124280501386
6249,20451.424533453464,211.12147524934736
6250,43094.06311047507,447.26224716869126
6251,59744.6324081211,634.0946108394685
6252,66787.78979547186,717.6711832124505
6253,75215.82,889.8578864836709
6254,75215.82,910.8391710685524
6255,75215.82,858.1725476995387
6256,69020.18618910189,751.2869525281237
6257,51405.96982222223,550.7181331663095
6258,29087.6309755801,307.5717281210063
6259,-0.15630000000000002,0.0
6260,-0.15630000000000002,0.0
6261,-0.15630000000000002,0.0
6262,-0.15630000000000002,0.0
6263,-0.15630000000000002,0.0
6264,-0.15630000000000002,0.0
6265,-0.15630000000000002,0.0
6266,-0.15630000000000002,0.0
6267,-0.15630000000000002,0.0
6268,-0.15630000000000002,0.0
6269,-0.15630000000000002,0.0
6270,-0.15630000000000002,0.0
6271,-0.15630000000000002,0.0
6272,4255.5953936390915,60.136019228892636
6273,20782.496793019312,212.1952512765818
6274,44366.86463156308,458.0881568502343
6275,61865.63450225197,662.734891038097
6276,73027.06628659277,809.8616091966718
6277,75215.82,899.1436040225883
6278,75215.82,940.6970283874784
6279,75215.82,899.089112585068
6280,69208.3986773764,769.3678256908103
6281,50817.705259526585,550.0466532062779
6282,28838.528343122536,306.3431327842098
6283,-0.15630000000000002,0.0
6284,-0.15630000000000002,0.0
6285,-0.15630000000000002,0.0
6286,-0.15630000000000002,0.0
6287,-0.15630000000000002,0.0
6288,-0.15630000000000002,0.0
6289,-0.15630000000000002,0.0
6290,-0.15630000000000002,0.0
6291,-0.15630000000000002,0.0
6292,-0.15630000000000002,0.0
6293,-0.15630000000000002,0.0
6294,-0.15630000000000002,0.0
6295,-0.15630000000000002,0.0
6296,4405.063851098581,61.931124280501386
6297,20388.08945556906,210.25353236069313
6298,43060.111117950364,450.8862886323255
6299,59155.266527352185,646.3718016339454
6300,70648.03584502694,800.7787109589393
6301,75215.82,916.7300650172352
6302,75215.82,950.2771347080015
6303,75215.82,864.8993671746254
6304,67993.23063027984,750.6342301312466
6305,50712.71830166269,546.9584115279052
6306,27747.634467447915,294.43273662364237
6307,-0.15630000000000002,0.0
6308,-0.15630000000000002,0.0
6309,-0.15630000000000002,0.0
6310,-0.15630000000000002,0.0
6311,-0.15630000000000002,0.0
6312,-0.15630000000000002,0.0
6313,-0.15630000000000002,0.0
6314,-0.15630000000000002,0.0
6315,-0.15630000000000002,0.0
6316,-0.15630000000000002,0.0
6317,-0.15630000000000002,0.0
6318,-0.15630000000000002,0.0
6319,-0.15630000000000002,0.0
6320,-0.15630000000000002,0.0
6321,20953.833946750008,211.4715492195533
6322,44491.89934472496,447.7787838825096
6323,61272.479577296326,633.8852313484093
6324,75215.82,807.6319912437691
6325,75215.82,908.4272767237237
6326,75215.82,935.9560698044098
6327,75215.82,869.5903314098945
6328,68423.57450243809,729.4232902506856
6329,39106.92950353429,409.36810324025765
6330,27936.672478760975,291.0104097392754
6331,-0.15630000000000002,0.0
6332,-0.15630000000000002,0.0
6333,-0.15630000000000002,0.0
6334,-0.15630000000000002,0.0
6335,-0.15630000000000002,0.0
6336,-0.15630000000000002,0.0
6337,-0.15630000000000002,0.0
6338,-0.15630000000000002,0.0
6339,-0.15630000000000002,0.0
6340,-0.15630000000000002,0.0
6341,-0.15630000000000002,0.0
6342,-0.15630000000000002,0.0
6343,-0.15630000000000002,0.0
6344,-0.15630000000000002,0.0
6345,20778.61599061188,210.7117805463458
6346,36694.132376575326,369.12181531919146
6347,58997.41917765458,613.791713845082
6348,39895.67015598657,415.4459596265126
6349,73092.10759344856,797.8325303974793
6350,65757.36603384418,716.6861649666567
6351,4636.224285601877,53.61245208450558
6352,71023.97994413685,778.1884858770693
6353,14789.347940965074,156.7351440078183
6354,17532.55786594876,183.80174718021956
6355,-0.15630000000000002,0.0
6356,-0.15630000000000002,0.0
6357,-0.15630000000000002,0.0
6358,-0.15630000000000002,0.0
6359,-0.15630000000000002,0.0
6360,-0.15630000000000002,0.0
6361,-0.15630000000000002,0.0
6362,-0.15630000000000002,0.0
6363,-0.15630000000000002,0.0
6364,-0.15630000000000002,0.0
6365,-0.15630000000000002,0.0
6366,-0.15630000000000002,0.0
6367,-0.15630000000000002,0.0
6368,-0.15630000000000002,0.0
6369,20002.62563589833,204.43430954103587
6370,44079.66392865046,447.1734061928004
6371,61463.2832228773,637.1367746376084
6372,75215.82,809.7947277731807
6373,75215.82,829.5283797866919
6374,75215.82,926.2275277546191
6375,73756.45780647211,791.0476752252483
6376,29980.846203579636,314.7820850606858
6377,19052.369016507564,200.81029603962247
6378,18000.307541111077,189.50827637651597
6379,-0.15630000000000002,0.0
6380,-0.15630000000000002,0.0
6381,-0.15630000000000002,0.0
6382,-0.15630000000000002,0.0
6383,-0.15630000000000002,0.0
6384,-0.15630000000000002,0.0
6385,-0.15630000000000002,0.0
6386,-0.15630000000000002,0.0
6387,-0.15630000000000002,0.0
6388,-0.15630000000000002,0.0
6389,-0.15630000000000002,0.0
6390,-0.15630000000000002,0.0
6391,-0.15630000000000002,0.0
6392,-0.15630000000000002,0.0
6393,19666.972776317783,203.69547199162994
6394,39312.14928851152,403.53220378882037
6395,45041.650615109786,469.7529637833742
6396,37867.34168335375,397.3227858584196
6397,41538.88942112446,439.2063204690374
6398,9236.219370313245,101.56423507419562
6399,33298.51917221124,352.1472190337303
6400,4812.182124193065,55.33133662275634
6401,35680.35560183614,375.86614596940893
6402,13634.515785453765,145.324007685218
6403,-0.15630000000000002,0.0
6404,-0.15630000000000002,0.0
6405,-0.15630000000000002,0.0
6406,-0.15630000000000002,0.0
6407,-0.15630000000000002,0.0
6408,-0.15630000000000002,0.0
6409,-0.15630000000000002,0.0
6410,-0.15630000000000002,0.0
6411,-0.15630000000000002,0.0
6412,-0.15630000000000002,0.0
6413,-0.15630000000000002,0.0
6414,-0.15630000000000002,0.0
6415,-0.15630000000000002,0.0
6416,-0.15630000000000002,0.0
6417,21390.609304564787,218.9632386638468
6418,18665.769575991362,189.07958389346706
6419,44462.67491260982,455.2956196156993
6420,62959.22951908688,660.9661114277939
6421,75215.82,849.4351094261576
6422,75215.82,891.3008191466865
6423,75215.82,833.7392354616281
6424,67202.7632736881,722.0322858143339
6425,48751.05976245033,515.2596257144023
6426,21777.99979039971,228.58223981375866
6427,-0.15630000000000002,0.0
6428,-0.15630000000000002,0.0
6429,-0.15630000000000002,0.0
6430,-0.15630000000000002,0.0
6431,-0.15630000000000002,0.0
6432,-0.15630000000000002,0.0
6433,-0.15630000000000002,0.0
6434,-0.15630000000000002,0.0
6435,-0.15630000000000002,0.0
6436,-0.15630000000000002,0.0
6437,-0.15630000000000002,0.0
6438,-0.15630000000000002,0.0
6439,-0.15630000000000002,0.0
6440,-0.15630000000000002,0.0
6441,20718.939930232627,214.80443902476893
6442,41793.196666681724,435.7466231534954
6443,58158.161902154214,632.8028588039281
6444,70188.42746855285,785.177841640701
6445,75215.82,884.0798645127575
6446,75215.82,903.6648219506255
6447,71708.57956672122,809.9666362504831
6448,63492.05736502361,704.4635845399401
6449,45995.76241294999,498.35471204865854
6450,24086.459432360487,257.16289467394836
6451,-0.15630000000000002,0.0
6452,-0.15630000000000002,0.0
6453,-0.15630000000000002,0.0
6454,-0.15630000000000002,0.0
6455,-0.15630000000000002,0.0
6456,-0.15630000000000002,0.0
6457,-0.15630000000000002,0.0
6458,-0.15630000000000002,0.0
6459,-0.15630000000000002,0.0
6460,-0.15630000000000002,0.0
6461,-0.15630000000000002,0.0
6462,-0.15630000000000002,0.0
6463,-0.15630000000000002,0.0
6464,-0.15630000000000002,0.0
6465,20977.72733504293,218.1056400113787
6466,41666.41571437659,440.8440646775282
6467,58618.753274141,649.9150738634537
6468,68427.87573678944,784.0304456866229
6469,75215.82,876.2624994705237
6470,75215.82,914.6470149909617
6471,75215.82,881.2920749965667
6472,64020.76496720899,723.237648969995
6473,42868.1854082524,469.19226601561553
6474,24017.720583631246,258.8250878378361
6475,-0.15630000000000002,0.0
6476,-0.15630000000000002,0.0
6477,-0.15630000000000002,0.0
6478,-0.15630000000000002,0.0
6479,-0.15630000000000002,0.0
6480,-0.15630000000000002,0.0
6481,-0.15630000000000002,0.0
6482,-0.15630000000000002,0.0
6483,-0.15630000000000002,0.0
6484,-0.15630000000000002,0.0
6485,-0.15630000000000002,0.0
6486,-0.15630000000000002,0.0
6487,-0.15630000000000002,0.0
6488,-0.15630000000000002,0.0
6489,19848.66487847294,206.8222459158824
6490,42134.52460486623,437.99834725535635
6491,60333.83160094266,643.875423341725
6492,73234.58346245361,803.2531632281087
6493,75215.82,889.834459024601
6494,75215.82,921.5909304376041
6495,75215.82,848.222124341191
6496,65718.1302467943,721.5975091213543
6497,47046.70715001568,505.5105896548285
6498,21453.323014315174,228.8783330034005
6499,-0.15630000000000002,0.0
6500,-0.15630000000000002,0.0
6501,-0.15630000000000002,0.0
6502,-0.15630000000000002,0.0
6503,-0.15630000000000002,0.0
6504,-0.15630000000000002,0.0
6505,-0.15630000000000002,0.0
6506,-0.15630000000000002,0.0
6507,-0.15630000000000002,0.0
6508,-0.15630000000000002,0.0
6509,-0.15630000000000002,0.0
6510,-0.15630000000000002,0.0
6511,-0.15630000000000002,0.0
6512,-0.15630000000000002,0.0
6513,19470.837072905626,202.98121414183063
6514,41992.28993575866,440.31861754389394
6515,59150.804094265295,645.429350565843
6516,69351.50329711735,783.3738383615341
6517,75215.82,877.757372836494
6518,75215.82,894.7553578267143
6519,73733.80789466725,848.7252030677857
6520,63347.762701970685,707.2880222677354
6521,43286.118429778304,468.49394315736623
6522,20682.91098426755,221.50141330392893
6523,-0.15630000000000002,0.0
6524,-0.15630000000000002,0.0
6525,-0.15630000000000002,0.0
6526,-0.15630000000000002,0.0
6527,-0.15630000000000002,0.0
6528,-0.15630000000000002,0.0
6529,-0.15630000000000002,0.0
6530,-0.15630000000000002,0.0
6531,-0.15630000000000002,0.0
6532,-0.15630000000000002,0.0
6533,-0.15630000000000002,0.0
6534,-0.15630000000000002,0.0
6535,-0.15630000000000002,0.0
6536,-0.15630000000000002,0.0
6537,19261.646706205418,200.85114198574112
6538,41890.627483649536,439.2229475548034
6539,59755.69903103116,649.702997552097
6540,69809.26319601796,781.8850187981623
6541,73637.61687942741,835.2092965203171
6542,75215.82,893.3607293795255
6543,75134.28401917373,857.3115751416017
6544,62380.27298025056,694.7922908614013
6545,44831.35176679843,488.75730735082635
6546,20192.310283051942,216.87984469970397
6547,-0.15630000000000002,0.0
6548,-0.15630000000000002,0.0
6549,-0.15630000000000002,0.0
6550,-0.15630000000000002,0.0
6551,-0.15630000000000002,0.0
6552,-0.15630000000000002,0.0
6553,-0.15630000000000002,0.0
6554,-0.15630000000000002,0.0
6555,-0.15630000000000002,0.0
6556,-0.15630000000000002,0.0
6557,-0.15630000000000002,0.0
6558,-0.15630000000000002,0.0
6559,-0.15630000000000002,0.0
6560,-0.15630000000000002,0.0
6561,18798.108762055996,193.45157103585206
6562,43317.92032982896,441.64657726703814
6563,62253.12733005413,652.7844575387837
6564,75215.82,819.5180858345032
6565,75215.82,904.5403910457451
6566,75215.82,918.3021500809485
6567,75215.82,859.7644417113434
6568,65580.26531596704,706.6949850462081
6569,47237.913960494494,500.78756373579233
6570,22714.258470331795,239.17857344654743
6571,-0.15630000000000002,0.0
6572,-0.15630000000000002,0.0
6573,-0.15630000000000002,0.0
6574,-0.15630000000000002,0.0
6575,-0.15630000000000002,0.0
6576,-0.15630000000000002,0.0
6577,-0.15630000000000002,0.0
6578,-0.15630000000000002,0.0
6579,-0.15630000000000002,0.0
6580,-0.15630000000000002,0.0
6581,-0.15630000000000002,0.0
6582,-0.15630000000000002,0.0
6583,-0.15630000000000002,0.0
6584,-0.15630000000000002,0.0
6585,17533.772871660633,181.96990019065612
6586,43639.8825097897,448.0412822839605
6587,59694.32312952441,633.4818151725248
6588,74179.65839962197,819.7277832088747
6589,75215.82,888.5560186481406
6590,75215.82,912.862193618118
6591,75215.82,892.6819370170449
6592,59839.821450588046,681.4297637571453
6593,43299.10439020227,477.4848932893887
6594,21753.745997202655,234.33952660850412
6595,-0.15630000000000002,0.0
6596,-0.15630000000000002,0.0
6597,-0.15630000000000002,0.0
6598,-0.15630000000000002,0.0
6599,-0.15630000000000002,0.0
6600,-0.15630000000000002,0.0
6601,-0.15630000000000002,0.0
6602,-0.15630000000000002,0.0
6603,-0.15630000000000002,0.0
6604,-0.15630000000000002,0.0
6605,-0.15630000000000002,0.0
6606,-0.15630000000000002,0.0
6607,-0.15630000000000002,0.0
6608,-0.15630000000000002,0.0
6609,18740.878819978134,196.70186128250563
6610,41519.903618267606,440.5773249667432
6611,58742.18028148821,651.8034218844789
6612,72402.31239798215,817.6015911615992
6613,75215.82,901.5380158042964
6614,75215.82,908.923056370769
6615,70005.64383258871,785.3149093068507
6616,61291.55883492283,676.3664239350562
6617,44739.79297453792,483.23439433946504
6618,22174.563095527395,236.91729239188325
6619,-0.15630000000000002,0.0
6620,-0.15630000000000002,0.0
6621,-0.15630000000000002,0.0
6622,-0.15630000000000002,0.0
6623,-0.15630000000000002,0.0
6624,-0.15630000000000002,0.0
6625,-0.15630000000000002,0.0
6626,-0.15630000000000002,0.0
6627,-0.15630000000000002,0.0
6628,-0.15630000000000002,0.0
6629,-0.15630000000000002,0.0
6630,-0.15630000000000002,0.0
6631,-0.15630000000000002,0.0
6632,-0.15630000000000002,0.0
6633,18088.732600176438,188.74600164796146
6634,41820.061491950524,438.78831498989695
6635,59622.45867049453,643.7962795623388
6636,72408.32191075559,799.0222900948744
6637,75215.82,895.1809277542176
6638,75215.82,912.273607149782
6639,75215.82,845.5078997136094
6640,64651.307115529075,708.102678763705
6641,46621.74798349851,501.56655404341467
6642,21892.036538289387,234.2784817916277
6643,-0.15630000000000002,0.0
6644,-0.15630000000000002,0.0
6645,-0.15630000000000002,0.0
6646,-0.15630000000000002,0.0
6647,-0.15630000000000002,0.0
6648,-0.15630000000000002,0.0
6649,-0.15630000000000002,0.0
6650,-0.15630000000000002,0.0
6651,-0.15630000000000002,0.0
6652,-0.15630000000000002,0.0
6653,-0.15630000000000002,0.0
6654,-0.15630000000000002,0.0
6655,-0.15630000000000002,0.0
6656,-0.15630000000000002,0.0
6657,17777.748556364924,187.96835634031635
6658,41103.31094658801,436.8822115247446
6659,58245.18447424042,637.5876798940221
6660,69134.64751300272,777.0408485393733
6661,75215.82,875.6335139160873
6662,75215.82,911.1716997326816
6663,74539.47729124757,835.7601980300938
6664,64053.72616673285,704.8239329941592
6665,45451.40840211659,489.0692632207068
6666,21452.992271201572,229.27752950842435
6667,-0.15630000000000002,0.0
6668,-0.15630000000000002,0.0
6669,-0.15630000000000002,0.0
6670,-0.15630000000000002,0.0
6671,-0.15630000000000002,0.0
6672,-0.15630000000000002,0.0
6673,-0.15630000000000002,0.0
6674,-0.15630000000000002,0.0
6675,-0.15630000000000002,0.0
6676,-0.15630000000000002,0.0
6677,-0.15630000000000002,0.0
6678,-0.15630000000000002,0.0
6679,-0.15630000000000002,0.0
6680,-0.15630000000000002,0.0
6681,17600.562088179617,185.65477304157994
6682,41120.8754181192,436.48678009214177
6683,58987.956769970355,645.9945858374114
6684,70770.51066119147,790.9341058668762
6685,75215.82,887.8550184678894
6686,75215.82,915.1502861875423
6687,75215.82,853.1265188167547
6688,64137.864510923835,702.7365079900293
6689,45607.415427582804,489.49447702954734
6690,19643.580420582213,210.74889269028054
6691,-0.15630000000000002,0.0
6692,-0.15630000000000002,0.0
6693,-0.15630000000000002,0.0
6694,-0.15630000000000002,0.0
6695,-0.15630000000000002,0.0
6696,-0.15630000000000002,0.0
6697,-0.15630000000000002,0.0
6698,-0.15630000000000002,0.0
6699,-0.15630000000000002,0.0
6700,-0.15630000000000002,0.0
6701,-0.15630000000000002,0.0
6702,-0.15630000000000002,0.0
6703,-0.15630000000000002,0.0
6704,-0.15630000000000002,0.0
6705,17096.202816724584,181.1395448459682
6706,39697.28543255048,411.5472628462903
6707,55995.079636983166,593.1599630275716
6708,71301.52764151567,773.1057414460996
6709,74527.77094134792,812.8733250174332
6710,64467.85547232438,694.1325876443606
6711,44015.18146424902,465.44882071150084
6712,19935.76078352745,209.83957581607092
6713,5787.749761830552,64.06430744116342
6714,19112.899416383007,199.91290723177653
6715,-0.15630000000000002,0.0
6716,-0.15630000000000002,0.0
6717,-0.15630000000000002,0.0
6718,-0.15630000000000002,0.0
6719,-0.15630000000000002,0.0
6720,-0.15630000000000002,0.0
6721,-0.15630000000000002,0.0
6722,-0.15630000000000002,0.0
6723,-0.15630000000000002,0.0
6724,-0.15630000000000002,0.0
6725,-0.15630000000000002,0.0
6726,-0.15630000000000002,0.0
6727,-0.15630000000000002,0.0
6728,-0.15630000000000002,0.0
6729,18880.18080402489,191.59070610705967
6730,42591.5389837631,421.729912163564
6731,61741.233707137,626.2713557046352
6732,72989.55486269642,758.5063238508437
6733,75215.82,851.6434043905148
6734,75215.82,884.9871367525903
6735,75215.82,822.1490680041168
6736,64265.44820299418,678.5221668771705
6737,45800.19402097892,475.94765146115503
6738,20304.27905269746,210.63220441677748
6739,-0.15630000000000002,0.0
6740,-0.15630000000000002,0.0
6741,-0.15630000000000002,0.0
6742,-0.15630000000000002,0.0
6743,-0.15630000000000002,0.0
6744,-0.15630000000000002,0.0
6745,-0.15630000000000002,0.0
6746,-0.15630000000000002,0.0
6747,-0.15630000000000002,0.0
6748,-0.15630000000000002,0.0
6749,-0.15630000000000002,0.0
6750,-0.15630000000000002,0.0
6751,-0.15630000000000002,0.0
6752,-0.15630000000000002,0.0
6753,17619.620753093026,180.11200171446123
6754,42235.76762339398,423.7254262721603
6755,60127.674039072044,624.5764259951432
6756,71808.73568505848,767.0543991139448
6757,75215.82,865.171829687757
6758,75215.82,897.880775018755
6759,75215.82,827.322546917434
6760,63727.38787287331,687.449949947434
6761,44244.62358407494,467.32799569948827
6762,19072.566553197375,200.5163852501018
6763,-0.15630000000000002,0.0
6764,-0.15630000000000002,0.0
6765,-0.15630000000000002,0.0
6766,-0.15630000000000002,0.0
6767,-0.15630000000000002,0.0
6768,-0.15630000000000002,0.0
6769,-0.15630000000000002,0.0
6770,-0.15630000000000002,0.0
6771,-0.15630000000000002,0.0
6772,-0.15630000000000002,0.0
6773,-0.15630000000000002,0.0
6774,-0.15630000000000002,0.0
6775,-0.15630000000000002,0.0
6776,-0.15630000000000002,0.0
6777,17942.845474136506,187.56281880507208
6778,40574.443364802726,421.64618122644487
6779,57570.95221193195,624.7581051521872
6780,67811.66062405128,758.0536811507692
6781,75215.82,858.2196533830478
6782,75215.82,892.4984684379174
6783,71416.63961596687,822.4931254728401
6784,60424.84889054631,686.9266762035719
6785,42213.9414280051,466.8729743140241
6786,17336.396340205276,188.54050839006854
6787,-0.15630000000000002,0.0
6788,-0.15630000000000002,0.0
6789,-0.15630000000000002,0.0
6790,-0.15630000000000002,0.0
6791,-0.15630000000000002,0.0
6792,-0.15630000000000002,0.0
6793,-0.15630000000000002,0.0
6794,-0.15630000000000002,0.0
6795,-0.15630000000000002,0.0
6796,-0.15630000000000002,0.0
6797,-0.15630000000000002,0.0
6798,-0.15630000000000002,0.0
6799,-0.15630000000000002,0.0
6800,-0.15630000000000002,0.0
6801,17411.47735069209,185.67035611151374
6802,39590.49014879739,417.9364925134494
6803,56219.440945323695,613.7718249192956
6804,66319.49478276538,748.8698355108526
6805,73619.62105842849,852.770151406932
6806,75215.82,880.3117131102111
6807,70663.69188887342,815.1325705957048
6808,59831.946157450875,673.4173099443206
6809,40768.1535384646,444.24824332221124
6810,16603.441524741284,180.11425716662094
6811,-0.15630000000000002,0.0
6812,-0.15630000000000002,0.0
6813,-0.15630000000000002,0.0
6814,-0.15630000000000002,0.0
6815,-0.15630000000000002,0.0
6816,-0.15630000000000002,0.0
6817,-0.15630000000000002,0.0
6818,-0.15630000000000002,0.0
6819,-0.15630000000000002,0.0
6820,-0.15630000000000002,0.0
6821,-0.15630000000000002,0.0
6822,-0.15630000000000002,0.0
6823,-0.15630000000000002,0.0
6824,-0.15630000000000002,0.0
6825,17189.26952581231,183.4718277528869
6826,39756.86815721353,420.21110635080896
6827,57037.48452716825,623.0981851099372
6828,67758.12703842107,762.0015828610884
6829,73259.05036469402,839.2246471093595
6830,74555.05447441853,857.8749531670973
6831,70172.19045754922,799.1959822264622
6832,58718.93161640268,654.2014457299507
6833,40050.43674148596,434.9315946342665
6834,16287.266099364037,176.877028866198
6835,-0.15630000000000002,0.0
6836,-0.15630000000000002,0.0
6837,-0.15630000000000002,0.0
6838,-0.15630000000000002,0.0
6839,-0.15630000000000002,0.0
6840,-0.15630000000000002,0.0
6841,-0.15630000000000002,0.0
6842,-0.15630000000000002,0.0
6843,-0.15630000000000002,0.0
6844,-0.15630000000000002,0.0
6845,-0.15630000000000002,0.0
6846,-0.15630000000000002,0.0
6847,-0.15630000000000002,0.0
6848,-0.15630000000000002,0.0
6849,17027.892845320002,182.37755039687343
6850,38645.58749851011,411.69597006978285
6851,54666.65442249237,611.8344183511667
6852,63951.33088425293,742.0893540696704
6853,70987.16211285685,832.5051018055643
6854,73564.96333360886,857.0966517676362
6855,69748.25093808337,798.4199087244704
6856,58840.678069091,656.7594184281434
6857,40676.875741620956,441.80848802060234
6858,15020.735551993897,163.7788049659392
6859,-0.15630000000000002,0.0
6860,-0.15630000000000002,0.0
6861,-0.15630000000000002,0.0
6862,-0.15630000000000002,0.0
6863,-0.15630000000000002,0.0
6864,-0.15630000000000002,0.0
6865,-0.15630000000000002,0.0
6866,-0.15630000000000002,0.0
6867,-0.15630000000000002,0.0
6868,-0.15630000000000002,0.0
6869,-0.15630000000000002,0.0
6870,-0.15630000000000002,0.0
6871,-0.15630000000000002,0.0
6872,-0.15630000000000002,0.0
6873,15882.44332873479,170.43918084709182
6874,39045.60466875734,412.1597777556798
6875,55643.09782590983,610.7981076428181
6876,65588.77674596052,735.9192635720844
6877,73808.86925197367,837.8569214224211
6878,75215.82,862.4189178093945
6879,71706.37905794714,803.1783417800968
6880,59215.90032826307,649.40166590478
6881,40267.181335582805,433.3668990763273
6882,14597.045346338562,158.477410545111
6883,-0.15630000000000002,0.0
6884,-0.15630000000000002,0.0
6885,-0.15630000000000002,0.0
6886,-0.15630000000000002,0.0
6887,-0.15630000000000002,0.0
6888,-0.15630000000000002,0.0
6889,-0.15630000000000002,0.0
6890,-0.15630000000000002,0.0
6891,-0.15630000000000002,0.0
6892,-0.15630000000000002,0.0
6893,-0.15630000000000002,0.0
6894,-0.15630000000000002,0.0
6895,-0.15630000000000002,0.0
6896,-0.15630000000000002,0.0
6897,16753.305280239576,177.85712202203908
6898,39543.65688594539,406.6337036406831
6899,55879.71494349393,597.1053582215332
6900,67726.52804695135,752.9856685207825
6901,73593.91276651138,843.5244019987887
6902,74873.64842545125,866.5992686211308
6903,68858.4420849157,778.8782459544461
6904,58111.49447991679,639.8100139136708
6905,38369.9895510199,409.99417314749985
6906,12757.813101517202,137.8036031065963
6907,-0.15630000000000002,0.0
6908,-0.15630000000000002,0.0
6909,-0.15630000000000002,0.0
6910,-0.15630000000000002,0.0
6911,-0.15630000000000002,0.0
6912,-0.15630000000000002,0.0
6913,-0.15630000000000002,0.0
6914,-0.15630000000000002,0.0
6915,-0.15630000000000002,0.0
6916,-0.15630000000000002,0.0
6917,-0.15630000000000002,0.0
6918,-0.15630000000000002,0.0
6919,-0.15630000000000002,0.0
6920,-0.15630000000000002,0.0
6921,16356.224818573619,175.10702942544995
6922,38909.18413311942,403.54151248843345
6923,55779.637869656864,601.1727299084811
6924,66614.92419252422,755.5462656633287
6925,73538.88125694304,846.4577024733019
6926,75215.82,863.1144268812824
6927,69912.22758687455,782.9676261766901
6928,46480.41674924795,501.2891347586545
6929,42975.033550228705,457.7850117655061
6930,13795.051632731695,148.01039314713915
6931,-0.15630000000000002,0.0
6932,-0.15630000000000002,0.0
6933,-0.15630000000000002,0.0
6934,-0.15630000000000002,0.0
6935,-0.15630000000000002,0.0
6936,-0.15630000000000002,0.0
6937,-0.15630000000000002,0.0
6938,-0.15630000000000002,0.0
6939,-0.15630000000000002,0.0
6940,-0.15630000000000002,0.0
6941,-0.15630000000000002,0.0
6942,-0.15630000000000002,0.0
6943,-0.15630000000000002,0.0
6944,-0.15630000000000002,0.0
6945,15896.730192861309,170.16953493260934
6946,39678.73069746905,409.2141804527223
6947,55069.92047257649,584.5030943560347
6948,69687.82938845592,772.5759016207038
6949,74820.69952150586,864.8440479434238
6950,73721.94349221037,838.4775712361959
6951,64474.50215501357,711.1762676907048
6952,59451.909634717675,646.4785193515952
6953,19778.519179332572,208.89587382735417
6954,8098.340316619037,88.63477986476236
6955,-0.15630000000000002,0.0
6956,-0.15630000000000002,0.0
6957,-0.15630000000000002,0.0
6958,-0.15630000000000002,0.0
6959,-0.15630000000000002,0.0
6960,-0.15630000000000002,0.0
6961,-0.15630000000000002,0.0
6962,-0.15630000000000002,0.0
6963,-0.15630000000000002,0.0
6964,-0.15630000000000002,0.0
6965,-0.15630000000000002,0.0
6966,-0.15630000000000002,0.0
6967,-0.15630000000000002,0.0
6968,-0.15630000000000002,0.0
6969,15904.114497079521,171.37047239344977
6970,38740.47455327876,399.67451661565093
6971,55794.86323634261,594.5905820662769
6972,67651.93952682354,736.2954801075641
6973,72878.85944316469,803.910698269033
6974,69532.07799571217,758.6577827232741
6975,59741.2911709336,642.6068038621601
6976,54608.61447249623,581.9091994428645
6977,30352.345763773315,317.21783026693487
6978,9509.224261913454,102.65574716420879
6979,-0.15630000000000002,0.0
6980,-0.15630000000000002,0.0
6981,-0.15630000000000002,0.0
6982,-0.15630000000000002,0.0
6983,-0.15630000000000002,0.0
6984,-0.15630000000000002,0.0
6985,-0.15630000000000002,0.0
6986,-0.15630000000000002,0.0
6987,-0.15630000000000002,0.0
6988,-0.15630000000000002,0.0
6989,-0.15630000000000002,0.0
6990,-0.15630000000000002,0.0
6991,-0.15630000000000002,0.0
6992,-0.15630000000000002,0.0
6993,15569.119220876062,168.64141190712726
6994,39397.81071016567,400.6857999001594
6995,58028.82397021109,608.996267783499
6996,70323.34593420273,757.4218806577209
6997,75215.82,864.2759452375303
6998,74839.79055617191,818.9554421423949
6999,72418.72417872692,790.3102263195273
7000,58204.126793779775,623.9904086855693
7001,42204.431355254565,443.96480216257294
7002,4162.090924693772,47.9213551899217
7003,-0.15630000000000002,0.0
7004,-0.15630000000000002,0.0
7005,-0.15630000000000002,0.0
7006,-0.15630000000000002,0.0
7007,-0.15630000000000002,0.0
7008,-0.15630000000000002,0.0
7009,-0.15630000000000002,0.0
7010,-0.15630000000000002,0.0
7011,-0.15630000000000002,0.0
7012,-0.15630000000000002,0.0
7013,-0.15630000000000002,0.0
7014,-0.15630000000000002,0.0
7015,-0.15630000000000002,0.0
7016,-0.15630000000000002,0.0
7017,15285.166670231416,166.6719843515107
7018,39415.01993287722,394.9640604971533
7019,58386.35023555462,601.8319235802581
7020,70953.18705791677,753.6784459275057
7021,75215.82,844.1930087546881
7022,75215.82,853.6720506891488
7023,71259.54485556913,773.1509994388804
7024,58386.7156025671,621.5529254484469
7025,37782.29290279308,393.9181389090078
7026,8270.2112508293,89.63834075874883
7027,-0.15630000000000002,0.0
7028,-0.15630000000000002,0.0
7029,-0.15630000000000002,0.0
7030,-0.15630000000000002,0.0
7031,-0.15630000000000002,0.0
7032,-0.15630000000000002,0.0
7033,-0.15630000000000002,0.0
7034,-0.15630000000000002,0.0
7035,-0.15630000000000002,0.0
7036,-0.15630000000000002,0.0
7037,-0.15630000000000002,0.0
7038,-0.15630000000000002,0.0
7039,-0.15630000000000002,0.0
7040,-0.15630000000000002,0.0
7041,14776.724039774279,164.42691622063398
7042,38367.26361134549,390.70688648365973
7043,56339.563464909865,592.0934202442382
7044,68727.41715675344,746.3266352456318
7045,74463.99304626393,830.5808756577939
7046,74035.65461490894,839.8330836887868
7047,68190.20903677792,769.6316686612615
7048,57714.66898615872,639.3434454976773
7049,36439.17216066977,387.7286131762389
7050,9192.31042072923,99.6617088980284
7051,-0.15630000000000002,0.0
7052,-0.15630000000000002,0.0
7053,-0.15630000000000002,0.0
7054,-0.15630000000000002,0.0
7055,-0.15630000000000002,0.0
7056,-0.15630000000000002,0.0
7057,-0.15630000000000002,0.0
7058,-0.15630000000000002,0.0
7059,-0.15630000000000002,0.0
7060,-0.15630000000000002,0.0
7061,-0.15630000000000002,0.0
7062,-0.15630000000000002,0.0
7063,-0.15630000000000002,0.0
7064,-0.15630000000000002,0.0
7065,14167.463876535772,160.66139060498193
7066,37988.04973407285,383.97393616094183
7067,56549.964125671584,590.6184907852684
7068,68983.0923331869,745.5045332141171
7069,75042.41016767363,828.974129529778
7070,9521.92689599048,102.60804373338422
7071,10421.378158076932,111.8439130843609
7072,14837.004973128252,156.6806745854996
7073,4630.792157597751,51.736228838543134
7074,755.2982809212248,11.364411740252377
7075,-0.15630000000000002,0.0
7076,-0.15630000000000002,0.0
7077,-0.15630000000000002,0.0
7078,-0.15630000000000002,0.0
7079,-0.15630000000000002,0.0
7080,-0.15630000000000002,0.0
7081,-0.15630000000000002,0.0
7082,-0.15630000000000002,0.0
7083,-0.15630000000000002,0.0
7084,-0.15630000000000002,0.0
7085,-0.15630000000000002,0.0
7086,-0.15630000000000002,0.0
7087,-0.15630000000000002,0.0
7088,-0.15630000000000002,0.0
7089,13453.546358877224,155.92417696927922
7090,38591.31053385578,386.94833769973735
7091,42849.993483317485,432.9707744368672
7092,66696.03959564256,689.9594003041019
7093,51077.39185059012,523.2739963866835
7094,63032.0826595514,653.4218343497753
7095,35103.8347100134,359.497001053266
7096,47328.96868887641,484.78982363006816
7097,33740.18735970429,342.27904802832194
7098,611.5851555688305,9.614409448423045
7099,-0.15630000000000002,0.0
7100,-0.15630000000000002,0.0
7101,-0.15630000000000002,0.0
7102,-0.15630000000000002,0.0
7103,-0.15630000000000002,0.0
7104,-0.15630000000000002,0.0
7105,-0.15630000000000002,0.0
7106,-0.15630000000000002,0.0
7107,-0.15630000000000002,0.0
7108,-0.15630000000000002,0.0
7109,-0.15630000000000002,0.0
7110,-0.15630000000000002,0.0
7111,-0.15630000000000002,0.0
7112,-0.15630000000000002,0.0
7113,5753.032973073605,70.46967068716525
7114,5606.444980001684,58.5375008839193
7115,11586.175360534122,116.35041654160057
7116,6339.487177507862,66.71643164244277
7117,6368.111259265231,67.62342054928155
7118,6975.302010409504,73.79785846715468
7119,64707.93468481842,658.4998706635597
7120,44555.281911152524,450.2039375381642
7121,39357.024564565785,395.2140984406257
7122,457.1039220528824,7.864965787787911
7123,-0.15630000000000002,0.0
7124,-0.15630000000000002,0.0
7125,-0.15630000000000002,0.0
7126,-0.15630000000000002,0.0
7127,-0.15630000000000002,0.0
7128,-0.15630000000000002,0.0
7129,-0.15630000000000002,0.0
7130,-0.15630000000000002,0.0
7131,-0.15630000000000002,0.0
7132,-0.15630000000000002,0.0
7133,-0.15630000000000002,0.0
7134,-0.15630000000000002,0.0
7135,-0.15630000000000002,0.0
7136,-0.15630000000000002,0.0
7137,12183.597795107904,147.61226409158766
7138,41138.886851768155,403.4575158890479
7139,62022.46169342512,616.6486456325327
7140,49120.873761946124,487.31210903204425
7141,49341.3008520272,493.4380822756227
7142,20160.694173373002,202.64985491372525
7143,6430.217902230392,68.50026358114107
7144,52100.69914809878,524.4149338099804
7145,21018.50301005163,211.20087882969133
7146,294.76797801166924,6.1161034719051495
7147,-0.15630000000000002,0.0
7148,-0.15630000000000002,0.0
7149,-0.15630000000000002,0.0
7150,-0.15630000000000002,0.0
7151,-0.15630000000000002,0.0
7152,-0.15630000000000002,0.0
7153,-0.15630000000000002,0.0
7154,-0.15630000000000002,0.0
7155,-0.15630000000000002,0.0
7156,-0.15630000000000002,0.0
7157,-0.15630000000000002,0.0
7158,-0.15630000000000002,0.0
7159,-0.15630000000000002,0.0
7160,-0.15630000000000002,0.0
7161,14293.68613392567,180.6738740792171
7162,32728.46080669907,323.14807449834996
7163,42493.53778311231,423.2139372121381
7164,44774.13183995719,449.582289465692
7165,61473.36194741205,627.6035536765004
7166,54747.784772354134,558.5449297903216
7167,52962.66696905645,540.426649311491
7168,27764.907949061613,280.66060255281354
7169,28316.044359139203,285.7695125328046
7170,208.46846841415393,5.2418231640805795
7171,-0.15630000000000002,0.0
7172,-0.15630000000000002,0.0
7173,-0.15630000000000002,0.0
7174,-0.15630000000000002,0.0
7175,-0.15630000000000002,0.0
7176,-0.15630000000000002,0.0
7177,-0.15630000000000002,0.0
7178,-0.15630000000000002,0.0
7179,-0.15630000000000002,0.0
7180,-0.15630000000000002,0.0
7181,-0.15630000000000002,0.0
7182,-0.15630000000000002,0.0
7183,-0.15630000000000002,0.0
7184,-0.15630000000000002,0.0
7185,1171.03701658638,19.621983062921394
7186,12105.349410274364,121.16284787209543
7187,47842.481084071966,473.9952193429276
7188,28070.178200315866,278.54090193492476
7189,8720.06379068384,90.82589161546449
7190,70266.34471658,718.1078243353601
7191,22687.47529670127,227.38796207115595
7192,59564.212990336004,600.2603618262601
7193,18284.845918238156,183.14407228115914
7194,-0.15630000000000002,0.0
7195,-0.15630000000000002,0.0
7196,-0.15630000000000002,0.0
7197,-0.15630000000000002,0.0
7198,-0.15630000000000002,0.0
7199,-0.15630000000000002,0.0
7200,-0.15630000000000002,0.0
7201,-0.15630000000000002,0.0
7202,-0.15630000000000002,0.0
7203,-0.15630000000000002,0.0
7204,-0.15630000000000002,0.0
7205,-0.15630000000000002,0.0
7206,-0.15630000000000002,0.0
7207,-0.15630000000000002,0.0
7208,-0.15630000000000002,0.0
7209,14952.75008302212,199.92144781158717
7210,32966.6226036495,321.1862119314642
7211,59387.084936675026,592.113977853438
7212,66696.45908211468,677.6239077077526
7213,75215.82,807.9591947255525
7214,39144.24962560149,397.3631932154337
7215,22922.609931490802,232.93857143747599
7216,44089.85569390302,448.18253163282225
7217,4687.85686631558,50.854169440957925
7218,-0.15630000000000002,0.0
7219,-0.15630000000000002,0.0
7220,-0.15630000000000002,0.0
7221,-0.15630000000000002,0.0
7222,-0.15630000000000002,0.0
7223,-0.15630000000000002,0.0
7224,-0.15630000000000002,0.0
7225,-0.15630000000000002,0.0
7226,-0.15630000000000002,0.0
7227,-0.15630000000000002,0.0
7228,-0.15630000000000002,0.0
7229,-0.15630000000000002,0.0
7230,-0.15630000000000002,0.0
7231,-0.15630000000000002,0.0
7232,-0.15630000000000002,0.0
7233,10193.075425309285,137.87209847501862
7234,38239.409206510536,380.4280961280853
7235,58281.811119181824,589.6387922957249
7236,71748.01990418544,740.8665417225732
7237,35951.23312494709,365.7811387087942
7238,73587.94810544273,772.2123665656036
7239,67413.65112484051,705.2907997491718
7240,57881.42398956424,600.1968749337943
7241,36629.94708975375,373.7466678944297
7242,-0.15630000000000002,0.0
7243,-0.15630000000000002,0.0
7244,-0.15630000000000002,0.0
7245,-0.15630000000000002,0.0
7246,-0.15630000000000002,0.0
7247,-0.15630000000000002,0.0
7248,-0.15630000000000002,0.0
7249,-0.15630000000000002,0.0
7250,-0.15630000000000002,0.0
7251,-0.15630000000000002,0.0
7252,-0.15630000000000002,0.0
7253,-0.15630000000000002,0.0
7254,-0.15630000000000002,0.0
7255,-0.15630000000000002,0.0
7256,-0.15630000000000002,0.0
7257,9614.014743073296,132.3162922111608
7258,37726.3014936842,377.85815786419784
7259,57502.09181000191,587.4286812216699
7260,70507.74138547138,737.7684476651227
7261,75215.82,817.890748044967
7262,75215.82,812.192417796274
7263,57324.78499728896,602.1973883667139
7264,56840.25920166491,597.396833871304
7265,30331.91441567667,314.0815004870067
7266,-0.15630000000000002,0.0
7267,-0.15630000000000002,0.0
7268,-0.15630000000000002,0.0
7269,-0.15630000000000002,0.0
7270,-0.15630000000000002,0.0
7271,-0.15630000000000002,0.0
7272,-0.15630000000000002,0.0
7273,-0.15630000000000002,0.0
7274,-0.15630000000000002,0.0
7275,-0.15630000000000002,0.0
7276,-0.15630000000000002,0.0
7277,-0.15630000000000002,0.0
7278,-0.15630000000000002,0.0
7279,-0.15630000000000002,0.0
7280,-0.15630000000000002,0.0
7281,9445.218371618355,129.77484189025898
7282,36791.188190344306,372.6343653586107
7283,56663.93645506127,586.3310440092116
7284,69494.46698189025,736.7308412369366
7285,75106.06332092083,803.963962857321
7286,30236.264486450476,311.6987448849103
7287,60371.41373907294,634.5241520132511
7288,33268.04062750593,342.9420621458326
7289,35537.70798508205,366.29269290036586
7290,-0.15630000000000002,0.0
7291,-0.15630000000000002,0.0
7292,-0.15630000000000002,0.0
7293,-0.15630000000000002,0.0
7294,-0.15630000000000002,0.0
7295,-0.15630000000000002,0.0
7296,-0.15630000000000002,0.0
7297,-0.15630000000000002,0.0
7298,-0.15630000000000002,0.0
7299,-0.15630000000000002,0.0
7300,-0.15630000000000002,0.0
7301,-0.15630000000000002,0.0
7302,-0.15630000000000002,0.0
7303,-0.15630000000000002,0.0
7304,-0.15630000000000002,0.0
7305,14125.86746562444,188.5066156894275
7306,33480.45094240933,324.7360116146487
7307,59401.58912402262,588.6440055170427
7308,73348.6833128229,739.3268939752061
7309,75215.82,826.4450993812521
7310,73277.41434058295,747.5214465832144
7311,13784.032168185317,140.12297076046482
7312,17301.627754968602,174.4597034725038
7313,7886.781474284917,81.88676626091275
7314,-0.15630000000000002,0.0
7315,-0.15630000000000002,0.0
7316,-0.15630000000000002,0.0
7317,-0.15630000000000002,0.0
7318,-0.15630000000000002,0.0
7319,-0.15630000000000002,0.0
7320,-0.15630000000000002,0.0
7321,-0.15630000000000002,0.0
7322,-0.15630000000000002,0.0
7323,-0.15630000000000002,0.0
7324,-0.15630000000000002,0.0
7325,-0.15630000000000002,0.0
7326,-0.15630000000000002,0.0
7327,-0.15630000000000002,0.0
7328,-0.15630000000000002,0.0
7329,9109.715391850066,123.34518928468037
7330,37374.903087202365,366.8363440476185
7331,58107.04175004146,576.9916065667821
7332,71469.41054886747,725.6148060654612
7333,72257.06804901111,740.7912379432105
7334,75215.82,813.9401015564416
7335,69050.4988635927,706.7015087422524
7336,55323.08990492417,561.6874609568409
7337,27442.929823536106,276.36069049721584
7338,-0.15630000000000002,0.0
7339,-0.15630000000000002,0.0
7340,-0.15630000000000002,0.0
7341,-0.15630000000000002,0.0
7342,-0.15630000000000002,0.0
7343,-0.15630000000000002,0.0
7344,-0.15630000000000002,0.0
7345,-0.15630000000000002,0.0
7346,-0.15630000000000002,0.0
7347,-0.15630000000000002,0.0
7348,-0.15630000000000002,0.0
7349,-0.15630000000000002,0.0
7350,-0.15630000000000002,0.0
7351,-0.15630000000000002,0.0
7352,-0.15630000000000002,0.0
7353,8943.660172014717,120.99513577696347
7354,36226.28047341024,360.23112020691275
7355,56517.904152562034,573.0322634806247
7356,68336.48749889983,706.9849973564059
7357,74865.89679594504,783.6780822122274
7358,75215.82,796.592760026764
7359,69354.8573739504,726.9538976158849
7360,56833.698819786776,587.8492641075277
7361,33314.72461255974,340.17995519721853
7362,-0.15630000000000002,0.0
7363,-0.15630000000000002,0.0
7364,-0.15630000000000002,0.0
7365,-0.15630000000000002,0.0
7366,-0.15630000000000002,0.0
7367,-0.15630000000000002,0.0
7368,-0.15630000000000002,0.0
7369,-0.15630000000000002,0.0
7370,-0.15630000000000002,0.0
7371,-0.15630000000000002,0.0
7372,-0.15630000000000002,0.0
7373,-0.15630000000000002,0.0
7374,-0.15630000000000002,0.0
7375,-0.15630000000000002,0.0
7376,-0.15630000000000002,0.0
7377,9169.983469383966,123.55165927859099
7378,34726.59174398846,349.75162537958954
7379,53820.73421878839,560.5520376223941
7380,64080.67357500703,689.6650279793273
7381,70213.93734899352,774.768483280407
7382,70655.38303333959,781.7840081422257
7383,65105.020849942746,710.6016995027929
7384,53895.97522677405,574.0610293416154
7385,31387.603934482504,326.62882819628686
7386,-0.15630000000000002,0.0
7387,-0.15630000000000002,0.0
7388,-0.15630000000000002,0.0
7389,-0.15630000000000002,0.0
7390,-0.15630000000000002,0.0
7391,-0.15630000000000002,0.0
7392,-0.15630000000000002,0.0
7393,-0.15630000000000002,0.0
7394,-0.15630000000000002,0.0
7395,-0.15630000000000002,0.0
7396,-0.15630000000000002,0.0
7397,-0.15630000000000002,0.0
7398,-0.15630000000000002,0.0
7399,-0.15630000000000002,0.0
7400,-0.15630000000000002,0.0
7401,9093.09036239002,122.25960842022363
7402,34323.40480122525,344.3848399327664
7403,53029.33225624556,543.1768238593596
7404,64024.89723590592,672.2938503480518
7405,70950.0016971343,752.8523480905612
7406,61121.05913637939,642.1629635806346
7407,65895.73684898681,691.257669237988
7408,54773.79115966667,565.809394398216
7409,32860.70704151529,334.9884594954311
7410,-0.15630000000000002,0.0
7411,-0.15630000000000002,0.0
7412,-0.15630000000000002,0.0
7413,-0.15630000000000002,0.0
7414,-0.15630000000000002,0.0
7415,-0.15630000000000002,0.0
7416,-0.15630000000000002,0.0
7417,-0.15630000000000002,0.0
7418,-0.15630000000000002,0.0
7419,-0.15630000000000002,0.0
7420,-0.15630000000000002,0.0
7421,-0.15630000000000002,0.0
7422,-0.15630000000000002,0.0
7423,-0.15630000000000002,0.0
7424,-0.15630000000000002,0.0
7425,9141.685586219211,121.9222590872564
7426,34368.669667141614,344.7781027114633
7427,52153.49976003625,541.012749763153
7428,63674.311691880226,679.0000730067452
7429,70555.98777332764,761.9476522189732
7430,71245.4341985428,769.1139913988254
7431,65261.1172079071,697.843769114603
7432,51247.80017295693,535.3862700732768
7433,28463.22232602273,291.1830029652616
7434,-0.15630000000000002,0.0
7435,-0.15630000000000002,0.0
7436,-0.15630000000000002,0.0
7437,-0.15630000000000002,0.0
7438,-0.15630000000000002,0.0
7439,-0.15630000000000002,0.0
7440,-0.15630000000000002,0.0
7441,-0.15630000000000002,0.0
7442,-0.15630000000000002,0.0
7443,-0.15630000000000002,0.0
7444,-0.15630000000000002,0.0
7445,-0.15630000000000002,0.0
7446,-0.15630000000000002,0.0
7447,-0.15630000000000002,0.0
7448,-0.15630000000000002,0.0
7449,4439.702410876919,61.033571754697
7450,34038.42772434794,336.87793338306693
7451,52381.35992278704,521.2993780096416
7452,61975.09442921199,625.6303288192671
7453,64185.85889413551,652.9345492986021
7454,70103.45606229658,718.9509767906155
7455,50586.680340328385,511.33115558866433
7456,35013.32979804144,350.8155617480149
7457,13464.757971989677,136.30780651125588
7458,-0.15630000000000002,0.0
7459,-0.15630000000000002,0.0
7460,-0.15630000000000002,0.0
7461,-0.15630000000000002,0.0
7462,-0.15630000000000002,0.0
7463,-0.15630000000000002,0.0
7464,-0.15630000000000002,0.0
7465,-0.15630000000000002,0.0
7466,-0.15630000000000002,0.0
7467,-0.15630000000000002,0.0
7468,-0.15630000000000002,0.0
7469,-0.15630000000000002,0.0
7470,-0.15630000000000002,0.0
7471,-0.15630000000000002,0.0
7472,-0.15630000000000002,0.0
7473,8751.782846563196,114.79588194319862
7474,34459.175617767294,332.6825876159141
7475,53353.39722653445,516.3105397316589
7476,23561.421429545906,229.3681122249488
7477,31591.30797573346,308.93573574009594
7478,7299.56288156953,75.53130444371271
7479,26094.999459448165,255.81270691653035
7480,3444.93435640523,37.68700668965925
7481,2487.388470047447,28.016789388547625
7482,-0.15630000000000002,0.0
7483,-0.15630000000000002,0.0
7484,-0.15630000000000002,0.0
7485,-0.15630000000000002,0.0
7486,-0.15630000000000002,0.0
7487,-0.15630000000000002,0.0
7488,-0.15630000000000002,0.0
7489,-0.15630000000000002,0.0
7490,-0.15630000000000002,0.0
7491,-0.15630000000000002,0.0
7492,-0.15630000000000002,0.0
7493,-0.15630000000000002,0.0
7494,-0.15630000000000002,0.0
7495,-0.15630000000000002,0.0
7496,-0.15630000000000002,0.0
7497,5093.472146416145,69.0683964267497
7498,8040.232704108758,81.79111887765295
7499,7644.8351279659755,77.46346563362006
7500,15783.987671963394,155.22515164653765
7501,40657.28904662395,395.50644579080057
7502,75215.82,794.9805402416353
7503,60546.44990706442,596.2785457395572
7504,45880.051464496726,449.12416068723445
7505,26853.934788774837,262.9404541685548
7506,-0.15630000000000002,0.0
7507,-0.15630000000000002,0.0
7508,-0.15630000000000002,0.0
7509,-0.15630000000000002,0.0
7510,-0.15630000000000002,0.0
7511,-0.15630000000000002,0.0
7512,-0.15630000000000002,0.0
7513,-0.15630000000000002,0.0
7514,-0.15630000000000002,0.0
7515,-0.15630000000000002,0.0
7516,-0.15630000000000002,0.0
7517,-0.15630000000000002,0.0
7518,-0.15630000000000002,0.0
7519,-0.15630000000000002,0.0
7520,-0.15630000000000002,0.0
7521,8508.104731437088,112.22092804976174
7522,10188.209630942329,101.69125217723972
7523,24550.84730987871,236.28842114686066
7524,67000.18555136689,658.3333369581082
7525,-0.15630000000000002,0.0
7526,52304.95092054381,516.8351181496562
7527,69404.54525490201,694.102217868864
7528,14355.754028205962,143.03570677782122
7529,27815.63225023721,273.91080896603796
7530,-0.15630000000000002,0.0
7531,-0.15630000000000002,0.0
7532,-0.15630000000000002,0.0
7533,-0.15630000000000002,0.0
7534,-0.15630000000000002,0.0
7535,-0.15630000000000002,0.0
7536,-0.15630000000000002,0.0
7537,-0.15630000000000002,0.0
7538,-0.15630000000000002,0.0
7539,-0.15630000000000002,0.0
7540,-0.15630000000000002,0.0
7541,-0.15630000000000002,0.0
7542,-0.15630000000000002,0.0
7543,-0.15630000000000002,0.0
7544,-0.15630000000000002,0.0
7545,8194.251783359337,108.57885928254677
7546,32974.084393395264,323.91061953690775
7547,28921.22235471959,281.76412772755356
7548,61619.50193993383,616.7537328264327
7549,73005.43431501994,743.5526395801892
7550,72608.95363873811,742.043400714779
7551,67530.09001308463,687.0336058720653
7552,53493.64263429832,537.3763031871264
7553,29171.837002071115,290.6851112542076
7554,-0.15630000000000002,0.0
7555,-0.15630000000000002,0.0
7556,-0.15630000000000002,0.0
7557,-0.15630000000000002,0.0
7558,-0.15630000000000002,0.0
7559,-0.15630000000000002,0.0
7560,-0.15630000000000002,0.0
7561,-0.15630000000000002,0.0
7562,-0.15630000000000002,0.0
7563,-0.15630000000000002,0.0
7564,-0.15630000000000002,0.0
7565,-0.15630000000000002,0.0
7566,-0.15630000000000002,0.0
7567,-0.15630000000000002,0.0
7568,-0.15630000000000002,0.0
7569,7943.384455149922,106.54962189382951
7570,32035.067391987868,321.6245557331241
7571,50766.143417278356,515.530246134146
7572,59039.47186382516,614.3408592264483
7573,66890.76734250765,710.5806481496548
7574,66993.82867309287,720.036972840732
7575,61367.93857490016,654.6530728982136
7576,50950.89765744807,532.1238959013667
7577,27875.932895059745,284.15835545497475
7578,-0.15630000000000002,0.0
7579,-0.15630000000000002,0.0
7580,-0.15630000000000002,0.0
7581,-0.15630000000000002,0.0
7582,-0.15630000000000002,0.0
7583,-0.15630000000000002,0.0
7584,-0.15630000000000002,0.0
7585,-0.15630000000000002,0.0
7586,-0.15630000000000002,0.0
7587,-0.15630000000000002,0.0
7588,-0.15630000000000002,0.0
7589,-0.15630000000000002,0.0
7590,-0.15630000000000002,0.0
7591,-0.15630000000000002,0.0
7592,-0.15630000000000002,0.0
7593,7802.660060224515,104.27463231922462
7594,25545.066993877936,254.64680854848245
7595,24480.457800638374,241.6131653070736
7596,17305.858727431645,173.43848945752308
7597,14281.111003812766,145.26067284580193
7598,18121.10222509716,184.16140213747582
7599,14519.394545115929,148.48256933507224
7600,16819.97417028432,171.19611540337408
7601,12327.090044052607,126.70510656057134
7602,-0.15630000000000002,0.0
7603,-0.15630000000000002,0.0
7604,-0.15630000000000002,0.0
7605,-0.15630000000000002,0.0
7606,-0.15630000000000002,0.0
7607,-0.15630000000000002,0.0
7608,-0.15630000000000002,0.0
7609,-0.15630000000000002,0.0
7610,-0.15630000000000002,0.0
7611,-0.15630000000000002,0.0
7612,-0.15630000000000002,0.0
7613,-0.15630000000000002,0.0
7614,-0.15630000000000002,0.0
7615,-0.15630000000000002,0.0
7616,-0.15630000000000002,0.0
7617,7689.406783199348,102.47671898225659
7618,17447.585474486437,172.35306252978225
7619,21122.03722592189,205.16579393702315
7620,34349.54329986149,335.42537921204723
7621,6094.189332860434,64.07128582255525
7622,20416.546865860862,202.8203994466794
7623,19657.599401066476,195.55093572587373
7624,7544.008737066294,77.61559456488678
7625,23812.146205731457,235.82325944121632
7626,-0.15630000000000002,0.0
7627,-0.15630000000000002,0.0
7628,-0.15630000000000002,0.0
7629,-0.15630000000000002,0.0
7630,-0.15630000000000002,0.0
7631,-0.15630000000000002,0.0
7632,-0.15630000000000002,0.0
7633,-0.15630000000000002,0.0
7634,-0.15630000000000002,0.0
7635,-0.15630000000000002,0.0
7636,-0.15630000000000002,0.0
7637,-0.15630000000000002,0.0
7638,-0.15630000000000002,0.0
7639,-0.15630000000000002,0.0
7640,-0.15630000000000002,0.0
7641,7628.142678175738,101.37135177777435
7642,34254.53174418675,333.72412961727713
7643,56797.29102642545,552.69688983697
7644,70398.00234688085,700.517531437628
7645,75215.82,795.0274552268796
7646,75215.82,774.8077212669251
7647,70132.64438552596,703.1815372555252
7648,57280.275199424315,565.9002812172375
7649,31780.14896436959,311.5765084917596
7650,-0.15630000000000002,0.0
7651,-0.15630000000000002,0.0
7652,-0.15630000000000002,0.0
7653,-0.15630000000000002,0.0
7654,-0.15630000000000002,0.0
7655,-0.15630000000000002,0.0
7656,-0.15630000000000002,0.0
7657,-0.15630000000000002,0.0
7658,-0.15630000000000002,0.0
7659,-0.15630000000000002,0.0
7660,-0.15630000000000002,0.0
7661,-0.15630000000000002,0.0
7662,-0.15630000000000002,0.0
7663,-0.15630000000000002,0.0
7664,-0.15630000000000002,0.0
7665,7475.751204034104,99.71098085447406
7666,31961.95823723965,321.5602985758381
7667,51676.30445636097,522.3205658321683
7668,65169.95639943382,674.1954413597044
7669,71037.16225433246,742.7530666863229
7670,71149.38107178442,744.9314157246863
7671,63467.04737357919,657.7176803185336
7672,51894.114262619296,526.1385452400425
7673,32924.57312786642,329.16084665365406
7674,-0.15630000000000002,0.0
7675,-0.15630000000000002,0.0
7676,-0.15630000000000002,0.0
7677,-0.15630000000000002,0.0
7678,-0.15630000000000002,0.0
7679,-0.15630000000000002,0.0
7680,-0.15630000000000002,0.0
7681,-0.15630000000000002,0.0
7682,-0.15630000000000002,0.0
7683,-0.15630000000000002,0.0
7684,-0.15630000000000002,0.0
7685,-0.15630000000000002,0.0
7686,-0.15630000000000002,0.0
7687,-0.15630000000000002,0.0
7688,-0.15630000000000002,0.0
7689,6651.4389925707665,87.70347972208717
7690,14087.398270366297,139.5004043254486
7691,20791.94071015634,199.1652104359894
7692,19774.78231870122,190.6869003687135
7693,17795.638358518732,172.83074354944972
7694,7272.486231827097,73.75875104285011
7695,6071.741362443453,62.30777106730559
7696,9480.814812539751,94.24934475000298
7697,3922.4056827469926,41.38214331510867
7698,-0.15630000000000002,0.0
7699,-0.15630000000000002,0.0
7700,-0.15630000000000002,0.0
7701,-0.15630000000000002,0.0
7702,-0.15630000000000002,0.0
7703,-0.15630000000000002,0.0
7704,-0.15630000000000002,0.0
7705,-0.15630000000000002,0.0
7706,-0.15630000000000002,0.0
7707,-0.15630000000000002,0.0
7708,-0.15630000000000002,0.0
7709,-0.15630000000000002,0.0
7710,-0.15630000000000002,0.0
7711,-0.15630000000000002,0.0
7712,-0.15630000000000002,0.0
7713,3341.9858648517156,45.77517881602276
7714,32484.099409861767,322.13800222115725
7715,53033.44580138262,519.77266005072
7716,66798.98272686574,668.4900780127849
7717,66887.1478259645,674.8477714841506
7718,53722.89761032835,537.3214827809635
7719,68302.65191649437,693.3599746694539
7720,-0.15630000000000002,0.0
7721,26182.570445885758,258.56580153460186
7722,-0.15630000000000002,0.0
7723,-0.15630000000000002,0.0
7724,-0.15630000000000002,0.0
7725,-0.15630000000000002,0.0
7726,-0.15630000000000002,0.0
7727,-0.15630000000000002,0.0
7728,-0.15630000000000002,0.0
7729,-0.15630000000000002,0.0
7730,-0.15630000000000002,0.0
7731,-0.15630000000000002,0.0
7732,-0.15630000000000002,0.0
7733,-0.15630000000000002,0.0
7734,-0.15630000000000002,0.0
7735,-0.15630000000000002,0.0
7736,-0.15630000000000002,0.0
7737,-0.15630000000000002,0.0
7738,16850.245146582012,168.068105648324
7739,41157.71173367744,400.5724302627427
7740,49918.910554342765,493.3185500554759
7741,59048.670490015196,594.1350582512006
7742,74927.79042573788,764.188495301491
7743,69148.9728743217,698.9416769829182
7744,41595.794231010645,412.36349978958384
7745,10891.35008562655,110.27015203704912
7746,-0.15630000000000002,0.0
7747,-0.15630000000000002,0.0
7748,-0.15630000000000002,0.0
7749,-0.15630000000000002,0.0
7750,-0.15630000000000002,0.0
7751,-0.15630000000000002,0.0
7752,-0.15630000000000002,0.0
7753,-0.15630000000000002,0.0
7754,-0.15630000000000002,0.0
7755,-0.15630000000000002,0.0
7756,-0.15630000000000002,0.0
7757,-0.15630000000000002,0.0
7758,-0.15630000000000002,0.0
7759,-0.15630000000000002,0.0
7760,-0.15630000000000002,0.0
7761,-0.15630000000000002,0.0
7762,8688.16145672201,88.87721204517572
7763,5560.9089503853465,57.142428460125345
7764,7987.181166282511,80.54865063675733
7765,3924.399020529981,42.085354577284086
7766,3550.1491219733325,38.578089442371834
7767,3551.030102047238,38.572097444801436
7768,12227.679668262102,121.58497363686858
7769,15980.996637375805,158.34835501194584
7770,-0.15630000000000002,0.0
7771,-0.15630000000000002,0.0
7772,-0.15630000000000002,0.0
7773,-0.15630000000000002,0.0
7774,-0.15630000000000002,0.0
7775,-0.15630000000000002,0.0
7776,-0.15630000000000002,0.0
7777,-0.15630000000000002,0.0
7778,-0.15630000000000002,0.0
7779,-0.15630000000000002,0.0
7780,-0.15630000000000002,0.0
7781,-0.15630000000000002,0.0
7782,-0.15630000000000002,0.0
7783,-0.15630000000000002,0.0
7784,-0.15630000000000002,0.0
7785,-0.15630000000000002,0.0
7786,25712.599345023344,253.59259789553244
7787,19900.70281772466,190.25586700379148
7788,14077.94632915895,137.11011618456277
7789,18389.331271673203,178.9248514040362
7790,6669.815952275652,68.47186738300061
7791,6121.313129288316,63.18463957463022
7792,10425.648400691953,103.74062138794642
7793,14988.523378419186,147.9793657756651
7794,-0.15630000000000002,0.0
7795,-0.15630000000000002,0.0
7796,-0.15630000000000002,0.0
7797,-0.15630000000000002,0.0
7798,-0.15630000000000002,0.0
7799,-0.15630000000000002,0.0
7800,-0.15630000000000002,0.0
7801,-0.15630000000000002,0.0
7802,-0.15630000000000002,0.0
7803,-0.15630000000000002,0.0
7804,-0.15630000000000002,0.0
7805,-0.15630000000000002,0.0
7806,-0.15630000000000002,0.0
7807,-0.15630000000000002,0.0
7808,-0.15630000000000002,0.0
7809,-0.15630000000000002,0.0
7810,24404.716025681402,242.20520675678432
7811,31962.86778079922,304.49955944545496
7812,23919.17119119591,229.62898844626383
7813,20359.95919111002,197.6013071385518
7814,8086.254103408232,81.91426810413165
7815,7142.707862709576,72.86795706023369
7816,14253.310493073423,140.29265956954757
7817,11914.026029072984,118.48687871519724
7818,-0.15630000000000002,0.0
7819,-0.15630000000000002,0.0
7820,-0.15630000000000002,0.0
7821,-0.15630000000000002,0.0
7822,-0.15630000000000002,0.0
7823,-0.15630000000000002,0.0
7824,-0.15630000000000002,0.0
7825,-0.15630000000000002,0.0
7826,-0.15630000000000002,0.0
7827,-0.15630000000000002,0.0
7828,-0.15630000000000002,0.0
7829,-0.15630000000000002,0.0
7830,-0.15630000000000002,0.0
7831,-0.15630000000000002,0.0
7832,-0.15630000000000002,0.0
7833,-0.15630000000000002,0.0
7834,26530.465717183608,266.85292291684965
7835,51786.68767302429,507.1200690043258
7836,65305.26496784862,649.3206742634624
7837,42983.53205873272,421.7921995795909
7838,39378.5002349135,387.3085526243639
7839,11295.157707716453,113.15431802823788
7840,38583.427322808384,380.0115177109878
7841,28436.582794623762,280.51110060311873
7842,-0.15630000000000002,0.0
7843,-0.15630000000000002,0.0
7844,-0.15630000000000002,0.0
7845,-0.15630000000000002,0.0
7846,-0.15630000000000002,0.0
7847,-0.15630000000000002,0.0
7848,-0.15630000000000002,0.0
7849,-0.15630000000000002,0.0
7850,-0.15630000000000002,0.0
7851,-0.15630000000000002,0.0
7852,-0.15630000000000002,0.0
7853,-0.15630000000000002,0.0
7854,-0.15630000000000002,0.0
7855,-0.15630000000000002,0.0
7856,-0.15630000000000002,0.0
7857,-0.15630000000000002,0.0
7858,12039.552955836465,124.14988028510027
7859,17393.778734573334,171.1050311801177
7860,26344.945748287733,260.41417812895014
7861,17625.272719564415,175.38521631639884
7862,14714.048821881825,147.4011854796073
7863,8966.532444284598,91.37467765618271
7864,3376.096985805599,36.800156555014496
7865,13100.41581964118,131.79399584927987
7866,-0.15630000000000002,0.0
7867,-0.15630000000000002,0.0
7868,-0.15630000000000002,0.0
7869,-0.15630000000000002,0.0
7870,-0.15630000000000002,0.0
7871,-0.15630000000000002,0.0
7872,-0.15630000000000002,0.0
7873,-0.15630000000000002,0.0
7874,-0.15630000000000002,0.0
7875,-0.15630000000000002,0.0
7876,-0.15630000000000002,0.0
7877,-0.15630000000000002,0.0
7878,-0.15630000000000002,0.0
7879,-0.15630000000000002,0.0
7880,-0.15630000000000002,0.0
7881,-0.15630000000000002,0.0
7882,20087.89507460413,206.51812354481058
7883,41598.04506653463,412.3953092337199
7884,43288.148558503795,429.727255298376
7885,28889.206740395934,285.4762193715048
7886,35217.894099978555,349.7460859749669
7887,34299.91824644035,340.75635906429085
7888,28670.679729306332,284.66532827738143
7889,16690.933023071077,167.54126609799974
7890,-0.15630000000000002,0.0
7891,-0.15630000000000002,0.0
7892,-0.15630000000000002,0.0
7893,-0.15630000000000002,0.0
7894,-0.15630000000000002,0.0
7895,-0.15630000000000002,0.0
7896,-0.15630000000000002,0.0
7897,-0.15630000000000002,0.0
7898,-0.15630000000000002,0.0
7899,-0.15630000000000002,0.0
7900,-0.15630000000000002,0.0
7901,-0.15630000000000002,0.0
7902,-0.15630000000000002,0.0
7903,-0.15630000000000002,0.0
7904,-0.15630000000000002,0.0
7905,-0.15630000000000002,0.0
7906,21141.020422796228,211.73868939514628
7907,26710.663926033627,255.03363021723155
7908,37770.89934678195,364.5082940618646
7909,22719.234367492234,221.55153124247104
7910,16204.978298939037,160.05888178289413
7911,13113.136397702681,130.45943078704744
7912,19718.416582832575,193.76816436228893
7913,14608.84391536506,144.99189949419608
7914,-0.15630000000000002,0.0
7915,-0.15630000000000002,0.0
7916,-0.15630000000000002,0.0
7917,-0.15630000000000002,0.0
7918,-0.15630000000000002,0.0
7919,-0.15630000000000002,0.0
7920,-0.15630000000000002,0.0
7921,-0.15630000000000002,0.0
7922,-0.15630000000000002,0.0
7923,-0.15630000000000002,0.0
7924,-0.15630000000000002,0.0
7925,-0.15630000000000002,0.0
7926,-0.15630000000000002,0.0
7927,-0.15630000000000002,0.0
7928,-0.15630000000000002,0.0
7929,-0.15630000000000002,0.0
7930,13801.213903336835,140.6944043291721
7931,5718.232574674223,58.39346634118845
7932,7017.238707672111,71.37922578452282
7933,37189.555181462594,367.1447267691451
7934,12568.084591076204,125.56010276355688
7935,14794.44687249146,146.7496250458174
7936,9178.681106062853,92.3892020283975
7937,4059.795573047074,43.05585596255789
7938,-0.15630000000000002,0.0
7939,-0.15630000000000002,0.0
7940,-0.15630000000000002,0.0
7941,-0.15630000000000002,0.0
7942,-0.15630000000000002,0.0
7943,-0.15630000000000002,0.0
7944,-0.15630000000000002,0.0
7945,-0.15630000000000002,0.0
7946,-0.15630000000000002,0.0
7947,-0.15630000000000002,0.0
7948,-0.15630000000000002,0.0
7949,-0.15630000000000002,0.0
7950,-0.15630000000000002,0.0
7951,-0.15630000000000002,0.0
7952,-0.15630000000000002,0.0
7953,-0.15630000000000002,0.0
7954,26027.136816266364,262.49476512503344
7955,41842.8664982128,400.90916864294866
7956,52577.01534880245,508.01470536325155
7957,75215.82,743.3693784350922
7958,75215.82,763.8176665689398
7959,69064.2175539513,681.4184590202027
7960,52110.47472039105,507.0319365161858
7961,28735.936036495612,278.73791083900943
7962,-0.15630000000000002,0.0
7963,-0.15630000000000002,0.0
7964,-0.15630000000000002,0.0
7965,-0.15630000000000002,0.0
7966,-0.15630000000000002,0.0
7967,-0.15630000000000002,0.0
7968,-0.15630000000000002,0.0
7969,-0.15630000000000002,0.0
7970,-0.15630000000000002,0.0
7971,-0.15630000000000002,0.0
7972,-0.15630000000000002,0.0
7973,-0.15630000000000002,0.0
7974,-0.15630000000000002,0.0
7975,-0.15630000000000002,0.0
7976,-0.15630000000000002,0.0
7977,-0.15630000000000002,0.0
7978,18616.537723456473,188.43459417165673
7979,7610.689348389587,75.2579617502405
7980,11933.959725866269,116.01415148346597
7981,10663.627969632145,104.82128351307627
7982,5385.100325565154,55.26797069808821
7983,6074.760350723297,61.42031031631366
7984,13312.411403983542,128.89633098675748
7985,9139.193582692009,90.53006341377935
7986,-0.15630000000000002,0.0
7987,-0.15630000000000002,0.0
7988,-0.15630000000000002,0.0
7989,-0.15630000000000002,0.0
7990,-0.15630000000000002,0.0
7991,-0.15630000000000002,0.0
7992,-0.15630000000000002,0.0
7993,-0.15630000000000002,0.0
7994,-0.15630000000000002,0.0
7995,-0.15630000000000002,0.0
7996,-0.15630000000000002,0.0
7997,-0.15630000000000002,0.0
7998,-0.15630000000000002,0.0
7999,-0.15630000000000002,0.0
8000,-0.15630000000000002,0.0
8001,-0.15630000000000002,0.0
8002,25488.297742142277,261.99142798871566
8003,45484.32026497679,439.4220929216837
8004,59468.40043876118,580.3191289965278
8005,61660.56935310577,604.6431218081992
8006,40784.573121223024,396.9463675226731
8007,-0.15630000000000002,0.0
8008,12952.090146957009,128.01797834470577
8009,7030.795641369805,71.45264080156997
8010,-0.15630000000000002,0.0
8011,-0.15630000000000002,0.0
8012,-0.15630000000000002,0.0
8013,-0.15630000000000002,0.0
8014,-0.15630000000000002,0.0
8015,-0.15630000000000002,0.0
8016,-0.15630000000000002,0.0
8017,-0.15630000000000002,0.0
8018,-0.15630000000000002,0.0
8019,-0.15630000000000002,0.0
8020,-0.15630000000000002,0.0
8021,-0.15630000000000002,0.0
8022,-0.15630000000000002,0.0
8023,-0.15630000000000002,0.0
8024,-0.15630000000000002,0.0
8025,-0.15630000000000002,0.0
8026,26696.3111319675,275.91695996577545
8027,50183.53393199877,489.92853359297175
8028,64912.69867444117,641.8150958428864
8029,71613.99061601113,715.0016338056467
8030,61285.8612198177,608.5028272186405
8031,36581.13677932652,359.74882779056355
8032,28663.77283781978,281.32129481509406
8033,18369.956175283573,181.7343641321777
8034,-0.15630000000000002,0.0
8035,-0.15630000000000002,0.0
8036,-0.15630000000000002,0.0
8037,-0.15630000000000002,0.0
8038,-0.15630000000000002,0.0
8039,-0.15630000000000002,0.0
8040,-0.15630000000000002,0.0
8041,-0.15630000000000002,0.0
8042,-0.15630000000000002,0.0
8043,-0.15630000000000002,0.0
8044,-0.15630000000000002,0.0
8045,-0.15630000000000002,0.0
8046,-0.15630000000000002,0.0
8047,-0.15630000000000002,0.0
8048,-0.15630000000000002,0.0
8049,-0.15630000000000002,0.0
8050,26370.572599661315,271.38658925084053
8051,22754.398287935575,217.7322003956423
8052,65256.989961293184,633.8836903554516
8053,73183.5712005787,716.1799555703299
8054,70693.63021380243,694.2353624396336
8055,61572.459877222995,602.5420007108473
8056,54115.19277130996,526.0487646142294
8057,29484.440296354955,286.0324782297797
8058,-0.15630000000000002,0.0
8059,-0.15630000000000002,0.0
8060,-0.15630000000000002,0.0
8061,-0.15630000000000002,0.0
8062,-0.15630000000000002,0.0
8063,-0.15630000000000002,0.0
8064,-0.15630000000000002,0.0
8065,-0.15630000000000002,0.0
8066,-0.15630000000000002,0.0
8067,-0.15630000000000002,0.0
8068,-0.15630000000000002,0.0
8069,-0.15630000000000002,0.0
8070,-0.15630000000000002,0.0
8071,-0.15630000000000002,0.0
8072,-0.15630000000000002,0.0
8073,-0.15630000000000002,0.0
8074,25183.7981640543,261.2941637943831
8075,49990.18286693495,491.93662848383605
8076,64744.10914749231,649.7138609730376
8077,72497.51562924995,737.867599969714
8078,72292.67306354342,739.1019165472478
8079,67709.15417126076,686.429279559696
8080,52556.8612521884,524.6585197026161
8081,25031.10055335071,248.31499372188821
8082,-0.15630000000000002,0.0
8083,-0.15630000000000002,0.0
8084,-0.15630000000000002,0.0
8085,-0.15630000000000002,0.0
8086,-0.15630000000000002,0.0
8087,-0.15630000000000002,0.0
8088,-0.15630000000000002,0.0
8089,-0.15630000000000002,0.0
8090,-0.15630000000000002,0.0
8091,-0.15630000000000002,0.0
8092,-0.15630000000000002,0.0
8093,-0.15630000000000002,0.0
8094,-0.15630000000000002,0.0
8095,-0.15630000000000002,0.0
8096,-0.15630000000000002,0.0
8097,-0.15630000000000002,0.0
8098,20885.135409346974,216.15010141961534
8099,48502.44474938632,468.8896033650577
8100,49505.22599721304,479.4608749408228
8101,68384.66240024945,677.3949500233113
8102,57369.52141058873,566.7119310488566
8103,21058.688472193182,206.34562730250735
8104,24324.325298722804,238.17269189108183
8105,1608.1636194688565,19.245976742611347
8106,-0.15630000000000002,0.0
8107,-0.15630000000000002,0.0
8108,-0.15630000000000002,0.0
8109,-0.15630000000000002,0.0
8110,-0.15630000000000002,0.0
8111,-0.15630000000000002,0.0
8112,-0.15630000000000002,0.0
8113,-0.15630000000000002,0.0
8114,-0.15630000000000002,0.0
8115,-0.15630000000000002,0.0
8116,-0.15630000000000002,0.0
8117,-0.15630000000000002,0.0
8118,-0.15630000000000002,0.0
8119,-0.15630000000000002,0.0
8120,-0.15630000000000002,0.0
8121,-0.15630000000000002,0.0
8122,20686.932164196573,213.82811085675783
8123,36014.32605974442,345.00604166158087
8124,60912.74644382998,593.3072044630502
8125,70123.95814788634,692.7312533180828
8126,71130.41542620449,705.7751697747817
8127,67262.5281377272,666.1558605185442
8128,41046.98235234708,400.2687047528725
8129,20714.62727376907,203.64740393365574
8130,-0.15630000000000002,0.0
8131,-0.15630000000000002,0.0
8132,-0.15630000000000002,0.0
8133,-0.15630000000000002,0.0
8134,-0.15630000000000002,0.0
8135,-0.15630000000000002,0.0
8136,-0.15630000000000002,0.0
8137,-0.15630000000000002,0.0
8138,-0.15630000000000002,0.0
8139,-0.15630000000000002,0.0
8140,-0.15630000000000002,0.0
8141,-0.15630000000000002,0.0
8142,-0.15630000000000002,0.0
8143,-0.15630000000000002,0.0
8144,-0.15630000000000002,0.0
8145,-0.15630000000000002,0.0
8146,23530.118836697755,245.49901485816727
8147,47674.03111088097,465.0818670585978
8148,61330.24760963057,608.6217944174733
8149,66795.00226417041,670.487869126942
8150,68887.83862887934,697.6545208116444
8151,66066.76439198905,667.7990183678409
8152,50591.1936263864,503.3435200324956
8153,23518.754053483026,233.4628433946589
8154,-0.15630000000000002,0.0
8155,-0.15630000000000002,0.0
8156,-0.15630000000000002,0.0
8157,-0.15630000000000002,0.0
8158,-0.15630000000000002,0.0
8159,-0.15630000000000002,0.0
8160,-0.15630000000000002,0.0
8161,-0.15630000000000002,0.0
8162,-0.15630000000000002,0.0
8163,-0.15630000000000002,0.0
8164,-0.15630000000000002,0.0
8165,-0.15630000000000002,0.0
8166,-0.15630000000000002,0.0
8167,-0.15630000000000002,0.0
8168,-0.15630000000000002,0.0
8169,-0.15630000000000002,0.0
8170,18533.85129448471,195.61921150964864
8171,15106.219270703941,148.25085050836597
8172,11958.593667248437,118.90393678164006
8173,21728.870035372336,213.9163880994725
8174,33167.85324919217,326.9745965415284
8175,20458.783246395862,202.5058827866817
8176,13255.020241424163,132.54488908983205
8177,5125.612072415726,54.178970603736865
8178,-0.15630000000000002,0.0
8179,-0.15630000000000002,0.0
8180,-0.15630000000000002,0.0
8181,-0.15630000000000002,0.0
8182,-0.15630000000000002,0.0
8183,-0.15630000000000002,0.0
8184,-0.15630000000000002,0.0
8185,-0.15630000000000002,0.0
8186,-0.15630000000000002,0.0
8187,-0.15630000000000002,0.0
8188,-0.15630000000000002,0.0
8189,-0.15630000000000002,0.0
8190,-0.15630000000000002,0.0
8191,-0.15630000000000002,0.0
8192,-0.15630000000000002,0.0
8193,-0.15630000000000002,0.0
8194,21927.575243855656,229.24044166487715
8195,39009.09856290674,372.67888574835195
8196,61151.452663834956,589.9453527234804
8197,66231.15241531847,644.5290511271163
8198,48015.79092604351,464.3285077544066
8199,20163.16580921983,196.03511204504986
8200,21925.195877603895,212.39715693405986
8201,21648.732865126334,210.52201737189526
8202,-0.15630000000000002,0.0
8203,-0.15630000000000002,0.0
8204,-0.15630000000000002,0.0
8205,-0.15630000000000002,0.0
8206,-0.15630000000000002,0.0
8207,-0.15630000000000002,0.0
8208,-0.15630000000000002,0.0
8209,-0.15630000000000002,0.0
8210,-0.15630000000000002,0.0
8211,-0.15630000000000002,0.0
8212,-0.15630000000000002,0.0
8213,-0.15630000000000002,0.0
8214,-0.15630000000000002,0.0
8215,-0.15630000000000002,0.0
8216,-0.15630000000000002,0.0
8217,-0.15630000000000002,0.0
8218,21737.748074551615,227.2454837040574
8219,43626.97022278688,418.41494299857334
8220,55535.32904273741,535.0827340378909
8221,47242.90188637583,456.29123648518845
8222,58357.21434345675,567.3326336132983
8223,24255.30753864931,235.44673998528464
8224,25519.355931521495,248.1350958150711
8225,21144.430003276575,207.57535120911265
8226,-0.15630000000000002,0.0
8227,-0.15630000000000002,0.0
8228,-0.15630000000000002,0.0
8229,-0.15630000000000002,0.0
8230,-0.15630000000000002,0.0
8231,-0.15630000000000002,0.0
8232,-0.15630000000000002,0.0
8233,-0.15630000000000002,0.0
8234,-0.15630000000000002,0.0
8235,-0.15630000000000002,0.0
8236,-0.15630000000000002,0.0
8237,-0.15630000000000002,0.0
8238,-0.15630000000000002,0.0
8239,-0.15630000000000002,0.0
8240,-0.15630000000000002,0.0
8241,-0.15630000000000002,0.0
8242,2942.926841394108,34.40347919651794
8243,13824.844642704025,135.05558343040872
8244,17280.570190569917,167.673730393537
8245,18211.008532744996,177.54876823052498
8246,25568.596642290082,249.02679790225727
8247,22919.29895397649,224.17887958140497
8248,37290.600336508214,364.5056382285741
8249,7317.464988740073,75.21229700553273
8250,-0.15630000000000002,0.0
8251,-0.15630000000000002,0.0
8252,-0.15630000000000002,0.0
8253,-0.15630000000000002,0.0
8254,-0.15630000000000002,0.0
8255,-0.15630000000000002,0.0
8256,-0.15630000000000002,0.0
8257,-0.15630000000000002,0.0
8258,-0.15630000000000002,0.0
8259,-0.15630000000000002,0.0
8260,-0.15630000000000002,0.0
8261,-0.15630000000000002,0.0
8262,-0.15630000000000002,0.0
8263,-0.15630000000000002,0.0
8264,-0.15630000000000002,0.0
8265,-0.15630000000000002,0.0
8266,20643.041290001336,224.70961999999233
8267,43980.41884822861,444.1942765030836
8268,57463.42217147467,585.6492864424197
8269,64988.40729641988,667.1109789465494
8270,68387.75777103273,704.1250600942055
8271,61752.35120714645,633.5183249679413
8272,50483.98904211725,511.30783965112835
8273,16371.188683506954,166.33204005458703
8274,-0.15630000000000002,0.0
8275,-0.15630000000000002,0.0
8276,-0.15630000000000002,0.0
8277,-0.15630000000000002,0.0
8278,-0.15630000000000002,0.0
8279,-0.15630000000000002,0.0
8280,-0.15630000000000002,0.0
8281,-0.15630000000000002,0.0
8282,-0.15630000000000002,0.0
8283,-0.15630000000000002,0.0
8284,-0.15630000000000002,0.0
8285,-0.15630000000000002,0.0
8286,-0.15630000000000002,0.0
8287,-0.15630000000000002,0.0
8288,-0.15630000000000002,0.0
8289,-0.15630000000000002,0.0
8290,20199.381342262957,219.24893974023414
8291,44406.82286600878,444.6192366378557
8292,58414.10325916945,591.4931907838604
8293,65445.337341721715,673.0332264435765
8294,67971.49990802027,706.8872930915483
8295,61465.76103118863,637.2107303180364
8296,48827.401956609785,499.4176208338054
8297,19234.053736361897,195.38476823858826
8298,-0.15630000000000002,0.0
8299,-0.15630000000000002,0.0
8300,-0.15630000000000002,0.0
8301,-0.15630000000000002,0.0
8302,-0.15630000000000002,0.0
8303,-0.15630000000000002,0.0
8304,-0.15630000000000002,0.0
8305,-0.15630000000000002,0.0
8306,-0.15630000000000002,0.0
8307,-0.15630000000000002,0.0
8308,-0.15630000000000002,0.0
8309,-0.15630000000000002,0.0
8310,-0.15630000000000002,0.0
8311,-0.15630000000000002,0.0
8312,-0.15630000000000002,0.0
8313,-0.15630000000000002,0.0
8314,20553.601458627225,225.08567330421786
8315,43265.56071857472,436.7630685973922
8316,56982.68722023524,594.5838739775194
8317,62703.44754594298,670.7583244277589
8318,66227.91555798538,718.6502363362595
8319,61558.8180585961,661.0166250410841
8320,47801.45443780686,499.39527981990716
8321,20394.695675378367,208.70374427160556
8322,-0.15630000000000002,0.0
8323,-0.15630000000000002,0.0
8324,-0.15630000000000002,0.0
8325,-0.15630000000000002,0.0
8326,-0.15630000000000002,0.0
8327,-0.15630000000000002,0.0
8328,-0.15630000000000002,0.0
8329,-0.15630000000000002,0.0
8330,-0.15630000000000002,0.0
8331,-0.15630000000000002,0.0
8332,-0.15630000000000002,0.0
8333,-0.15630000000000002,0.0
8334,-0.15630000000000002,0.0
8335,-0.15630000000000002,0.0
8336,-0.15630000000000002,0.0
8337,-0.15630000000000002,0.0
8338,23820.30444787908,261.1840509307481
8339,25795.138284583096,254.2674223158221
8340,26162.857035832345,259.6386912582362
8341,32331.701110488037,324.9722505568
8342,54436.92423038479,558.5967307244131
8343,62257.61992686526,643.1549643248986
8344,49744.533314553366,506.6109339979623
8345,19790.580624181934,200.60876323770978
8346,-0.15630000000000002,0.0
8347,-0.15630000000000002,0.0
8348,-0.15630000000000002,0.0
8349,-0.15630000000000002,0.0
8350,-0.15630000000000002,0.0
8351,-0.15630000000000002,0.0
8352,-0.15630000000000002,0.0
8353,-0.15630000000000002,0.0
8354,-0.15630000000000002,0.0
8355,-0.15630000000000002,0.0
8356,-0.15630000000000002,0.0
8357,-0.15630000000000002,0.0
8358,-0.15630000000000002,0.0
8359,-0.15630000000000002,0.0
8360,-0.15630000000000002,0.0
8361,-0.15630000000000002,0.0
8362,19922.949431242396,219.62406600576725
8363,44249.372370372876,437.69980998063346
8364,60447.99746878782,604.4979070739848
8365,68681.81591967735,696.0566296604458
8366,70280.86395027366,716.1185561221208
8367,64885.485895088066,658.3329868976441
8368,48622.769385700616,486.6452406789752
8369,17116.141589466184,172.503110409395
8370,-0.15630000000000002,0.0
8371,-0.15630000000000002,0.0
8372,-0.15630000000000002,0.0
8373,-0.15630000000000002,0.0
8374,-0.15630000000000002,0.0
8375,-0.15630000000000002,0.0
8376,-0.15630000000000002,0.0
8377,-0.15630000000000002,0.0
8378,-0.15630000000000002,0.0
8379,-0.15630000000000002,0.0
8380,-0.15630000000000002,0.0
8381,-0.15630000000000002,0.0
8382,-0.15630000000000002,0.0
8383,-0.15630000000000002,0.0
8384,-0.15630000000000002,0.0
8385,-0.15630000000000002,0.0
8386,19060.5261176693,211.52845738630984
8387,44015.85749060726,427.05034046905905
8388,60565.873478986636,591.5696318890679
8389,67824.36051966753,670.6163137031318
8390,70342.26472057376,701.4206925947381
8391,65368.97209322416,650.8835548734058
8392,50837.61470462464,501.2864984684738
8393,20703.407747816673,205.31607072540015
8394,-0.15630000000000002,0.0
8395,-0.15630000000000002,0.0
8396,-0.15630000000000002,0.0
8397,-0.15630000000000002,0.0
8398,-0.15630000000000002,0.0
8399,-0.15630000000000002,0.0
8400,-0.15630000000000002,0.0
8401,-0.15630000000000002,0.0
8402,-0.15630000000000002,0.0
8403,-0.15630000000000002,0.0
8404,-0.15630000000000002,0.0
8405,-0.15630000000000002,0.0
8406,-0.15630000000000002,0.0
8407,-0.15630000000000002,0.0
8408,-0.15630000000000002,0.0
8409,-0.15630000000000002,0.0
8410,19808.249505803207,222.2354985357705
8411,41839.84699554051,409.8756790034701
8412,59035.65348394157,588.0687657224164
8413,66599.30544942101,678.6070275271785
8414,68940.24869242935,710.5674815831981
8415,62076.27041819742,636.6847093148506
8416,48601.65966492564,489.98142372902385
8417,23004.642105638643,230.69784138901602
8418,-0.15630000000000002,0.0
8419,-0.15630000000000002,0.0
8420,-0.15630000000000002,0.0
8421,-0.15630000000000002,0.0
8422,-0.15630000000000002,0.0
8423,-0.15630000000000002,0.0
8424,-0.15630000000000002,0.0
8425,-0.15630000000000002,0.0
8426,-0.15630000000000002,0.0
8427,-0.15630000000000002,0.0
8428,-0.15630000000000002,0.0
8429,-0.15630000000000002,0.0
8430,-0.15630000000000002,0.0
8431,-0.15630000000000002,0.0
8432,-0.15630000000000002,0.0
8433,-0.15630000000000002,0.0
8434,17909.05898366113,201.27961782367115
8435,42960.98365645596,421.3127541969479
8436,58778.93536625541,581.6578261037978
8437,67241.05319819773,676.3853804351518
8438,28703.995754532738,283.2463809493861
8439,10882.147067393302,109.93908792098857
8440,26032.229419469975,257.75708040789925
8441,19221.153986705765,191.7576949728209
8442,-0.15630000000000002,0.0
8443,-0.15630000000000002,0.0
8444,-0.15630000000000002,0.0
8445,-0.15630000000000002,0.0
8446,-0.15630000000000002,0.0
8447,-0.15630000000000002,0.0
8448,-0.15630000000000002,0.0
8449,-0.15630000000000002,0.0
8450,-0.15630000000000002,0.0
8451,-0.15630000000000002,0.0
8452,-0.15630000000000002,0.0
8453,-0.15630000000000002,0.0
8454,-0.15630000000000002,0.0
8455,-0.15630000000000002,0.0
8456,-0.15630000000000002,0.0
8457,-0.15630000000000002,0.0
8458,17565.43223886491,201.60514768082368
8459,41842.56494739616,411.8580721151593
8460,57126.15992723695,566.2025194829987
8461,65534.8360598505,662.6297369972283
8462,64894.58375423878,664.4543861686769
8463,50203.88615319263,511.72540770788163
8464,31775.668039009804,320.1273687492523
8465,8438.25149916951,87.58541951841036
8466,-0.15630000000000002,0.0
8467,-0.15630000000000002,0.0
8468,-0.15630000000000002,0.0
8469,-0.15630000000000002,0.0
8470,-0.15630000000000002,0.0
8471,-0.15630000000000002,0.0
8472,-0.15630000000000002,0.0
8473,-0.15630000000000002,0.0
8474,-0.15630000000000002,0.0
8475,-0.15630000000000002,0.0
8476,-0.15630000000000002,0.0
8477,-0.15630000000000002,0.0
8478,-0.15630000000000002,0.0
8479,-0.15630000000000002,0.0
8480,-0.15630000000000002,0.0
8481,-0.15630000000000002,0.0
8482,18968.445808502394,220.7768808857947
8483,38457.47288376966,384.59688800969184
8484,49484.446608929975,499.8890689382032
8485,62349.15354988955,644.61412886919
8486,40357.59994191119,409.5297478078174
8487,38767.08023468421,393.7254565019987
8488,28451.885421916017,287.21478926392103
8489,7705.462120530288,80.73464642682632
8490,-0.15630000000000002,0.0
8491,-0.15630000000000002,0.0
8492,-0.15630000000000002,0.0
8493,-0.15630000000000002,0.0
8494,-0.15630000000000002,0.0
8495,-0.15630000000000002,0.0
8496,-0.15630000000000002,0.0
8497,-0.15630000000000002,0.0
8498,-0.15630000000000002,0.0
8499,-0.15630000000000002,0.0
8500,-0.15630000000000002,0.0
8501,-0.15630000000000002,0.0
8502,-0.15630000000000002,0.0
8503,-0.15630000000000002,0.0
8504,-0.15630000000000002,0.0
8505,-0.15630000000000002,0.0
8506,20359.31625719569,240.83608248770275
8507,4651.334735776869,49.68248508560187
8508,27531.56948945798,274.270970998996
8509,54133.24124056695,549.3665209149826
8510,69149.05985841707,716.2258153016453
8511,59303.31998154443,610.9972029037853
8512,43853.220455495466,448.5464598895788
8513,5884.951432742487,62.968464915535044
8514,-0.15630000000000002,0.0
8515,-0.15630000000000002,0.0
8516,-0.15630000000000002,0.0
8517,-0.15630000000000002,0.0
8518,-0.15630000000000002,0.0
8519,-0.15630000000000002,0.0
8520,-0.15630000000000002,0.0
8521,-0.15630000000000002,0.0
8522,-0.15630000000000002,0.0
8523,-0.15630000000000002,0.0
8524,-0.15630000000000002,0.0
8525,-0.15630000000000002,0.0
8526,-0.15630000000000002,0.0
8527,-0.15630000000000002,0.0
8528,-0.15630000000000002,0.0
8529,-0.15630000000000002,0.0
8530,18274.013930794805,217.9601511891597
8531,31806.175243002064,315.0250646055183
8532,45303.86972759483,448.9282347511835
8533,40556.73139896737,401.486114165493
8534,45288.94825692353,451.46256335771545
8535,12407.206942852923,125.47716343604988
8536,31410.61196073508,313.12181878623215
8537,27744.22410784079,277.77588384287856
8538,-0.15630000000000002,0.0
8539,-0.15630000000000002,0.0
8540,-0.15630000000000002,0.0
8541,-0.15630000000000002,0.0
8542,-0.15630000000000002,0.0
8543,-0.15630000000000002,0.0
8544,-0.15630000000000002,0.0
8545,-0.15630000000000002,0.0
8546,-0.15630000000000002,0.0
8547,-0.15630000000000002,0.0
8548,-0.15630000000000002,0.0
8549,-0.15630000000000002,0.0
8550,-0.15630000000000002,0.0
8551,-0.15630000000000002,0.0
8552,-0.15630000000000002,0.0
8553,-0.15630000000000002,0.0
8554,16180.176758320547,195.5403567277015
8555,32913.047335275856,323.8230426002344
8556,34710.245163688065,340.7944891028598
8557,65851.52287513883,673.9436196043852
8558,57499.25382786547,584.0651779902786
8559,45331.45491744081,456.04974127441096
8560,17353.325881793873,174.0965012457398
8561,2997.3276882283053,33.4732159369491
8562,-0.15630000000000002,0.0
8563,-0.15630000000000002,0.0
8564,-0.15630000000000002,0.0
8565,-0.15630000000000002,0.0
8566,-0.15630000000000002,0.0
8567,-0.15630000000000002,0.0
8568,-0.15630000000000002,0.0
8569,-0.15630000000000002,0.0
8570,-0.15630000000000002,0.0
8571,-0.15630000000000002,0.0
8572,-0.15630000000000002,0.0
8573,-0.15630000000000002,0.0
8574,-0.15630000000000002,0.0
8575,-0.15630000000000002,0.0
8576,-0.15630000000000002,0.0
8577,-0.15630000000000002,0.0
8578,7716.911366560634,97.31933241655992
8579,9825.237544046046,99.0225853689504
8580,15364.544534975512,151.48787756121672
8581,13589.779208716458,135.3630572924676
8582,41698.6108272333,411.3757966075767
8583,14458.917955505065,143.87168983779875
8584,7278.442051093636,74.7675866930432
8585,6085.397425237016,63.396954940264
8586,-0.15630000000000002,0.0
8587,-0.15630000000000002,0.0
8588,-0.15630000000000002,0.0
8589,-0.15630000000000002,0.0
8590,-0.15630000000000002,0.0
8591,-0.15630000000000002,0.0
8592,-0.15630000000000002,0.0
8593,-0.15630000000000002,0.0
8594,-0.15630000000000002,0.0
8595,-0.15630000000000002,0.0
8596,-0.15630000000000002,0.0
8597,-0.15630000000000002,0.0
8598,-0.15630000000000002,0.0
8599,-0.15630000000000002,0.0
8600,-0.15630000000000002,0.0
8601,-0.15630000000000002,0.0
8602,17405.985422834146,214.69645546709341
8603,30732.583286344325,300.96057172949725
8604,15084.552905190856,148.03209244480422
8605,26969.809843590006,263.10542493459826
8606,26817.358663707026,261.7957403129186
8607,28499.216799635095,279.00727298941393
8608,18453.284244667862,181.77166027916792
8609,27827.762170136662,273.64236889553473
8610,-0.15630000000000002,0.0
8611,-0.15630000000000002,0.0
8612,-0.15630000000000002,0.0
8613,-0.15630000000000002,0.0
8614,-0.15630000000000002,0.0
8615,-0.15630000000000002,0.0
8616,-0.15630000000000002,0.0
8617,-0.15630000000000002,0.0
8618,-0.15630000000000002,0.0
8619,-0.15630000000000002,0.0
8620,-0.15630000000000002,0.0
8621,-0.15630000000000002,0.0
8622,-0.15630000000000002,0.0
8623,-0.15630000000000002,0.0
8624,-0.15630000000000002,0.0
8625,-0.15630000000000002,0.0
8626,18175.13089058189,228.32856909060519
8627,8438.970173311214,85.54179381961566
8628,29671.955256666224,288.64423816789963
8629,22061.716259288314,216.14799714333122
8630,17384.775727274708,171.56813545077188
8631,14386.605467078569,142.7832908636543
8632,6979.862826320065,71.46499710453426
8633,3914.843427917162,41.9547825661083
8634,-0.15630000000000002,0.0
8635,-0.15630000000000002,0.0
8636,-0.15630000000000002,0.0
8637,-0.15630000000000002,0.0
8638,-0.15630000000000002,0.0
8639,-0.15630000000000002,0.0
8640,-0.15630000000000002,0.0
8641,-0.15630000000000002,0.0
8642,-0.15630000000000002,0.0
8643,-0.15630000000000002,0.0
8644,-0.15630000000000002,0.0
8645,-0.15630000000000002,0.0
8646,-0.15630000000000002,0.0
8647,-0.15630000000000002,0.0
8648,-0.15630000000000002,0.0
8649,-0.15630000000000002,0.0
8650,14889.711627009234,190.84975346141215
8651,37549.07261147066,370.74829407900637
8652,43452.14445070924,424.1862205323574
8653,68590.92762532711,682.5635473944191
8654,60097.35450533992,598.608413310083
8655,64209.175350840225,644.3696173323908
8656,48843.362754311434,486.4657981236978
8657,30482.546851601386,303.80671101688046
8658,-0.15630000000000002,0.0
8659,-0.15630000000000002,0.0
8660,-0.15630000000000002,0.0
8661,-0.15630000000000002,0.0
8662,-0.15630000000000002,0.0
8663,-0.15630000000000002,0.0
8664,-0.15630000000000002,0.0
8665,-0.15630000000000002,0.0
8666,-0.15630000000000002,0.0
8667,-0.15630000000000002,0.0
8668,-0.15630000000000002,0.0
8669,-0.15630000000000002,0.0
8670,-0.15630000000000002,0.0
8671,-0.15630000000000002,0.0
8672,-0.15630000000000002,0.0
8673,-0.15630000000000002,0.0
8674,15061.235024305399,194.36678773134742
8675,20901.8639886952,205.5258759081752
8676,32927.882349424915,320.73655770496117
8677,26994.52239311441,264.9424398931209
8678,35652.942354942,352.176677444622
8679,48171.59574570441,479.89427552459324
8680,20361.740933360423,202.51501755914114
8681,16079.358005330667,161.56231514633285
8682,-0.15630000000000002,0.0
8683,-0.15630000000000002,0.0
8684,-0.15630000000000002,0.0
8685,-0.15630000000000002,0.0
8686,-0.15630000000000002,0.0
8687,-0.15630000000000002,0.0
8688,-0.15630000000000002,0.0
8689,-0.15630000000000002,0.0
8690,-0.15630000000000002,0.0
8691,-0.15630000000000002,0.0
8692,-0.15630000000000002,0.0
8693,-0.15630000000000002,0.0
8694,-0.15630000000000002,0.0
8695,-0.15630000000000002,0.0
8696,-0.15630000000000002,0.0
8697,-0.15630000000000002,0.0
8698,11689.82005876814,152.08199991249415
8699,18083.396376271463,178.54286887028627
8700,30503.79111590978,299.88055942314134
8701,66876.80262169072,688.0758480676775
8702,70105.51525690076,731.9748876853442
8703,63143.81656415685,656.9265990963706
8704,51220.08975322355,523.603081804574
8705,30496.568364500217,307.3991282890665
8706,-0.15630000000000002,0.0
8707,-0.15630000000000002,0.0
8708,-0.15630000000000002,0.0
8709,-0.15630000000000002,0.0
8710,-0.15630000000000002,0.0
8711,-0.15630000000000002,0.0
8712,-0.15630000000000002,0.0
8713,-0.15630000000000002,0.0
8714,-0.15630000000000002,0.0
8715,-0.15630000000000002,0.0
8716,-0.15630000000000002,0.0
8717,-0.15630000000000002,0.0
8718,-0.15630000000000002,0.0
8719,-0.15630000000000002,0.0
8720,-0.15630000000000002,0.0
8721,-0.15630000000000002,0.0
8722,14392.773321952369,187.9525374428036
8723,38661.97715504264,388.8552091776646
8724,58592.32615107262,607.7392739852219
8725,67219.70958603417,718.6283319085024
8726,67524.75396665676,737.6626491640573
8727,62491.56463482968,679.3170754319624
8728,50743.62287425804,538.751381005567
8729,30807.709414334953,317.24758415384605
8730,-0.15630000000000002,0.0
8731,-0.15630000000000002,0.0
8732,-0.15630000000000002,0.0
8733,-0.15630000000000002,0.0
8734,-0.15630000000000002,0.0
8735,-0.15630000000000002,0.0
8736,-0.15630000000000002,0.0
8737,-0.15630000000000002,0.0
8738,-0.15630000000000002,0.0
8739,-0.15630000000000002,0.0
8740,-0.15630000000000002,0.0
8741,-0.15630000000000002,0.0
8742,-0.15630000000000002,0.0
8743,-0.15630000000000002,0.0
8744,-0.15630000000000002,0.0
8745,-0.15630000000000002,0.0
8746,14838.515798875502,196.38795283493494
8747,42285.13130397016,433.250806665791
8748,57600.44216989597,605.296136796085
8749,66994.38899171687,720.4723232489936
8750,67152.6666806379,725.2846178594654
8751,62373.84076659179,666.9072015898178
8752,51383.38776851502,538.8925032944534
8753,32020.146076261342,322.1750473843311
8754,-0.15630000000000002,0.0
8755,-0.15630000000000002,0.0
8756,-0.15630000000000002,0.0
8757,-0.15630000000000002,0.0
8758,-0.15630000000000002,0.0
8759,-0.15630000000000002,0.0
8760,-0.15630000000000002,0.0
