gen,desired_array_size,P_ref,t_TES_hours,solarm,PPA_USD_per_MWh,CF_hybrid,CF_pb,LCOE,Annual_Revenue_USD,PV_to_Grid_MWh,CSP_to_Grid_MWh,fitness_PPA,fitness_CF,status,note,timestamp
0,63000.0,63.0,6.5,1.4000000000000001,45.727040251998815,0.2607609938312253,0.21305880369655522,131.8294700180298,17036800.689024217,110843.7380120985,117582.89258405489,45.727040251998815,0.2607609938312253,ok,init; n_jobs=4,2025-11-21T19:56:00.752870+00:00
0,275500.0,56.0,8.5,2.3000000000000003,41.776557794927804,0.5107851009605909,0.2866985922651225,113.21402181038779,28223704.10745667,306804.88701989915,140642.8614215785,41.776557794927804,0.5107851009605909,ok,init; n_jobs=4,2025-11-21T19:56:00.752908+00:00
0,263000.0,74.0,5.5,2.3000000000000003,44.92383525523741,0.4953360867405325,0.20146695085324368,125.34341372259607,30450677.161876295,303315.4757635998,130598.93622110668,44.92383525523741,0.4953360867405325,ok,init; n_jobs=4,2025-11-21T19:56:00.752921+00:00
0,111500.0,50.0,7.0,1.4000000000000001,,,,,,,,1000000000.0,-1000000000.0,exception:RuntimeError,init; n_jobs=4,2025-11-21T19:56:00.752942+00:00
0,199500.0,60.0,5.0,2.8000000000000003,44.6317745719281,0.43978837405548427,0.20164298763450414,119.69767714179342,25703404.03955992,279271.0613719089,105983.55430069538,44.6317745719281,0.43978837405548427,ok,init; n_jobs=4,2025-11-21T19:56:00.752956+00:00
0,276500.0,64.0,2.5,4.2,80.48528617948993,0.32040456351252466,0.10149246117205131,210.8512502718687,32460512.123546273,223773.66420547277,56900.73343149885,80.48528617948993,0.32040456351252466,ok,init; n_jobs=4,2025-11-21T19:56:00.752966+00:00
0,55500.0,187.0,9.0,2.1,45.23178955594297,0.5539648059887352,0.23648597432433235,136.17202173472214,37654386.39107264,97880.76578595668,387392.4042601753,45.23178955594297,0.5539648059887352,ok,init; n_jobs=4,2025-11-21T19:56:00.752975+00:00
0,259500.0,165.0,5.5,4.2,87.41805981348871,0.3853054681143124,0.05183344665409044,232.35587005278904,43845696.39586828,262607.5262743153,74920.06379382232,87.41805981348871,0.3853054681143124,ok,init; n_jobs=4,2025-11-21T19:56:00.752983+00:00
0,101500.0,141.0,8.5,4.2,199.13709855166002,0.15140208108915493,0.023460091321961946,469.4285706133821,34587750.75036629,103651.25663686518,28976.96639723452,199.13709855166002,0.15140208108915493,ok,init; n_jobs=4,2025-11-21T19:56:00.752991+00:00
0,129000.0,110.0,12.5,3.1,43.6225981940155,0.5380014808953609,0.25656489633566004,130.81309139788507,34296559.61711739,224063.36315529415,247225.93410904202,43.6225981940155,0.5380014808953609,ok,init; n_jobs=4,2025-11-21T19:56:00.753000+00:00
0,221000.0,146.0,10.5,4.6000000000000005,98.42758448861399,0.3293736497973433,0.04935781873004944,259.0458610020869,41489906.96712895,225404.64137948872,63126.675842984034,98.42758448861399,0.3293736497973433,ok,init; n_jobs=4,2025-11-21T19:56:00.753008+00:00
0,171500.0,150.0,6.0,1.1,40.17496612521173,0.5791954171111591,0.1857558299822736,114.03859592062608,33216647.83426848,263292.02479266777,244083.16059670752,40.17496612521173,0.5791954171111591,ok,init; n_jobs=4,2025-11-21T19:56:00.753016+00:00
0,238500.0,77.0,13.0,4.7,80.4841812285439,0.35500994960520565,0.10139616782666862,208.85790882858274,35442297.49281043,242594.97273171562,68393.74312244452,80.4841812285439,0.35500994960520565,ok,init; n_jobs=4,2025-11-21T19:56:00.753025+00:00
0,214500.0,76.0,5.5,2.6,43.88289006914441,0.4844485833279954,0.2072449836716554,122.86978796149789,29158301.093772896,286401.5386660827,137975.4203292413,43.88289006914441,0.4844485833279954,ok,init; n_jobs=4,2025-11-21T19:56:00.753035+00:00
0,68500.0,119.0,9.0,2.3000000000000003,42.90221522905927,0.4427339696947498,0.2563360547786161,136.39810391355184,29784937.31422303,120620.00050918023,267214.9569434206,42.90221522905927,0.4427339696947498,ok,init; n_jobs=4,2025-11-21T19:56:00.753044+00:00
0,97500.0,63.0,10.0,1.1,46.0551591114802,0.3058077184281572,0.17411704368292352,122.80144557134962,18546274.886024117,171795.84727533383,96091.71406773184,46.0551591114802,0.3058077184281572,ok,init; n_jobs=4,2025-11-21T19:56:00.753052+00:00
0,138000.0,84.0,8.5,3.9000000000000004,114.94077726820325,0.225168096269808,0.060441354823379985,283.0513049282539,30528894.541406292,152772.08579911588,44475.166533235926,114.94077726820325,0.225168096269808,ok,init; n_jobs=4,2025-11-21T19:56:00.753061+00:00
0,277500.0,146.0,16.0,4.9,84.87873825477591,0.4109435407129885,0.06298705086884528,228.6229733173825,45540106.3550479,279428.6230853595,80557.91857921836,84.87873825477591,0.4109435407129885,ok,init; n_jobs=4,2025-11-21T19:56:00.753070+00:00
0,207500.0,85.0,7.5,1.7000000000000002,38.57456491897225,0.5279033322534973,0.24073617035534092,108.85890658678912,28368651.214918766,283191.16660747677,179252.15244658684,38.57456491897225,0.5279033322534973,ok,init; n_jobs=4,2025-11-21T19:56:00.753080+00:00
0,298000.0,117.0,12.0,1.2000000000000002,39.719074223766725,0.6663271360800456,0.26444154999650354,111.52407552484584,36798054.11984191,312671.13778370357,271031.4334224164,39.719074223766725,0.6663271360800456,ok,init; n_jobs=4,2025-11-21T19:56:00.753088+00:00
0,83500.0,79.0,4.0,2.4000000000000004,45.57676105105769,0.3696059632137832,0.2554344546043455,123.45188164248769,22501769.0302296,147003.96381088288,176770.85996439125,45.57676105105769,0.3696059632137832,ok,init; n_jobs=4,2025-11-21T19:56:00.753095+00:00
0,118000.0,115.0,6.5,1.4000000000000001,38.179125405467204,0.4908187412607859,0.2204302642707087,111.28893240668678,27307356.588953678,207895.76911813646,222061.44822631194,38.179125405467204,0.4908187412607859,ok,init; n_jobs=4,2025-11-21T19:56:00.753103+00:00
0,65500.0,103.0,1.5,2.7,69.28116458493523,0.3021664241646966,0.1722274948088037,178.31158051077352,26597096.78623529,109300.36355218681,155397.4240160874,69.28116458493523,0.3021664241646966,ok,init; n_jobs=4,2025-11-21T19:56:00.753111+00:00
0,52000.0,130.0,1.0,3.8000000000000003,167.24258522845787,0.148282638669042,0.03740772126849951,401.02405000998556,29073130.13267866,87295.67849351355,42599.91298056724,167.24258522845787,0.148282638669042,ok,init; n_jobs=4,2025-11-21T19:56:00.753121+00:00
0,151000.0,198.0,4.0,2.9000000000000004,52.80429215463597,0.5469992307169549,0.13346531968435127,152.75284390305214,41814648.62973974,247678.39842193888,231492.92768611357,52.80429215463597,0.5469992307169549,ok,init; n_jobs=4,2025-11-21T19:56:00.753129+00:00
0,237500.0,100.0,5.5,3.6,48.75364779343863,0.5345478954227242,0.19729677151862943,143.2103997307724,37310541.04063395,295431.98453998694,172831.9718503194,48.75364779343863,0.5345478954227242,ok,init; n_jobs=4,2025-11-21T19:56:00.753136+00:00
0,292500.0,183.0,6.5,3.9000000000000004,83.6998152040295,0.4324366508663917,0.05323660650225406,223.17583640370842,47370574.6571306,293471.9670073257,85342.53915163343,83.6998152040295,0.4324366508663917,ok,init; n_jobs=4,2025-11-21T19:56:00.753144+00:00
0,220000.0,106.0,4.0,1.3,44.8503449938693,0.4846879377205432,0.1462404209528437,124.90924644332028,30182194.32182562,288793.6281632233,135793.00527997254,44.8503449938693,0.4846879377205432,ok,init; n_jobs=4,2025-11-21T19:56:00.753152+00:00
0,269500.0,59.0,8.5,3.2,43.58267543716263,0.5199638184198956,0.2908780699674305,119.30714854320397,30144688.631529976,305150.88325386174,150337.42168196678,43.58267543716263,0.5199638184198956,ok,init; n_jobs=4,2025-11-21T19:56:00.753159+00:00
0,86500.0,148.0,14.5,4.1000000000000005,243.20913185741418,0.1287268934355832,0.018987047312013883,574.7994667988401,35916702.98975378,88148.43155049112,24616.32709907976,243.20913185741418,0.1287268934355832,ok,init; n_jobs=4,2025-11-21T19:56:00.753168+00:00
0,147500.0,69.0,15.5,3.1,42.55360905605496,0.4635208195844102,0.2672842989745783,119.89777884621606,26966630.509257343,244486.91628374925,161557.3216721941,42.55360905605496,0.4635208195844102,ok,init; n_jobs=4,2025-11-21T19:56:00.753176+00:00
0,207500.0,170.0,6.0,1.2000000000000002,41.974230280537746,0.6463307433182498,0.19003126815693666,117.49809238803627,38158217.789257586,283191.16660747677,282994.56453931006,41.974230280537746,0.6463307433182498,ok,init; n_jobs=4,2025-11-21T19:56:00.753182+00:00
0,84000.0,150.0,5.5,4.5,235.8466762591015,0.1252665738158851,0.01824364638190662,552.7909904124703,33860820.87135527,85761.36731689006,23972.1513458253,235.8466762591015,0.1252665738158851,ok,init; n_jobs=4,2025-11-21T19:56:00.753189+00:00
0,235000.0,197.0,10.5,2.2,46.70456755274738,0.7619491029295253,0.21608878892419187,126.64192491518557,47915189.22860434,294558.6693440078,372908.7448222564,46.70456755274738,0.7619491029295253,ok,init; n_jobs=4,2025-11-21T19:56:00.753198+00:00
0,248000.0,54.0,8.5,4.5,63.15055780677229,0.3686250246992776,0.15070758698763181,169.1822786687507,29841332.23880768,251624.80468793787,71290.71694862936,63.15055780677229,0.3686250246992776,ok,init; n_jobs=4,2025-11-21T19:56:00.753206+00:00
0,178500.0,71.0,8.0,3.2,41.78459862397962,0.49644936428678244,0.2689286760236937,116.8204267277015,28227705.476197302,267626.76377552486,167262.87933969652,41.78459862397962,0.49644936428678244,ok,init; n_jobs=4,2025-11-21T19:56:00.753212+00:00
0,142500.0,184.0,5.5,2.1,45.56955272486652,0.6267290828151333,0.19193987451942543,129.7218949256721,40585965.90096156,239638.30920066615,309376.36734539067,45.56955272486652,0.6267290828151333,ok,init; n_jobs=4,2025-11-21T19:56:00.753219+00:00
0,176500.0,80.0,5.0,2.6,43.991784062177274,0.4658345653986289,0.20213847083339623,122.35633979129788,27962208.54569844,266412.4389291548,141658.64036004408,43.991784062177274,0.4658345653986289,ok,init; n_jobs=4,2025-11-21T19:56:00.753226+00:00
0,284500.0,62.0,3.0,1.8,58.980466925259805,0.36950324092415937,0.12768509306326828,154.637744853682,28080899.434567098,254336.51130504135,69348.32774452226,58.980466925259805,0.36950324092415937,ok,init; n_jobs=4,2025-11-21T19:56:00.753233+00:00
0,299000.0,184.0,3.0,3.3000000000000003,61.47696680575913,0.5407647862918675,0.09975380113533888,176.83879259228738,47539912.90419896,312922.7859696913,160787.16682198463,61.47696680575913,0.5407647862918675,ok,init; n_jobs=4,2025-11-21T19:56:00.753239+00:00
1,208000.0,115.0,6.0,1.2000000000000002,39.47847996056276,0.5459740006798548,0.1934196990574691,113.33032671252356,30877581.44890727,283422.2197650584,194851.00483049438,39.47847996056276,0.5459740006798548,ok,offspring; n_jobs=4,2025-11-21T20:02:43.828653+00:00
1,68000.0,174.0,8.5,2.3000000000000003,44.789695865001804,0.5512892230130884,0.2382269246220979,134.49124616229707,36901424.897755735,119814.35177347893,363115.0075859865,44.789695865001804,0.5512892230130884,ok,offspring; n_jobs=4,2025-11-21T20:02:43.828684+00:00
1,199500.0,111.0,5.0,2.8000000000000003,47.46310735303142,0.5304749854465985,0.19069585943406914,139.3874320878181,36218459.59321398,279271.0613719089,185425.02587931146,47.46310735303142,0.5304749854465985,ok,offspring; n_jobs=4,2025-11-21T20:02:43.828690+00:00
1,129000.0,59.0,12.5,3.1,43.12263446494405,0.4088311802800715,0.25940861924396036,118.33714484742411,23486024.22720462,224063.36315529415,134072.75077004847,43.12263446494405,0.4088311802800715,ok,offspring; n_jobs=4,2025-11-21T20:02:43.828694+00:00
1,284500.0,103.0,3.0,1.8,53.92130695264033,0.47426188830991844,0.1177481286509407,146.45933642227598,34396629.62776722,309211.6326403178,106241.78151917078,53.92130695264033,0.47426188830991844,ok,offspring; n_jobs=4,2025-11-21T20:02:43.828699+00:00
1,220000.0,65.0,4.0,1.3,45.71846553292898,0.4106868572624659,0.15734786461564076,120.8694516865384,24508563.13221561,270167.81284977426,89593.87411214586,45.71846553292898,0.4106868572624659,ok,offspring; n_jobs=4,2025-11-21T20:02:43.828704+00:00
1,214500.0,76.0,5.5,2.6,43.88289006914441,0.4844485833279954,0.2072449836716554,122.86978796149789,29158301.093772896,286401.5386660827,137975.4203292413,43.88289006914441,0.4844485833279954,ok,offspring; n_jobs=4,2025-11-21T20:02:43.828709+00:00
1,151000.0,197.0,4.0,2.9000000000000004,52.675641182636824,0.5467279645681501,0.1340051100640664,152.5397023297545,41728635.22044481,247678.39842193888,231255.29853976067,52.675641182636824,0.5467279645681501,ok,offspring; n_jobs=4,2025-11-21T20:02:43.828714+00:00
1,277500.0,146.0,16.0,4.9,84.87873825477591,0.4109435407129885,0.06298705086884528,228.6229733173825,45540106.3550479,279428.6230853595,80557.91857921836,84.87873825477591,0.4109435407129885,ok,offspring; n_jobs=4,2025-11-21T20:02:43.828719+00:00
1,167500.0,69.0,15.0,2.9000000000000004,41.155302088310584,0.4891980950948948,0.2777465032443212,115.36537056944718,27431001.162648186,260656.43488213033,167881.09642099752,41.155302088310584,0.4891980950948948,ok,offspring; n_jobs=4,2025-11-21T20:02:43.828731+00:00
1,207500.0,85.0,7.5,1.7000000000000002,38.57456491897225,0.5279033322534973,0.24073617035534092,108.85890658678912,28368651.214918766,283191.16660747677,179252.15244658684,38.57456491897225,0.5279033322534973,ok,offspring; n_jobs=4,2025-11-21T20:02:43.828735+00:00
1,103500.0,79.0,4.0,2.4000000000000004,44.31055293229114,0.395535290820251,0.23715315755276434,120.49248009066193,23487080.85597029,182369.44360572487,164119.47115281504,44.31055293229114,0.395535290820251,ok,offspring; n_jobs=4,2025-11-21T20:02:43.828739+00:00
1,100500.0,115.0,8.5,3.2,44.37904233817169,0.49281080716917053,0.25274028843664814,135.5223049138359,32684274.669969052,177091.7005091141,254610.5665710793,44.37904233817169,0.49281080716917053,ok,offspring; n_jobs=4,2025-11-21T20:02:43.828743+00:00
1,279000.0,59.0,6.5,1.4000000000000001,42.35012633272119,0.4790486377849319,0.21649166456253835,115.08810976144568,27071761.087233014,307755.054787098,111891.55191250233,42.35012633272119,0.4790486377849319,ok,offspring; n_jobs=4,2025-11-21T20:02:43.828749+00:00
1,299000.0,184.0,3.0,3.3000000000000003,61.47696680575913,0.5407647862918675,0.09975380113533888,176.83879259228738,47539912.90419896,312922.7859696913,160787.16682198463,61.47696680575913,0.5407647862918675,ok,offspring; n_jobs=4,2025-11-21T20:02:43.828755+00:00
1,142500.0,184.0,5.5,2.1,45.56955272486652,0.6267290828151333,0.19193987451942543,129.7218949256721,40585965.90096156,239638.30920066615,309376.36734539067,45.56955272486652,0.6267290828151333,ok,offspring; n_jobs=4,2025-11-21T20:02:43.828759+00:00
1,129000.0,81.0,5.0,3.1,44.96957499009833,0.4416830313852912,0.22950979809772382,126.32665759698945,27258948.278089512,224063.36315529415,162850.97233822092,44.96957499009833,0.4416830313852912,ok,offspring; n_jobs=4,2025-11-21T20:02:43.828764+00:00
1,176500.0,109.0,12.5,2.6,40.915664939986385,0.6035610853587572,0.27471311617141775,118.99481522642283,35115238.898662165,266412.4389291548,262307.0718451165,40.915664939986385,0.6035610853587572,ok,offspring; n_jobs=4,2025-11-21T20:02:43.828768+00:00
1,56000.0,186.0,9.0,2.1,45.200351978537334,0.5532238468086187,0.23685448483477942,136.12498164343023,37582727.668787464,98702.86639395374,385921.2234103962,45.200351978537334,0.5532238468086187,ok,offspring; n_jobs=4,2025-11-21T20:02:43.828772+00:00
1,171500.0,151.0,6.0,1.1,40.21604340575221,0.5809820326411804,0.18570884801551776,114.11111320532295,33344387.71100564,263292.02479266777,245648.23580100626,40.21604340575221,0.5809820326411804,ok,offspring; n_jobs=4,2025-11-21T20:02:43.828777+00:00
1,298000.0,121.0,12.0,2.8000000000000003,44.030718383493344,0.7304700871128592,0.3087103839080352,122.50243317405486,43700656.96830859,312671.13778370357,327220.658527161,44.030718383493344,0.7304700871128592,ok,offspring; n_jobs=4,2025-11-21T20:02:43.828781+00:00
1,197500.0,56.0,5.0,1.2000000000000002,42.70287074072677,0.3976172474783044,0.17870304279409963,112.60410138952004,22046592.541097447,260648.14411792115,87664.56467307352,42.70287074072677,0.3976172474783044,ok,offspring; n_jobs=4,2025-11-21T20:02:43.828785+00:00
1,178500.0,70.0,16.0,4.1000000000000005,95.31125699480343,0.26755188202933977,0.0836604629576906,241.11555763118085,30781744.228235044,183074.85277204576,51300.59588565588,95.31125699480343,0.26755188202933977,ok,offspring; n_jobs=4,2025-11-21T20:02:43.828789+00:00
1,277500.0,147.0,8.0,3.2,46.53386907069057,0.6974144411032122,0.23575864317443201,129.78846475005813,44534822.22800277,307343.9304178343,303591.1199885796,46.53386907069057,0.6974144411032122,ok,offspring; n_jobs=4,2025-11-21T20:02:43.828793+00:00
1,268000.0,165.0,9.0,4.1000000000000005,87.31394679962379,0.39750407954568945,0.053686016938476855,232.92011742575326,45226145.68249096,270615.8047991495,77597.76888287444,87.31394679962379,0.39750407954568945,ok,offspring; n_jobs=4,2025-11-21T20:02:43.828796+00:00
1,52500.0,187.0,5.5,2.2,45.511413231809755,0.5352967071602321,0.22972598233451888,135.8326291487481,36442294.86394933,92601.18929054127,376318.7261818221,45.511413231809755,0.5352967071602321,ok,offspring; n_jobs=4,2025-11-21T20:02:43.828803+00:00
1,298000.0,80.0,5.0,1.3,45.3946179709763,0.49654967978493203,0.17452394650099443,124.85474842456041,30631658.037053384,312671.13778370357,122306.38170789689,45.3946179709763,0.49654967978493203,ok,offspring; n_jobs=4,2025-11-21T20:02:43.828807+00:00
1,174500.0,117.0,12.0,2.5,41.18496232219135,0.6206592692536427,0.27173946890887096,118.99019501145717,36165720.61095607,265186.3033921109,278511.21647408005,41.18496232219135,0.6206592692536427,ok,offspring; n_jobs=4,2025-11-21T20:02:43.828811+00:00
1,207500.0,168.0,6.5,3.5,48.11269083649193,0.6342727400628974,0.18511616226871425,136.05900174692363,42717639.967941836,283191.16660747677,272431.7536876214,48.11269083649193,0.6342727400628974,ok,offspring; n_jobs=4,2025-11-21T20:02:43.828815+00:00
1,237500.0,102.0,5.5,1.3,40.945962623314315,0.5270699003746699,0.18609683967703455,117.59491157955836,30811285.859164596,295431.98453998694,166281.24818822392,40.945962623314315,0.5270699003746699,ok,offspring; n_jobs=4,2025-11-21T20:02:43.828821+00:00
1,91000.0,63.0,10.0,1.1,46.701514682176935,0.2928438353845699,0.17411651209906434,125.98750980237627,18226504.961668067,160439.77909965155,96091.42069723163,46.701514682176935,0.2928438353845699,ok,offspring; n_jobs=4,2025-11-21T20:02:43.828825+00:00
1,241500.0,197.0,10.5,2.2,46.84451977552123,0.7655441349690968,0.21663239805076126,126.90947658001407,48235512.38812364,296769.8002687691,373846.8619641597,46.84451977552123,0.7655441349690968,ok,offspring; n_jobs=4,2025-11-21T20:02:43.828829+00:00
1,202000.0,118.0,7.5,1.7000000000000002,38.9715350098313,0.5994209613399063,0.23659470414109815,111.88137656156404,33265063.445747614,280529.5483571876,244563.21377657034,38.9715350098313,0.5994209613399063,ok,offspring; n_jobs=4,2025-11-21T20:02:43.828833+00:00
1,55500.0,92.0,9.0,1.9000000000000001,42.89675643858049,0.33727029876305054,0.2451459399574096,136.6318490561841,22825183.025428623,97880.76578595668,197568.01593047555,42.89675643858049,0.33727029876305054,ok,offspring; n_jobs=4,2025-11-21T20:02:43.828837+00:00
2,208000.0,115.0,6.0,1.2000000000000002,39.47847996056276,0.5459740006798548,0.1934196990574691,113.33032671252356,30877581.44890727,283422.2197650584,194851.00483049438,39.47847996056276,0.5459740006798548,ok,offspring; n_jobs=4,2025-11-21T20:10:14.404908+00:00
2,171500.0,150.0,6.0,1.1,40.17496612521173,0.5791954171111591,0.1857558299822736,114.03859592062608,33216647.83426848,263292.02479266777,244083.16059670752,40.17496612521173,0.5791954171111591,ok,offspring; n_jobs=4,2025-11-21T20:10:14.404942+00:00
2,136000.0,102.0,5.5,1.3,38.642996425083076,0.4669029651006319,0.19734453107835387,110.68468076858119,25812252.924075935,232675.71201902282,176331.28540913074,38.642996425083076,0.4669029651006319,ok,offspring; n_jobs=4,2025-11-21T20:10:14.404956+00:00
2,244000.0,184.0,5.5,2.1,48.23060988998098,0.6741978072477584,0.18178809541023777,135.86845868053013,45584998.83605023,297583.9554429986,293013.32370603766,48.23060988998098,0.6741978072477584,ok,offspring; n_jobs=4,2025-11-21T20:10:14.404971+00:00
2,150500.0,198.0,4.0,2.9000000000000004,52.79774362192391,0.5467011052559625,0.13357037030065433,152.74438615358832,41790306.28255693,247235.03232514422,231675.13587907894,52.79774362192391,0.5467011052559625,ok,offspring; n_jobs=4,2025-11-21T20:10:14.404981+00:00
2,238000.0,102.0,5.5,1.3,40.96374070434554,0.5272697632186673,0.18610942030468508,117.64763714456608,30836181.441510648,295595.8233489103,166292.4892306422,40.96374070434554,0.5272697632186673,ok,offspring; n_jobs=4,2025-11-21T20:10:14.404990+00:00
2,207500.0,123.0,6.5,3.4000000000000004,45.67065562954298,0.5851463498024907,0.21290143280571802,133.7225221811751,38366242.1059027,283191.16660747677,229397.03581950505,45.67065562954298,0.5851463498024907,ok,offspring; n_jobs=4,2025-11-21T20:10:14.404999+00:00
2,298000.0,166.0,12.0,2.9000000000000004,47.19383036019432,0.7633021683249377,0.24480219622939833,128.84036004398928,48427634.04752892,312671.13778370357,355981.56166894187,47.19383036019432,0.7633021683249377,ok,offspring; n_jobs=4,2025-11-21T20:10:14.405009+00:00
2,298000.0,84.0,12.0,1.2000000000000002,40.01322946749335,0.5823556917532514,0.2683632966298987,111.64242315493863,32024467.722664066,312671.13778370357,197472.44819214466,40.01322946749335,0.5823556917532514,ok,offspring; n_jobs=4,2025-11-21T20:10:14.405019+00:00
2,207500.0,118.0,7.5,1.7000000000000002,39.10415795567098,0.6026241123409989,0.23673434312673006,112.21180566111204,33535595.440574784,283191.16660747677,244707.55580323833,39.10415795567098,0.6026241123409989,ok,offspring; n_jobs=4,2025-11-21T20:10:14.405032+00:00
2,210000.0,188.0,7.5,1.7000000000000002,44.818352777141975,0.7420701955427917,0.22205199250312505,121.36310941350848,44835318.22999967,284360.5058819389,365692.98541354656,44.818352777141975,0.7420701955427917,ok,offspring; n_jobs=4,2025-11-21T20:10:14.405040+00:00
2,55500.0,89.0,9.0,2.1,43.71070097742706,0.3339833179259387,0.2497160493524776,138.85311972639872,22901892.31211267,97880.76578595668,194688.62071716564,43.71070097742706,0.3339833179259387,ok,offspring; n_jobs=4,2025-11-21T20:10:14.405048+00:00
2,203000.0,179.0,5.5,2.1,46.83153883608353,0.6521444362565427,0.1851067083808162,132.7958556520225,43107149.2498593,281023.8031512764,290254.723009455,46.83153883608353,0.6521444362565427,ok,offspring; n_jobs=4,2025-11-21T20:10:14.405058+00:00
2,137000.0,89.0,10.0,1.7000000000000002,38.277278225662855,0.4811940903674455,0.24078257189804955,109.05588052584312,25933480.215854608,233802.2988072869,187723.72435459535,38.277278225662855,0.4811940903674455,ok,offspring; n_jobs=4,2025-11-21T20:10:14.405067+00:00
2,235000.0,197.0,8.0,3.2,49.08320233250978,0.7124852552013321,0.1909802367779009,133.39856751957365,47208215.97300844,294558.6693440078,329578.4142123592,49.08320233250978,0.7124852552013321,ok,offspring; n_jobs=4,2025-11-21T20:10:14.405076+00:00
2,196000.0,68.0,10.5,2.1,38.45413660750693,0.5115541932100965,0.2864990322196245,105.11526407791207,26337673.2949623,277459.7297394586,170661.74351258593,38.45413660750693,0.5115541932100965,ok,offspring; n_jobs=4,2025-11-21T20:10:14.405084+00:00
2,298000.0,197.0,4.5,1.2000000000000002,49.03322103058026,0.657526214221078,0.15258664550098558,138.2671107204957,45685302.77819812,312671.13778370357,263321.82587396086,49.03322103058026,0.657526214221078,ok,offspring; n_jobs=4,2025-11-21T20:10:14.405092+00:00
2,240500.0,80.0,11.0,2.3000000000000003,39.34307194756422,0.5859401107164095,0.30941652121350677,108.93863846165523,31244776.147779446,296444.4389211492,216839.09806642556,39.34307194756422,0.5859401107164095,ok,offspring; n_jobs=4,2025-11-21T20:10:14.405101+00:00
2,274000.0,59.0,8.5,1.5,40.41461679438521,0.5076867313786848,0.26767540010817426,109.4781431988685,27254092.25368799,306388.22289581917,138345.35379190877,40.41461679438521,0.5076867313786848,ok,offspring; n_jobs=4,2025-11-21T20:10:14.405110+00:00
2,113500.0,115.0,6.5,3.2,44.17618527317739,0.508166038863588,0.24356212906325087,132.16197045468755,32910151.08645478,199788.96122618415,245364.48881831893,44.17618527317739,0.508166038863588,ok,offspring; n_jobs=4,2025-11-21T20:10:14.405119+00:00
2,117000.0,72.0,15.0,2.9000000000000004,43.632310502175564,0.4202223253712424,0.2572847227681327,125.23691889154837,25591275.400524125,205840.1366808917,162274.62034431665,43.632310502175564,0.4202223253712424,ok,offspring; n_jobs=4,2025-11-21T20:10:14.405127+00:00
2,168500.0,112.0,6.5,1.4000000000000001,38.25896692574869,0.5350034132498412,0.2113239345500327,110.12608438999733,29367369.513443902,261328.8513411328,207334.1386657281,38.25896692574869,0.5350034132498412,ok,offspring; n_jobs=4,2025-11-21T20:10:14.405136+00:00
2,202000.0,118.0,5.5,1.7000000000000002,41.31980604252813,0.549729128521848,0.19448298141393003,120.1871744773928,32829844.040740907,280529.5483571876,201033.1682279512,41.31980604252813,0.549729128521848,ok,offspring; n_jobs=4,2025-11-21T20:10:14.405144+00:00
2,142500.0,184.0,7.5,2.1,44.03848339452277,0.6799345796928001,0.2208559054312008,121.65608523267153,41206916.289911464,239638.30920066615,355984.3826102267,44.03848339452277,0.6799345796928001,ok,offspring; n_jobs=4,2025-11-21T20:10:14.405152+00:00
2,173500.0,152.0,12.0,2.8000000000000003,43.94867033174196,0.668960299391886,0.24141345299903644,124.06378993742527,40854068.08336885,264562.3813300151,321446.840937277,43.94867033174196,0.668960299391886,ok,offspring; n_jobs=4,2025-11-21T20:10:14.405161+00:00
2,294500.0,120.0,6.0,1.1,42.21656650686864,0.5865356258774811,0.1921657581717021,121.20106436766032,35404168.843024775,311800.56327858014,202004.64499009325,42.21656650686864,0.5865356258774811,ok,offspring; n_jobs=4,2025-11-21T20:10:14.405169+00:00
2,263000.0,149.0,5.5,2.3000000000000003,48.06351710730626,0.6289813983609323,0.18975225184684566,139.31661462989214,43275206.46716075,303315.4757635998,247672.22920057684,48.06351710730626,0.6289813983609323,ok,offspring; n_jobs=4,2025-11-21T20:10:14.405177+00:00
2,171500.0,75.0,6.0,1.1,39.596892087610634,0.4384377651369862,0.18383479066565012,107.4280275966275,23351600.942645036,263292.02479266777,120779.45746733213,39.596892087610634,0.4384377651369862,ok,offspring; n_jobs=4,2025-11-21T20:10:14.405184+00:00
2,174500.0,117.0,12.0,2.5,41.18496232219135,0.6206592692536427,0.27173946890887096,118.99019501145717,36165720.61095607,265186.3033921109,278511.21647408005,41.18496232219135,0.6206592692536427,ok,offspring; n_jobs=4,2025-11-21T20:10:14.405193+00:00
2,55500.0,187.0,9.0,2.1,45.23178955594297,0.5539648059887352,0.23648597432433235,136.17202173472214,37654386.39107264,97880.76578595668,387392.4042601753,45.23178955594297,0.5539648059887352,ok,offspring; n_jobs=4,2025-11-21T20:10:14.405201+00:00
2,212000.0,188.0,5.5,1.2000000000000002,43.784568818214176,0.6611014026015427,0.17842625407795917,122.00442552651545,40602586.42859445,285278.199363042,293846.6293159094,43.784568818214176,0.6611014026015427,ok,offspring; n_jobs=4,2025-11-21T20:10:14.405209+00:00
2,52000.0,169.0,6.0,2.2,44.630199433472114,0.5165190577918194,0.2436343257791399,135.45258254755362,34906317.690575704,91784.69336916394,360686.00125646987,44.630199433472114,0.5165190577918194,ok,offspring; n_jobs=4,2025-11-21T20:10:14.405216+00:00
2,207500.0,162.0,5.5,1.2000000000000002,42.23080228559859,0.6148181982285916,0.17996333998588526,119.65535799733632,36956985.61737688,283191.16660747677,255389.5750407695,42.23080228559859,0.6148181982285916,ok,offspring; n_jobs=4,2025-11-21T20:10:14.405223+00:00
2,207000.0,169.0,6.5,3.5,48.18882352015667,0.6348005662207392,0.18449230748090362,136.13940351191394,42787043.114366576,282955.50432233856,273129.79168702895,48.18882352015667,0.6348005662207392,ok,offspring; n_jobs=4,2025-11-21T20:10:14.405231+00:00
2,278000.0,146.0,8.0,3.2,46.47586347940061,0.6966338359456562,0.23673062891697175,129.7468928195743,44462212.11306402,307482.2351287447,302769.0051596502,46.47586347940061,0.6966338359456562,ok,offspring; n_jobs=4,2025-11-21T20:10:14.405238+00:00
2,298000.0,118.0,12.0,1.1,40.447930902206984,0.6444424044456339,0.24365413717076054,114.42979930899263,36542379.594717264,312671.13778370357,251860.40851067175,40.447930902206984,0.6444424044456339,ok,offspring; n_jobs=4,2025-11-21T20:10:14.405248+00:00
2,299000.0,184.0,3.0,3.3000000000000003,61.47696680575913,0.5407647862918675,0.09975380113533888,176.83879259228738,47539912.90419896,312922.7859696913,160787.16682198463,61.47696680575913,0.5407647862918675,ok,offspring; n_jobs=4,2025-11-21T20:10:14.405255+00:00
3,142000.0,109.0,7.5,2.1,38.87715609891895,0.5409412672646206,0.24583875752700607,113.7137341869726,30391199.28536043,239127.87088672115,234736.67923708647,38.87715609891895,0.5409412672646206,ok,offspring; n_jobs=4,2025-11-21T20:17:57.364750+00:00
3,177000.0,184.0,12.5,2.5,45.691439697568704,0.707222890660338,0.21888386345774283,126.74166774195214,44381869.744310744,266721.48574272793,352805.7664757282,45.691439697568704,0.707222890660338,ok,offspring; n_jobs=4,2025-11-21T20:17:57.364781+00:00
3,172000.0,184.0,6.0,1.3,42.33239756614602,0.6584045268873688,0.1942782844714984,117.6183849791661,38954991.70900284,263616.8555107951,313145.51004254,42.33239756614602,0.6584045268873688,ok,offspring; n_jobs=4,2025-11-21T20:17:57.364794+00:00
3,142000.0,75.0,7.5,1.1,39.94213328907181,0.4155281426288952,0.1900681614249483,107.38414640520233,22124144.086070254,239127.87088672115,124874.78205619103,39.94213328907181,0.4155281426288952,ok,offspring; n_jobs=4,2025-11-21T20:17:57.364805+00:00
3,263000.0,149.0,10.5,2.3000000000000003,44.30625648858141,0.7439097345511245,0.2668853633838875,121.6658622002928,44537023.220978126,303315.4757635998,348349.45170318533,44.30625648858141,0.7439097345511245,ok,offspring; n_jobs=4,2025-11-21T20:17:57.364815+00:00
3,241500.0,197.0,5.5,2.2,48.87639387871186,0.6864550558634618,0.17648565738800231,136.28391904038196,46657827.536287814,296769.8002687691,304564.82866762334,48.87639387871186,0.6864550558634618,ok,offspring; n_jobs=4,2025-11-21T20:17:57.364823+00:00
3,168500.0,112.0,6.5,1.4000000000000001,38.25896692574869,0.5350034132498412,0.2113239345500327,110.12608438999733,29367369.513443902,261328.8513411328,207334.1386657281,38.25896692574869,0.5350034132498412,ok,offspring; n_jobs=4,2025-11-21T20:17:57.364834+00:00
3,207500.0,85.0,7.5,1.7000000000000002,38.57456491897225,0.5279033322534973,0.24073617035534092,108.85890658678912,28368651.214918766,283191.16660747677,179252.15244658684,38.57456491897225,0.5279033322534973,ok,offspring; n_jobs=4,2025-11-21T20:17:57.364843+00:00
3,298000.0,86.0,12.0,1.7000000000000002,38.87598590329256,0.6397858595053417,0.328901554559541,107.17268361717021,33687026.35552175,312671.13778370357,247781.27514297582,38.87598590329256,0.6397858595053417,ok,offspring; n_jobs=4,2025-11-21T20:17:57.364852+00:00
3,207500.0,116.0,7.5,1.2000000000000002,38.17393920061982,0.577190598148138,0.21889052646265555,108.82762496306127,31307327.14717527,283191.16660747677,222427.79737029207,38.17393920061982,0.577190598148138,ok,offspring; n_jobs=4,2025-11-21T20:17:57.364862+00:00
3,298500.0,150.0,12.0,1.2000000000000002,41.73689891463623,0.7277455047353106,0.247113062263995,114.67243288389145,41481435.310527,312798.4983332427,324706.5638148894,41.73689891463623,0.7277455047353106,ok,offspring; n_jobs=4,2025-11-21T20:17:57.364871+00:00
3,169500.0,119.0,12.0,2.8000000000000003,42.44192599073376,0.6181771190946076,0.26814940631565765,122.99651368012992,37153079.7481145,261993.48920718214,279529.6671196942,42.44192599073376,0.6181771190946076,ok,offspring; n_jobs=4,2025-11-21T20:17:57.364879+00:00
3,207000.0,170.0,6.0,1.2000000000000002,41.96213329989272,0.6460754405016725,0.1900393376021532,117.46687965683952,38133875.442074776,282955.50432233856,283006.58155712654,41.96213329989272,0.6460754405016725,ok,offspring; n_jobs=4,2025-11-21T20:17:57.364887+00:00
3,298000.0,197.0,4.5,1.2000000000000002,49.03322103058026,0.657526214221078,0.15258664550098558,138.2671107204957,45685302.77819812,312671.13778370357,263321.82587396086,49.03322103058026,0.657526214221078,ok,offspring; n_jobs=4,2025-11-21T20:17:57.364895+00:00
3,235000.0,197.0,8.0,3.4000000000000004,49.80433456417886,0.7019881254056719,0.18565174449583988,135.4480446081538,47208009.85437505,294558.6693440078,320382.9285113608,49.80433456417886,0.7019881254056719,ok,offspring; n_jobs=4,2025-11-21T20:17:57.364903+00:00
3,118000.0,115.0,6.5,1.4000000000000001,38.179125405467204,0.4908187412607859,0.2204302642707087,111.28893240668678,27307356.588953678,207895.76911813646,222061.44822631194,38.179125405467204,0.4908187412607859,ok,offspring; n_jobs=4,2025-11-21T20:17:57.364912+00:00
3,212000.0,188.0,5.5,1.2000000000000002,43.784568818214176,0.6611014026015427,0.17842625407795917,122.00442552651545,40602586.42859445,285278.199363042,293846.6293159094,43.784568818214176,0.6611014026015427,ok,offspring; n_jobs=4,2025-11-21T20:17:57.364920+00:00
3,171500.0,75.0,6.0,1.1,39.596892087610634,0.4384377651369862,0.18383479066565012,107.4280275966275,23351600.942645036,263292.02479266777,120779.45746733213,39.596892087610634,0.4384377651369862,ok,offspring; n_jobs=4,2025-11-21T20:17:57.364929+00:00
3,203000.0,179.0,6.0,2.1,46.037925068913985,0.6730105052263828,0.1967637301516765,129.20611147435244,43262635.719709314,281023.8031512764,308533.39942703483,46.037925068913985,0.6730105052263828,ok,offspring; n_jobs=4,2025-11-21T20:17:57.364942+00:00
3,137000.0,89.0,10.0,1.7000000000000002,38.277278225662855,0.4811940903674455,0.24078257189804955,109.05588052584312,25933480.215854608,233802.2988072869,187723.72435459535,38.277278225662855,0.4811940903674455,ok,offspring; n_jobs=4,2025-11-21T20:17:57.364950+00:00
3,208000.0,115.0,6.0,1.2000000000000002,39.47847996056276,0.5459740006798548,0.1934196990574691,113.33032671252356,30877581.44890727,283422.2197650584,194851.00483049438,39.47847996056276,0.5459740006798548,ok,offspring; n_jobs=4,2025-11-21T20:17:57.364958+00:00
3,241500.0,197.0,8.0,3.2,49.20254123993059,0.7164131257104226,0.19169279944229717,133.58858649219331,47528539.13252773,296769.8002687691,330808.09785356105,49.20254123993059,0.7164131257104226,ok,offspring; n_jobs=4,2025-11-21T20:17:57.364966+00:00
3,288500.0,146.0,10.5,2.2,44.59744698627102,0.7575691452055612,0.276294862043762,122.07547450998963,45468678.6609311,310260.49444058165,353370.0767594899,44.59744698627102,0.7575691452055612,ok,offspring; n_jobs=4,2025-11-21T20:17:57.364974+00:00
3,298000.0,118.0,12.0,1.1,40.447930902206984,0.6444424044456339,0.24365413717076054,114.42979930899263,36542379.594717264,312671.13778370357,251860.40851067175,40.447930902206984,0.6444424044456339,ok,offspring; n_jobs=4,2025-11-21T20:17:57.364982+00:00
3,207500.0,162.0,5.5,1.2000000000000002,42.23080228559859,0.6148181982285916,0.17996333998588526,119.65535799733632,36956985.61737688,283191.16660747677,255389.5750407695,42.23080228559859,0.6148181982285916,ok,offspring; n_jobs=4,2025-11-21T20:17:57.364990+00:00
3,174500.0,117.0,12.0,2.5,41.18496232219135,0.6206592692536427,0.27173946890887096,118.99019501145717,36165720.61095607,265186.3033921109,278511.21647408005,41.18496232219135,0.6206592692536427,ok,offspring; n_jobs=4,2025-11-21T20:17:57.364999+00:00
3,298000.0,118.0,12.0,1.1,40.447930902206984,0.6444424044456339,0.24365413717076054,114.42979930899263,36542379.594717264,312671.13778370357,251860.40851067175,40.447930902206984,0.6444424044456339,ok,offspring; n_jobs=4,2025-11-21T20:17:57.365006+00:00
3,244000.0,188.0,7.5,1.7000000000000002,45.663732658462585,0.7590641298416406,0.22306192454719137,123.19243487345398,46509961.06914457,297583.9554429986,367356.22229827853,45.663732658462585,0.7590641298416406,ok,offspring; n_jobs=4,2025-11-21T20:17:57.365013+00:00
3,210000.0,184.0,5.5,2.1,47.2320776008311,0.6611262443388222,0.18288793190320957,133.3349048313402,43910355.99690533,284360.5058819389,294786.0841588693,47.2320776008311,0.6611262443388222,ok,offspring; n_jobs=4,2025-11-21T20:17:57.365020+00:00
3,252000.0,184.0,5.5,2.1,48.468247826779255,0.6770320171035904,0.18177648744521005,136.49864284550912,45978902.2722812,300085.4334590578,292994.61352368735,48.468247826779255,0.6770320171035904,ok,offspring; n_jobs=4,2025-11-21T20:17:57.365027+00:00
3,134500.0,184.0,5.5,2.1,45.41200649084859,0.6213594685929253,0.19443108224352848,129.5346955158859,40191509.22956735,230919.09888399363,313391.79560340894,45.41200649084859,0.6213594685929253,ok,offspring; n_jobs=4,2025-11-21T20:17:57.365034+00:00
3,118000.0,115.0,12.0,2.9000000000000004,43.60424592483277,0.5316170961207559,0.2559070945837261,131.71319077989048,34191054.3061729,207895.76911813646,257800.8070836457,43.60424592483277,0.5316170961207559,ok,offspring; n_jobs=4,2025-11-21T20:17:57.365041+00:00
3,298000.0,166.0,6.5,1.4000000000000001,44.5344977126767,0.7045365122055536,0.20940119856711872,123.56301705795049,43432705.229107305,312671.13778370357,304502.84690836136,44.5344977126767,0.7045365122055536,ok,offspring; n_jobs=4,2025-11-21T20:17:57.365048+00:00
3,278000.0,146.0,6.0,1.2000000000000002,42.76412073844059,0.6333813754904248,0.19340702586544337,121.49631874242776,38455389.274612434,307482.2351287447,247359.84980086747,42.76412073844059,0.6333813754904248,ok,offspring; n_jobs=4,2025-11-21T20:17:57.365055+00:00
3,207500.0,170.0,8.0,3.2,46.39920954970867,0.684487453386724,0.21247639172662738,127.9058250409865,43319564.754432194,283191.16660747677,316419.8425592935,46.39920954970867,0.684487453386724,ok,offspring; n_jobs=4,2025-11-21T20:17:57.365062+00:00
3,235000.0,180.0,5.5,3.2,50.17283296693524,0.6346491585678257,0.16577498323275464,142.39826039515435,44866152.975151286,294558.6693440078,261393.99356140752,50.17283296693524,0.6346491585678257,ok,offspring; n_jobs=4,2025-11-21T20:17:57.365070+00:00
3,203000.0,196.0,8.0,2.1,45.76271510465373,0.737177290898675,0.212435644206017,123.836288047693,45469224.622446395,281023.8031512764,364743.5036759629,45.76271510465373,0.737177290898675,ok,offspring; n_jobs=4,2025-11-21T20:17:57.365076+00:00
3,123000.0,101.0,11.0,2.3000000000000003,39.825676447091936,0.5025848591386475,0.25387118216104443,118.99717529488325,29392185.236893535,215649.26947664953,224615.06712880565,39.825676447091936,0.5025848591386475,ok,offspring; n_jobs=4,2025-11-21T20:17:57.365083+00:00
3,253500.0,81.0,5.5,1.3,42.08219824652142,0.4946070923097313,0.18708118779599395,117.14952414148,28664805.573091324,300530.48525079916,132745.32761252546,42.08219824652142,0.4946070923097313,ok,offspring; n_jobs=4,2025-11-21T20:17:57.365093+00:00
4,174500.0,184.0,12.0,2.5,45.59170635507127,0.7045313030602742,0.21837348501631015,126.42224860037236,44121868.587095425,265186.3033921109,351983.11808868934,45.59170635507127,0.7045313030602742,ok,offspring; n_jobs=4,2025-11-21T20:25:13.514113+00:00
4,177000.0,117.0,12.5,2.5,41.26785482966098,0.6235918863078366,0.27274812342713284,119.18653695941303,36384204.99012668,266721.48574272793,279545.006662937,41.26785482966098,0.6235918863078366,ok,offspring; n_jobs=4,2025-11-21T20:25:13.514145+00:00
4,243500.0,118.0,12.0,1.1,39.252193985688315,0.6106535068795355,0.2297644026451268,111.7028925406187,33858082.58264886,297429.6043002584,237502.86772621467,39.252193985688315,0.6106535068795355,ok,offspring; n_jobs=4,2025-11-21T20:25:13.514158+00:00
4,296000.0,188.0,10.5,2.2,47.54155995297641,0.7889995511260111,0.23012546680384993,128.0889087503416,50046445.71607194,312174.5780164613,378989.02876992436,47.54155995297641,0.7889995511260111,ok,offspring; n_jobs=4,2025-11-21T20:25:13.514169+00:00
4,203000.0,147.0,8.0,2.1,42.84345107080474,0.6845078043336905,0.24741794291075422,119.80598641341582,40486686.832216695,281023.8031512764,318605.03344503645,42.84345107080474,0.6845078043336905,ok,offspring; n_jobs=4,2025-11-21T20:25:13.514179+00:00
4,298500.0,199.0,12.0,1.2000000000000002,45.64594704947508,0.7901607587050958,0.2176305765657174,122.65443990993958,48356203.90529018,312798.4983332427,379382.3262924212,45.64594704947508,0.7901607587050958,ok,offspring; n_jobs=4,2025-11-21T20:25:13.514188+00:00
4,136500.0,85.0,12.5,1.7000000000000002,38.95400120469763,0.47008325200092027,0.2398027949291822,110.65354604611866,25640702.571699906,233235.7676485371,178557.16110426906,38.95400120469763,0.47008325200092027,ok,offspring; n_jobs=4,2025-11-21T20:25:13.514197+00:00
4,177500.0,188.0,10.0,2.5,45.71451872253805,0.7053745565635785,0.21305674408104244,125.91260376229015,44095752.58318849,267029.22085750755,350878.8906921872,45.71451872253805,0.7053745565635785,ok,offspring; n_jobs=4,2025-11-21T20:25:13.514207+00:00
4,137000.0,89.0,10.0,1.7000000000000002,38.277278225662855,0.4811940903674455,0.24078257189804955,109.05588052584312,25933480.215854608,233802.2988072869,187723.72435459535,38.277278225662855,0.4811940903674455,ok,offspring; n_jobs=4,2025-11-21T20:25:13.514220+00:00
4,207500.0,85.0,7.5,1.7000000000000002,38.57456491897225,0.5279033322534973,0.24073617035534092,108.85890658678912,28368651.214918766,283191.16660747677,179252.15244658684,38.57456491897225,0.5279033322534973,ok,offspring; n_jobs=4,2025-11-21T20:25:13.514230+00:00
4,238000.0,80.0,11.0,2.3000000000000003,39.28836498619315,0.584184532373185,0.3084329723316206,108.83277002386156,31121957.941538885,295595.8233489103,216149.82700999972,39.28836498619315,0.584184532373185,ok,offspring; n_jobs=4,2025-11-21T20:25:13.514239+00:00
4,265500.0,149.0,10.5,2.2,44.23104104880117,0.7473729589534475,0.2686656118177415,121.38392169525227,44643946.73836754,304025.60887423105,350673.10316898895,44.23104104880117,0.7473729589534475,ok,offspring; n_jobs=4,2025-11-21T20:25:13.514247+00:00
4,241500.0,197.0,12.0,2.1,46.81852373745488,0.7722457470240259,0.2200342315811821,127.05595987567428,48663080.629606724,296769.8002687691,379717.4741242776,46.81852373745488,0.7722457470240259,ok,offspring; n_jobs=4,2025-11-21T20:25:13.514256+00:00
4,298000.0,166.0,10.5,3.0,47.324071953287465,0.7573268034364736,0.24120257882670904,128.73887503390225,48052045.35874634,312671.13778370357,350747.1420266472,47.324071953287465,0.7573268034364736,ok,offspring; n_jobs=4,2025-11-21T20:25:13.514265+00:00
4,298000.0,121.0,12.0,2.8000000000000003,44.030718383493344,0.7304700871128592,0.3087103839080352,122.50243317405486,43700656.96830859,312671.13778370357,327220.658527161,44.030718383493344,0.7304700871128592,ok,offspring; n_jobs=4,2025-11-21T20:25:13.514274+00:00
4,298000.0,118.0,12.0,1.1,40.447930902206984,0.6444424044456339,0.24365413717076054,114.42979930899263,36542379.594717264,312671.13778370357,251860.40851067175,40.447930902206984,0.6444424044456339,ok,offspring; n_jobs=4,2025-11-21T20:25:13.514283+00:00
4,299000.0,116.0,12.0,1.2000000000000002,39.71132626619754,0.6645412272818022,0.2649339957577227,111.56175899335852,36705767.10819481,312922.7859696913,269215.3291291675,39.71132626619754,0.6645412272818022,ok,offspring; n_jobs=4,2025-11-21T20:25:13.514291+00:00
4,204000.0,166.0,7.5,2.9000000000000004,45.64398994801873,0.67979592627464,0.2159234285337311,126.64368034445106,42610259.4572157,281514.01857997425,313987.2128366104,45.64398994801873,0.67979592627464,ok,offspring; n_jobs=4,2025-11-21T20:25:13.514299+00:00
4,298000.0,119.0,13.0,2.8000000000000003,43.97605715979688,0.7294799850367757,0.3130667751702851,122.71013552375149,43674144.41499802,312671.13778370357,326353.32910851197,43.97605715979688,0.7294799850367757,ok,offspring; n_jobs=4,2025-11-21T20:25:13.514307+00:00
4,244000.0,188.0,7.5,1.7000000000000002,45.663732658462585,0.7590641298416406,0.22306192454719137,123.19243487345398,46509961.06914457,297583.9554429986,367356.22229827853,45.663732658462585,0.7590641298416406,ok,offspring; n_jobs=4,2025-11-21T20:25:13.514315+00:00
4,298000.0,198.0,12.0,1.2000000000000002,45.53862379961924,0.7889465906463061,0.21818993336473214,122.42384969971577,48189155.395842046,312671.13778370357,378446.0756224606,45.53862379961924,0.7889465906463061,ok,offspring; n_jobs=4,2025-11-21T20:25:13.514324+00:00
4,210000.0,117.0,7.5,1.7000000000000002,39.1021401310948,0.6018332695771805,0.23694087174381534,112.26764375743984,33501971.76859535,284360.5058819389,242845.4382676712,39.1021401310948,0.6018332695771805,ok,offspring; n_jobs=4,2025-11-21T20:25:13.514332+00:00
4,263000.0,149.0,10.5,1.2000000000000002,40.61128545141427,0.7058624163879423,0.2413502505226913,111.5950013465669,39240171.644757256,303315.4757635998,315020.0009922376,40.61128545141427,0.7058624163879423,ok,offspring; n_jobs=4,2025-11-21T20:25:13.514340+00:00
4,278000.0,146.0,6.0,2.3000000000000003,47.61770472668512,0.64905671012922,0.2041435564399606,137.0069723792829,43857991.33546414,307482.2351287447,261091.442944452,47.61770472668512,0.64905671012922,ok,offspring; n_jobs=4,2025-11-21T20:25:13.514353+00:00
4,296500.0,85.0,7.5,1.7000000000000002,41.193818091135796,0.5680106349881968,0.24882390861318995,117.07693990306159,32752486.64847814,312303.03389627923,185274.28235338125,41.193818091135796,0.5680106349881968,ok,offspring; n_jobs=4,2025-11-21T20:25:13.514362+00:00
4,185000.0,119.0,12.0,1.7000000000000002,38.31845833099699,0.619038454824296,0.2598244951538068,109.40147568660507,33493836.043969806,271426.2396979489,270851.44672813435,38.31845833099699,0.619038454824296,ok,offspring; n_jobs=4,2025-11-21T20:25:13.514370+00:00
4,212000.0,187.0,5.5,1.2000000000000002,43.72367661198235,0.6594356134156253,0.17848960881317957,121.92674287790396,40471383.2434014,285278.199363042,292387.3979890457,43.72367661198235,0.6594356134156253,ok,offspring; n_jobs=4,2025-11-21T20:25:13.514377+00:00
4,105000.0,119.0,6.5,1.4000000000000001,38.46243530335711,0.4793376744606138,0.22559195783478442,113.51285904386705,27236818.39712672,184733.72230220505,235166.08052529267,38.46243530335711,0.4793376744606138,ok,offspring; n_jobs=4,2025-11-21T20:25:13.514385+00:00
4,113500.0,115.0,6.5,1.6,38.377522471223095,0.49481669054590277,0.23195400009135067,112.82133787410154,27841541.71411785,199788.96122618415,233670.45969202666,38.377522471223095,0.49481669054590277,ok,offspring; n_jobs=4,2025-11-21T20:25:13.514392+00:00
4,168500.0,112.0,6.5,1.4000000000000001,38.25896692574869,0.5350034132498412,0.2113239345500327,110.12608438999733,29367369.513443902,261328.8513411328,207334.1386657281,38.25896692574869,0.5350034132498412,ok,offspring; n_jobs=4,2025-11-21T20:25:13.514400+00:00
4,293000.0,109.0,7.5,2.1,42.292322251002126,0.6264932188814919,0.24862026256206363,122.64857732643895,37828339.584873155,311415.488235426,237392.57150476082,42.292322251002126,0.6264932188814919,ok,offspring; n_jobs=4,2025-11-21T20:25:13.514406+00:00
4,145000.0,150.0,11.5,1.2000000000000002,39.59389296064074,0.5976340596962535,0.2141772774885222,113.12095851098522,33803924.02070682,242098.49367399994,281428.94261991815,39.59389296064074,0.5976340596962535,ok,offspring; n_jobs=4,2025-11-21T20:25:13.514413+00:00
4,298000.0,116.0,12.0,1.1,40.384282783622076,0.6398170386311449,0.24386768624742106,114.41851785267734,36266145.90258014,312671.13778370357,247808.58805717938,40.384282783622076,0.6398170386311449,ok,offspring; n_jobs=4,2025-11-21T20:25:13.514420+00:00
4,298000.0,168.0,6.5,1.4000000000000001,44.65705617970857,0.7085130512928625,0.20927531470757502,123.6622482185446,43719456.049901836,312671.13778370357,307986.295148844,44.65705617970857,0.7085130512928625,ok,offspring; n_jobs=4,2025-11-21T20:25:13.514426+00:00
4,118000.0,115.0,6.5,1.4000000000000001,38.179125405467204,0.4908187412607859,0.2204302642707087,111.28893240668678,27307356.588953678,207895.76911813646,222061.44822631194,38.179125405467204,0.4908187412607859,ok,offspring; n_jobs=4,2025-11-21T20:25:13.514434+00:00
5,235000.0,197.0,10.5,2.2,46.70456755274738,0.7619491029295253,0.21608878892419187,126.64192491518557,47915189.22860434,294558.6693440078,372908.7448222564,46.70456755274738,0.7619491029295253,ok,offspring; n_jobs=4,2025-11-21T20:33:25.554199+00:00
5,241500.0,197.0,12.0,2.1,46.81852373745488,0.7722457470240259,0.2200342315811821,127.05595987567428,48663080.629606724,296769.8002687691,379717.4741242776,46.81852373745488,0.7722457470240259,ok,offspring; n_jobs=4,2025-11-21T20:33:25.554274+00:00
5,176000.0,184.0,12.0,1.1,41.97779463095382,0.6764663979802796,0.20254844861002747,116.60560279558128,39532046.6542463,266108.87322313833,326475.6914075867,41.97779463095382,0.6764663979802796,ok,offspring; n_jobs=4,2025-11-21T20:33:25.554307+00:00
5,293000.0,116.0,6.0,1.3,42.28689544379766,0.5864460829737117,0.1990939226593701,122.0687882907126,35580823.31617611,311415.488235426,202311.2804495455,42.28689544379766,0.5864460829737117,ok,offspring; n_jobs=4,2025-11-21T20:33:25.554332+00:00
5,298000.0,123.0,12.0,2.8000000000000003,44.13401745301021,0.7328147507192639,0.30559693344319305,122.66550586534196,43918378.60789924,312671.13778370357,329274.5838463716,44.13401745301021,0.7328147507192639,ok,offspring; n_jobs=4,2025-11-21T20:33:25.554356+00:00
5,263000.0,149.0,10.5,1.2000000000000002,40.61128545141427,0.7058624163879423,0.2413502505226913,111.5950013465669,39240171.644757256,303315.4757635998,315020.0009922376,40.61128545141427,0.7058624163879423,ok,offspring; n_jobs=4,2025-11-21T20:33:25.554380+00:00
5,299500.0,120.0,10.5,1.2000000000000002,39.759075338117995,0.6730813969603432,0.2630992852769116,110.86147141205653,37001989.32954638,313049.3350541712,276569.9686830895,39.759075338117995,0.6730813969603432,ok,offspring; n_jobs=4,2025-11-21T20:33:25.554407+00:00
5,197500.0,167.0,7.5,2.2,44.17690438914619,0.7006817592288862,0.2293703086329234,121.82851914484755,42312024.34731643,278246.809179228,335550.4119052763,44.17690438914619,0.7006817592288862,ok,offspring; n_jobs=4,2025-11-21T20:33:25.554428+00:00
5,265500.0,149.0,9.5,2.1,44.1078369102188,0.7451654549580874,0.2671840655121307,120.8006847978388,44337701.26346261,304025.60887423105,348739.3296690535,44.1078369102188,0.7451654549580874,ok,offspring; n_jobs=4,2025-11-21T20:33:25.554451+00:00
5,298000.0,86.0,13.0,2.8000000000000003,41.572089151362626,0.661224806934804,0.3538305631984507,114.81688323316867,36983128.46049458,312671.13778370357,266561.7930911848,41.572089151362626,0.661224806934804,ok,offspring; n_jobs=4,2025-11-21T20:33:25.554473+00:00
5,185000.0,116.0,6.0,1.7000000000000002,40.00324224931983,0.5514182379895417,0.2082508037916171,116.04774251234495,31794449.102129333,271426.2396979489,211616.13678088962,40.00324224931983,0.5514182379895417,ok,offspring; n_jobs=4,2025-11-21T20:33:25.554495+00:00
5,202000.0,118.0,12.0,1.7000000000000002,38.31768721629341,0.6358763843258833,0.26748913040040073,108.71314153921045,34169129.20507782,280529.5483571876,276498.16431228624,38.31768721629341,0.6358763843258833,ok,offspring; n_jobs=4,2025-11-21T20:33:25.554518+00:00
5,172000.0,183.0,6.0,1.2000000000000002,41.96776575253568,0.6489974622027292,0.19019944193602048,116.60940567261179,38131279.397604145,263616.8555107951,304904.9213787957,41.96776575253568,0.6489974622027292,ok,offspring; n_jobs=4,2025-11-21T20:33:25.554545+00:00
5,207500.0,117.0,7.5,1.3,38.25050047401719,0.5853842331866338,0.2240227741326293,109.17573099108898,31829201.53959014,283191.16660747677,229605.42166401443,38.25050047401719,0.5853842331866338,ok,offspring; n_jobs=4,2025-11-21T20:33:25.554572+00:00
5,263000.0,188.0,7.5,2.3000000000000003,47.136608643490554,0.7526707594919124,0.21618096616105328,127.18023796032692,47545067.58248346,303315.4757635998,356024.1095513154,47.136608643490554,0.7526707594919124,ok,offspring; n_jobs=4,2025-11-21T20:33:25.554597+00:00
5,244000.0,149.0,10.5,1.7000000000000002,41.464195529209555,0.7267263062273207,0.25974402317744966,113.83074384943495,40981487.91597894,297583.9554429986,339028.2888121344,41.464195529209555,0.7267263062273207,ok,offspring; n_jobs=4,2025-11-21T20:33:25.554622+00:00
5,297000.0,119.0,6.5,1.1,41.58886207476518,0.5984829677433714,0.20321800034119608,119.20869436847101,35507578.392348,312428.50746751693,211842.57227567644,41.58886207476518,0.5984829677433714,ok,offspring; n_jobs=4,2025-11-21T20:33:25.554663+00:00
5,116500.0,199.0,12.0,1.2000000000000002,42.86722766005544,0.6475558723528025,0.20777018052986038,121.138679370715,39392134.55521918,205065.6546741812,362193.2895068738,42.86722766005544,0.6475558723528025,ok,offspring; n_jobs=4,2025-11-21T20:33:25.554688+00:00
5,118000.0,111.0,6.5,1.2000000000000002,38.37565140719164,0.4667532997419098,0.20669311927246756,111.28971769278225,26012711.84262138,207895.76911813646,200980.12145577656,38.37565140719164,0.4667532997419098,ok,offspring; n_jobs=4,2025-11-21T20:33:25.554713+00:00
5,298000.0,199.0,12.0,1.4000000000000001,46.49964676442221,0.8052624774100174,0.22529243961099543,124.64435893843479,49931565.38406983,312671.13778370357,392738.79242747166,46.49964676442221,0.8052624774100174,ok,offspring; n_jobs=4,2025-11-21T20:33:25.554738+00:00
5,298000.0,117.0,12.0,1.2000000000000002,39.719074223766725,0.6663271360800456,0.26444154999650354,111.52407552484584,36798054.11984191,312671.13778370357,271031.4334224164,39.719074223766725,0.6663271360800456,ok,offspring; n_jobs=4,2025-11-21T20:33:25.554764+00:00
5,296000.0,181.0,10.5,2.2,47.07442490507152,0.7853144794689686,0.23698939554375437,127.06538237021876,49359988.53591722,312174.5780164613,375760.9059983552,47.07442490507152,0.7853144794689686,ok,offspring; n_jobs=4,2025-11-21T20:33:25.554790+00:00
5,299000.0,115.0,13.0,2.8000000000000003,43.73985398116422,0.7260026293288915,0.32068246706612835,122.29505621096125,43281553.06311773,312922.7859696913,323055.5173224177,43.73985398116422,0.7260026293288915,ok,offspring; n_jobs=4,2025-11-21T20:33:25.554953+00:00
5,118000.0,119.0,6.5,1.4000000000000001,38.25171838033127,0.4994617257490116,0.2202838557979334,111.5802386781421,27876911.48100206,207895.76911813646,229632.7026379977,38.25171838033127,0.4994617257490116,ok,offspring; n_jobs=4,2025-11-21T20:33:25.554983+00:00
5,140500.0,109.0,7.5,1.7000000000000002,37.70642464227576,0.5295228874614109,0.2369740027742869,109.6262325355033,28828045.068616584,237589.7926071958,226272.2568090001,37.70642464227576,0.5295228874614109,ok,offspring; n_jobs=4,2025-11-21T20:33:25.554993+00:00
5,186500.0,119.0,12.0,2.1,39.5910634260038,0.6332640437289653,0.270949887698665,113.15218327130107,35266128.57685204,272290.30137397733,282449.00093259633,39.5910634260038,0.6332640437289653,ok,offspring; n_jobs=4,2025-11-21T20:33:25.555001+00:00
5,298000.0,145.0,12.0,1.2000000000000002,41.37950229504111,0.7196869648247253,0.2501768567176474,113.98384360233119,40755692.46267875,312671.13778370357,317774.6434027557,41.37950229504111,0.7196869648247253,ok,offspring; n_jobs=4,2025-11-21T20:33:25.555008+00:00
5,202000.0,200.0,8.0,2.1,46.02818929186255,0.7385036498821985,0.20913221971439402,124.40998743376619,45793523.9099207,280529.5483571876,366399.6489396183,46.02818929186255,0.7385036498821985,ok,offspring; n_jobs=4,2025-11-21T20:33:25.555016+00:00
5,298000.0,150.0,12.0,1.2000000000000002,41.72142341535941,0.72749931646441,0.247045862586849,114.64071815763496,41456539.728180945,312671.13778370357,324618.26343911956,41.72142341535941,0.72749931646441,ok,offspring; n_jobs=4,2025-11-21T20:33:25.555024+00:00
5,298500.0,198.0,12.0,1.2000000000000002,45.55349519999935,0.7891658630438402,0.21822724833561719,122.45484353732525,48214050.9781881,312798.4983332427,378510.7976931613,45.55349519999935,0.7891658630438402,ok,offspring; n_jobs=4,2025-11-21T20:33:25.555032+00:00
5,298500.0,150.0,12.0,2.2,45.15733341288315,0.769858990730691,0.27518871959424845,123.48680614558761,46725881.6216404,312798.4983332427,361597.9775468425,45.15733341288315,0.769858990730691,ok,offspring; n_jobs=4,2025-11-21T20:33:25.555039+00:00
5,288500.0,146.0,10.5,1.2000000000000002,41.038047333280765,0.7148953859071193,0.24706625978455535,112.67537957028077,40081464.999965206,310260.49444058165,315987.8636140549,41.038047333280765,0.7148953859071193,ok,offspring; n_jobs=4,2025-11-21T20:33:25.555046+00:00
5,268500.0,149.0,11.5,2.6,44.84360392380599,0.7429086054527262,0.26502378114454755,123.461918554275,45084060.30571476,304868.29827547894,345919.6401011092,44.84360392380599,0.7429086054527262,ok,offspring; n_jobs=4,2025-11-21T20:33:25.555054+00:00
5,288500.0,146.0,10.5,2.2,44.59744698627102,0.7575691452055612,0.276294862043762,122.07547450998963,45468678.6609311,310260.49444058165,353370.0767594899,44.59744698627102,0.7575691452055612,ok,offspring; n_jobs=4,2025-11-21T20:33:25.555063+00:00
5,244000.0,115.0,7.5,1.2000000000000002,38.92711657678251,0.596622082933866,0.22340380107908278,111.0478141951,32967908.789773773,297583.9554429986,225056.989207068,38.92711657678251,0.596622082933866,ok,offspring; n_jobs=4,2025-11-21T20:33:25.555071+00:00
5,299000.0,189.0,12.0,1.7000000000000002,47.151187164562344,0.8055829536042232,0.23723024412771387,126.9575437884701,50630830.022107586,312922.7859696913,392767.8813876082,47.151187164562344,0.8055829536042232,ok,offspring; n_jobs=4,2025-11-21T20:33:25.555079+00:00
5,207500.0,116.0,7.5,1.2000000000000002,38.17393920061982,0.577190598148138,0.21889052646265555,108.82762496306127,31307327.14717527,283191.16660747677,222427.79737029207,38.17393920061982,0.577190598148138,ok,offspring; n_jobs=4,2025-11-21T20:33:25.555087+00:00
5,168500.0,112.0,6.5,1.4000000000000001,38.25896692574869,0.5350034132498412,0.2113239345500327,110.12608438999733,29367369.513443902,261328.8513411328,207334.1386657281,38.25896692574869,0.5350034132498412,ok,offspring; n_jobs=4,2025-11-21T20:33:25.555094+00:00
5,199500.0,117.0,12.0,1.2000000000000002,38.021303853202134,0.5932110044647796,0.2345371136666648,108.41704746463375,31946734.97333987,279271.0613719089,240381.7785392381,38.021303853202134,0.5932110044647796,ok,offspring; n_jobs=4,2025-11-21T20:33:25.555110+00:00
5,300000.0,114.0,4.5,1.7000000000000002,47.401836217967286,0.542299640195063,0.16210225410851326,137.01078493469836,36818944.986876175,313172.6897679495,161881.7950429257,47.401836217967286,0.542299640195063,ok,offspring; n_jobs=4,2025-11-21T20:33:25.555117+00:00
6,298000.0,119.0,13.0,2.8000000000000003,43.97605715979688,0.7294799850367757,0.3130667751702851,122.71013552375149,43674144.41499802,312671.13778370357,326353.32910851197,43.97605715979688,0.7294799850367757,ok,offspring; n_jobs=4,2025-11-21T20:41:06.509874+00:00
6,298000.0,199.0,12.0,1.4000000000000001,46.49964676442221,0.8052624774100174,0.22529243961099543,124.64435893843479,49931565.38406983,312671.13778370357,392738.79242747166,46.49964676442221,0.8052624774100174,ok,offspring; n_jobs=4,2025-11-21T20:41:06.509913+00:00
6,203000.0,148.0,10.5,2.1,42.670343502239724,0.7054292098997724,0.25988228489519644,118.79870255440117,41295066.64957394,281023.8031512764,336932.18472092424,42.670343502239724,0.7054292098997724,ok,offspring; n_jobs=4,2025-11-21T20:41:06.509927+00:00
6,296000.0,187.0,8.0,2.2,47.61748340875669,0.7759635601228251,0.22438496608986738,127.85111943070952,49216048.10304614,312174.5780164613,367569.50065113354,47.61748340875669,0.7759635601228251,ok,offspring; n_jobs=4,2025-11-21T20:41:06.509940+00:00
6,202000.0,147.0,7.5,2.1,43.11150671671653,0.6717369800721368,0.23911412899233078,121.50738903958172,40312330.123440996,280529.5483571876,307912.0461860042,43.11150671671653,0.6717369800721368,ok,offspring; n_jobs=4,2025-11-21T20:41:06.509952+00:00
6,298000.0,86.0,11.5,1.7000000000000002,38.970181797831295,0.6350989635082511,0.32345167549315657,107.69407322236673,33612052.483410425,312671.13778370357,243675.55424952443,38.970181797831295,0.6350989635082511,ok,offspring; n_jobs=4,2025-11-21T20:41:06.509964+00:00
6,292000.0,199.0,12.0,1.4000000000000001,46.32624709022515,0.8026782911234285,0.22486256935457857,124.28718384613467,49636137.8068966,311156.7576224478,391989.4254016756,46.32624709022515,0.8026782911234285,ok,offspring; n_jobs=4,2025-11-21T20:41:06.509975+00:00
6,144500.0,109.0,7.5,1.6,37.51968804841686,0.5301682144391772,0.2333461100559141,108.76486505845888,28666414.41857704,241619.15612293017,222808.19972578902,37.51968804841686,0.5301682144391772,ok,offspring; n_jobs=4,2025-11-21T20:41:06.509985+00:00
6,172000.0,109.0,7.5,1.7000000000000002,37.8890810373654,0.5587674235699166,0.23654581661477506,109.60977959960135,30379316.46635769,263616.8555107951,225863.40753645182,37.8890810373654,0.5587674235699166,ok,offspring; n_jobs=4,2025-11-21T20:41:06.510003+00:00
6,265000.0,153.0,10.5,2.2,44.452999075398694,0.7507633608501172,0.2639655749871944,121.78003928746135,45028280.72263308,303880.9232608658,353787.78084383695,44.452999075398694,0.7507633608501172,ok,offspring; n_jobs=4,2025-11-21T20:41:06.510013+00:00
6,299000.0,189.0,12.0,1.7000000000000002,47.151187164562344,0.8055829536042232,0.23723024412771387,126.9575437884701,50630830.022107586,312922.7859696913,392767.8813876082,47.151187164562344,0.8055829536042232,ok,offspring; n_jobs=4,2025-11-21T20:41:06.510026+00:00
6,299000.0,115.0,13.0,2.8000000000000003,43.73985398116422,0.7260026293288915,0.32068246706612835,122.29505621096125,43281553.06311773,312922.7859696913,323055.5173224177,43.73985398116422,0.7260026293288915,ok,offspring; n_jobs=4,2025-11-21T20:41:06.510037+00:00
6,298000.0,150.0,7.5,1.2000000000000002,42.09406648861886,0.6951049466717584,0.2254496160584146,116.38553551618028,40361153.131716415,312671.13778370357,296240.79550075677,42.09406648861886,0.6951049466717584,ok,offspring; n_jobs=4,2025-11-21T20:41:06.510047+00:00
6,244000.0,188.0,12.0,1.7000000000000002,45.654167158811795,0.7786020487545808,0.23345443460726598,123.9490590551955,47822223.49742802,297583.9554429986,384471.4392660142,45.654167158811795,0.7786020487545808,ok,offspring; n_jobs=4,2025-11-21T20:41:06.510057+00:00
6,296000.0,118.0,12.0,1.7000000000000002,39.830760562385386,0.7137869123154876,0.30290104981416477,110.2125571287635,38798601.05111831,312174.5780164613,313102.75717190583,39.830760562385386,0.7137869123154876,ok,offspring; n_jobs=4,2025-11-21T20:41:06.510067+00:00
6,205000.0,111.0,13.0,2.8000000000000003,42.218946964745285,0.6430245513776597,0.28929343791817325,121.41576105753583,38054576.51357405,281992.1397127148,281297.36729411496,42.218946964745285,0.6430245513776597,ok,offspring; n_jobs=4,2025-11-21T20:41:06.510078+00:00
6,298000.0,188.0,10.0,2.2,47.58710027583131,0.7880577100889857,0.22932297207704747,128.0821830155867,50000875.068397574,312671.13778370357,377667.41625424795,47.58710027583131,0.7880577100889857,ok,offspring; n_jobs=4,2025-11-21T20:41:06.510088+00:00
6,182000.0,120.0,12.0,1.7000000000000002,38.374801260012894,0.6180087782688076,0.2584515157524684,109.61221321213546,33508523.451253194,269691.45640448073,271684.23335899477,38.374801260012894,0.6180087782688076,ok,offspring; n_jobs=4,2025-11-21T20:41:06.510099+00:00
6,263000.0,149.0,10.5,1.7000000000000002,41.89824145201096,0.7388979453878771,0.2635217464958019,114.56475981722828,41917008.577027515,303315.4757635998,343959.1243961805,41.89824145201096,0.7388979453878771,ok,offspring; n_jobs=4,2025-11-21T20:41:06.510110+00:00
6,185000.0,110.0,12.0,2.3000000000000003,39.634682229162806,0.6123891101485878,0.2750380041430198,114.30317067046455,34354022.060296066,271426.2396979489,265026.6207922139,39.634682229162806,0.6123891101485878,ok,offspring; n_jobs=4,2025-11-21T20:41:06.510120+00:00
6,298500.0,199.0,12.0,1.2000000000000002,45.64594704947508,0.7901607587050958,0.2176305765657174,122.65443990993958,48356203.90529018,312798.4983332427,379382.3262924212,45.64594704947508,0.7901607587050958,ok,offspring; n_jobs=4,2025-11-21T20:41:06.510131+00:00
6,207500.0,117.0,7.5,1.3,38.25050047401719,0.5853842331866338,0.2240227741326293,109.17573099108898,31829201.53959014,283191.16660747677,229605.42166401443,38.25050047401719,0.5853842331866338,ok,offspring; n_jobs=4,2025-11-21T20:41:06.510142+00:00
6,289500.0,117.0,13.5,1.2000000000000002,39.71965930662074,0.6614415639679061,0.262371643591369,112.02021396009653,36662354.51788115,310512.86508621986,268909.9449496659,39.71965930662074,0.6614415639679061,ok,offspring; n_jobs=4,2025-11-21T20:41:06.510153+00:00
6,201500.0,117.0,12.5,1.2000000000000002,38.114722997732834,0.5951567483182113,0.2352104802760464,108.7684417285717,32140323.770164426,280285.38608222763,241071.9254445255,38.114722997732834,0.5951567483182113,ok,offspring; n_jobs=4,2025-11-21T20:41:06.510163+00:00
6,209000.0,146.0,12.0,1.2000000000000002,39.59669618810043,0.6629551360203543,0.23210737404933227,110.52631471445423,36512766.03269675,283892.6520396963,296856.047114134,39.59669618810043,0.6629551360203543,ok,offspring; n_jobs=4,2025-11-21T20:41:06.510173+00:00
6,279000.0,117.0,10.5,1.2000000000000002,39.086813810979194,0.6546617030226886,0.25926764729030277,109.55412861920793,35572246.416890785,307755.054787098,265728.59706077713,39.086813810979194,0.6546617030226886,ok,offspring; n_jobs=4,2025-11-21T20:41:06.510183+00:00
6,287000.0,102.0,7.5,1.1,40.03992445291467,0.5796433291527593,0.22148461592747817,114.64056560296218,32962162.558857765,309866.62231429684,197900.9340235203,40.03992445291467,0.5796433291527593,ok,offspring; n_jobs=4,2025-11-21T20:41:06.510193+00:00
6,208000.0,149.0,12.0,2.2,43.192903755658996,0.7107668213920331,0.259882868878032,120.55597818637737,42164167.26165025,283422.2197650584,339209.51577436255,43.192903755658996,0.7107668213920331,ok,offspring; n_jobs=4,2025-11-21T20:41:06.510203+00:00
6,186500.0,119.0,12.0,2.1,39.5910634260038,0.6332640437289653,0.270949887698665,113.15218327130107,35266128.57685204,272290.30137397733,282449.00093259633,39.5910634260038,0.6332640437289653,ok,offspring; n_jobs=4,2025-11-21T20:41:06.510213+00:00
6,300000.0,198.0,12.0,1.4000000000000001,46.45250053699692,0.8052070073287827,0.22611309940273985,124.52273688980807,49875170.712595895,313172.6897679495,392188.6486520642,46.45250053699692,0.8052070073287827,ok,offspring; n_jobs=4,2025-11-21T20:41:06.510223+00:00
6,298000.0,145.0,12.0,1.2000000000000002,41.37950229504111,0.7196869648247253,0.2501768567176474,113.98384360233119,40755692.46267875,312671.13778370357,317774.6434027557,41.37950229504111,0.7196869648247253,ok,offspring; n_jobs=4,2025-11-21T20:41:06.510233+00:00
6,299000.0,115.0,13.0,2.8000000000000003,43.73985398116422,0.7260026293288915,0.32068246706612835,122.29505621096125,43281553.06311773,312922.7859696913,323055.5173224177,43.73985398116422,0.7260026293288915,ok,offspring; n_jobs=4,2025-11-21T20:41:06.510243+00:00
6,265500.0,149.0,10.5,2.2,44.23104104880117,0.7473729589534475,0.2686656118177415,121.38392169525227,44643946.73836754,304025.60887423105,350673.10316898895,44.23104104880117,0.7473729589534475,ok,offspring; n_jobs=4,2025-11-21T20:41:06.510252+00:00
6,207500.0,116.0,7.5,1.2000000000000002,38.17393920061982,0.577190598148138,0.21889052646265555,108.82762496306127,31307327.14717527,283191.16660747677,222427.79737029207,38.17393920061982,0.577190598148138,ok,offspring; n_jobs=4,2025-11-21T20:41:06.510262+00:00
6,263000.0,188.0,12.0,2.3000000000000003,46.99567546442561,0.7732108927841397,0.2271065689760678,127.67652416765439,48857330.01076692,303315.4757635998,374017.26631530654,46.99567546442561,0.7732108927841397,ok,offspring; n_jobs=4,2025-11-21T20:41:06.510272+00:00
6,299000.0,150.0,10.5,1.7000000000000002,42.885020026654566,0.760900738493081,0.2691219641934914,116.4908423152989,43856671.850997336,312922.7859696913,353626.2609502477,42.885020026654566,0.760900738493081,ok,offspring; n_jobs=4,2025-11-21T20:41:06.510281+00:00
6,202500.0,119.0,12.0,1.3,37.98783384925688,0.6122029394568685,0.24511246783618465,107.8453362066509,32772850.779784076,280774.73399306455,255515.04097115234,37.98783384925688,0.6122029394568685,ok,offspring; n_jobs=4,2025-11-21T20:41:06.510291+00:00
6,299500.0,148.0,7.5,1.2000000000000002,42.02649791011799,0.6914392994979423,0.2257277330201979,116.47140079822366,40166903.374026775,313049.3350541712,292651.4913060262,42.02649791011799,0.6914392994979423,ok,offspring; n_jobs=4,2025-11-21T20:41:06.510300+00:00
7,298000.0,150.0,10.5,1.7000000000000002,42.861506654267224,0.7603990730376892,0.26897903363570175,116.43425703962194,43807433.92146847,312671.13778370357,353438.4501973121,42.861506654267224,0.7603990730376892,ok,offspring; n_jobs=4,2025-11-21T20:47:47.777423+00:00
7,298500.0,117.0,12.0,1.7000000000000002,39.80056638875525,0.7137140134787051,0.3048188907174248,110.1269374765551,38758842.9077757,312798.4983332427,312414.97747410304,39.80056638875525,0.7137140134787051,ok,offspring; n_jobs=4,2025-11-21T20:47:47.777459+00:00
7,278500.0,86.0,10.5,1.2000000000000002,39.25761006085081,0.5767281860915718,0.2622870932818135,109.40543839306555,31134421.026428185,307617.2864214299,197596.604594787,39.25761006085081,0.5767281860915718,ok,offspring; n_jobs=4,2025-11-21T20:47:47.777472+00:00
7,296000.0,109.0,7.5,1.7000000000000002,41.065506672609935,0.6226062976678088,0.24425928819544557,118.58485957783202,36486479.43342759,312174.5780164613,233228.53874053925,41.065506672609935,0.6226062976678088,ok,offspring; n_jobs=4,2025-11-21T20:47:47.777483+00:00
7,134000.0,199.0,12.0,1.4000000000000001,43.232010149868145,0.6963233947602776,0.21778181830066443,120.24054725976839,41854332.00068177,230333.31687555287,379645.9769344503,43.232010149868145,0.6963233947602776,ok,offspring; n_jobs=4,2025-11-21T20:47:47.777493+00:00
7,208000.0,149.0,10.5,2.2,43.06696192127353,0.7088536703787244,0.25859887490936845,119.74686999237372,41811935.937712505,283422.2197650584,337533.5954867041,43.06696192127353,0.7088536703787244,ok,offspring; n_jobs=4,2025-11-21T20:47:47.777503+00:00
7,263000.0,149.0,12.0,1.7000000000000002,41.99905425353736,0.7414738513101613,0.26525054241679796,115.25132895339259,42269239.90096526,303315.4757635998,346215.6179841014,41.99905425353736,0.7414738513101613,ok,offspring; n_jobs=4,2025-11-21T20:47:47.777519+00:00
7,139000.0,109.0,7.5,1.6,37.542052278744514,0.5241174414111952,0.23368310986470484,108.95465830177787,28395329.18858662,235996.89805299227,223129.98062321477,37.542052278744514,0.5241174414111952,ok,offspring; n_jobs=4,2025-11-21T20:47:47.777529+00:00
7,298000.0,198.0,10.5,1.2000000000000002,45.36587358743681,0.7858392708448316,0.216620579929644,121.62322635943615,47746963.16018243,312671.13778370357,375724.06347636896,45.36587358743681,0.7858392708448316,ok,offspring; n_jobs=4,2025-11-21T20:47:47.777538+00:00
7,206000.0,117.0,10.0,1.2000000000000002,37.81138341280741,0.6003333061563053,0.237498044427467,106.75152961658678,31878205.54299201,282475.480498324,243416.49569459946,37.81138341280741,0.6003333061563053,ok,offspring; n_jobs=4,2025-11-21T20:47:47.777548+00:00
7,292500.0,146.0,13.5,1.2000000000000002,41.459906442068764,0.7198712990676758,0.2496735030210644,114.63130840716437,40962928.65713382,311284.83455946343,319322.4234238205,41.459906442068764,0.7198712990676758,ok,offspring; n_jobs=4,2025-11-21T20:47:47.777556+00:00
7,298000.0,149.0,12.0,1.2000000000000002,41.65111252548294,0.7258738132757019,0.2476129467728627,114.520424570503,41316283.737368785,312671.13778370357,323194.3226458113,41.65111252548294,0.7258738132757019,ok,offspring; n_jobs=4,2025-11-21T20:47:47.777566+00:00
7,298500.0,87.0,11.5,1.6,38.767559116141975,0.6354485717627716,0.3199685751993718,107.26946756043333,33525725.664075054,312798.4983332427,243854.45053094524,38.767559116141975,0.6354485717627716,ok,offspring; n_jobs=4,2025-11-21T20:47:47.777576+00:00
7,172000.0,109.0,7.5,1.7000000000000002,37.8890810373654,0.5587674235699166,0.23654581661477506,109.60977959960135,30379316.46635769,263616.8555107951,225863.40753645182,37.8890810373654,0.5587674235699166,ok,offspring; n_jobs=4,2025-11-21T20:47:47.777587+00:00
7,140500.0,109.0,7.5,1.7000000000000002,37.70642464227576,0.5295228874614109,0.2369740027742869,109.6262325355033,28828045.068616584,237589.7926071958,226272.2568090001,37.70642464227576,0.5295228874614109,ok,offspring; n_jobs=4,2025-11-21T20:47:47.777598+00:00
7,172000.0,145.0,7.5,1.7000000000000002,40.160633113856555,0.6391213820918049,0.23323372319447805,113.3635611587388,36053625.73867755,263616.8555107951,296253.475201626,40.160633113856555,0.6391213820918049,ok,offspring; n_jobs=4,2025-11-21T20:47:47.777607+00:00
7,298000.0,109.0,12.0,1.2000000000000002,39.433907697822235,0.6468647391998724,0.265994694142877,111.4425481234439,35657003.59156081,312671.13778370357,253982.37375538467,39.433907697822235,0.6468647391998724,ok,offspring; n_jobs=4,2025-11-21T20:47:47.777615+00:00
7,296000.0,118.0,12.0,1.7000000000000002,39.830760562385386,0.7137869123154876,0.30290104981416477,110.2125571287635,38798601.05111831,312174.5780164613,313102.75717190583,39.830760562385386,0.7137869123154876,ok,offspring; n_jobs=4,2025-11-21T20:47:47.777623+00:00
7,298000.0,200.0,12.0,1.4000000000000001,46.606005421657045,0.8061411001088974,0.22460528876238045,124.89187749196245,50086979.37984374,312671.13778370357,393508.46591169055,46.606005421657045,0.8061411001088974,ok,offspring; n_jobs=4,2025-11-21T20:47:47.777633+00:00
7,298000.0,147.0,12.0,1.2000000000000002,41.50396370324673,0.722855503581557,0.2489285585016467,114.24339146609739,41036691.37518987,312671.13778370357,320550.28335374047,41.50396370324673,0.722855503581557,ok,offspring; n_jobs=4,2025-11-21T20:47:47.777642+00:00
7,264000.0,150.0,11.5,2.2,44.30666192125706,0.749604908896263,0.26868317501108013,121.79481365548165,44909343.65124577,303604.20822856715,353049.6919645593,44.30666192125706,0.749604908896263,ok,offspring; n_jobs=4,2025-11-21T20:47:47.777651+00:00
7,298500.0,198.0,12.0,1.2000000000000002,45.55349519999935,0.7891658630438402,0.21822724833561719,122.45484353732525,48214050.9781881,312798.4983332427,378510.7976931613,45.55349519999935,0.7891658630438402,ok,offspring; n_jobs=4,2025-11-21T20:47:47.777660+00:00
7,299000.0,118.0,12.0,1.7000000000000002,39.90049698380228,0.7157515527326962,0.3038421699405527,110.33532657765927,38946314.83970493,312922.7859696913,314075.5742241505,39.90049698380228,0.7157515527326962,ok,offspring; n_jobs=4,2025-11-21T20:47:47.777670+00:00
7,296000.0,189.0,12.0,1.7000000000000002,47.06214669673855,0.8043151237965284,0.23701134934484408,126.7792058394203,50483116.23352097,312174.5780164613,392405.47042929765,47.06214669673855,0.8043151237965284,ok,offspring; n_jobs=4,2025-11-21T20:47:47.777678+00:00
7,288500.0,146.0,10.5,1.2000000000000002,41.038047333280765,0.7148953859071193,0.24706625978455535,112.67537957028077,40081464.999965206,310260.49444058165,315987.8636140549,41.038047333280765,0.7148953859071193,ok,offspring; n_jobs=4,2025-11-21T20:47:47.777688+00:00
7,281000.0,189.0,12.0,1.6,46.18137933106402,0.7964745535264671,0.23521130558030118,124.51260342824104,49171527.53631514,308286.46291821543,389425.24597096985,46.18137933106402,0.7964745535264671,ok,offspring; n_jobs=4,2025-11-21T20:47:47.777696+00:00
7,298000.0,197.0,10.5,1.4000000000000001,46.16083982774517,0.7995886148910065,0.22469953924206604,123.51051012189369,49184617.93171613,312671.13778370357,387768.4888608182,46.16083982774517,0.7995886148910065,ok,offspring; n_jobs=4,2025-11-21T20:47:47.777704+00:00
7,263000.0,150.0,12.0,1.7000000000000002,42.10236038111079,0.7430170994549812,0.2645110375638993,115.46506572007918,42437674.385776006,303315.4757635998,347567.5033589637,42.10236038111079,0.7430170994549812,ok,offspring; n_jobs=4,2025-11-21T20:47:47.777713+00:00
7,135500.0,120.0,10.5,1.2000000000000002,38.47645316261045,0.5179292319628285,0.21081620043705412,111.93138207811397,28924202.71099508,232096.01730000644,221609.9898994313,38.47645316261045,0.5179292319628285,ok,offspring; n_jobs=4,2025-11-21T20:47:47.777722+00:00
7,299500.0,109.0,9.0,1.4000000000000001,39.289092892624446,0.6500253710540101,0.2684982719504228,111.54162516436129,35883226.64024698,313049.3350541712,256372.88998914172,39.289092892624446,0.6500253710540101,ok,offspring; n_jobs=4,2025-11-21T20:47:47.777731+00:00
7,298000.0,86.0,12.0,1.7000000000000002,38.87598590329256,0.6397858595053417,0.328901554559541,107.17268361717021,33687026.35552175,312671.13778370357,247781.27514297582,38.87598590329256,0.6397858595053417,ok,offspring; n_jobs=4,2025-11-21T20:47:47.777739+00:00
7,298500.0,199.0,12.0,1.2000000000000002,45.64594704947508,0.7901607587050958,0.2176305765657174,122.65443990993958,48356203.90529018,312798.4983332427,379382.3262924212,45.64594704947508,0.7901607587050958,ok,offspring; n_jobs=4,2025-11-21T20:47:47.777748+00:00
8,297500.0,146.0,12.0,1.2000000000000002,41.418362068702784,0.7210246354661988,0.24946925614454443,114.08299793625474,40871705.88391006,312556.3808297636,319061.19983862655,41.418362068702784,0.7210246354661988,ok,offspring; n_jobs=4,2025-11-21T20:54:44.856347+00:00
8,287500.0,117.0,13.5,1.2000000000000002,39.664988379134414,0.6602755186757083,0.2618783063405024,111.91069452449976,36563878.6588234,309997.0406254128,268404.3137345077,39.664988379134414,0.6602755186757083,ok,offspring; n_jobs=4,2025-11-21T20:54:44.856376+00:00
8,263000.0,149.0,10.5,1.7000000000000002,41.89824145201096,0.7388979453878771,0.2635217464958019,114.56475981722828,41917008.577027515,303315.4757635998,343959.1243961805,41.89824145201096,0.7388979453878771,ok,offspring; n_jobs=4,2025-11-21T20:54:44.856389+00:00
8,279000.0,117.0,10.5,1.2000000000000002,39.086813810979194,0.6546617030226886,0.25926764729030277,109.55412861920793,35572246.416890785,307755.054787098,265728.59706077713,39.086813810979194,0.6546617030226886,ok,offspring; n_jobs=4,2025-11-21T20:54:44.856401+00:00
8,200500.0,118.0,12.0,1.2000000000000002,38.09865730832253,0.5963343972782542,0.23470303662638997,108.48039028142504,32137085.871788383,279781.0971157839,242607.83489996678,38.09865730832253,0.5963343972782542,ok,offspring; n_jobs=4,2025-11-21T20:54:44.856411+00:00
8,298500.0,198.0,12.0,1.7000000000000002,47.79683947931704,0.8093041653251698,0.22839810807366248,128.36572308294362,51498655.33498185,312798.4983332427,396151.9504916061,47.79683947931704,0.8093041653251698,ok,offspring; n_jobs=4,2025-11-21T20:54:44.856421+00:00
8,298000.0,86.0,12.0,1.7000000000000002,38.87598590329256,0.6397858595053417,0.328901554559541,107.17268361717021,33687026.35552175,312671.13778370357,247781.27514297582,38.87598590329256,0.6397858595053417,ok,offspring; n_jobs=4,2025-11-21T20:54:44.856432+00:00
8,298000.0,199.0,12.0,1.4000000000000001,46.49964676442221,0.8052624774100174,0.22529243961099543,124.64435893843479,49931565.38406983,312671.13778370357,392738.79242747166,46.49964676442221,0.8052624774100174,ok,offspring; n_jobs=4,2025-11-21T20:54:44.856441+00:00
8,299500.0,118.0,9.0,1.2000000000000002,39.89419407479342,0.6539321710166801,0.25133043761748375,112.22148960853981,36420256.707563415,313049.3350541712,259795.24675644058,39.89419407479342,0.6539321710166801,ok,offspring; n_jobs=4,2025-11-21T20:54:44.856450+00:00
8,263000.0,199.0,12.0,1.7000000000000002,46.916908910739366,0.7941131749938736,0.225056598937056,126.51454229797002,49848488.79384122,303315.4757635998,392327.66553103353,46.916908910739366,0.7941131749938736,ok,offspring; n_jobs=4,2025-11-21T20:54:44.856459+00:00
8,298000.0,149.0,12.0,1.4000000000000001,41.74887534813673,0.7498912166756916,0.26373200945741954,113.85447806660115,42350957.910191074,312671.13778370357,344233.56802420225,41.74887534813673,0.7498912166756916,ok,offspring; n_jobs=4,2025-11-21T20:54:44.856467+00:00
8,298000.0,197.0,10.5,1.2000000000000002,45.27576616467018,0.7848967760327232,0.21724175301958717,121.42335948585203,47608365.2252901,312671.13778370357,374898.438020962,45.27576616467018,0.7848967760327232,ok,offspring; n_jobs=4,2025-11-21T20:54:44.856476+00:00
8,298000.0,85.0,12.0,1.7000000000000002,38.89409235487021,0.6370981776673529,0.3296090059802546,107.11101058110147,33521458.710070953,312671.13778370357,245426.86585289758,38.89409235487021,0.6370981776673529,ok,offspring; n_jobs=4,2025-11-21T20:54:44.856484+00:00
8,202500.0,199.0,12.0,1.3,43.724714574295255,0.7464793635058288,0.21405038229850248,119.09243194612839,44419815.03800137,280774.73399306455,373141.1884380415,43.724714574295255,0.7464793635058288,ok,offspring; n_jobs=4,2025-11-21T20:54:44.856492+00:00
8,298000.0,115.0,10.5,1.4000000000000001,39.1124763499778,0.6872613161338881,0.2872441683041318,108.75034959173091,36982149.041424274,312671.13778370357,289369.77514958236,39.1124763499778,0.6872613161338881,ok,offspring; n_jobs=4,2025-11-21T20:54:44.856506+00:00
8,298000.0,151.0,10.5,1.2000000000000002,41.65043789499197,0.727253799387959,0.2452472031813394,113.93847483048418,41240795.844041705,312671.13778370357,324403.19048014854,41.65043789499197,0.727253799387959,ok,offspring; n_jobs=4,2025-11-21T20:54:44.856514+00:00
8,280000.0,116.0,10.5,1.7000000000000002,39.356904997809096,0.6915543500247702,0.293049668938159,109.52239110101094,37396611.36242023,308016.259033499,297785.3515881996,39.356904997809096,0.6915543500247702,ok,offspring; n_jobs=4,2025-11-21T20:54:44.856522+00:00
8,263500.0,154.0,12.0,1.2000000000000002,41.126284314338946,0.7155078268950158,0.23966911229843765,113.20593864036876,40320302.43825608,303461.63710494945,323323.21925508435,41.126284314338946,0.7155078268950158,ok,offspring; n_jobs=4,2025-11-21T20:54:44.856530+00:00
8,205500.0,113.0,10.0,1.7000000000000002,37.90069090958088,0.6236639057142409,0.26679826406548457,107.44408914411139,33150286.856015496,282231.3157725332,264098.26563314185,37.90069090958088,0.6236639057142409,ok,offspring; n_jobs=4,2025-11-21T20:54:44.856538+00:00
8,263000.0,149.0,10.5,1.7000000000000002,41.89824145201096,0.7388979453878771,0.2635217464958019,114.56475981722828,41917008.577027515,303315.4757635998,343959.1243961805,41.89824145201096,0.7388979453878771,ok,offspring; n_jobs=4,2025-11-21T20:54:44.856546+00:00
8,299500.0,144.0,10.5,1.7000000000000002,42.29866182695586,0.7529883930192226,0.27474037388275924,115.16054410679129,42890755.94235922,313049.3350541712,346568.4972306678,42.29866182695586,0.7529883930192226,ok,offspring; n_jobs=4,2025-11-21T20:54:44.856554+00:00
8,299000.0,150.0,12.0,2.2,45.171328361875005,0.7701038176147317,0.2752573502745918,123.51268640038148,46750223.968823224,312922.7859696913,361688.1582608136,45.171328361875005,0.7701038176147317,ok,offspring; n_jobs=4,2025-11-21T20:54:44.856562+00:00
8,298000.0,145.0,12.0,1.2000000000000002,41.37950229504111,0.7196869648247253,0.2501768567176474,113.98384360233119,40755692.46267875,312671.13778370357,317774.6434027557,41.37950229504111,0.7196869648247253,ok,offspring; n_jobs=4,2025-11-21T20:54:44.856570+00:00
8,264500.0,86.0,12.0,1.7000000000000002,38.1936788172486,0.6160966952993252,0.3131985553156193,105.77537487903793,32037279.0987229,303749.44144963386,235951.26363257496,38.1936788172486,0.6160966952993252,ok,offspring; n_jobs=4,2025-11-21T20:54:44.856577+00:00
8,299500.0,120.0,12.0,1.2000000000000002,39.91009755123696,0.6738600720105851,0.2637481811521132,111.73701108352586,37298215.8636405,313049.3350541712,277252.08802710136,39.91009755123696,0.6738600720105851,ok,offspring; n_jobs=4,2025-11-21T20:54:44.856584+00:00
8,298500.0,199.0,10.5,1.2000000000000002,45.465311027404034,0.7869975171804164,0.21604100796035092,121.85944030301351,47912225.93485817,312798.4983332427,376611.32671680214,45.465311027404034,0.7869975171804164,ok,offspring; n_jobs=4,2025-11-21T20:54:44.856592+00:00
8,202500.0,119.0,12.0,1.3,37.98783384925688,0.6122029394568685,0.24511246783618465,107.8453362066509,32772850.779784076,280774.73399306455,255515.04097115234,37.98783384925688,0.6122029394568685,ok,offspring; n_jobs=4,2025-11-21T20:54:44.856599+00:00
8,202500.0,119.0,12.0,1.3,37.98783384925688,0.6122029394568685,0.24511246783618465,107.8453362066509,32772850.779784076,280774.73399306455,255515.04097115234,37.98783384925688,0.6122029394568685,ok,offspring; n_jobs=4,2025-11-21T20:54:44.856606+00:00
8,212000.0,150.0,12.0,1.7000000000000002,41.07226458830418,0.7073247368261747,0.2544431279274635,113.97391606941801,39925986.744640276,285278.199363042,334338.270096687,41.07226458830418,0.7073247368261747,ok,offspring; n_jobs=4,2025-11-21T20:54:44.856613+00:00
8,281500.0,146.0,12.0,1.3,40.91529324793822,0.7274009315072174,0.2570709832107045,112.34956453754037,40587495.171237715,308419.71131315985,328783.5046871626,40.91529324793822,0.7274009315072174,ok,offspring; n_jobs=4,2025-11-21T20:54:44.856619+00:00
8,285500.0,119.0,12.5,1.4000000000000001,39.10423761846785,0.6956815981252342,0.2877283580956426,108.55759474185794,37349054.24576387,309477.5303444835,299939.5496132217,39.10423761846785,0.6956815981252342,ok,offspring; n_jobs=4,2025-11-21T20:54:44.856627+00:00
8,298000.0,196.0,12.0,1.2000000000000002,45.36668742462104,0.786906141704092,0.21937531587752834,122.04242104719518,47908846.668967605,312671.13778370357,376658.64234908106,45.36668742462104,0.786906141704092,ok,offspring; n_jobs=4,2025-11-21T20:54:44.856634+00:00
8,298500.0,151.0,13.0,2.2,45.28549588885697,0.7724348052745159,0.27507211518887265,124.0132279309167,47062244.95364165,312798.4983332427,363854.3910872332,45.28549588885697,0.7724348052745159,ok,offspring; n_jobs=4,2025-11-21T20:54:44.856640+00:00
8,298000.0,144.0,12.5,1.2000000000000002,41.361525922391536,0.7185617239260177,0.25113277870963974,114.13974443586,40728254.34104235,312671.13778370357,316788.93237548793,41.361525922391536,0.7185617239260177,ok,offspring; n_jobs=4,2025-11-21T20:54:44.856656+00:00
8,298000.0,150.0,10.5,1.7000000000000002,42.861506654267224,0.7603990730376892,0.26897903363570175,116.43425703962194,43807433.92146847,312671.13778370357,353438.4501973121,42.861506654267224,0.7603990730376892,ok,offspring; n_jobs=4,2025-11-21T20:54:44.856663+00:00
9,294000.0,117.0,10.0,1.7000000000000002,39.9199224985974,0.6949957520158966,0.2899180779749518,111.15776790461028,38148143.01744701,311673.44228783785,297142.8364780876,39.9199224985974,0.6949957520158966,ok,offspring; n_jobs=4,2025-11-21T21:02:56.513761+00:00
9,209000.0,193.0,10.5,1.2000000000000002,42.882791523142565,0.7298819484430152,0.21026092152056278,116.71181826383739,42670386.190373704,283892.6520396963,355483.93479638506,42.882791523142565,0.7298819484430152,ok,offspring; n_jobs=4,2025-11-21T21:02:56.513798+00:00
9,300000.0,198.0,12.5,1.4000000000000001,46.51509605657802,0.8062929688480807,0.22666156481652672,124.76527961216787,50020055.59038999,313172.6897679495,393139.95094296924,46.51509605657802,0.8062929688480807,ok,offspring; n_jobs=4,2025-11-21T21:02:56.513812+00:00
9,298500.0,198.0,12.0,1.7000000000000002,47.79683947931704,0.8093041653251698,0.22839810807366248,128.36572308294362,51498655.33498185,312798.4983332427,396151.9504916061,47.79683947931704,0.8093041653251698,ok,offspring; n_jobs=4,2025-11-21T21:02:56.513828+00:00
9,298000.0,197.0,10.5,1.4000000000000001,46.16083982774517,0.7995886148910065,0.22469953924206604,123.51051012189369,49184617.93171613,312671.13778370357,387768.4888608182,46.16083982774517,0.7995886148910065,ok,offspring; n_jobs=4,2025-11-21T21:02:56.513840+00:00
9,297000.0,148.0,12.0,1.4000000000000001,41.643921035666544,0.7478127522236117,0.2642967600582862,113.64235718618264,42152440.62956338,312428.50746751693,342655.46348036686,41.643921035666544,0.7478127522236117,ok,offspring; n_jobs=4,2025-11-21T21:02:56.513850+00:00
9,282500.0,195.0,10.5,1.3,45.02331325261833,0.7851376999111843,0.22192487421292317,120.81191002138651,47331783.5200701,308688.55499168206,379092.0701305154,45.02331325261833,0.7851376999111843,ok,offspring; n_jobs=4,2025-11-21T21:02:56.513860+00:00
9,298500.0,150.0,12.0,1.2000000000000002,41.73689891463623,0.7277455047353106,0.247113062263995,114.67243288389145,41481435.310527,312798.4983332427,324706.5638148894,41.73689891463623,0.7277455047353106,ok,offspring; n_jobs=4,2025-11-21T21:02:56.513871+00:00
9,298500.0,199.0,10.5,2.2,48.423221308893396,0.7941737691992881,0.21964716475375368,130.071042417934,51235633.316347495,312798.4983332427,382897.72348533355,48.423221308893396,0.7941737691992881,ok,offspring; n_jobs=4,2025-11-21T21:02:56.513882+00:00
9,205500.0,113.0,10.0,1.7000000000000002,37.90069090958088,0.6236639057142409,0.26679826406548457,107.44408914411139,33150286.856015496,282231.3157725332,264098.26563314185,37.90069090958088,0.6236639057142409,ok,offspring; n_jobs=4,2025-11-21T21:02:56.513894+00:00
9,299000.0,118.0,12.0,1.7000000000000002,39.90049698380228,0.7157515527326962,0.3038421699405527,110.33532657765927,38946314.83970493,312922.7859696913,314075.5742241505,39.90049698380228,0.7157515527326962,ok,offspring; n_jobs=4,2025-11-21T21:02:56.513905+00:00
9,143000.0,109.0,7.5,1.7000000000000002,37.71255772180647,0.5322496056016364,0.23681181810246707,109.5401398110228,28950863.27485714,240133.25811007377,226117.39639695967,37.71255772180647,0.5322496056016364,ok,offspring; n_jobs=4,2025-11-21T21:02:56.513914+00:00
9,297500.0,117.0,12.0,1.6,39.53799869802897,0.70966623475763,0.3015954814209112,109.39164689453189,38317768.49903254,312556.3808297636,309111.2408179203,39.53799869802897,0.70966623475763,ok,offspring; n_jobs=4,2025-11-21T21:02:56.513924+00:00
9,299000.0,150.0,10.5,1.7000000000000002,42.885020026654566,0.760900738493081,0.2691219641934914,116.4908423152989,43856671.850997336,312922.7859696913,353626.2609502477,42.885020026654566,0.760900738493081,ok,offspring; n_jobs=4,2025-11-21T21:02:56.513935+00:00
9,298500.0,198.0,12.0,1.7000000000000002,47.79683947931704,0.8093041653251698,0.22839810807366248,128.36572308294362,51498655.33498185,312798.4983332427,396151.9504916061,47.79683947931704,0.8093041653251698,ok,offspring; n_jobs=4,2025-11-21T21:02:56.513946+00:00
9,288500.0,150.0,12.5,1.7000000000000002,42.73468618619583,0.7593368094079154,0.27010544185749796,116.74055033553354,43809546.50224613,310260.49444058165,354918.5506007523,42.73468618619583,0.7593368094079154,ok,offspring; n_jobs=4,2025-11-21T21:02:56.513955+00:00
9,300000.0,198.0,10.5,1.4000000000000001,46.3180479921031,0.8012941131681269,0.22413689023069147,123.87088257606405,49432978.47693629,313172.6897679495,388760.9533673297,46.3180479921031,0.8012941131681269,ok,offspring; n_jobs=4,2025-11-21T21:02:56.513964+00:00
9,200000.0,182.0,12.0,1.4000000000000001,42.57032012340741,0.7308496423037744,0.22623738472883978,116.66388870292373,42502727.579146855,279529.4994372226,360694.7872208838,42.57032012340741,0.7308496423037744,ok,offspring; n_jobs=4,2025-11-21T21:02:56.513974+00:00
9,294000.0,118.0,12.0,1.7000000000000002,39.78998475366216,0.7124337637876822,0.3022391211885416,110.13704177762074,38700125.192060575,311673.44228783785,312418.5347901717,39.78998475366216,0.7124337637876822,ok,offspring; n_jobs=4,2025-11-21T21:02:56.513983+00:00
9,280000.0,109.0,12.5,1.6,38.540174750329854,0.6830966075600965,0.3041099756913678,107.68425911972835,36278432.071199,308016.259033499,290376.3691891456,38.540174750329854,0.6830966075600965,ok,offspring; n_jobs=4,2025-11-21T21:02:56.513992+00:00
9,150000.0,119.0,7.5,1.4000000000000001,37.686184304483405,0.5486597785822543,0.2243269953360063,108.39249055614057,29668777.21040216,246778.53301998836,233847.43301806643,37.686184304483405,0.5486597785822543,ok,offspring; n_jobs=4,2025-11-21T21:02:56.514025+00:00
9,279000.0,117.0,10.5,1.2000000000000002,39.086813810979194,0.6546617030226886,0.25926764729030277,109.55412861920793,35572246.416890785,307755.054787098,265728.59706077713,39.086813810979194,0.6546617030226886,ok,offspring; n_jobs=4,2025-11-21T21:02:56.514035+00:00
9,206000.0,117.0,10.0,1.2000000000000002,37.81138341280741,0.6003333061563053,0.237498044427467,106.75152961658678,31878205.54299201,282475.480498324,243416.49569459946,37.81138341280741,0.6003333061563053,ok,offspring; n_jobs=4,2025-11-21T21:02:56.514045+00:00
9,299500.0,148.0,12.0,1.3,41.52944441086315,0.7408309556336369,0.25910047365242406,113.54457745636387,41763474.91145755,313049.3350541712,335918.58208089473,41.52944441086315,0.7408309556336369,ok,offspring; n_jobs=4,2025-11-21T21:02:56.514061+00:00
9,281500.0,146.0,10.5,1.7000000000000002,42.034794448680486,0.7455836244592323,0.26952488249290646,114.7260213112929,42330976.760157324,308419.71131315985,344711.54371312767,42.034794448680486,0.7455836244592323,ok,offspring; n_jobs=4,2025-11-21T21:02:56.514071+00:00
9,298000.0,150.0,10.5,1.7000000000000002,42.861506654267224,0.7603990730376892,0.26897903363570175,116.43425703962194,43807433.92146847,312671.13778370357,353438.4501973121,42.861506654267224,0.7603990730376892,ok,offspring; n_jobs=4,2025-11-21T21:02:56.514082+00:00
9,298500.0,150.0,12.0,2.2,45.15733341288315,0.769858990730691,0.27518871959424845,123.48680614558761,46725881.6216404,312798.4983332427,361597.9775468425,45.15733341288315,0.769858990730691,ok,offspring; n_jobs=4,2025-11-21T21:02:56.514091+00:00
9,298000.0,200.0,12.0,1.4000000000000001,46.606005421657045,0.8061411001088974,0.22460528876238045,124.89187749196245,50086979.37984374,312671.13778370357,393508.46591169055,46.606005421657045,0.8061411001088974,ok,offspring; n_jobs=4,2025-11-21T21:02:56.514101+00:00
9,299000.0,118.0,12.0,1.7000000000000002,39.90049698380228,0.7157515527326962,0.3038421699405527,110.33532657765927,38946314.83970493,312922.7859696913,314075.5742241505,39.90049698380228,0.7157515527326962,ok,offspring; n_jobs=4,2025-11-21T21:02:56.514111+00:00
9,285500.0,119.0,12.5,1.4000000000000001,39.10423761846785,0.6956815981252342,0.2877283580956426,108.55759474185794,37349054.24576387,309477.5303444835,299939.5496132217,39.10423761846785,0.6956815981252342,ok,offspring; n_jobs=4,2025-11-21T21:02:56.514121+00:00
9,294000.0,197.0,10.5,1.2000000000000002,45.15772646756179,0.783177607812808,0.21694721168913958,121.17166675641758,47411413.50717461,311673.44228783785,374390.142156182,45.15772646756179,0.783177607812808,ok,offspring; n_jobs=4,2025-11-21T21:02:56.514131+00:00
9,202000.0,194.0,12.0,1.7000000000000002,45.15387304400951,0.7577163727223657,0.22550369189121397,123.20620835518889,46350061.958009645,280529.5483571876,383229.9941476047,45.15387304400951,0.7577163727223657,ok,offspring; n_jobs=4,2025-11-21T21:02:56.514140+00:00
9,298000.0,120.0,12.0,1.2000000000000002,39.87627185585638,0.6730420750814358,0.26342629374774934,111.64582846269121,37224082.35176557,312671.13778370357,276913.7199876341,39.87627185585638,0.6730420750814358,ok,offspring; n_jobs=4,2025-11-21T21:02:56.514149+00:00
9,144500.0,109.0,7.5,1.6,37.51968804841686,0.5301682144391772,0.2333461100559141,108.76486505845888,28666414.41857704,241619.15612293017,222808.19972578902,37.51968804841686,0.5301682144391772,ok,offspring; n_jobs=4,2025-11-21T21:02:56.514159+00:00
9,298000.0,149.0,12.0,1.4000000000000001,41.74887534813673,0.7498912166756916,0.26373200945741954,113.85447806660115,42350957.910191074,312671.13778370357,344233.56802420225,41.74887534813673,0.7498912166756916,ok,offspring; n_jobs=4,2025-11-21T21:02:56.514170+00:00
9,296000.0,143.0,10.0,1.7000000000000002,42.10889367968488,0.7476873004177179,0.27365288593212916,114.71177599361543,42438566.91769265,312174.5780164613,342799.49714945955,42.10889367968488,0.7476873004177179,ok,offspring; n_jobs=4,2025-11-21T21:02:56.514179+00:00
9,208000.0,118.0,10.5,1.2000000000000002,37.90559112029461,0.6045015417151955,0.23810186012833073,107.17073702115472,32214376.740967575,283422.2197650584,246121.13077745293,37.90559112029461,0.6045015417151955,ok,offspring; n_jobs=4,2025-11-21T21:02:56.514188+00:00
9,279000.0,117.0,10.5,1.2000000000000002,39.086813810979194,0.6546617030226886,0.25926764729030277,109.55412861920793,35572246.416890785,307755.054787098,265728.59706077713,39.086813810979194,0.6546617030226886,ok,offspring; n_jobs=4,2025-11-21T21:02:56.514196+00:00
9,298000.0,86.0,12.0,1.7000000000000002,38.87598590329256,0.6397858595053417,0.328901554559541,107.17268361717021,33687026.35552175,312671.13778370357,247781.27514297582,38.87598590329256,0.6397858595053417,ok,offspring; n_jobs=4,2025-11-21T21:02:56.514205+00:00
10,202000.0,118.0,10.5,1.4000000000000001,37.71487757190336,0.6183076972766774,0.25260041256209065,106.52673817704714,32698475.63907377,280529.5483571876,261107.99445718186,37.71487757190336,0.6183076972766774,ok,offspring; n_jobs=4,2025-11-21T21:10:31.965619+00:00
10,298000.0,197.0,12.0,1.7000000000000002,47.71042927797161,0.8085985010204716,0.22927308550067774,128.18640872102176,51374740.00542495,312671.13778370357,395661.14911022957,47.71042927797161,0.8085985010204716,ok,offspring; n_jobs=4,2025-11-21T21:10:31.965651+00:00
10,212500.0,113.0,10.5,1.7000000000000002,37.94224515886322,0.6329005673528961,0.27166510170755676,107.3440772368184,33590812.755919494,285505.0461228608,268915.8508782763,37.94224515886322,0.6329005673528961,ok,offspring; n_jobs=4,2025-11-21T21:10:31.965664+00:00
10,290500.0,197.0,10.5,1.4000000000000001,45.94251727097607,0.7963573828599501,0.2241582867392111,123.05533748283872,48815056.84266795,310774.62879372487,386834.4385915914,45.94251727097607,0.7963573828599501,ok,offspring; n_jobs=4,2025-11-21T21:10:31.965673+00:00
10,298000.0,148.0,12.0,1.3,41.49527091207375,0.7400105000466787,0.25883782260982574,113.4640218570448,41689341.39958262,312671.13778370357,335578.0602571869,41.49527091207375,0.7400105000466787,ok,offspring; n_jobs=4,2025-11-21T21:10:31.965682+00:00
10,148500.0,119.0,7.5,1.4000000000000001,37.68939656838021,0.547154000963533,0.22437010325033652,108.41366337161617,29595196.933690473,245414.53441177405,233892.3704322808,37.68939656838021,0.547154000963533,ok,offspring; n_jobs=4,2025-11-21T21:10:31.965692+00:00
10,298000.0,196.0,12.0,1.7000000000000002,47.646213398386905,0.8080640998962361,0.23017019250617324,128.0428794620729,51275599.25175167,312671.13778370357,395193.0137253992,47.646213398386905,0.8080640998962361,ok,offspring; n_jobs=4,2025-11-21T21:10:31.965701+00:00
10,299500.0,144.0,10.0,1.2000000000000002,41.18139115318396,0.7165184941849707,0.249414055247862,112.8576717810395,40230967.46368201,313049.3350541712,314620.86585186305,41.18139115318396,0.7165184941849707,ok,offspring; n_jobs=4,2025-11-21T21:10:31.965711+00:00
10,280000.0,108.0,12.5,1.6,38.46103229944139,0.68110628575366,0.3050829182381057,107.54041248821936,36120154.07875748,308016.259033499,288632.847286707,38.46103229944139,0.68110628575366,ok,offspring; n_jobs=4,2025-11-21T21:10:31.965720+00:00
10,298500.0,198.0,12.0,1.7000000000000002,47.79683947931704,0.8093041653251698,0.22839810807366248,128.36572308294362,51498655.33498185,312798.4983332427,396151.9504916061,47.79683947931704,0.8093041653251698,ok,offspring; n_jobs=4,2025-11-21T21:10:31.965731+00:00
10,206000.0,117.0,10.0,1.2000000000000002,37.81138341280741,0.6003333061563053,0.237498044427467,106.75152961658678,31878205.54299201,282475.480498324,243416.49569459946,37.81138341280741,0.6003333061563053,ok,offspring; n_jobs=4,2025-11-21T21:10:31.965741+00:00
10,144500.0,109.0,7.5,1.6,37.51968804841686,0.5301682144391772,0.2333461100559141,108.76486505845888,28666414.41857704,241619.15612293017,222808.19972578902,37.51968804841686,0.5301682144391772,ok,offspring; n_jobs=4,2025-11-21T21:10:31.965750+00:00
10,144500.0,109.0,7.5,1.6,37.51968804841686,0.5301682144391772,0.2333461100559141,108.76486505845888,28666414.41857704,241619.15612293017,222808.19972578902,37.51968804841686,0.5301682144391772,ok,offspring; n_jobs=4,2025-11-21T21:10:31.965759+00:00
10,144500.0,109.0,7.5,1.6,37.51968804841686,0.5301682144391772,0.2333461100559141,108.76486505845888,28666414.41857704,241619.15612293017,222808.19972578902,37.51968804841686,0.5301682144391772,ok,offspring; n_jobs=4,2025-11-21T21:10:31.965766+00:00
10,281500.0,146.0,12.0,1.3,40.91529324793822,0.7274009315072174,0.2570709832107045,112.34956453754037,40587495.171237715,308419.71131315985,328783.5046871626,40.91529324793822,0.7274009315072174,ok,offspring; n_jobs=4,2025-11-21T21:10:31.965775+00:00
10,298000.0,197.0,10.5,1.4000000000000001,46.16083982774517,0.7995886148910065,0.22469953924206604,123.51051012189369,49184617.93171613,312671.13778370357,387768.4888608182,46.16083982774517,0.7995886148910065,ok,offspring; n_jobs=4,2025-11-21T21:10:31.965783+00:00
10,206000.0,117.0,10.0,1.2000000000000002,37.81138341280741,0.6003333061563053,0.237498044427467,106.75152961658678,31878205.54299201,282475.480498324,243416.49569459946,37.81138341280741,0.6003333061563053,ok,offspring; n_jobs=4,2025-11-21T21:10:31.965791+00:00
10,299000.0,118.0,10.5,1.2000000000000002,39.663734705476955,0.6680546352027856,0.26342105338978117,110.80027421163248,36696134.79842146,312922.7859696913,272293.074467949,39.663734705476955,0.6680546352027856,ok,offspring; n_jobs=4,2025-11-21T21:10:31.965799+00:00
10,298500.0,199.0,12.0,1.7000000000000002,47.87911405338241,0.809605595312216,0.22740185124266224,128.5448714635036,51597265.14486106,312798.4983332427,396416.0031602585,47.87911405338241,0.809605595312216,ok,offspring; n_jobs=4,2025-11-21T21:10:31.965807+00:00
10,299000.0,151.0,10.5,1.7000000000000002,42.99053507618799,0.7621721719761978,0.2681817084591747,116.72585805887108,44020902.99901764,312922.7859696913,354740.03668145795,42.99053507618799,0.7621721719761978,ok,offspring; n_jobs=4,2025-11-21T21:10:31.965816+00:00
10,292000.0,198.0,12.0,1.4000000000000001,46.22414866134142,0.8017633276113937,0.22553613611291748,124.04514188828671,49481267.276364915,311156.7576224478,391187.9173651331,46.22414866134142,0.8017633276113937,ok,offspring; n_jobs=4,2025-11-21T21:10:31.965823+00:00
10,296000.0,149.0,10.5,1.4000000000000001,41.613782061054344,0.7458810931618688,0.2614210869980507,113.11636546991248,41900250.72719558,312174.5780164613,341217.25959333574,41.613782061054344,0.7458810931618688,ok,offspring; n_jobs=4,2025-11-21T21:10:31.965830+00:00
10,299000.0,198.0,10.5,1.7000000000000002,47.68614704909715,0.8052862418030217,0.22629719676776655,127.81480806656484,51080805.44650506,312922.7859696913,392507.9618497557,47.68614704909715,0.8052862418030217,ok,offspring; n_jobs=4,2025-11-21T21:10:31.965837+00:00
10,285000.0,199.0,10.0,1.3,45.432267703596246,0.7884530655871543,0.21875290210629428,121.65096740029334,47888598.78914581,309346.0763865708,381338.8090677764,45.432267703596246,0.7884530655871543,ok,offspring; n_jobs=4,2025-11-21T21:10:31.965844+00:00
10,298000.0,198.0,12.0,1.2000000000000002,45.53862379961924,0.7889465906463061,0.21818993336473214,122.42384969971577,48189155.395842046,312671.13778370357,378446.0756224606,45.53862379961924,0.7889465906463061,ok,offspring; n_jobs=4,2025-11-21T21:10:31.965851+00:00
10,298000.0,148.0,12.0,1.4000000000000001,41.66628392641848,0.74847778586884,0.2645589616788537,113.67694850214203,42201678.55909225,312671.13778370357,342995.4026374002,41.66628392641848,0.74847778586884,ok,offspring; n_jobs=4,2025-11-21T21:10:31.965859+00:00
10,285500.0,120.0,12.5,1.4000000000000001,39.170766908375676,0.6974854708999407,0.2868338490904343,108.69826002423846,37498868.14589563,309477.5303444835,301519.74216386455,39.170766908375676,0.6974854708999407,ok,offspring; n_jobs=4,2025-11-21T21:10:31.965865+00:00
10,298500.0,199.0,12.0,1.9000000000000001,48.079949827889344,0.8060353101469613,0.22560773809429305,129.24867796612088,51637067.12132798,312798.4983332427,393288.4333554954,48.079949827889344,0.8060353101469613,ok,offspring; n_jobs=4,2025-11-21T21:10:31.965904+00:00
10,300000.0,198.0,12.5,1.2000000000000002,45.66366655060278,0.7906440678279294,0.2187580794528139,122.83605711313562,48432516.13269387,313172.6897679495,379431.5136493166,45.66366655060278,0.7906440678279294,ok,offspring; n_jobs=4,2025-11-21T21:10:31.965912+00:00
10,299000.0,113.0,10.0,1.7000000000000002,39.785140170441366,0.6874610265304416,0.29225064984743154,111.27757856368468,37755416.35487319,312922.7859696913,289293.07327097555,39.785140170441366,0.6874610265304416,ok,offspring; n_jobs=4,2025-11-21T21:10:31.965919+00:00
10,204500.0,198.0,7.0,1.2000000000000002,43.11851850334771,0.7195611560752817,0.20097114825223172,116.1897567065814,42055298.55772324,281755.13550141593,348580.4372205309,43.11851850334771,0.7195611560752817,ok,offspring; n_jobs=4,2025-11-21T21:10:31.965926+00:00
10,300000.0,126.0,12.0,1.9000000000000001,41.32300746482033,0.7343442918277837,0.29908033437811576,113.91892618972504,41196780.86512393,313172.6897679495,330112.90987318906,41.32300746482033,0.7343442918277837,ok,offspring; n_jobs=4,2025-11-21T21:10:31.965933+00:00
10,298000.0,199.0,10.5,1.2000000000000002,45.452423609430056,0.7867832963918668,0.21600641899885947,121.82741290186411,47887330.352512114,312671.13778370357,376551.0298555718,45.452423609430056,0.7867832963918668,ok,offspring; n_jobs=4,2025-11-21T21:10:31.965945+00:00
10,298000.0,117.0,12.0,1.6,39.54624006530045,0.7100799886935593,0.3018371505208742,109.39855055130859,38342110.84621536,312671.13778370357,309358.9323118544,39.54624006530045,0.7100799886935593,ok,offspring; n_jobs=4,2025-11-21T21:10:31.965953+00:00
10,297500.0,113.0,12.0,1.6,39.18921142743536,0.7026314581454534,0.3060459616374243,108.69968627706264,37682122.64641691,312556.3808297636,302948.7765056536,39.18921142743536,0.7026314581454534,ok,offspring; n_jobs=4,2025-11-21T21:10:31.965960+00:00
10,298500.0,199.0,12.0,1.7000000000000002,47.87911405338241,0.809605595312216,0.22740185124266224,128.5448714635036,51597265.14486106,312798.4983332427,396416.0031602585,47.87911405338241,0.809605595312216,ok,offspring; n_jobs=4,2025-11-21T21:10:31.965967+00:00
11,300000.0,196.0,12.0,1.7000000000000002,47.706487929102444,0.8088671660146144,0.23028780382819206,128.166641126872,51374075.110809416,313172.6897679495,395394.94766085263,47.706487929102444,0.8088671660146144,ok,offspring; n_jobs=4,2025-11-21T21:18:19.062127+00:00
11,298000.0,198.0,12.5,1.4000000000000001,46.458835520238615,0.8054516907219428,0.22652584249384158,124.64364432882034,49921579.73133224,312671.13778370357,392904.5432887183,46.458835520238615,0.8054516907219428,ok,offspring; n_jobs=4,2025-11-21T21:18:19.062168+00:00
11,282500.0,195.0,10.5,1.3,45.02331325261833,0.7851376999111843,0.22192487421292317,120.81191002138651,47331783.5200701,308688.55499168206,379092.0701305154,45.02331325261833,0.7851376999111843,ok,offspring; n_jobs=4,2025-11-21T21:18:19.062185+00:00
11,296500.0,151.0,10.5,1.7000000000000002,42.92112637540439,0.7608808475186515,0.2677950561931564,116.59132179968732,43898084.792777084,312303.03389627923,354228.58853005955,42.92112637540439,0.7608808475186515,ok,offspring; n_jobs=4,2025-11-21T21:18:19.062198+00:00
11,144500.0,109.0,7.5,1.6,37.51968804841686,0.5301682144391772,0.2333461100559141,108.76486505845888,28666414.41857704,241619.15612293017,222808.19972578902,37.51968804841686,0.5301682144391772,ok,offspring; n_jobs=4,2025-11-21T21:18:19.062210+00:00
11,299000.0,149.0,12.0,1.7000000000000002,42.84752873518129,0.7632101018484908,0.2724780601648636,116.75656837252762,44042358.59916792,312922.7859696913,355649.26324958657,42.84752873518129,0.7632101018484908,ok,offspring; n_jobs=4,2025-11-21T21:18:19.062221+00:00
11,298000.0,118.0,12.0,1.4000000000000001,39.287407504670284,0.7011744178169204,0.2917321146040542,108.78417548528509,37718693.564040974,312671.13778370357,301557.6522239187,39.287407504670284,0.7011744178169204,ok,offspring; n_jobs=4,2025-11-21T21:18:19.062231+00:00
11,281500.0,146.0,12.0,1.3,40.91529324793822,0.7274009315072174,0.2570709832107045,112.34956453754037,40587495.171237715,308419.71131315985,328783.5046871626,40.91529324793822,0.7274009315072174,ok,offspring; n_jobs=4,2025-11-21T21:18:19.062242+00:00
11,281500.0,146.0,12.0,1.3,40.91529324793822,0.7274009315072174,0.2570709832107045,112.34956453754037,40587495.171237715,308419.71131315985,328783.5046871626,40.91529324793822,0.7274009315072174,ok,offspring; n_jobs=4,2025-11-21T21:18:19.062252+00:00
11,144500.0,109.0,12.5,1.6,37.95782700273507,0.5376265635834611,0.24018863220663322,111.24079688104584,29604756.29696544,241619.15612293017,229341.71357618168,37.95782700273507,0.5376265635834611,ok,offspring; n_jobs=4,2025-11-21T21:18:19.062263+00:00
11,280000.0,108.0,7.5,1.6,40.220272061622246,0.6123702645797198,0.24143845418816118,116.13865009470429,35188705.45481067,308016.259033499,228420.09273833552,40.220272061622246,0.6123702645797198,ok,offspring; n_jobs=4,2025-11-21T21:18:19.062272+00:00
11,297500.0,148.0,12.0,1.3,41.48105223867183,0.739734156268551,0.25873961809012647,113.43859610598894,41664999.0523998,312556.3808297636,335450.74006148713,41.48105223867183,0.739734156268551,ok,offspring; n_jobs=4,2025-11-21T21:18:19.062281+00:00
11,299500.0,115.0,10.5,1.6,39.50927859394192,0.6978486997592823,0.29607516967933306,109.69698254413234,37811761.743761696,313049.3350541712,298266.12593496015,39.50927859394192,0.6978486997592823,ok,offspring; n_jobs=4,2025-11-21T21:18:19.062292+00:00
11,285500.0,118.0,12.5,1.4000000000000001,39.02951858898054,0.6938099501984434,0.2885805917008677,108.4250981665839,37198705.556030005,309477.5303444835,298299.98602935293,39.02951858898054,0.6938099501984434,ok,offspring; n_jobs=4,2025-11-21T21:18:19.062302+00:00
11,281500.0,147.0,12.0,1.3,40.998017902968215,0.7289415796781703,0.2563702609922323,112.50422056620388,40733201.33735472,308419.71131315985,330133.1124849174,40.998017902968215,0.7289415796781703,ok,offspring; n_jobs=4,2025-11-21T21:18:19.062312+00:00
11,288500.0,150.0,12.5,1.7000000000000002,42.73468618619583,0.7593368094079154,0.27010544185749796,116.74055033553354,43809546.50224613,310260.49444058165,354918.5506007523,42.73468618619583,0.7593368094079154,ok,offspring; n_jobs=4,2025-11-21T21:18:19.062323+00:00
11,280000.0,108.0,12.5,1.6,38.46103229944139,0.68110628575366,0.3050829182381057,107.54041248821936,36120154.07875748,308016.259033499,288632.847286707,38.46103229944139,0.68110628575366,ok,offspring; n_jobs=4,2025-11-21T21:18:19.062333+00:00
11,150000.0,119.0,7.5,1.4000000000000001,37.686184304483405,0.5486597785822543,0.2243269953360063,108.39249055614057,29668777.21040216,246778.53301998836,233847.43301806643,37.686184304483405,0.5486597785822543,ok,offspring; n_jobs=4,2025-11-21T21:18:19.062343+00:00
11,300000.0,126.0,12.0,2.6,44.16357419886601,0.7406043525918734,0.3040486365718378,122.37145785604505,44314736.89464448,313172.6897679495,335596.7231025317,44.16357419886601,0.7406043525918734,ok,offspring; n_jobs=4,2025-11-21T21:18:19.062351+00:00
11,298500.0,199.0,12.0,1.7000000000000002,47.87911405338241,0.809605595312216,0.22740185124266224,128.5448714635036,51597265.14486106,312798.4983332427,396416.0031602585,47.87911405338241,0.809605595312216,ok,offspring; n_jobs=4,2025-11-21T21:18:19.062361+00:00
11,300000.0,198.0,12.5,1.4000000000000001,46.51509605657802,0.8062929688480807,0.22666156481652672,124.76527961216787,50020055.59038999,313172.6897679495,393139.95094296924,46.51509605657802,0.8062929688480807,ok,offspring; n_jobs=4,2025-11-21T21:18:19.062370+00:00
11,202000.0,118.0,10.5,1.4000000000000001,37.71487757190336,0.6183076972766774,0.25260041256209065,106.52673817704714,32698475.63907377,280529.5483571876,261107.99445718186,37.71487757190336,0.6183076972766774,ok,offspring; n_jobs=4,2025-11-21T21:18:19.062379+00:00
11,202000.0,99.0,10.5,1.2000000000000002,37.09326487607952,0.555020365484667,0.2371526818497541,106.2293552420654,29234633.488075852,280529.5483571876,205668.29180738074,37.09326487607952,0.555020365484667,ok,offspring; n_jobs=4,2025-11-21T21:18:19.062389+00:00
11,288500.0,151.0,12.5,1.7000000000000002,42.83638807381016,0.7607536825635914,0.26925499069001513,116.96078885244512,43976283.44721916,310260.49444058165,356159.7314851244,42.83638807381016,0.7607536825635914,ok,offspring; n_jobs=4,2025-11-21T21:18:19.062397+00:00
11,292000.0,118.0,12.0,1.3,39.20005530244359,0.6852865578951984,0.27973286422659427,109.18028941669736,37034066.961190686,311156.7576224478,289154.267093746,39.20005530244359,0.6852865578951984,ok,offspring; n_jobs=4,2025-11-21T21:18:19.062406+00:00
11,299000.0,109.0,15.0,1.6,39.14081275373669,0.6989830158599946,0.3135460767496795,109.42964195753595,37653196.40593899,312922.7859696913,299386.335923664,39.14081275373669,0.6989830158599946,ok,offspring; n_jobs=4,2025-11-21T21:18:19.062414+00:00
11,291000.0,141.0,10.5,1.7000000000000002,41.79661843885386,0.7436513384958954,0.2756986232614497,114.12041038581835,41977059.4820166,310906.66101479216,340531.91150761227,41.79661843885386,0.7436513384958954,ok,offspring; n_jobs=4,2025-11-21T21:18:19.062423+00:00
11,299000.0,199.0,10.5,1.4000000000000001,46.393536200090075,0.8017716095090548,0.22339387804332203,124.0493459517239,49536825.34316669,312922.7859696913,389429.1439602407,46.393536200090075,0.8017716095090548,ok,offspring; n_jobs=4,2025-11-21T21:18:19.062432+00:00
11,296000.0,199.0,11.5,1.7000000000000002,47.74559628952096,0.8074095339198203,0.22665621124876742,128.16483130714457,51327206.02300843,312174.5780164613,395116.1736973013,47.74559628952096,0.8074095339198203,ok,offspring; n_jobs=4,2025-11-21T21:18:19.062441+00:00
11,206500.0,110.0,10.0,1.2000000000000002,37.45990476156263,0.5849536938884089,0.23838333880493193,106.39306583040458,30923331.364063326,282713.2505738138,229706.1852724324,37.45990476156263,0.5849536938884089,ok,offspring; n_jobs=4,2025-11-21T21:18:19.062450+00:00
11,297000.0,117.0,10.5,1.6,39.589981489060506,0.7014639240155729,0.2947097236566024,109.65282216109443,38002585.87478394,312428.50746751693,302053.88997012493,39.589981489060506,0.7014639240155729,ok,offspring; n_jobs=4,2025-11-21T21:18:19.062460+00:00
11,202000.0,113.0,12.0,1.7000000000000002,38.04127186545846,0.623534760850644,0.26840314194445436,108.28243481965413,33356411.15886773,280529.5483571876,265686.9021479765,38.04127186545846,0.623534760850644,ok,offspring; n_jobs=4,2025-11-21T21:18:19.062469+00:00
11,300000.0,198.0,12.5,1.2000000000000002,45.66366655060278,0.7906440678279294,0.2187580794528139,122.83605711313562,48432516.13269387,313172.6897679495,379431.5136493166,45.66366655060278,0.7906440678279294,ok,offspring; n_jobs=4,2025-11-21T21:18:19.062479+00:00
11,299500.0,144.0,10.5,1.7000000000000002,42.29866182695586,0.7529883930192226,0.27474037388275924,115.16054410679129,42890755.94235922,313049.3350541712,346568.4972306678,42.29866182695586,0.7529883930192226,ok,offspring; n_jobs=4,2025-11-21T21:18:19.062487+00:00
11,300000.0,127.0,12.0,1.9000000000000001,41.42372506841582,0.7359865564972218,0.29801849290225496,114.14437170040378,41372943.35347369,313172.6897679495,331551.5337236167,41.42372506841582,0.7359865564972218,ok,offspring; n_jobs=4,2025-11-21T21:18:19.062496+00:00
11,299000.0,150.0,10.5,1.7000000000000002,42.885020026654566,0.760900738493081,0.2691219641934914,116.4908423152989,43856671.850997336,312922.7859696913,353626.2609502477,42.885020026654566,0.760900738493081,ok,offspring; n_jobs=4,2025-11-21T21:18:19.062504+00:00
12,290500.0,197.0,10.5,1.3,45.426594692539325,0.7905948767196282,0.22123315671874316,121.73481460332654,48018318.830454476,310774.62879372487,381786.48321266944,45.426594692539325,0.7905948767196282,ok,offspring; n_jobs=4,2025-11-21T21:26:41.645282+00:00
12,201500.0,110.0,10.0,1.7000000000000002,37.71815781472267,0.6124934609964297,0.26593906781926613,107.19510279322887,32473966.737250473,280285.38608222763,256258.88575064484,37.71815781472267,0.6124934609964297,ok,offspring; n_jobs=4,2025-11-21T21:26:41.645317+00:00
12,207000.0,118.0,12.0,1.2000000000000002,38.112188280395046,0.603147422786509,0.23740581034618385,108.34945167882908,32457409.03130768,282955.50432233856,245401.63803864332,38.112188280395046,0.603147422786509,ok,offspring; n_jobs=4,2025-11-21T21:26:41.645332+00:00
12,298000.0,149.0,12.0,1.4000000000000001,41.74887534813673,0.7498912166756916,0.26373200945741954,113.85447806660115,42350957.910191074,312671.13778370357,344233.56802420225,41.74887534813673,0.7498912166756916,ok,offspring; n_jobs=4,2025-11-21T21:26:41.645345+00:00
12,299000.0,154.0,12.0,2.0,44.98218134579596,0.7756430453879917,0.2717047098604855,122.69542384340754,46846633.20505914,312922.7859696913,366540.5217901894,44.98218134579596,0.7756430453879917,ok,offspring; n_jobs=4,2025-11-21T21:26:41.645356+00:00
12,202000.0,118.0,12.0,1.7000000000000002,38.31768721629341,0.6358763843258833,0.26748913040040073,108.71314153921045,34169129.20507782,280529.5483571876,276498.16431228624,38.31768721629341,0.6358763843258833,ok,offspring; n_jobs=4,2025-11-21T21:26:41.645367+00:00
12,281500.0,147.0,12.0,1.3,40.998017902968215,0.7289415796781703,0.2563702609922323,112.50422056620388,40733201.33735472,308419.71131315985,330133.1124849174,40.998017902968215,0.7289415796781703,ok,offspring; n_jobs=4,2025-11-21T21:26:41.645377+00:00
12,281500.0,146.0,12.0,1.3,40.91529324793822,0.7274009315072174,0.2570709832107045,112.34956453754037,40587495.171237715,308419.71131315985,328783.5046871626,40.91529324793822,0.7274009315072174,ok,offspring; n_jobs=4,2025-11-21T21:26:41.645388+00:00
12,299500.0,144.0,10.5,1.7000000000000002,42.29866182695586,0.7529883930192226,0.27474037388275924,115.16054410679129,42890755.94235922,313049.3350541712,346568.4972306678,42.29866182695586,0.7529883930192226,ok,offspring; n_jobs=4,2025-11-21T21:26:41.645398+00:00
12,288500.0,150.0,12.5,1.8,43.191828383486374,0.7621255613313438,0.2719646098064501,118.02910498129508,44397066.18052511,310260.49444058165,357361.49728567543,43.191828383486374,0.7621255613313438,ok,offspring; n_jobs=4,2025-11-21T21:26:41.645408+00:00
12,202000.0,118.0,12.0,1.7000000000000002,38.31768721629341,0.6358763843258833,0.26748913040040073,108.71314153921045,34169129.20507782,280529.5483571876,276498.16431228624,38.31768721629341,0.6358763843258833,ok,offspring; n_jobs=4,2025-11-21T21:26:41.645418+00:00
12,297500.0,149.0,10.5,1.4000000000000001,41.655622947784835,0.7467306338446836,0.26169873312048303,113.19226073300878,41974384.239070505,312556.3808297636,341579.65441817924,41.655622947784835,0.7467306338446836,ok,offspring; n_jobs=4,2025-11-21T21:26:41.645427+00:00
12,201500.0,99.0,12.0,1.2000000000000002,37.29049922608569,0.5542250867370592,0.23663090943618406,107.33544907940762,29463710.652577117,280285.38608222763,205215.78989943626,37.29049922608569,0.5542250867370592,ok,offspring; n_jobs=4,2025-11-21T21:26:41.645437+00:00
12,202000.0,118.0,10.5,1.4000000000000001,37.71487757190336,0.6183076972766774,0.25260041256209065,106.52673817704714,32698475.63907377,280529.5483571876,261107.99445718186,37.71487757190336,0.6183076972766774,ok,offspring; n_jobs=4,2025-11-21T21:26:41.645446+00:00
12,281500.0,146.0,12.0,1.3,40.91529324793822,0.7274009315072174,0.2570709832107045,112.34956453754037,40587495.171237715,308419.71131315985,328783.5046871626,40.91529324793822,0.7274009315072174,ok,offspring; n_jobs=4,2025-11-21T21:26:41.645455+00:00
12,298000.0,196.0,12.0,1.7000000000000002,47.646213398386905,0.8080640998962361,0.23017019250617324,128.0428794620729,51275599.25175167,312671.13778370357,395193.0137253992,47.646213398386905,0.8080640998962361,ok,offspring; n_jobs=4,2025-11-21T21:26:41.645465+00:00
12,291500.0,126.0,12.0,1.9000000000000001,41.110312709930376,0.7290393966352784,0.29680634688517943,113.56406187373409,40777981.84654689,311035.5380145182,327602.97343798564,41.110312709930376,0.7290393966352784,ok,offspring; n_jobs=4,2025-11-21T21:26:41.645481+00:00
12,294000.0,116.0,12.0,1.7000000000000002,39.61695892239611,0.7089432259463215,0.3044410561733781,109.76822813600992,38374242.846768156,311673.44228783785,309360.82364113984,39.61695892239611,0.7089432259463215,ok,offspring; n_jobs=4,2025-11-21T21:26:41.645488+00:00
12,282500.0,197.0,10.5,1.3,45.215711306440625,0.7869796935985406,0.2206068519809931,121.26257759763013,47624415.39422351,308688.55499168206,380705.65660063946,45.215711306440625,0.7869796935985406,ok,offspring; n_jobs=4,2025-11-21T21:26:41.645496+00:00
12,298000.0,198.0,10.5,1.2000000000000002,45.36587358743681,0.7858392708448316,0.216620579929644,121.62322635943615,47746963.16018243,312671.13778370357,375724.06347636896,45.36587358743681,0.7858392708448316,ok,offspring; n_jobs=4,2025-11-21T21:26:41.645506+00:00
12,298500.0,199.0,12.0,1.7000000000000002,47.87911405338241,0.809605595312216,0.22740185124266224,128.5448714635036,51597265.14486106,312798.4983332427,396416.0031602585,47.87911405338241,0.809605595312216,ok,offspring; n_jobs=4,2025-11-21T21:26:41.645515+00:00
12,300000.0,198.0,12.5,1.4000000000000001,46.51509605657802,0.8062929688480807,0.22666156481652672,124.76527961216787,50020055.59038999,313172.6897679495,393139.95094296924,46.51509605657802,0.8062929688480807,ok,offspring; n_jobs=4,2025-11-21T21:26:41.645524+00:00
12,202000.0,99.0,10.5,1.2000000000000002,37.09326487607952,0.555020365484667,0.2371526818497541,106.2293552420654,29234633.488075852,280529.5483571876,205668.29180738074,37.09326487607952,0.555020365484667,ok,offspring; n_jobs=4,2025-11-21T21:26:41.645533+00:00
12,297500.0,117.0,12.0,1.6,39.53799869802897,0.70966623475763,0.3015954814209112,109.39164689453189,38317768.49903254,312556.3808297636,309111.2408179203,39.53799869802897,0.70966623475763,ok,offspring; n_jobs=4,2025-11-21T21:26:41.645542+00:00
12,299000.0,118.0,12.0,1.7000000000000002,39.90049698380228,0.7157515527326962,0.3038421699405527,110.33532657765927,38946314.83970493,312922.7859696913,314075.5742241505,39.90049698380228,0.7157515527326962,ok,offspring; n_jobs=4,2025-11-21T21:26:41.645549+00:00
12,298000.0,144.0,10.5,1.7000000000000002,42.25545407049262,0.7521777212566054,0.2744772213003256,115.08155629669994,42816622.43048428,312671.13778370357,346236.54603708273,42.25545407049262,0.7521777212566054,ok,offspring; n_jobs=4,2025-11-21T21:26:41.645557+00:00
12,299500.0,196.0,12.0,1.7000000000000002,47.69084783306443,0.8086695822140378,0.23025884060509616,128.13592435271397,51349732.763626605,313049.3350541712,395345.2189653259,47.69084783306443,0.8086695822140378,ok,offspring; n_jobs=4,2025-11-21T21:26:41.645564+00:00
12,282500.0,195.0,12.5,1.6,47.015168959141576,0.8037765189579071,0.23148324295483233,126.61835568707306,50441764.6418776,308688.55499168206,395419.6756154446,47.015168959141576,0.8037765189579071,ok,offspring; n_jobs=4,2025-11-21T21:26:41.645571+00:00
12,280000.0,107.0,10.5,1.3,38.32604341710745,0.6467056600144402,0.2757840429513405,107.98808021648516,34562236.383942544,308016.259033499,258497.8991391505,38.32604341710745,0.6467056600144402,ok,offspring; n_jobs=4,2025-11-21T21:26:41.645580+00:00
12,296500.0,110.0,12.0,1.7000000000000002,39.138935061473695,0.6998865460919218,0.31216021220448764,108.79492757991407,37523356.48158497,312303.03389627923,300797.5804802443,39.138935061473695,0.6998865460919218,ok,offspring; n_jobs=4,2025-11-21T21:26:41.645588+00:00
12,207500.0,198.0,10.0,1.2000000000000002,43.1824684052937,0.7345296289897101,0.20770305128194574,117.14696245456878,43139403.234972164,283191.16660747677,360256.78838750924,43.1824684052937,0.7345296289897101,ok,offspring; n_jobs=4,2025-11-21T21:26:41.645596+00:00
12,280000.0,109.0,10.5,1.4000000000000001,38.330764413293004,0.661459643388228,0.2842595498456168,107.59565127448685,35205087.34421693,308016.259033499,271422.38857458875,38.330764413293004,0.661459643388228,ok,offspring; n_jobs=4,2025-11-21T21:26:41.645604+00:00
12,290500.0,197.0,12.5,1.6,47.43154604939,0.8086562741509377,0.2304013787650931,127.56965482802465,51127073.940135784,310774.62879372487,397608.26736249647,47.43154604939,0.8086562741509377,ok,offspring; n_jobs=4,2025-11-21T21:26:41.645612+00:00
12,279500.0,117.0,13.0,1.6,39.219379032989046,0.6983245174585715,0.2964553030704553,109.17071967174026,37620400.31832237,307889.30807073764,303842.96922297106,39.219379032989046,0.6983245174585715,ok,offspring; n_jobs=4,2025-11-21T21:26:41.645619+00:00
12,298000.0,109.0,12.0,1.6,38.881931438827415,0.6956763288569976,0.3107759690576707,108.06744592179587,37074841.2096094,312671.13778370357,296741.3262950263,38.881931438827415,0.6956763288569976,ok,offspring; n_jobs=4,2025-11-21T21:26:41.645627+00:00
12,212500.0,113.0,10.5,1.7000000000000002,37.94224515886322,0.6329005673528961,0.27166510170755676,107.3440772368184,33590812.755919494,285505.0461228608,268915.8508782763,37.94224515886322,0.6329005673528961,ok,offspring; n_jobs=4,2025-11-21T21:26:41.645635+00:00
12,285500.0,118.0,12.5,1.4000000000000001,39.02951858898054,0.6938099501984434,0.2885805917008677,108.4250981665839,37198705.556030005,309477.5303444835,298299.98602935293,39.02951858898054,0.6938099501984434,ok,offspring; n_jobs=4,2025-11-21T21:26:41.645643+00:00
13,299000.0,126.0,12.0,1.8,40.92507042892129,0.7315663465686734,0.2971020272744679,112.82657063078939,40691863.94099916,312922.7859696913,327929.3336244667,40.92507042892129,0.7315663465686734,ok,offspring; n_jobs=4,2025-11-21T21:34:33.649693+00:00
13,291500.0,149.0,12.0,1.9000000000000001,43.59415507401169,0.7638529024838223,0.27435537108984565,119.11123753113577,44856239.63117971,311035.5380145182,358099.60456131015,43.59415507401169,0.7638529024838223,ok,offspring; n_jobs=4,2025-11-21T21:34:33.649912+00:00
13,210000.0,157.0,12.0,1.7000000000000002,41.72994336795222,0.7169656416963186,0.24990649175758098,115.42896394552277,41000624.311545655,284360.5058819389,343701.39624403627,41.72994336795222,0.7169656416963186,ok,offspring; n_jobs=4,2025-11-21T21:34:33.649976+00:00
13,299000.0,110.0,10.5,2.0,40.282547852999606,0.6939228328308117,0.3060954914799708,112.76694998344533,38488805.03629482,312922.7859696913,294953.6155900998,40.282547852999606,0.6939228328308117,ok,offspring; n_jobs=4,2025-11-21T21:34:33.650047+00:00
13,290500.0,79.0,12.5,1.6,38.78009125532711,0.6161923350110795,0.3309199709207282,105.73543698339665,31991042.509711042,310774.62879372487,229009.85667598076,38.78009125532711,0.6161923350110795,ok,offspring; n_jobs=4,2025-11-21T21:34:33.650109+00:00
13,202000.0,200.0,10.5,1.2000000000000002,43.31381286216369,0.7337197752773345,0.206740282411962,117.72636799060244,43297056.06325683,280529.5483571876,362208.9747857574,43.31381286216369,0.7337197752773345,ok,offspring; n_jobs=4,2025-11-21T21:34:33.650179+00:00
13,298000.0,98.0,10.5,1.4000000000000001,38.38600284067994,0.6429640662817769,0.29187096295677595,108.54745760960016,34452580.610076986,312671.13778370357,250565.38427913302,38.38600284067994,0.6429640662817769,ok,offspring; n_jobs=4,2025-11-21T21:34:33.650295+00:00
13,202000.0,197.0,10.5,1.2000000000000002,43.07729954715972,0.7299366233337541,0.2079682298884993,117.21799610327193,42880417.52019185,280529.5483571876,358894.933683181,43.07729954715972,0.7299366233337541,ok,offspring; n_jobs=4,2025-11-21T21:34:33.650359+00:00
13,202000.0,119.0,10.5,1.4000000000000001,37.75623639419124,0.6206766034822965,0.2524683975032655,106.58595746102907,32846195.81886445,280529.5483571876,263183.15629330405,37.75623639419124,0.6206766034822965,ok,offspring; n_jobs=4,2025-11-21T21:34:33.650411+00:00
13,279500.0,106.0,10.5,1.3,38.27591323871325,0.6438633499071195,0.27584107268017044,107.94709817493536,34392599.816653565,307889.30807073764,256134.98644789905,38.27591323871325,0.6438633499071195,ok,offspring; n_jobs=4,2025-11-21T21:34:33.650456+00:00
13,279500.0,149.0,12.0,1.4000000000000001,41.33635925430531,0.7382092427885905,0.2595553220956051,113.11260003857923,41439779.59632531,307889.30807073764,338781.9886120676,41.33635925430531,0.7382092427885905,ok,offspring; n_jobs=4,2025-11-21T21:34:33.650488+00:00
13,290500.0,187.0,12.5,1.6,46.26063395229207,0.7998903007755939,0.23803462181384474,124.71235287914041,49432265.071256764,310774.62879372487,389929.27468569536,46.26063395229207,0.7998903007755939,ok,offspring; n_jobs=4,2025-11-21T21:34:33.650520+00:00
13,202000.0,103.0,10.5,1.2000000000000002,37.20030716357569,0.5644038385534462,0.23705303699032593,106.42840572041203,29805347.81304168,280529.5483571876,213888.21421563128,37.20030716357569,0.5644038385534462,ok,offspring; n_jobs=4,2025-11-21T21:34:33.650551+00:00
13,299500.0,144.0,12.0,1.3,41.21861231174938,0.7346941149489058,0.2620360141117059,112.94945793187418,41184852.731506154,313049.3350541712,330542.7096410703,41.21861231174938,0.7346941149489058,ok,offspring; n_jobs=4,2025-11-21T21:34:33.650588+00:00
13,299500.0,148.0,12.0,1.3,41.52944441086315,0.7408309556336369,0.25910047365242406,113.54457745636387,41763474.91145755,313049.3350541712,335918.58208089473,41.52944441086315,0.7408309556336369,ok,offspring; n_jobs=4,2025-11-21T21:34:33.650630+00:00
13,288500.0,150.0,12.5,1.7000000000000002,42.73468618619583,0.7593368094079154,0.27010544185749796,116.74055033553354,43809546.50224613,310260.49444058165,354918.5506007523,42.73468618619583,0.7593368094079154,ok,offspring; n_jobs=4,2025-11-21T21:34:33.650668+00:00
13,300000.0,138.0,12.0,1.4000000000000001,40.8713930948721,0.7351198140911127,0.2736353214346049,112.0293305535549,40809020.945654996,313172.6897679495,330792.2673758652,40.8713930948721,0.7351198140911127,ok,offspring; n_jobs=4,2025-11-21T21:34:33.650702+00:00
13,292000.0,186.0,12.0,2.0,47.109572139631844,0.7949533816353371,0.23642559329436558,127.25837766942453,50045007.5782163,311156.7576224478,385222.4046901075,47.109572139631844,0.7949533816353371,ok,offspring; n_jobs=4,2025-11-21T21:34:33.650735+00:00
13,280000.0,107.0,12.5,1.6,38.38305711585,0.6790813093063099,0.3060416591119666,107.39291644614407,35959337.509532936,308016.259033499,286858.96791882854,38.38305711585,0.6790813093063099,ok,offspring; n_jobs=4,2025-11-21T21:34:33.650768+00:00
13,298500.0,199.0,12.0,1.7000000000000002,47.87911405338241,0.809605595312216,0.22740185124266224,128.5448714635036,51597265.14486106,312798.4983332427,396416.0031602585,47.87911405338241,0.809605595312216,ok,offspring; n_jobs=4,2025-11-21T21:34:33.650806+00:00
13,216000.0,197.0,10.5,1.3,43.60525701659563,0.7508343155842825,0.21478442276062312,118.1111871182429,44349263.227808625,287073.086405369,370657.77404646255,43.60525701659563,0.7508343155842825,ok,offspring; n_jobs=4,2025-11-21T21:34:33.650838+00:00
13,273000.0,110.0,10.0,1.2000000000000002,38.69429950497677,0.6319281309857464,0.25679599150344734,109.16474089225657,34198483.53047821,306120.425330792,247448.61741272188,38.69429950497677,0.6319281309857464,ok,offspring; n_jobs=4,2025-11-21T21:34:33.650873+00:00
13,299000.0,123.0,12.0,1.5,39.8236008911297,0.7166860156985413,0.292250588207884,109.87583575625284,38926607.5722574,312922.7859696913,314894.16378223087,39.8236008911297,0.7166860156985413,ok,offspring; n_jobs=4,2025-11-21T21:34:33.650905+00:00
13,290500.0,191.0,10.5,1.4000000000000001,45.34184385124564,0.7908129804758656,0.22829707983882788,121.64362925929221,47906793.158623025,310774.62879372487,381977.5421031333,45.34184385124564,0.7908129804758656,ok,offspring; n_jobs=4,2025-11-21T21:34:33.650938+00:00
13,298000.0,109.0,12.0,1.6,38.881931438827415,0.6956763288569976,0.3107759690576707,108.06744592179587,37074841.2096094,312671.13778370357,296741.3262950263,38.881931438827415,0.6956763288569976,ok,offspring; n_jobs=4,2025-11-21T21:34:33.650974+00:00
13,280000.0,109.0,10.5,1.4000000000000001,38.330764413293004,0.661459643388228,0.2842595498456168,107.59565127448685,35205087.34421693,308016.259033499,271422.38857458875,38.330764413293004,0.661459643388228,ok,offspring; n_jobs=4,2025-11-21T21:34:33.651010+00:00
13,298000.0,109.0,12.0,1.6,38.881931438827415,0.6956763288569976,0.3107759690576707,108.06744592179587,37074841.2096094,312671.13778370357,296741.3262950263,38.881931438827415,0.6956763288569976,ok,offspring; n_jobs=4,2025-11-21T21:34:33.651056+00:00
13,281500.0,146.0,12.0,1.3,40.91529324793822,0.7274009315072174,0.2570709832107045,112.34956453754037,40587495.171237715,308419.71131315985,328783.5046871626,40.91529324793822,0.7274009315072174,ok,offspring; n_jobs=4,2025-11-21T21:34:33.651106+00:00
13,300000.0,199.0,12.5,1.4000000000000001,46.61979974433209,0.8071904190606155,0.22597354198455155,125.0095141985639,50175511.219309665,313172.6897679495,393926.1173291496,46.61979974433209,0.8071904190606155,ok,offspring; n_jobs=4,2025-11-21T21:34:33.651156+00:00
13,290500.0,197.0,10.5,1.4000000000000001,45.94251727097607,0.7963573828599501,0.2241582867392111,123.05533748283872,48815056.84266795,310774.62879372487,386834.4385915914,45.94251727097607,0.7963573828599501,ok,offspring; n_jobs=4,2025-11-21T21:34:33.651208+00:00
13,280000.0,109.0,10.5,1.4000000000000001,38.330764413293004,0.661459643388228,0.2842595498456168,107.59565127448685,35205087.34421693,308016.259033499,271422.38857458875,38.330764413293004,0.661459643388228,ok,offspring; n_jobs=4,2025-11-21T21:34:33.651257+00:00
13,297500.0,113.0,12.0,1.6,39.18921142743536,0.7026314581454534,0.3060459616374243,108.69968627706264,37682122.64641691,312556.3808297636,302948.7765056536,39.18921142743536,0.7026314581454534,ok,offspring; n_jobs=4,2025-11-21T21:34:33.651309+00:00
13,202000.0,99.0,10.5,1.2000000000000002,37.09326487607952,0.555020365484667,0.2371526818497541,106.2293552420654,29234633.488075852,280529.5483571876,205668.29180738074,37.09326487607952,0.555020365484667,ok,offspring; n_jobs=4,2025-11-21T21:34:33.651365+00:00
13,206500.0,110.0,10.0,1.2000000000000002,37.45990476156263,0.5849536938884089,0.23838333880493193,106.39306583040458,30923331.364063326,282713.2505738138,229706.1852724324,37.45990476156263,0.5849536938884089,ok,offspring; n_jobs=4,2025-11-21T21:34:33.651416+00:00
13,280500.0,108.0,12.0,2.0,39.446617574249565,0.691969400991276,0.31499996452556234,110.26017961529863,37499995.659036,308150.02883001376,298015.166438344,39.446617574249565,0.691969400991276,ok,offspring; n_jobs=4,2025-11-21T21:34:33.651471+00:00
13,298500.0,154.0,12.5,1.6,42.953638532427895,0.7671087348249003,0.2662550801854429,116.90013091455948,44375643.61063758,312798.4983332427,359188.7533733699,42.953638532427895,0.7671087348249003,ok,offspring; n_jobs=4,2025-11-21T21:34:33.651520+00:00
13,299500.0,144.0,10.5,1.7000000000000002,42.29866182695586,0.7529883930192226,0.27474037388275924,115.16054410679129,42890755.94235922,313049.3350541712,346568.4972306678,42.29866182695586,0.7529883930192226,ok,offspring; n_jobs=4,2025-11-21T21:34:33.651574+00:00
13,299000.0,149.0,12.0,1.7000000000000002,42.84752873518129,0.7632101018484908,0.2724780601648636,116.75656837252762,44042358.59916792,312922.7859696913,355649.26324958657,42.84752873518129,0.7632101018484908,ok,offspring; n_jobs=4,2025-11-21T21:34:33.651660+00:00
14,298000.0,109.0,12.5,1.6,38.910741043977666,0.6965755099561953,0.31160090584592554,108.22251690188683,37164714.8027187,312671.13778370357,297529.0089379235,38.910741043977666,0.6965755099561953,ok,offspring; n_jobs=4,2025-11-21T21:42:13.687094+00:00
14,230500.0,149.0,12.0,1.4000000000000001,40.30661542830653,0.7046988334731578,0.24851179319139016,111.43448620696473,39026567.81424731,292948.6451773562,324367.5329451301,40.30661542830653,0.7046988334731578,ok,offspring; n_jobs=4,2025-11-21T21:42:13.687126+00:00
14,298000.0,109.0,10.5,1.4000000000000001,38.76196784655289,0.6718609350199769,0.2889269838860921,108.6483528430504,36091370.075736634,312671.13778370357,275879.0412937962,38.76196784655289,0.6718609350199769,ok,offspring; n_jobs=4,2025-11-21T21:42:13.687140+00:00
14,202000.0,99.0,10.5,1.2000000000000002,37.09326487607952,0.555020365484667,0.2371526818497541,106.2293552420654,29234633.488075852,280529.5483571876,205668.29180738074,37.09326487607952,0.555020365484667,ok,offspring; n_jobs=4,2025-11-21T21:42:13.687153+00:00
14,279000.0,148.0,12.0,1.3,41.01773020870119,0.7289503970029709,0.255156649533741,112.54085087137581,40753820.73853403,307755.054787098,330805.4929875045,41.01773020870119,0.7289503970029709,ok,offspring; n_jobs=4,2025-11-21T21:42:13.687163+00:00
14,300000.0,107.0,10.5,1.3,38.85863987943055,0.6569511182874402,0.27985798857577787,109.39297786731106,35546994.97451998,313172.6897679495,262316.4898518481,38.85863987943055,0.6569511182874402,ok,offspring; n_jobs=4,2025-11-21T21:42:13.687200+00:00
14,200000.0,195.0,10.5,1.3,43.126826401157146,0.7377615876126057,0.21469947975144593,117.22115060752778,43268824.48119325,279529.4994372226,366749.65131141996,43.126826401157146,0.7377615876126057,ok,offspring; n_jobs=4,2025-11-21T21:42:13.687211+00:00
14,284500.0,118.0,10.5,1.4000000000000001,38.966421366136416,0.6868067612751684,0.282902919894677,108.0930319103018,36761434.677950606,309211.6326403178,292431.0902367297,38.966421366136416,0.6868067612751684,ok,offspring; n_jobs=4,2025-11-21T21:42:13.687220+00:00
14,214500.0,117.0,11.0,1.6,38.012876967198046,0.6418727327772147,0.2691712282390404,107.1342244881264,34036704.49821474,286401.5386660827,275878.97524675727,38.012876967198046,0.6418727327772147,ok,offspring; n_jobs=4,2025-11-21T21:42:13.687231+00:00
14,293000.0,155.0,10.5,1.4000000000000001,42.04566184697776,0.752217757112986,0.2559487899510603,114.07816268547853,42639827.73683989,311415.488235426,347527.26699554967,42.04566184697776,0.752217757112986,ok,offspring; n_jobs=4,2025-11-21T21:42:13.687240+00:00
14,202000.0,110.0,10.0,1.2000000000000002,37.429592781431815,0.5805775274446008,0.2366711972647185,106.40953753414216,30702037.298765022,280529.5483571876,228056.36568428273,37.429592781431815,0.5805775274446008,ok,offspring; n_jobs=4,2025-11-21T21:42:13.687249+00:00
14,206500.0,103.0,10.5,1.2000000000000002,37.23358567668003,0.5687305468517736,0.23883352004736874,106.42057423901757,30026641.87833998,282713.2505738138,215494.70846833987,37.23358567668003,0.5687305468517736,ok,offspring; n_jobs=4,2025-11-21T21:42:13.687259+00:00
14,294000.0,199.0,12.0,1.7000000000000002,47.74208650009975,0.8077882072162343,0.22713397308092026,128.26812216340673,51375417.84439951,311673.44228783785,395949.02723358345,47.74208650009975,0.8077882072162343,ok,offspring; n_jobs=4,2025-11-21T21:42:13.687268+00:00
14,279500.0,106.0,10.5,1.3,38.27591323871325,0.6438633499071195,0.27584107268017044,107.94709817493536,34392599.816653565,307889.30807073764,256134.98644789905,38.27591323871325,0.6438633499071195,ok,offspring; n_jobs=4,2025-11-21T21:42:13.687278+00:00
14,285000.0,109.0,10.5,1.4000000000000001,38.44641668325625,0.6644756947342265,0.2856338571913741,107.8707856484843,35451276.99186129,309346.0763865708,272734.63220061164,38.44641668325625,0.6644756947342265,ok,offspring; n_jobs=4,2025-11-21T21:42:13.687288+00:00
14,197000.0,119.0,10.5,1.4000000000000001,37.736132317705824,0.6150638842759671,0.2501888254682657,106.73375176294343,32600006.171220087,277989.1234046083,260806.8392211389,37.736132317705824,0.6150638842759671,ok,offspring; n_jobs=4,2025-11-21T21:42:13.687297+00:00
14,298500.0,154.0,12.5,1.6,42.953638532427895,0.7671087348249003,0.2662550801854429,116.90013091455948,44375643.61063758,312798.4983332427,359188.7533733699,42.953638532427895,0.7671087348249003,ok,offspring; n_jobs=4,2025-11-21T21:42:13.687307+00:00
14,299000.0,154.0,12.0,2.0,44.98218134579596,0.7756430453879917,0.2717047098604855,122.69542384340754,46846633.20505914,312922.7859696913,366540.5217901894,44.98218134579596,0.7756430453879917,ok,offspring; n_jobs=4,2025-11-21T21:42:13.687316+00:00
14,202500.0,137.0,10.5,1.2000000000000002,38.78398853110015,0.639146754556069,0.2325749283388759,108.56798112595246,34597207.962282225,280774.73399306455,279117.82299805176,38.78398853110015,0.639146754556069,ok,offspring; n_jobs=4,2025-11-21T21:42:13.687325+00:00
14,297000.0,100.0,12.0,1.4000000000000001,38.151025904947254,0.6600175935843049,0.30336404624695684,107.36086690171688,34958578.27353781,312428.50746751693,265746.9045123342,38.151025904947254,0.6600175935843049,ok,offspring; n_jobs=4,2025-11-21T21:42:13.687333+00:00
14,296500.0,106.0,10.5,1.3,38.72467763264528,0.6526199127865359,0.27934867935806645,109.1435534060361,35230197.853807636,312303.03389627923,259392.0097047262,38.72467763264528,0.6526199127865359,ok,offspring; n_jobs=4,2025-11-21T21:42:13.687343+00:00
14,280500.0,117.0,10.5,1.6,39.19120244708164,0.6910813316314028,0.29001016438267874,108.87680343373323,37189883.41997592,308150.02883001376,297237.2176790951,39.19120244708164,0.6910813316314028,ok,offspring; n_jobs=4,2025-11-21T21:42:13.687352+00:00
14,202000.0,105.0,12.0,1.2000000000000002,37.48602491266382,0.5686794883963365,0.23660978851707246,107.66158317472932,30354051.22966392,280529.5483571876,217633.68347800325,37.48602491266382,0.5686794883963365,ok,offspring; n_jobs=4,2025-11-21T21:42:13.687362+00:00
14,299000.0,121.0,10.5,1.5,39.677629018183104,0.7082233431790705,0.29008723221175753,109.36654157353934,38319022.84502141,312922.7859696913,307480.8626551745,39.677629018183104,0.7082233431790705,ok,offspring; n_jobs=4,2025-11-21T21:42:13.687370+00:00
14,294000.0,110.0,10.0,1.2000000000000002,39.22688412358766,0.642842281942508,0.26095516468845903,110.62777920987207,35233033.28574778,311673.44228783785,251456.39669379912,39.22688412358766,0.642842281942508,ok,offspring; n_jobs=4,2025-11-21T21:42:13.687379+00:00
14,210500.0,138.0,12.0,1.7000000000000002,39.96083411912323,0.6856756949765709,0.26144955466715375,111.54396113136248,37855977.34712604,284590.7711534473,316061.13764602883,39.96083411912323,0.6856756949765709,ok,offspring; n_jobs=4,2025-11-21T21:42:13.687387+00:00
14,299000.0,153.0,10.5,1.3,41.79873761319042,0.7456223550895643,0.2538591914292291,113.54731009918824,42102353.24309406,312922.7859696913,340242.39708876715,41.79873761319042,0.7456223550895643,ok,offspring; n_jobs=4,2025-11-21T21:42:13.687398+00:00
14,282500.0,197.0,12.0,2.0,47.672632053056134,0.795520811264782,0.22494244470497357,128.51247567538312,50667426.362658724,308688.55499168206,388187.675676267,47.672632053056134,0.795520811264782,ok,offspring; n_jobs=4,2025-11-21T21:42:13.687406+00:00
14,298000.0,151.0,12.0,1.4000000000000001,41.91300581276099,0.7526220635036033,0.26204737809236217,114.22200233966105,42649398.50884565,312671.13778370357,346625.789845453,41.91300581276099,0.7526220635036033,ok,offspring; n_jobs=4,2025-11-21T21:42:13.687415+00:00
14,294000.0,116.0,12.0,1.7000000000000002,39.61695892239611,0.7089432259463215,0.3044410561733781,109.76822813600992,38374242.846768156,311673.44228783785,309360.82364113984,39.61695892239611,0.7089432259463215,ok,offspring; n_jobs=4,2025-11-21T21:42:13.687425+00:00
14,282000.0,195.0,12.0,1.3,45.17497989540055,0.7882166618266654,0.22358146347738547,121.54162916669887,47744265.3319578,308555.939848089,381921.85591206985,45.17497989540055,0.7882166618266654,ok,offspring; n_jobs=4,2025-11-21T21:42:13.687433+00:00
14,298000.0,113.0,10.5,1.6,39.344169697895154,0.6917499416109097,0.2963003708201534,109.55030361343111,37424144.94817996,312671.13778370357,293301.81106745347,39.344169697895154,0.6917499416109097,ok,offspring; n_jobs=4,2025-11-21T21:42:13.687442+00:00
14,280000.0,110.0,12.5,1.3,38.545694776870654,0.6597704617321544,0.2801397524324078,108.39894145106848,35362134.942423254,308016.259033499,269942.66544386814,38.545694776870654,0.6597704617321544,ok,offspring; n_jobs=4,2025-11-21T21:42:13.687451+00:00
14,296500.0,107.0,12.0,1.6,38.68582876773425,0.6905071372439071,0.31214656502516047,107.7485193139064,36683488.0552164,312303.03389627923,292581.2183293834,38.68582876773425,0.6905071372439071,ok,offspring; n_jobs=4,2025-11-21T21:42:13.687460+00:00
14,202000.0,197.0,12.5,1.4000000000000001,44.05011696397879,0.7523770779960454,0.21935932362570296,120.08532105025061,45041374.11090911,280529.5483571876,378552.7719673481,44.05011696397879,0.7523770779960454,ok,offspring; n_jobs=4,2025-11-21T21:42:13.687469+00:00
14,300000.0,120.0,10.5,1.4000000000000001,39.46515947396847,0.7009473850831565,0.28620359547649876,108.98019658310822,37819809.18721966,313172.6897679495,300857.2195648955,39.46515947396847,0.7009473850831565,ok,offspring; n_jobs=4,2025-11-21T21:42:13.687477+00:00
15,300000.0,193.0,12.0,1.3,45.458392811144456,0.794859675534236,0.22660963990822697,122.08367216929123,48333059.18751064,313172.6897679495,383124.38600004115,45.458392811144456,0.794859675534236,ok,offspring; n_jobs=4,2025-11-21T21:50:33.854309+00:00
15,281000.0,140.0,12.0,1.4000000000000001,40.62389556816033,0.725840903372616,0.2670826552806558,111.61292185735738,40171644.093146324,308286.46291821543,327550.1684361962,40.62389556816033,0.725840903372616,ok,offspring; n_jobs=4,2025-11-21T21:50:33.854341+00:00
15,202000.0,100.0,10.5,1.2000000000000002,37.074615614130046,0.5574515343834262,0.23721232393001573,106.26621865609398,29378065.599658262,280529.5483571876,207797.99576269378,37.074615614130046,0.5574515343834262,ok,offspring; n_jobs=4,2025-11-21T21:50:33.854355+00:00
15,299000.0,112.0,12.0,1.6,39.146578350465326,0.7018076128283424,0.3076694827013379,108.59954572054714,37597765.0834742,312922.7859696913,301860.6828679367,39.146578350465326,0.7018076128283424,ok,offspring; n_jobs=4,2025-11-21T21:50:33.854366+00:00
15,300000.0,199.0,12.5,1.4000000000000001,46.61979974433209,0.8071904190606155,0.22597354198455155,125.0095141985639,50175511.219309665,313172.6897679495,393926.1173291496,46.61979974433209,0.8071904190606155,ok,offspring; n_jobs=4,2025-11-21T21:50:33.854378+00:00
15,202000.0,110.0,10.0,1.2000000000000002,37.429592781431815,0.5805775274446008,0.2366711972647185,106.40953753414216,30702037.298765022,280529.5483571876,228056.36568428273,37.429592781431815,0.5805775274446008,ok,offspring; n_jobs=4,2025-11-21T21:50:33.854389+00:00
15,288500.0,154.0,12.5,1.7000000000000002,43.1316324935252,0.7649645079480794,0.26674406579637067,117.63895373559973,44481960.18012002,310260.49444058165,359848.4145219359,43.1316324935252,0.7649645079480794,ok,offspring; n_jobs=4,2025-11-21T21:50:33.854400+00:00
15,298500.0,150.0,12.5,1.6,42.5616717800175,0.7616533195092698,0.2697182721133011,116.03771795599582,43725387.75937652,312798.4983332427,354409.8095568777,42.5616717800175,0.7616533195092698,ok,offspring; n_jobs=4,2025-11-21T21:50:33.854409+00:00
15,214500.0,117.0,11.0,1.6,38.012876967198046,0.6418727327772147,0.2691712282390404,107.1342244881264,34036704.49821474,286401.5386660827,275878.97524675727,38.012876967198046,0.6418727327772147,ok,offspring; n_jobs=4,2025-11-21T21:50:33.854420+00:00
15,296500.0,107.0,12.0,1.6,38.68582876773425,0.6905071372439071,0.31214656502516047,107.7485193139064,36683488.0552164,312303.03389627923,292581.2183293834,38.68582876773425,0.6905071372439071,ok,offspring; n_jobs=4,2025-11-21T21:50:33.854430+00:00
15,297500.0,111.0,10.5,1.4000000000000001,38.87221130498545,0.6766887136831484,0.28818846143061677,108.65892816797312,36364321.076444946,312556.3808297636,280222.9323566745,38.87221130498545,0.6766887136831484,ok,offspring; n_jobs=4,2025-11-21T21:50:33.854440+00:00
15,280500.0,147.0,12.0,1.4000000000000001,41.18458610130416,0.7360000754625076,0.2613813851420673,112.79379626977973,41191187.014310814,308150.02883001376,336586.0372751429,41.18458610130416,0.7360000754625076,ok,offspring; n_jobs=4,2025-11-21T21:50:33.854448+00:00
15,294000.0,107.0,12.5,1.6,38.662048524804774,0.6898087339368201,0.3121655450015113,107.78213462591582,36648668.522937156,311673.44228783785,292599.00864081655,38.662048524804774,0.6898087339368201,ok,offspring; n_jobs=4,2025-11-21T21:50:33.854457+00:00
15,280000.0,118.0,12.0,1.7000000000000002,39.49330096309715,0.7029853034772034,0.29776997408533706,109.5966178924959,38010794.17865637,308016.259033499,307798.8668125312,39.49330096309715,0.7029853034772034,ok,offspring; n_jobs=4,2025-11-21T21:50:33.854467+00:00
15,202000.0,103.0,10.5,1.4000000000000001,37.001853479472224,0.583072772367908,0.2551782154509685,105.49198077663665,30471472.125972718,280529.5483571876,230242.20023709987,37.001853479472224,0.583072772367908,ok,offspring; n_jobs=4,2025-11-21T21:50:33.854475+00:00
15,297000.0,100.0,12.0,1.2000000000000002,39.12291717535231,0.6235795925123344,0.26692604517498636,111.39624058953682,34312798.362394266,312428.50746751693,233827.21557328806,39.12291717535231,0.6235795925123344,ok,offspring; n_jobs=4,2025-11-21T21:50:33.854484+00:00
15,209000.0,111.0,10.5,1.2000000000000002,37.61119081723466,0.589670021032352,0.23927175776939005,106.80149635718286,31281625.82560021,283892.6520396963,232658.2863846441,37.61119081723466,0.589670021032352,ok,offspring; n_jobs=4,2025-11-21T21:50:33.854493+00:00
15,295000.0,190.0,12.0,1.7000000000000002,47.102189273688104,0.8044905961158755,0.23600934931245446,126.85647141922036,50533777.778782934,311919.80120185774,392813.9609956492,47.102189273688104,0.8044905961158755,ok,offspring; n_jobs=4,2025-11-21T21:50:33.854501+00:00
15,292000.0,135.0,12.0,1.5,40.68846739180101,0.7307960197989293,0.2782179568082313,111.76022604741476,40427467.05929721,311156.7576224478,329020.55572141433,40.68846739180101,0.7307960197989293,ok,offspring; n_jobs=4,2025-11-21T21:50:33.854510+00:00
15,299000.0,186.0,12.0,1.4000000000000001,45.198220887540096,0.7937565741572034,0.23469826986793513,121.6038172728511,47990192.266841576,312922.7859696913,382407.9729920188,45.198220887540096,0.7937565741572034,ok,offspring; n_jobs=4,2025-11-21T21:50:33.854518+00:00
15,298500.0,149.0,13.0,2.0,44.387938986788846,0.7710973308905582,0.27786672453103356,121.45415735213884,46073371.742169544,312798.4983332427,362682.76352688624,44.387938986788846,0.7710973308905582,ok,offspring; n_jobs=4,2025-11-21T21:50:33.854525+00:00
15,299000.0,154.0,12.0,1.6,42.927072600044134,0.766428085347306,0.265720969574326,116.71640879867205,44281488.92293405,312922.7859696913,358468.21679454873,42.927072600044134,0.766428085347306,ok,offspring; n_jobs=4,2025-11-21T21:50:33.854534+00:00
15,213500.0,117.0,11.0,1.6,38.00788263505423,0.6407271109587684,0.2686232579470888,107.16741877955049,33987466.568685874,285959.5996647509,275317.34953513026,38.00788263505423,0.6407271109587684,ok,offspring; n_jobs=4,2025-11-21T21:50:33.854543+00:00
15,291000.0,191.0,10.5,1.4000000000000001,45.355132350552154,0.7910331388280555,0.22833343409989743,121.67462996895824,47931688.7409691,310906.66101479216,382038.3685985844,45.355132350552154,0.7910331388280555,ok,offspring; n_jobs=4,2025-11-21T21:50:33.854550+00:00
15,200000.0,118.0,12.0,1.4000000000000001,37.9094045275407,0.6157228094947585,0.2513772944046377,107.72810608854677,32892269.99988499,279529.4994372226,259843.68168018587,37.9094045275407,0.6157228094947585,ok,offspring; n_jobs=4,2025-11-21T21:50:33.854558+00:00
15,294000.0,198.0,10.5,1.4000000000000001,46.15155187782302,0.7987487705047466,0.22371574228259777,123.5034239902665,49137550.899763055,311673.44228783785,388030.4806743202,46.15155187782302,0.7987487705047466,ok,offspring; n_jobs=4,2025-11-21T21:50:33.854566+00:00
15,206500.0,110.0,10.0,1.2000000000000002,37.45990476156263,0.5849536938884089,0.23838333880493193,106.39306583040458,30923331.364063326,282713.2505738138,229706.1852724324,37.45990476156263,0.5849536938884089,ok,offspring; n_jobs=4,2025-11-21T21:50:33.854574+00:00
15,202000.0,118.0,10.5,1.4000000000000001,37.71487757190336,0.6183076972766774,0.25260041256209065,106.52673817704714,32698475.63907377,280529.5483571876,261107.99445718186,37.71487757190336,0.6183076972766774,ok,offspring; n_jobs=4,2025-11-21T21:50:33.854583+00:00
15,202000.0,99.0,10.5,1.2000000000000002,37.09326487607952,0.555020365484667,0.2371526818497541,106.2293552420654,29234633.488075852,280529.5483571876,205668.29180738074,37.09326487607952,0.555020365484667,ok,offspring; n_jobs=4,2025-11-21T21:50:33.854592+00:00
15,280000.0,109.0,10.5,1.4000000000000001,38.330764413293004,0.661459643388228,0.2842595498456168,107.59565127448685,35205087.34421693,308016.259033499,271422.38857458875,38.330764413293004,0.661459643388228,ok,offspring; n_jobs=4,2025-11-21T21:50:33.854600+00:00
15,300000.0,154.0,12.0,2.0,45.01012006912958,0.7761318312756099,0.27183685763912474,122.74888773872696,46895871.134588,313172.6897679495,366718.7944294848,45.01012006912958,0.7761318312756099,ok,offspring; n_jobs=4,2025-11-21T21:50:33.854609+00:00
15,299000.0,138.0,12.0,1.4000000000000001,40.850202957390664,0.7345130634065914,0.2734023704374982,111.98373170541967,40759783.016126126,312922.7859696913,330510.65757448284,40.850202957390664,0.7345130634065914,ok,offspring; n_jobs=4,2025-11-21T21:50:33.854617+00:00
15,299000.0,151.0,12.0,1.5,42.25689958780879,0.7584669181468283,0.2657278979761486,115.04669025936515,43239880.786825255,312922.7859696913,351494.2343269303,42.25689958780879,0.7584669181468283,ok,offspring; n_jobs=4,2025-11-21T21:50:33.854624+00:00
15,288500.0,122.0,12.5,1.7000000000000002,40.05641471319961,0.7160619538022138,0.29662566162339765,110.90645972575332,39175517.84625505,310260.49444058165,317009.77709015756,40.05641471319961,0.7160619538022138,ok,offspring; n_jobs=4,2025-11-21T21:50:33.854631+00:00
15,299500.0,144.0,10.5,1.7000000000000002,42.29866182695586,0.7529883930192226,0.27474037388275924,115.16054410679129,42890755.94235922,313049.3350541712,346568.4972306678,42.29866182695586,0.7529883930192226,ok,offspring; n_jobs=4,2025-11-21T21:50:33.854639+00:00
15,238000.0,148.0,12.5,1.3,40.226857524040064,0.7016439215585248,0.24608497773691648,111.36345810561174,38849301.39438672,295595.8233489103,319044.25193635747,40.226857524040064,0.7016439215585248,ok,offspring; n_jobs=4,2025-11-21T21:50:33.854648+00:00
15,290500.0,197.0,12.0,1.6,47.370541811939134,0.8075460763293502,0.2298378265713939,127.33707039260024,50982774.75203952,310774.62879372487,396635.73407078587,47.370541811939134,0.8075460763293502,ok,offspring; n_jobs=4,2025-11-21T21:50:33.854655+00:00
15,297000.0,100.0,12.5,1.4000000000000001,38.16287170837085,0.6616473470105411,0.3049937996731929,107.38587937063367,35042464.54791526,312428.50746751693,267174.568513717,38.16287170837085,0.6616473470105411,ok,offspring; n_jobs=4,2025-11-21T21:50:33.854662+00:00
15,299000.0,111.0,12.0,1.7000000000000002,39.279292187364355,0.703407259840838,0.31188240327747213,109.06543977438223,37807944.00786031,312922.7859696913,303261.9736508828,39.279292187364355,0.703407259840838,ok,offspring; n_jobs=4,2025-11-21T21:50:33.854669+00:00
15,279500.0,194.0,12.5,1.6,46.80559084110159,0.8015459973005725,0.23199700228579054,126.13636523116887,50113819.50379667,307889.30807073764,394264.9855645639,46.80559084110159,0.8015459973005725,ok,offspring; n_jobs=4,2025-11-21T21:50:33.854677+00:00
16,297000.0,107.0,12.5,1.6,38.72457588092575,0.6920112690881246,0.3134184315427819,107.87896329141775,36796382.311523765,312428.50746751693,293773.3642536803,38.72457588092575,0.6920112690881246,ok,offspring; n_jobs=4,2025-11-21T21:58:45.320227+00:00
16,280500.0,117.0,12.0,1.6,39.16851241158267,0.6980548427441842,0.2959704302910389,108.73856530496467,37480170.46187846,308150.02883001376,303346.0134138916,39.16851241158267,0.6980548427441842,ok,offspring; n_jobs=4,2025-11-21T21:58:45.320288+00:00
16,299000.0,151.0,12.0,1.5,42.25689958780879,0.7584669181468283,0.2657278979761486,115.04669025936515,43239880.786825255,312922.7859696913,351494.2343269303,42.25689958780879,0.7584669181468283,ok,offspring; n_jobs=4,2025-11-21T21:58:45.320306+00:00
16,299000.0,123.0,12.0,1.5,39.8236008911297,0.7166860156985413,0.292250588207884,109.87583575625284,38926607.5722574,312922.7859696913,314894.16378223087,39.8236008911297,0.7166860156985413,ok,offspring; n_jobs=4,2025-11-21T21:58:45.320321+00:00
16,299500.0,99.0,12.0,1.3,38.58945396297106,0.6429833527680058,0.28850615973732974,109.06356694414565,34612183.30628952,313049.3350541712,250204.08197060184,38.58945396297106,0.6429833527680058,ok,offspring; n_jobs=4,2025-11-21T21:58:45.320333+00:00
16,298000.0,148.0,12.0,1.6,42.320621951328114,0.7578265755736704,0.27087571147941486,115.3684615007172,43264695.51197711,312671.13778370357,351184.94241883175,42.320621951328114,0.7578265755736704,ok,offspring; n_jobs=4,2025-11-21T21:58:45.320345+00:00
16,209000.0,150.0,12.5,1.6,40.682466985320275,0.7012124110811566,0.2514226941152183,113.08468161600447,39317209.97863432,283892.6520396963,330369.42006739683,40.682466985320275,0.7012124110811566,ok,offspring; n_jobs=4,2025-11-21T21:58:45.320356+00:00
16,299500.0,117.0,11.5,1.6,39.55968650383361,0.7100069953009285,0.30140576125887114,109.31655849793866,38320335.2462044,313049.3350541712,308916.7928294422,39.55968650383361,0.7100069953009285,ok,offspring; n_jobs=4,2025-11-21T21:58:45.320368+00:00
16,212500.0,113.0,10.5,1.4000000000000001,37.543535487580854,0.6173419085639292,0.25789637711555063,106.0711171109732,32474762.757756654,285505.0461228608,255286.46577914126,37.543535487580854,0.6173419085639292,ok,offspring; n_jobs=4,2025-11-21T21:58:45.320379+00:00
16,202000.0,103.0,11.0,1.7000000000000002,37.38801857358255,0.5987306067645742,0.2703799964186056,106.72623337493005,31555525.570970505,280529.5483571876,243958.46316857947,37.38801857358255,0.5987306067645742,ok,offspring; n_jobs=4,2025-11-21T21:58:45.320391+00:00
16,299500.0,148.0,12.0,1.3,41.52944441086315,0.7408309556336369,0.25910047365242406,113.54457745636387,41763474.91145755,313049.3350541712,335918.58208089473,41.52944441086315,0.7408309556336369,ok,offspring; n_jobs=4,2025-11-21T21:58:45.320402+00:00
16,298500.0,149.0,13.0,2.0,44.387938986788846,0.7710973308905582,0.27786672453103356,121.45415735213884,46073371.742169544,312798.4983332427,362682.76352688624,44.387938986788846,0.7710973308905582,ok,offspring; n_jobs=4,2025-11-21T21:58:45.320413+00:00
16,293500.0,154.0,12.0,1.4000000000000001,42.07520436166596,0.7539221057846566,0.2586229378426915,114.59965366281332,42879086.55345076,311543.07660005457,348892.6880673046,42.07520436166596,0.7539221057846566,ok,offspring; n_jobs=4,2025-11-21T21:58:45.320424+00:00
16,298500.0,151.0,12.5,1.6,42.66053926294183,0.7630958745232916,0.26888739283706853,116.24677534345247,43889460.17225708,312798.4983332427,355673.4877491608,42.66053926294183,0.7630958745232916,ok,offspring; n_jobs=4,2025-11-21T21:58:45.320434+00:00
16,297000.0,96.0,12.5,1.4000000000000001,38.244855874918684,0.6505215597493206,0.30611251292913805,107.38720595815325,34433421.97162701,312428.50746751693,257428.37887288793,38.244855874918684,0.6505215597493206,ok,offspring; n_jobs=4,2025-11-21T21:58:45.320445+00:00
16,292000.0,199.0,12.0,1.4000000000000001,46.32624709022515,0.8026782911234285,0.22486256935457857,124.28718384613467,49636137.8068966,311156.7576224478,391989.4254016756,46.32624709022515,0.8026782911234285,ok,offspring; n_jobs=4,2025-11-21T21:58:45.320456+00:00
16,290500.0,197.0,12.0,1.6,47.370541811939134,0.8075460763293502,0.2298378265713939,127.33707039260024,50982774.75203952,310774.62879372487,396635.73407078587,47.370541811939134,0.8075460763293502,ok,offspring; n_jobs=4,2025-11-21T21:58:45.320467+00:00
16,296500.0,110.0,12.0,1.2000000000000002,39.42806082433933,0.6485005065007202,0.2654456307579407,111.35764522784442,35726531.46075346,312303.03389627923,255783.40979835164,39.42806082433933,0.6485005065007202,ok,offspring; n_jobs=4,2025-11-21T21:58:45.320478+00:00
16,209000.0,111.0,10.5,1.7000000000000002,37.79993072278445,0.6245679432256274,0.27071132731288133,107.19042696431643,33097108.412204962,283892.6520396963,263228.8662259533,37.79993072278445,0.6245679432256274,ok,offspring; n_jobs=4,2025-11-21T21:58:45.320488+00:00
16,298500.0,150.0,13.0,1.7000000000000002,43.017141736342204,0.7659456279818402,0.2725798110950146,117.40258762802783,44417582.53496079,312798.4983332427,358169.8717788492,43.017141736342204,0.7659456279818402,ok,offspring; n_jobs=4,2025-11-21T21:58:45.320498+00:00
16,294000.0,117.0,12.0,2.0,40.6212876318334,0.7175672174307779,0.30920992875690156,112.68920546928018,39760678.797281206,311673.44228783785,316915.44018152356,40.6212876318334,0.7175672174307779,ok,offspring; n_jobs=4,2025-11-21T21:58:45.320509+00:00
16,202000.0,134.0,10.5,1.4000000000000001,38.611442147210404,0.653602098768724,0.2487782748621742,107.85711495601103,35061450.89133979,280529.5483571876,292025.89016421454,38.611442147210404,0.653602098768724,ok,offspring; n_jobs=4,2025-11-21T21:58:45.320518+00:00
16,292000.0,119.0,12.0,1.5,39.360092583088154,0.7051855866064048,0.29410404075511576,108.93679087782587,37964712.20384465,311156.7576224478,306585.81624476286,39.360092583088154,0.7051855866064048,ok,offspring; n_jobs=4,2025-11-21T21:58:45.320528+00:00
16,299000.0,149.0,12.0,1.7000000000000002,42.84752873518129,0.7632101018484908,0.2724780601648636,116.75656837252762,44042358.59916792,312922.7859696913,355649.26324958657,42.84752873518129,0.7632101018484908,ok,offspring; n_jobs=4,2025-11-21T21:58:45.320538+00:00
16,298500.0,199.0,12.0,1.5,47.138160677189546,0.8095172406157457,0.22735745189770226,126.4136929116993,50820119.80871686,312798.4983332427,396338.6044461505,47.138160677189546,0.8095172406157457,ok,offspring; n_jobs=4,2025-11-21T21:58:45.320548+00:00
16,290500.0,197.0,12.5,1.6,47.43154604939,0.8086562741509377,0.2304013787650931,127.56965482802465,51127073.940135784,310774.62879372487,397608.26736249647,47.43154604939,0.8086562741509377,ok,offspring; n_jobs=4,2025-11-21T21:58:45.320559+00:00
16,280000.0,107.0,12.0,1.6,38.35101044283972,0.6783992817204643,0.30540425015323236,107.20286851944834,35870785.60040838,308016.259033499,286261.51175362774,38.35101044283972,0.6783992817204643,ok,offspring; n_jobs=4,2025-11-21T21:58:45.320568+00:00
16,219000.0,100.0,12.0,1.4000000000000001,37.097976509568845,0.5943267106348594,0.26513181262287633,105.9070164149106,31116913.299959287,288374.7306584972,232255.46785763968,37.097976509568845,0.5943267106348594,ok,offspring; n_jobs=4,2025-11-21T21:58:45.320577+00:00
16,292000.0,117.0,11.0,1.6,39.3795644282359,0.7032212067762218,0.2974525031353887,108.97433930221507,37854027.12461047,311156.7576224478,304865.01951352257,39.3795644282359,0.7032212067762218,ok,offspring; n_jobs=4,2025-11-21T21:58:45.320587+00:00
16,300000.0,198.0,12.0,1.7000000000000002,47.84130502538784,0.8098852363037558,0.22847584130929183,128.46084841161445,51572235.611693546,313172.6897679495,396286.7772341405,47.84130502538784,0.8098852363037558,ok,offspring; n_jobs=4,2025-11-21T21:58:45.320596+00:00
16,298500.0,194.0,12.0,1.3,45.50461879029472,0.7951202499782539,0.22579605084481222,122.21782989380392,48406484.99857199,312798.4983332427,383726.8406477077,45.50461879029472,0.7951202499782539,ok,offspring; n_jobs=4,2025-11-21T21:58:45.320605+00:00
16,298000.0,114.0,10.5,1.2000000000000002,39.46956066246963,0.6577261378219051,0.26385580284014803,110.72912441953346,36086312.25257797,312671.13778370357,263496.95894828544,39.46956066246963,0.6577261378219051,ok,offspring; n_jobs=4,2025-11-21T21:58:45.320615+00:00
16,208500.0,123.0,12.0,1.5,38.31403616075473,0.6436448087177827,0.26003040311660447,108.07339136079902,34469191.86198633,283655.2936866987,280177.558750079,38.31403616075473,0.6436448087177827,ok,offspring; n_jobs=4,2025-11-21T21:58:45.320624+00:00
16,298500.0,154.0,12.5,1.6,42.953638532427895,0.7671087348249003,0.2662550801854429,116.90013091455948,44375643.61063758,312798.4983332427,359188.7533733699,42.953638532427895,0.7671087348249003,ok,offspring; n_jobs=4,2025-11-21T21:58:45.320634+00:00
16,297500.0,117.0,12.0,1.6,39.53799869802897,0.70966623475763,0.3015954814209112,109.39164689453189,38317768.49903254,312556.3808297636,309111.2408179203,39.53799869802897,0.70966623475763,ok,offspring; n_jobs=4,2025-11-21T21:58:45.320644+00:00
16,202000.0,118.0,10.5,1.4000000000000001,37.71487757190336,0.6183076972766774,0.25260041256209065,106.52673817704714,32698475.63907377,280529.5483571876,261107.99445718186,37.71487757190336,0.6183076972766774,ok,offspring; n_jobs=4,2025-11-21T21:58:45.320653+00:00
16,281000.0,140.0,12.0,1.4000000000000001,40.62389556816033,0.725840903372616,0.2670826552806558,111.61292185735738,40171644.093146324,308286.46291821543,327550.1684361962,40.62389556816033,0.725840903372616,ok,offspring; n_jobs=4,2025-11-21T21:58:45.320662+00:00
16,198000.0,103.0,12.5,1.4000000000000001,37.22477533202386,0.5780848858129751,0.25257456850547444,107.07467780955837,30622563.307138544,278509.3783010468,227892.9816711195,37.22477533202386,0.5780848858129751,ok,offspring; n_jobs=4,2025-11-21T21:58:45.320672+00:00
16,296500.0,107.0,10.5,1.6,38.930885797876996,0.6753586641423435,0.297989113528372,109.25170222293994,36413225.435239166,312303.03389627923,279311.15589241363,38.930885797876996,0.6753586641423435,ok,offspring; n_jobs=4,2025-11-21T21:58:45.320680+00:00
17,280500.0,102.0,10.5,1.4000000000000001,38.00515924126248,0.6438430071865209,0.2863466351792669,107.45174366396057,34187120.26405586,308150.02883001376,255856.44546537855,38.00515924126248,0.6438430071865209,ok,offspring; n_jobs=4,2025-11-21T22:06:45.386042+00:00
17,202000.0,148.0,12.0,1.4000000000000001,39.787596125502496,0.6803173997432228,0.24329607384446772,110.74474300041419,37473730.85399401,280529.5483571876,315428.4938178755,39.787596125502496,0.6803173997432228,ok,offspring; n_jobs=4,2025-11-21T22:06:45.386074+00:00
17,298500.0,194.0,12.0,1.1,45.18255479469633,0.768402300072016,0.2120239117178855,122.26104959790645,46914142.29393862,312798.4983332427,360321.91652984335,45.18255479469633,0.768402300072016,ok,offspring; n_jobs=4,2025-11-21T22:06:45.386081+00:00
17,214500.0,117.0,11.0,1.6,38.012876967198046,0.6418727327772147,0.2691712282390404,107.1342244881264,34036704.49821474,286401.5386660827,275878.97524675727,38.012876967198046,0.6418727327772147,ok,offspring; n_jobs=4,2025-11-21T22:06:45.386089+00:00
17,209000.0,102.0,13.0,1.7000000000000002,37.5784396260163,0.6035233922218957,0.27396570815055543,107.8248486575302,32081796.12910614,283892.6520396963,244793.8395466843,37.5784396260163,0.6035233922218957,ok,offspring; n_jobs=4,2025-11-21T22:06:45.386097+00:00
17,290500.0,150.0,11.0,2.0,44.191168254932904,0.7639669694532399,0.27280094097969054,120.64617136807794,45406707.422027655,310774.62879372487,358460.43644731335,44.191168254932904,0.7639669694532399,ok,offspring; n_jobs=4,2025-11-21T22:06:45.386102+00:00
17,297000.0,100.0,12.0,1.4000000000000001,38.151025904947254,0.6600175935843049,0.30336404624695684,107.36086690171688,34958578.27353781,312428.50746751693,265746.9045123342,38.151025904947254,0.6600175935843049,ok,offspring; n_jobs=4,2025-11-21T22:06:45.386109+00:00
17,298500.0,154.0,11.5,2.0,44.93991176618796,0.7743161800800634,0.27093523944204234,122.4885717780989,46702801.90459716,312798.4983332427,365502.4754168928,44.93991176618796,0.7743161800800634,ok,offspring; n_jobs=4,2025-11-21T22:06:45.386114+00:00
17,298500.0,149.0,13.0,1.6,42.52235936321353,0.7608675632322424,0.27100110865296917,116.08153878949722,43679218.66967371,312798.4983332427,353721.4870582015,42.52235936321353,0.7608675632322424,ok,offspring; n_jobs=4,2025-11-21T22:06:45.386120+00:00
17,294000.0,107.0,13.0,1.6,38.70210453090291,0.6903393703515205,0.31266146688440877,107.98981331853679,36736514.63662024,311673.44228783785,293063.84614009404,38.70210453090291,0.6903393703515205,ok,offspring; n_jobs=4,2025-11-21T22:06:45.386126+00:00
17,298500.0,149.0,12.5,2.0,44.34185771488823,0.7701992208263361,0.2772639660986698,121.25640113869372,45958882.53560452,312798.4983332427,361896.01911062776,44.34185771488823,0.7701992208263361,ok,offspring; n_jobs=4,2025-11-21T22:06:45.386131+00:00
17,294000.0,112.0,12.0,1.7000000000000002,39.260443651678735,0.7018122889961214,0.3089470430454628,109.05013383385914,37724620.84359641,311673.44228783785,303114.1228727644,39.260443651678735,0.7018122889961214,ok,offspring; n_jobs=4,2025-11-21T22:06:45.386137+00:00
17,212500.0,119.0,10.5,1.4000000000000001,37.83318851333722,0.6315555124234787,0.2568374033614468,106.4359986300736,33362917.461335983,285505.0461228608,267737.5827601066,37.83318851333722,0.6315555124234787,ok,offspring; n_jobs=4,2025-11-21T22:06:45.386142+00:00
17,212500.0,113.0,10.5,1.6,37.755045451805245,0.6286546723869904,0.26790767253418885,106.74087945075401,33212918.885553245,285505.0461228608,265196.44688814285,37.755045451805245,0.6286546723869904,ok,offspring; n_jobs=4,2025-11-21T22:06:45.386147+00:00
17,298500.0,154.0,12.5,1.4000000000000001,42.24479377372291,0.7575523331718409,0.2600496245665732,115.07881866326574,43244326.471144706,312798.4983332427,350817.34552528994,42.24479377372291,0.7575523331718409,ok,offspring; n_jobs=4,2025-11-21T22:06:45.386153+00:00
17,212500.0,101.0,10.5,1.7000000000000002,37.32623952211994,0.6029155754006531,0.2742540326507881,106.36984741949212,31663862.67676638,285505.0461228608,242648.99792811132,37.32623952211994,0.6029155754006531,ok,offspring; n_jobs=4,2025-11-21T22:06:45.386157+00:00
17,300000.0,200.0,12.0,1.7000000000000002,47.996940357506155,0.8105673231843922,0.22653212633651718,128.80605722579537,51769492.517637536,313172.6897679495,396884.28534157807,47.996940357506155,0.8105673231843922,ok,offspring; n_jobs=4,2025-11-21T22:06:45.386163+00:00
17,282000.0,195.0,10.5,1.3,45.008816604174754,0.7849189613367921,0.2218903350210402,120.78166849431437,47307441.17288727,308555.939848089,379033.07028294087,45.008816604174754,0.7849189613367921,ok,offspring; n_jobs=4,2025-11-21T22:06:45.386167+00:00
17,282500.0,195.0,12.0,1.3,45.18943945914706,0.7884510446624837,0.22362402536743575,121.56912117323374,47768607.67914062,308688.55499168206,381994.56013265374,45.18943945914706,0.7884510446624837,ok,offspring; n_jobs=4,2025-11-21T22:06:45.386173+00:00
17,256500.0,107.0,12.0,1.6,37.98235205247408,0.6590391420487691,0.29434272692168817,106.73312728152577,34713417.63889827,301424.9636364849,275893.3247982368,37.98235205247408,0.6590391420487691,ok,offspring; n_jobs=4,2025-11-21T22:06:45.386178+00:00
17,292000.0,135.0,12.0,1.5,40.68846739180101,0.7307960197989293,0.2782179568082313,111.76022604741476,40427467.05929721,311156.7576224478,329020.55572141433,40.68846739180101,0.7307960197989293,ok,offspring; n_jobs=4,2025-11-21T22:06:45.386183+00:00
17,222000.0,99.0,12.5,1.6,37.34245833702672,0.605718511507275,0.2778629642156136,106.53466026772846,31829287.609511994,289635.5389940241,240973.87708634872,37.34245833702672,0.605718511507275,ok,offspring; n_jobs=4,2025-11-21T22:06:45.386188+00:00
17,295000.0,151.0,12.0,1.4000000000000001,41.8433145830386,0.7508272108665164,0.26142674069159233,114.08962993181112,42501684.72025903,311919.80120185774,345804.83551721065,41.8433145830386,0.7508272108665164,ok,offspring; n_jobs=4,2025-11-21T22:06:45.386192+00:00
17,298500.0,198.0,12.0,1.6,47.671431108611394,0.8113016453795143,0.22940693638393742,127.97648751323122,51476137.08415998,312798.4983332427,397901.74301921175,47.671431108611394,0.8113016453795143,ok,offspring; n_jobs=4,2025-11-21T22:06:45.386197+00:00
17,298000.0,108.0,12.0,2.3000000000000003,40.81802299207378,0.7083972120138138,0.3254321198422938,113.88763599601852,39529361.88044817,312671.13778370357,307884.81994039734,40.81802299207378,0.7083972120138138,ok,offspring; n_jobs=4,2025-11-21T22:06:45.386201+00:00
17,299000.0,154.0,12.0,2.0,44.98218134579596,0.7756430453879917,0.2717047098604855,122.69542384340754,46846633.20505914,312922.7859696913,366540.5217901894,44.98218134579596,0.7756430453879917,ok,offspring; n_jobs=4,2025-11-21T22:06:45.386205+00:00
17,292000.0,135.0,12.0,1.5,40.68846739180101,0.7307960197989293,0.2782179568082313,111.76022604741476,40427467.05929721,311156.7576224478,329020.55572141433,40.68846739180101,0.7307960197989293,ok,offspring; n_jobs=4,2025-11-21T22:06:45.386209+00:00
17,294000.0,107.0,12.5,1.6,38.662048524804774,0.6898087339368201,0.3121655450015113,107.78213462591582,36648668.522937156,311673.44228783785,292599.00864081655,38.662048524804774,0.6898087339368201,ok,offspring; n_jobs=4,2025-11-21T22:06:45.386214+00:00
17,219000.0,100.0,12.0,1.4000000000000001,37.097976509568845,0.5943267106348594,0.26513181262287633,105.9070164149106,31116913.299959287,288374.7306584972,232255.46785763968,37.097976509568845,0.5943267106348594,ok,offspring; n_jobs=4,2025-11-21T22:06:45.386218+00:00
17,202000.0,103.0,10.5,1.4000000000000001,37.001853479472224,0.583072772367908,0.2551782154509685,105.49198077663665,30471472.125972718,280529.5483571876,230242.20023709987,37.001853479472224,0.583072772367908,ok,offspring; n_jobs=4,2025-11-21T22:06:45.386222+00:00
17,212500.0,113.0,10.5,1.7000000000000002,37.94224515886322,0.6329005673528961,0.27166510170755676,107.3440772368184,33590812.755919494,285505.0461228608,268915.8508782763,37.94224515886322,0.6329005673528961,ok,offspring; n_jobs=4,2025-11-21T22:06:45.386226+00:00
17,214500.0,118.0,11.0,1.4000000000000001,37.83598160059418,0.6318253195696164,0.2583753591797279,106.60935823008067,33411971.03114203,286401.5386660827,267077.44127690117,37.83598160059418,0.6318253195696164,ok,offspring; n_jobs=4,2025-11-21T22:06:45.386230+00:00
17,298000.0,148.0,12.0,1.6,42.320621951328114,0.7578265755736704,0.27087571147941486,115.3684615007172,43264695.51197711,312671.13778370357,351184.94241883175,42.320621951328114,0.7578265755736704,ok,offspring; n_jobs=4,2025-11-21T22:06:45.386234+00:00
17,299000.0,116.0,12.0,1.4000000000000001,39.15700796060466,0.698045471512378,0.293816964922012,108.57234193342858,37467366.24157836,312922.7859696913,298565.0470751517,39.15700796060466,0.698045471512378,ok,offspring; n_jobs=4,2025-11-21T22:06:45.386237+00:00
17,294000.0,187.0,12.0,2.0,47.224471914937254,0.7964273674200564,0.2356340998047345,127.5116428788353,50243513.21157816,311673.44228783785,385996.93157213164,47.224471914937254,0.7964273674200564,ok,offspring; n_jobs=4,2025-11-21T22:06:45.386242+00:00
17,300000.0,143.0,12.0,1.4000000000000001,41.299104871682275,0.742501197491154,0.2692294594264308,112.89184316410916,41555298.38099981,313172.6897679495,337258.3592343013,41.299104871682275,0.742501197491154,ok,offspring; n_jobs=4,2025-11-21T22:06:45.386245+00:00
17,299500.0,200.0,12.5,1.3,46.1895497462345,0.8022149308016365,0.2224263380867936,123.87362128221932,49492280.48445016,313049.3350541712,389690.9443280624,46.1895497462345,0.8022149308016365,ok,offspring; n_jobs=4,2025-11-21T22:06:45.386249+00:00
17,300000.0,198.0,12.0,1.7000000000000002,47.84130502538784,0.8098852363037558,0.22847584130929183,128.46084841161445,51572235.611693546,313172.6897679495,396286.7772341405,47.84130502538784,0.8098852363037558,ok,offspring; n_jobs=4,2025-11-21T22:06:45.386252+00:00
17,202000.0,103.0,11.0,1.7000000000000002,37.38801857358255,0.5987306067645742,0.2703799964186056,106.72623337493005,31555525.570970505,280529.5483571876,243958.46316857947,37.38801857358255,0.5987306067645742,ok,offspring; n_jobs=4,2025-11-21T22:06:45.386257+00:00
18,298500.0,149.0,12.0,1.6,42.43194122277039,0.7594719930142085,0.270064484345564,115.60373057175158,43449320.398433805,312798.4983332427,352498.967547204,42.43194122277039,0.7594719930142085,ok,offspring; n_jobs=4,2025-11-21T22:14:41.404692+00:00
18,298500.0,197.0,12.5,2.0,48.164528325715196,0.8035886140484605,0.22665619426860012,129.6539131159692,51600085.65838018,312798.4983332427,391145.1275732086,48.164528325715196,0.8035886140484605,ok,offspring; n_jobs=4,2025-11-21T22:14:41.404730+00:00
18,213500.0,107.0,10.5,1.6,37.474121887109355,0.6147820608044159,0.2694805249006928,106.31233623612297,32324817.578853026,285959.5996647509,252589.48559991736,37.474121887109355,0.6147820608044159,ok,offspring; n_jobs=4,2025-11-21T22:14:41.404744+00:00
18,255500.0,101.0,12.0,1.7000000000000002,37.7655700637541,0.6473844457533287,0.3006196311166045,106.71472043309618,34039716.01269918,301132.5496531888,265976.224826727,37.7655700637541,0.6473844457533287,ok,offspring; n_jobs=4,2025-11-21T22:14:41.404783+00:00
18,202000.0,118.0,10.5,1.4000000000000001,37.71487757190336,0.6183076972766774,0.25260041256209065,106.52673817704714,32698475.63907377,280529.5483571876,261107.99445718186,37.71487757190336,0.6183076972766774,ok,offspring; n_jobs=4,2025-11-21T22:14:41.404798+00:00
18,294000.0,103.0,12.0,1.7000000000000002,38.55373486097284,0.6826676279211289,0.3173553661513844,107.86319159606836,36260503.41215543,311673.44228783785,286343.3997710711,38.55373486097284,0.6826676279211289,ok,offspring; n_jobs=4,2025-11-21T22:14:41.404811+00:00
18,292000.0,136.0,12.0,1.5,40.76461237253635,0.7323126854888521,0.2772874318978199,111.94283691165349,40581167.98869383,311156.7576224478,330349.1548657867,40.76461237253635,0.7323126854888521,ok,offspring; n_jobs=4,2025-11-21T22:14:41.404823+00:00
18,299000.0,122.0,12.0,1.5,39.74737951321832,0.715021933240281,0.2932820828175714,109.7003987582709,38770406.20808529,312922.7859696913,313436.4275487949,39.74737951321832,0.715021933240281,ok,offspring; n_jobs=4,2025-11-21T22:14:41.404835+00:00
18,212500.0,107.0,10.5,1.4000000000000001,37.279470490077145,0.603278144546107,0.25921415151658866,105.65203684867892,31583125.66092566,285505.0461228608,242966.60849952887,37.279470490077145,0.603278144546107,ok,offspring; n_jobs=4,2025-11-21T22:14:41.404849+00:00
18,256500.0,113.0,12.0,1.6,38.38534911573219,0.6718696389474429,0.29006833159723916,107.48296258391706,35662814.3005699,301424.9636364849,287132.8400814751,38.38534911573219,0.6718696389474429,ok,offspring; n_jobs=4,2025-11-21T22:14:41.404862+00:00
18,292000.0,196.0,12.0,1.4000000000000001,46.01260478123647,0.7999634951350554,0.226919243381244,123.56519484370048,49175241.06131684,311156.7576224478,389611.2641158607,46.01260478123647,0.7999634951350554,ok,offspring; n_jobs=4,2025-11-21T22:14:41.404875+00:00
18,300000.0,121.0,12.5,1.5,39.720024083202006,0.7146184192471572,0.295136651847768,109.79467608013934,38764166.05500282,313172.6897679495,312833.04549256014,39.720024083202006,0.7146184192471572,ok,offspring; n_jobs=4,2025-11-21T22:14:41.404887+00:00
18,298000.0,109.0,12.0,2.0,39.91973025617722,0.7059699817841796,0.320219687339489,111.08866336295252,38538155.91531845,312671.13778370357,305758.5662592377,39.91973025617722,0.7059699817841796,ok,offspring; n_jobs=4,2025-11-21T22:14:41.404902+00:00
18,294000.0,117.0,12.0,1.6,39.453575604032736,0.7073197071605847,0.3004513729704116,109.25166295486106,38145159.12809987,311673.44228783785,307938.6211848342,39.453575604032736,0.7073197071605847,ok,offspring; n_jobs=4,2025-11-21T22:14:41.404914+00:00
18,298500.0,194.0,12.0,1.3,45.50461879029472,0.7951202499782539,0.22579605084481222,122.21782989380392,48406484.99857199,312798.4983332427,383726.8406477077,45.50461879029472,0.7951202499782539,ok,offspring; n_jobs=4,2025-11-21T22:14:41.404925+00:00
18,212500.0,113.0,10.5,1.7000000000000002,37.94224515886322,0.6329005673528961,0.27166510170755676,107.3440772368184,33590812.755919494,285505.0461228608,268915.8508782763,37.94224515886322,0.6329005673528961,ok,offspring; n_jobs=4,2025-11-21T22:14:41.404935+00:00
18,283000.0,154.0,12.5,1.6,42.58036881703768,0.7581003941379085,0.2633593182128274,116.21390309103214,43612179.08535843,308813.69062297523,355282.25464183267,42.58036881703768,0.7581003941379085,ok,offspring; n_jobs=4,2025-11-21T22:14:41.404945+00:00
18,300000.0,111.0,12.0,1.4000000000000001,38.82088037575723,0.6886564220653825,0.2983363527513735,108.06083906041904,36765454.75041585,313172.6897679495,290090.3359613255,38.82088037575723,0.6886564220653825,ok,offspring; n_jobs=4,2025-11-21T22:14:41.404955+00:00
18,212500.0,145.0,10.5,1.4000000000000001,39.546125958370816,0.6827488329879944,0.24608953832043948,109.46981349275696,37198978.92045157,285505.0461228608,312582.9315746222,39.546125958370816,0.6827488329879944,ok,offspring; n_jobs=4,2025-11-21T22:14:41.404963+00:00
18,299000.0,200.0,12.0,1.5,47.266103138321725,0.8105601231686207,0.22667116548288835,126.72262166461051,51010183.4155577,312922.7859696913,397127.8819260204,47.266103138321725,0.8105601231686207,ok,offspring; n_jobs=4,2025-11-21T22:14:41.404972+00:00
18,210000.0,95.0,10.5,1.7000000000000002,37.424797590103495,0.5853410865552482,0.27445119675613855,105.87905107003385,30575999.800392482,284360.5058819389,228398.2859404585,37.424797590103495,0.5853410865552482,ok,offspring; n_jobs=4,2025-11-21T22:14:41.404981+00:00
18,290500.0,111.0,10.5,1.6,39.04456334603146,0.6820282037830704,0.29483121243186156,109.09596090624044,36743032.559482366,310774.62879372487,286682.0777202449,39.04456334603146,0.6820282037830704,ok,offspring; n_jobs=4,2025-11-21T22:14:41.404990+00:00
18,298000.0,195.0,11.5,1.3,45.526498536911916,0.7947359491370429,0.2245156033604648,122.17277876525321,48387748.100690655,312671.13778370357,383517.55366034596,45.526498536911916,0.7947359491370429,ok,offspring; n_jobs=4,2025-11-21T22:14:41.404998+00:00
18,243500.0,118.0,12.5,1.5,38.436710007016636,0.6663044100804995,0.2769261850188251,107.77825415283435,35517563.45887599,297429.6043002584,286253.05893025914,38.436710007016636,0.6663044100804995,ok,offspring; n_jobs=4,2025-11-21T22:14:41.405007+00:00
18,285000.0,100.0,12.5,1.6,37.996726321839596,0.6678037777339498,0.314668987338321,106.67748228380586,35092081.60224758,309346.0763865708,275650.0329083692,37.996726321839596,0.6678037777339498,ok,offspring; n_jobs=4,2025-11-21T22:14:41.405015+00:00
18,202000.0,105.0,12.5,1.4000000000000001,37.347852613968364,0.5874177703948611,0.25445577137281017,107.0785875002244,31123189.99700063,280529.5483571876,234048.41850871078,37.347852613968364,0.5874177703948611,ok,offspring; n_jobs=4,2025-11-21T22:14:41.405023+00:00
18,298500.0,148.0,10.5,1.6,42.26657430475233,0.7547381547265959,0.26869070499140385,114.84874398722057,42939252.21794394,312798.4983332427,348352.12520725525,42.26657430475233,0.7547381547265959,ok,offspring; n_jobs=4,2025-11-21T22:14:41.405030+00:00
18,297000.0,143.0,12.5,1.4000000000000001,41.271897819239314,0.7412738739864448,0.2689652633909767,113.01207175674202,41519260.56323552,312428.50746751693,336927.4061446087,41.271897819239314,0.7412738739864448,ok,offspring; n_jobs=4,2025-11-21T22:14:41.405039+00:00
18,300000.0,100.0,12.0,1.4000000000000001,38.22209459050145,0.6617658461234113,0.3042627756120534,107.53722317700128,35106292.06212443,313172.6897679495,266534.1914361588,38.22209459050145,0.6617658461234113,ok,offspring; n_jobs=4,2025-11-21T22:14:41.405049+00:00
18,298500.0,196.0,12.0,1.6,47.5160587642827,0.8103040342454729,0.23123883821742588,127.64242021810132,51264660.70438744,312798.4983332427,397027.8356657915,47.5160587642827,0.8103040342454729,ok,offspring; n_jobs=4,2025-11-21T22:14:41.405057+00:00
18,298500.0,156.0,12.5,1.6,43.153088442409974,0.769637875399132,0.2644627974742396,117.35191494456909,44698934.485040486,312798.4983332427,361404.28051639686,43.153088442409974,0.769637875399132,ok,offspring; n_jobs=4,2025-11-21T22:14:41.405068+00:00
18,280500.0,102.0,12.0,1.6,38.05611976583661,0.6667740974201849,0.3088280961926628,106.80593571284834,35103233.03651941,308150.02883001376,275944.0805100681,38.05611976583661,0.6667740974201849,ok,offspring; n_jobs=4,2025-11-21T22:14:41.405076+00:00
18,294000.0,134.0,12.5,1.4000000000000001,40.4520299019871,0.7258108098101255,0.27613373807830033,111.34257851526526,40022029.631155014,311673.44228783785,324136.82710583205,40.4520299019871,0.7258108098101255,ok,offspring; n_jobs=4,2025-11-21T22:14:41.405084+00:00
18,280500.0,147.0,12.0,1.4000000000000001,41.18458610130416,0.7360000754625076,0.2613813851420673,112.79379626977973,41191187.014310814,308150.02883001376,336586.0372751429,41.18458610130416,0.7360000754625076,ok,offspring; n_jobs=4,2025-11-21T22:14:41.405093+00:00
18,298500.0,149.0,12.5,1.9000000000000001,43.798329137421284,0.768634342765875,0.27621371236681663,119.63863470634283,45316867.43771996,312798.4983332427,360525.18592966377,43.798329137421284,0.768634342765875,ok,offspring; n_jobs=4,2025-11-21T22:14:41.405101+00:00
18,209500.0,113.0,10.5,1.6,37.734844610649255,0.6257398741300216,0.2667232673463267,106.75163098146861,33065205.09696663,284124.1018571171,264024.02788078185,37.734844610649255,0.6257398741300216,ok,offspring; n_jobs=4,2025-11-21T22:14:41.405109+00:00
18,299500.0,200.0,12.5,1.4000000000000001,46.70806323898326,0.8078771361597746,0.22525744076586265,125.22535790736909,50307167.37854286,313049.3350541712,394651.03622179135,46.70806323898326,0.8078771361597746,ok,offspring; n_jobs=4,2025-11-21T22:14:41.405116+00:00
19,296500.0,199.0,12.0,1.4000000000000001,46.455930965438576,0.8046086182939729,0.22517502795326005,124.55719812053168,49857985.10735813,312303.03389627923,392534.11572924105,46.455930965438576,0.8046086182939729,ok,offspring; n_jobs=4,2025-11-21T22:22:33.974247+00:00
19,300000.0,110.0,12.5,1.7000000000000002,39.24793947716992,0.7032379165477263,0.31430440548760763,109.07455868821528,37785945.23021661,313172.6897679495,302863.7251278587,39.24793947716992,0.7032379165477263,ok,offspring; n_jobs=4,2025-11-21T22:22:33.974287+00:00
19,256500.0,107.0,12.0,1.6,37.98235205247408,0.6590391420487691,0.29434272692168817,106.73312728152577,34713417.63889827,301424.9636364849,275893.3247982368,37.98235205247408,0.6590391420487691,ok,offspring; n_jobs=4,2025-11-21T22:22:33.974305+00:00
19,298500.0,150.0,12.5,1.6,42.5616717800175,0.7616533195092698,0.2697182721133011,116.03771795599582,43725387.75937652,312798.4983332427,354409.8095568777,42.5616717800175,0.7616533195092698,ok,offspring; n_jobs=4,2025-11-21T22:22:33.974318+00:00
19,298500.0,198.0,12.0,1.6,47.671431108611394,0.8113016453795143,0.22940693638393742,127.97648751323122,51476137.08415998,312798.4983332427,397901.74301921175,47.671431108611394,0.8113016453795143,ok,offspring; n_jobs=4,2025-11-21T22:22:33.974330+00:00
19,212500.0,113.0,10.5,1.6,37.755045451805245,0.6286546723869904,0.26790767253418885,106.74087945075401,33212918.885553245,285505.0461228608,265196.44688814285,37.755045451805245,0.6286546723869904,ok,offspring; n_jobs=4,2025-11-21T22:22:33.974342+00:00
19,256500.0,107.0,12.0,1.6,37.98235205247408,0.6590391420487691,0.29434272692168817,106.73312728152577,34713417.63889827,301424.9636364849,275893.3247982368,37.98235205247408,0.6590391420487691,ok,offspring; n_jobs=4,2025-11-21T22:22:33.974354+00:00
19,292000.0,196.0,12.0,1.4000000000000001,46.01260478123647,0.7999634951350554,0.226919243381244,123.56519484370048,49175241.06131684,311156.7576224478,389611.2641158607,46.01260478123647,0.7999634951350554,ok,offspring; n_jobs=4,2025-11-21T22:22:33.974365+00:00
19,215000.0,154.0,11.5,2.0,43.07660887163249,0.7234387364456081,0.25729722310555175,119.38751516909052,42590051.70102821,286628.08726803906,347104.2458583136,43.07660887163249,0.7234387364456081,ok,offspring; n_jobs=4,2025-11-21T22:22:33.974376+00:00
19,296500.0,107.0,10.5,1.6,38.930885797876996,0.6753586641423435,0.297989113528372,109.25170222293994,36413225.435239166,312303.03389627923,279311.15589241363,38.930885797876996,0.6753586641423435,ok,offspring; n_jobs=4,2025-11-21T22:22:33.974387+00:00
19,299000.0,153.0,12.5,1.6,42.872284768891326,0.7660805555702924,0.26723056429245,116.70188444132235,44238076.64195356,312922.7859696913,358163.7807098849,42.872284768891326,0.7660805555702924,ok,offspring; n_jobs=4,2025-11-21T22:22:33.974398+00:00
19,299000.0,124.0,12.0,1.5,39.91298087006956,0.7182688635424231,0.29117021882224126,110.0540806828382,39079931.91510374,312922.7859696913,316280.73849347135,39.91298087006956,0.7182688635424231,ok,offspring; n_jobs=4,2025-11-21T22:22:33.974409+00:00
19,293500.0,102.0,12.5,1.5,38.11539702459571,0.6745370877960816,0.31264147675408815,106.74737326500919,35499399.924777605,311543.07660005457,279351.41230931284,38.11539702459571,0.6745370877960816,ok,offspring; n_jobs=4,2025-11-21T22:22:33.974419+00:00
19,300000.0,122.0,12.0,1.7000000000000002,40.26931156957422,0.723003333262959,0.29959037930459104,111.14580719695535,39643679.65543389,313172.6897679495,320178.23017040256,40.26931156957422,0.723003333262959,ok,offspring; n_jobs=4,2025-11-21T22:22:33.974431+00:00
19,280000.0,107.0,10.5,1.6,38.52995078796993,0.6653330522812825,0.2931928207708194,108.3807738238262,35600522.98043115,308016.259033499,274815.49476490443,38.52995078796993,0.6653330522812825,ok,offspring; n_jobs=4,2025-11-21T22:22:33.974442+00:00
19,218000.0,113.0,12.5,1.6,38.00689524015117,0.6360399712574103,0.2719814549511783,107.72522575557211,33858826.70167054,287942.01219441905,269229.0026270724,38.00689524015117,0.6360399712574103,ok,offspring; n_jobs=4,2025-11-21T22:22:33.974452+00:00
19,285000.0,109.0,12.0,1.6,38.603673439921934,0.6862008307395122,0.3055651746274159,107.63743214070305,36434748.12573406,309346.0763865708,291765.8513412418,38.603673439921934,0.6862008307395122,ok,offspring; n_jobs=4,2025-11-21T22:22:33.974462+00:00
19,298000.0,100.0,12.5,1.6,38.21418735571547,0.6780663652623803,0.32113584267824385,107.0082488672093,35732174.686122924,312671.13778370357,281314.9981861416,38.21418735571547,0.6780663652623803,ok,offspring; n_jobs=4,2025-11-21T22:22:33.974472+00:00
19,298500.0,134.0,12.5,1.4000000000000001,40.55701556254327,0.728685674492367,0.277320718770932,111.53069240080737,40243876.93161656,312798.4983332427,325530.15252207086,40.55701556254327,0.728685674492367,ok,offspring; n_jobs=4,2025-11-21T22:22:33.974482+00:00
19,294000.0,198.0,12.0,1.6,47.53740612947562,0.8094580689710413,0.22912447888173657,127.70317340910042,51254289.78369843,311673.44228783785,397411.8261307944,47.53740612947562,0.8094580689710413,ok,offspring; n_jobs=4,2025-11-21T22:22:33.974492+00:00
19,292000.0,196.0,10.5,1.5,46.49092073198269,0.8002639399887481,0.2270725315719036,124.56491090224021,49567694.50305992,311156.7576224478,389874.4538076956,46.49092073198269,0.8002639399887481,ok,offspring; n_jobs=4,2025-11-21T22:22:33.974501+00:00
19,290500.0,131.0,12.0,1.4000000000000001,40.09059406525724,0.7183810285615809,0.27756906150982963,110.42642484646143,39292081.16140194,310774.62879372487,318527.1522262201,40.09059406525724,0.7183810285615809,ok,offspring; n_jobs=4,2025-11-21T22:22:33.974511+00:00
19,294500.0,117.0,12.5,1.6,39.482006893331466,0.7083687237025141,0.30122393814621845,109.46724192123155,38264614.41304949,311800.56327858014,308730.43868482223,39.482006893331466,0.7083687237025141,ok,offspring; n_jobs=4,2025-11-21T22:22:33.974521+00:00
19,284500.0,100.0,12.0,1.7000000000000002,38.17347181760642,0.6679836780937574,0.3150023622943078,107.34807253543345,35305129.08777187,309211.6326403178,275942.0693698136,38.17347181760642,0.6679836780937574,ok,offspring; n_jobs=4,2025-11-21T22:22:33.974531+00:00
19,299000.0,124.0,12.0,1.6,40.153708132738785,0.7223111100293053,0.29443009502133977,110.71082276215314,39497061.97383938,312922.7859696913,319821.7464159801,40.153708132738785,0.7223111100293053,ok,offspring; n_jobs=4,2025-11-21T22:22:33.974540+00:00
19,294000.0,179.0,12.0,1.4000000000000001,44.37768150872246,0.7840187945810373,0.23923306915968393,119.75628948262319,46671761.113884926,311673.44228783785,375127.02176515077,44.37768150872246,0.7840187945810373,ok,offspring; n_jobs=4,2025-11-21T22:22:33.974549+00:00
19,298000.0,156.0,12.5,1.6,43.14292812183301,0.7693774620464139,0.2643890637578701,117.32495360887917,44674038.902694434,312671.13778370357,361303.5189689549,43.14292812183301,0.7693774620464139,ok,offspring; n_jobs=4,2025-11-21T22:22:33.974558+00:00
19,214500.0,103.0,10.5,1.0,39.1572704981878,0.5340124930753393,0.20103892945417665,112.08938210166112,29714191.96244048,286401.5386660827,181393.4052679145,39.1572704981878,0.5340124930753393,ok,offspring; n_jobs=4,2025-11-21T22:22:33.974568+00:00
19,295000.0,110.0,12.0,1.7000000000000002,39.10935660610233,0.6988958223187441,0.3116572635423019,108.73056240604207,37449222.96971005,311919.80120185774,300312.9391493621,39.10935660610233,0.6988958223187441,ok,offspring; n_jobs=4,2025-11-21T22:22:33.974577+00:00
19,257000.0,101.0,12.0,1.7000000000000002,37.78465844318176,0.6487599957206291,0.3014845290763247,106.72393623264264,34113849.524574116,301572.30430570204,266741.4519455691,37.78465844318176,0.6487599957206291,ok,offspring; n_jobs=4,2025-11-21T22:22:33.974586+00:00
19,298500.0,154.0,11.5,2.0,44.93991176618796,0.7743161800800634,0.27093523944204234,122.4885717780989,46702801.90459716,312798.4983332427,365502.4754168928,44.93991176618796,0.7743161800800634,ok,offspring; n_jobs=4,2025-11-21T22:22:33.974596+00:00
19,222000.0,99.0,12.5,1.6,37.34245833702672,0.605718511507275,0.2778629642156136,106.53466026772846,31829287.609511994,289635.5389940241,240973.87708634872,37.34245833702672,0.605718511507275,ok,offspring; n_jobs=4,2025-11-21T22:22:33.974605+00:00
19,202000.0,103.0,10.5,1.4000000000000001,37.001853479472224,0.583072772367908,0.2551782154509685,105.49198077663665,30471472.125972718,280529.5483571876,230242.20023709987,37.001853479472224,0.583072772367908,ok,offspring; n_jobs=4,2025-11-21T22:22:33.974615+00:00
19,299500.0,200.0,12.5,1.4000000000000001,46.70806323898326,0.8078771361597746,0.22525744076586265,125.22535790736909,50307167.37854286,313049.3350541712,394651.03622179135,46.70806323898326,0.8078771361597746,ok,offspring; n_jobs=4,2025-11-21T22:22:33.974624+00:00
19,256000.0,148.0,12.0,1.4000000000000001,40.73250193376768,0.7211842590034891,0.2549083011197248,112.06834187383303,40133132.28371635,301273.8966513556,330483.51423570083,40.73250193376768,0.7211842590034891,ok,offspring; n_jobs=4,2025-11-21T22:22:33.974632+00:00
19,297000.0,102.0,12.0,1.7000000000000002,38.550584893750134,0.6820897039353431,0.31905505548823043,107.93092251730315,36246068.09958243,312428.50746751693,285082.07317984366,38.550584893750134,0.6820897039353431,ok,offspring; n_jobs=4,2025-11-21T22:22:33.974642+00:00
19,294000.0,156.0,12.5,1.4000000000000001,42.31136567647075,0.7575313601534761,0.257525486774534,115.26064360010224,43322925.71012028,311673.44228783785,351924.0292066072,42.31136567647075,0.7575313601534761,ok,offspring; n_jobs=4,2025-11-21T22:22:33.974651+00:00
19,298500.0,134.0,12.5,1.6,41.06933877457833,0.7381601878316193,0.2843912511136576,112.84024907236687,41162953.39286733,312798.4983332427,333829.8262072558,41.06933877457833,0.7381601878316193,ok,offspring; n_jobs=4,2025-11-21T22:22:33.974659+00:00
20,255500.0,100.0,12.5,1.7000000000000002,37.725512683836776,0.6460812918080167,0.30232267348245867,106.72744195538672,33960562.170648776,301132.5496531888,264834.6619706338,37.725512683836776,0.6460812918080167,ok,offspring; n_jobs=4,2025-11-21T22:30:16.386363+00:00
20,298500.0,150.0,12.0,2.0,44.44368900639154,0.7704604498020106,0.2755896923084616,121.38084811090314,46036185.37084586,312798.4983332427,362124.85569331853,44.44368900639154,0.7704604498020106,ok,offspring; n_jobs=4,2025-11-21T22:30:16.386398+00:00
20,298500.0,149.0,12.0,1.6,42.43194122277039,0.7594719930142085,0.270064484345564,115.60373057175158,43449320.398433805,312798.4983332427,352498.967547204,42.43194122277039,0.7594719930142085,ok,offspring; n_jobs=4,2025-11-21T22:30:16.386413+00:00
20,298000.0,109.0,12.5,2.0,39.93443088668068,0.7070398085145304,0.321201179752655,111.21078552538707,38628029.508427754,312671.13778370357,306695.7344750251,39.93443088668068,0.7070398085145304,ok,offspring; n_jobs=4,2025-11-21T22:30:16.386424+00:00
20,214000.0,145.0,11.5,1.4000000000000001,39.6686446962113,0.6850592604660694,0.247152319018362,110.0927326061273,37503889.507714465,286179.0365511534,313932.8756171234,39.6686446962113,0.6850592604660694,ok,offspring; n_jobs=4,2025-11-21T22:30:16.386435+00:00
20,297000.0,111.0,11.5,1.6,39.0185991740902,0.69678413397395,0.30642395192486654,108.34361214355978,37249717.41174027,312428.50746751693,297954.39389366325,39.0185991740902,0.69678413397395,ok,offspring; n_jobs=4,2025-11-21T22:30:16.386444+00:00
20,299000.0,99.0,12.5,1.6,38.243490595809284,0.676173015208568,0.3221769929350749,106.99220422886188,35621714.65356166,312922.7859696913,279404.77535301435,38.243490595809284,0.676173015208568,ok,offspring; n_jobs=4,2025-11-21T22:30:16.386455+00:00
20,285000.0,154.0,12.5,1.6,42.62932719750804,0.7592507679326567,0.2637116737253428,116.30510381085506,43710654.94441618,309346.0763865708,355757.59632243647,42.62932719750804,0.7592507679326567,ok,offspring; n_jobs=4,2025-11-21T22:30:16.386465+00:00
20,285000.0,109.0,12.5,1.6,38.639974150198086,0.6868748288545534,0.30618352152194916,107.83054363628399,36524621.718843356,309346.0763865708,292356.27369001793,38.639974150198086,0.6868748288545534,ok,offspring; n_jobs=4,2025-11-21T22:30:16.386476+00:00
20,300000.0,200.0,12.0,1.4000000000000001,46.66647722315212,0.8069648614789462,0.22473089548379413,125.0158637346456,50185455.23890147,313172.6897679495,393728.52888760733,46.66647722315212,0.8069648614789462,ok,offspring; n_jobs=4,2025-11-21T22:30:16.386486+00:00
20,290500.0,198.0,10.5,1.6,47.320045382296925,0.8040147929088591,0.22689355299250252,126.86966684820268,50639488.17710613,310774.62879372487,393542.32979443576,47.320045382296925,0.8040147929088591,ok,offspring; n_jobs=4,2025-11-21T22:30:16.386496+00:00
20,298500.0,132.0,12.5,1.4000000000000001,40.3888314539151,0.7255573502323155,0.27915260522196766,111.19729006448748,39943480.2640063,312798.4983332427,322789.7404702656,40.3888314539151,0.7255573502323155,ok,offspring; n_jobs=4,2025-11-21T22:30:16.386504+00:00
20,285000.0,100.0,12.5,1.5,37.86702268142704,0.6633482514270771,0.31021346103144837,106.32625387417774,34769954.42826421,309346.0763865708,271746.99186354876,37.86702268142704,0.6633482514270771,ok,offspring; n_jobs=4,2025-11-21T22:30:16.386513+00:00
20,300000.0,121.0,12.5,1.6,39.95125461923051,0.7186723092930399,0.29848697419973724,110.42165578618133,39170671.213401385,313172.6897679495,316384.2531727535,39.95125461923051,0.7186723092930399,ok,offspring; n_jobs=4,2025-11-21T22:30:16.386521+00:00
20,208500.0,114.0,10.5,1.6,37.77347768872168,0.6273290101406742,0.2662470151371184,106.81141573517904,33172629.80230816,283655.2936866987,265884.91919653193,37.77347768872168,0.6273290101406742,ok,offspring; n_jobs=4,2025-11-21T22:30:16.386530+00:00
20,296000.0,148.0,12.0,1.4000000000000001,41.61728451652619,0.7472254013043157,0.2640957620064477,113.595893455685,42103202.7000345,312174.5780164613,342394.8735261193,41.61728451652619,0.7472254013043157,ok,offspring; n_jobs=4,2025-11-21T22:30:16.386538+00:00
20,290500.0,197.0,10.5,1.6,47.251707255369325,0.8035529155135998,0.22781084138573374,126.71855135734882,50542370.05584455,310774.62879372487,393137.72519618843,47.251707255369325,0.8035529155135998,ok,offspring; n_jobs=4,2025-11-21T22:30:16.386655+00:00
20,298000.0,109.0,12.0,1.4000000000000001,38.628553466630336,0.6832722905897426,0.2993961174363359,107.75035444236772,36365666.50797193,312671.13778370357,285875.3887729109,38.628553466630336,0.6832722905897426,ok,offspring; n_jobs=4,2025-11-21T22:30:16.386669+00:00
20,298500.0,134.0,12.5,1.4000000000000001,40.55701556254327,0.728685674492367,0.277320718770932,111.53069240080737,40243876.93161656,312798.4983332427,325530.15252207086,40.55701556254327,0.728685674492367,ok,offspring; n_jobs=4,2025-11-21T22:30:16.386679+00:00
20,298500.0,156.0,12.5,1.6,43.153088442409974,0.769637875399132,0.2644627974742396,117.35191494456909,44698934.485040486,312798.4983332427,361404.28051639686,43.153088442409974,0.769637875399132,ok,offspring; n_jobs=4,2025-11-21T22:30:16.386688+00:00
20,205000.0,142.0,12.0,1.4000000000000001,39.38262928218555,0.6723422864910109,0.24678412056515753,109.89595123341037,36727565.20129776,281992.1397127148,306979.70325341076,39.38262928218555,0.6723422864910109,ok,offspring; n_jobs=4,2025-11-21T22:30:16.386698+00:00
20,295500.0,104.0,11.5,1.4000000000000001,38.31526227806429,0.6669237649090232,0.29875342781920133,107.50209286632719,35402905.90160928,312048.8951798991,272176.3228804052,38.31526227806429,0.6669237649090232,ok,offspring; n_jobs=4,2025-11-21T22:30:16.386707+00:00
20,285000.0,109.0,12.5,1.6,38.639974150198086,0.6868748288545534,0.30618352152194916,107.83054363628399,36524621.718843356,309346.0763865708,292356.27369001793,38.639974150198086,0.6868748288545534,ok,offspring; n_jobs=4,2025-11-21T22:30:16.386717+00:00
20,299500.0,144.0,12.0,1.4000000000000001,41.37100122532838,0.7436487394569691,0.2682545033534165,113.04316722012996,41679576.477644704,313049.3350541712,338386.9607101337,41.37100122532838,0.7436487394569691,ok,offspring; n_jobs=4,2025-11-21T22:30:16.386726+00:00
20,205500.0,113.0,10.5,1.6,37.7092088864749,0.6218460937821954,0.26518958093978046,106.76739068855086,32868253.378851138,282231.3157725332,262505.86238066986,37.7092088864749,0.6218460937821954,ok,offspring; n_jobs=4,2025-11-21T22:30:16.386734+00:00
20,299500.0,149.0,12.5,2.0,44.3708575719003,0.7707056136062526,0.2774116503209418,121.3083839656887,46008120.465133384,313049.3350541712,362088.78246490605,44.3708575719003,0.7707056136062526,ok,offspring; n_jobs=4,2025-11-21T22:30:16.386743+00:00
20,199500.0,107.0,10.5,1.7000000000000002,37.55041292716837,0.6052472255877765,0.26770527487195767,106.9171975522036,31985610.390963584,279271.0613719089,250925.50824298334,37.55041292716837,0.6052472255877765,ok,offspring; n_jobs=4,2025-11-21T22:30:16.386751+00:00
20,255500.0,101.0,12.0,1.6,37.606746602440985,0.6434050867902398,0.2966796717472097,106.25664974869714,33713623.67151743,301132.5496531888,262490.3063750613,37.606746602440985,0.6434050867902398,ok,offspring; n_jobs=4,2025-11-21T22:30:16.386759+00:00
20,212500.0,113.0,12.0,1.6,37.924763451869204,0.630191522727216,0.269267717083061,107.50338027711295,33495238.93097302,285505.0461228608,266542.72778618045,37.924763451869204,0.630191522727216,ok,offspring; n_jobs=4,2025-11-21T22:30:16.386767+00:00
20,280000.0,107.0,10.5,1.6,38.52995078796993,0.6653330522812825,0.2931928207708194,108.3807738238262,35600522.98043115,308016.259033499,274815.49476490443,38.52995078796993,0.6653330522812825,ok,offspring; n_jobs=4,2025-11-21T22:30:16.386776+00:00
20,202000.0,102.0,10.5,1.4000000000000001,36.95204862425171,0.5806764126614561,0.25533059040004474,105.42050054334223,30321112.943294514,280529.5483571876,228142.98913424797,36.95204862425171,0.5806764126614561,ok,offspring; n_jobs=4,2025-11-21T22:30:16.386784+00:00
20,300000.0,122.0,12.5,1.5,39.80588606828893,0.7162218579675806,0.2940317929969039,109.97179547271617,38917995.13559896,313172.6897679495,314237.6578116511,39.80588606828893,0.7162218579675806,ok,offspring; n_jobs=4,2025-11-21T22:30:16.386792+00:00
20,298500.0,178.0,12.5,1.4000000000000001,44.465479923449244,0.7861287711404432,0.24104093247254219,120.02262352286058,46875547.28247012,312798.4983332427,375850.3051857856,44.465479923449244,0.7861287711404432,ok,offspring; n_jobs=4,2025-11-21T22:30:16.386800+00:00
20,294000.0,157.0,12.0,1.6,43.091973354392564,0.7674846420956241,0.26222486707670134,117.14841020073084,44518951.52204378,311673.44228783785,360643.1041879289,43.091973354392564,0.7674846420956241,ok,offspring; n_jobs=4,2025-11-21T22:30:16.386808+00:00
20,294000.0,180.0,12.0,1.4000000000000001,44.47197688493581,0.7850660935917566,0.23848582933697424,119.97905259463329,46823524.81323366,311673.44228783785,376044.45569854096,44.47197688493581,0.7850660935917566,ok,offspring; n_jobs=4,2025-11-21T22:30:16.386815+00:00
20,212500.0,106.0,10.5,1.4000000000000001,37.22580511024105,0.6009229445345213,0.2594376812369473,105.58328128216992,31434715.887793742,285505.0461228608,240903.45328937983,37.22580511024105,0.6009229445345213,ok,offspring; n_jobs=4,2025-11-21T22:30:16.386823+00:00
20,299000.0,200.0,12.0,1.4000000000000001,46.63514057512544,0.806556262106507,0.2246692349518315,124.95339392127774,50136217.30937262,312922.7859696913,393620.4996356088,46.63514057512544,0.806556262106507,ok,offspring; n_jobs=4,2025-11-21T22:30:16.386831+00:00
20,299000.0,186.0,12.0,1.5,45.713711125446785,0.7982333572325752,0.23710514248910283,122.9970936591867,48739824.20390095,312922.7859696913,386329.63496604457,45.713711125446785,0.7982333572325752,ok,offspring; n_jobs=4,2025-11-21T22:30:16.386839+00:00
20,298500.0,198.0,12.0,1.6,47.671431108611394,0.8113016453795143,0.22940693638393742,127.97648751323122,51476137.08415998,312798.4983332427,397901.74301921175,47.671431108611394,0.8113016453795143,ok,offspring; n_jobs=4,2025-11-21T22:30:16.386855+00:00
20,299000.0,186.0,12.0,1.4000000000000001,45.198220887540096,0.7937565741572034,0.23469826986793513,121.6038172728511,47990192.266841576,312922.7859696913,382407.9729920188,45.198220887540096,0.7937565741572034,ok,offspring; n_jobs=4,2025-11-21T22:30:16.386863+00:00
