Source,Location ID,City,State,Country,Latitude,Longitude,Time Zone,Elevation,Local Time Zone,Clearsky DHI Units,Clearsky DNI Units,Clearsky GHI Units,Dew Point Units,DHI Units,DNI Units,GHI Units,Solar Zenith Angle Units,Temperature Units,Pressure Units,Relative Humidity Units,Precipitable Water Units,Wind Direction Units,Wind Speed Units,Cloud Type -15,Cloud Type 0,Cloud Type 1,Cloud Type 2,Cloud Type 3,Cloud Type 4,Cloud Type 5,Cloud Type 6,Cloud Type 7,Cloud Type 8,Cloud Type 9,Cloud Type 10,Cloud Type 11,Cloud Type 12,Fill Flag 0,Fill Flag 1,Fill Flag 2,Fill Flag 3,Fill Flag 4,Fill Flag 5,Surface Albedo Units,Version
NSRDB,239201,-,-,-,38.73,-3.46,1,733,1,w/m2,w/m2,w/m2,c,w/m2,w/m2,w/m2,Degree,c,mbar,%,cm,Degrees,m/s,N/A,Clear,Probably Clear,Fog,Water,Super-Cooled Water,Mixed,Opaque Ice,Cirrus,Overlapping,Overshooting,Unknown,Dust,Smoke,N/A,Missing Image,Low Irradiance,Exceeds Clearsky,Missing CLoud Properties,Rayleigh Violation,N/A,unknown
Year,Month,Day,Hour,Minute,DNI,DHI,GHI,Dew Point,Temperature,Pressure,Relative Humidity,Wind Direction,Wind Speed,Surface Albedo,Clearsky DHI,Clearsky DNI,Clearsky GHI
2017,1,1,0,30,0,0,0,4.4,4.4,945,100,321,2.7,0.18,0,0,0
2017,1,1,1,30,0,0,0,-2.9000000000000004,0,942,80.58,173,1.2000000000000002,0.15,0,0,0
2017,1,1,2,30,0,0,0,-2.8000000000000003,-0.5,942,84.41,172,1.2000000000000002,0.15,0,0,0
2017,1,1,3,30,0,0,0,-2.7,-0.9,941,87.59,169,1.2000000000000002,0.15,0,0,0
2017,1,1,4,30,0,0,0,-2.6,-1.3,941,90.88,168,1.2000000000000002,0.15,0,0,0
2017,1,1,5,30,0,0,0,-2.5,-1.6,940,93.67,168,1.2000000000000002,0.15,0,0,0
2017,1,1,6,30,0,0,0,-2.3000000000000003,-1.7000000000000002,940,95.36,167,1.1,0.15,0,0,0
2017,1,1,7,30,0,0,0,-2.2,-1.8,940,96.78,166,1.1,0.15,0,0,0
2017,1,1,8,30,0,0,0,-2.2,-0.7000000000000001,940,89.8,167,1,0.15,0,0,0
2017,1,1,9,30,626,37,131,-1.3,1.7000000000000002,940,80.66,172,1.2000000000000002,0.15,37,626,131
2017,1,1,10,30,809,53,289,-1,4.4,940,68.18,197,1.4000000000000001,0.15,53,809,289
2017,1,1,11,30,892,62,417,-1,7,940,56.76,226,1.6,0.15,62,892,417
2017,1,1,12,30,928,67,493,-1.3,8.5,939,50.24,236,2,0.15,67,928,493
2017,1,1,13,30,933,66,508,-0.7000000000000001,9.1,938,50.45,241,2.2,0.15,66,933,508
2017,1,1,14,30,911,65,466,-0.2,9.200000000000001,937,51.99,245,2.3000000000000003,0.15,65,911,466
2017,1,1,15,30,852,61,366,0.4,8.8,937,55.69,245,2.1,0.15,61,852,366
2017,1,1,16,30,726,49,221,1.3,6.7,937,68.34,246,1.5,0.15,49,726,221
2017,1,1,17,30,418,27,62,2,4.2,936,85.4,249,1,0.15,27,418,62
2017,1,1,18,30,0,0,0,1,3.2,936,85.26,250,1.1,0.15,0,0,0
2017,1,1,19,30,0,0,0,1.1,3,936,87.28,244,0.9,0.15,0,0,0
2017,1,1,20,30,0,0,0,1.2000000000000002,2.7,936,89.78,206,0.9,0.15,0,0,0
2017,1,1,21,30,0,0,0,1.2000000000000002,2,936,94.77,160,0.9,0.15,0,0,0
2017,1,1,22,30,0,0,0,1.1,1.1,936,100,143,1.1,0.15,0,0,0
2017,1,1,23,30,0,0,0,0.1,0.1,936,100,141,1.2000000000000002,0.15,0,0,0
2017,1,2,0,30,0,0,0,-0.5,-0.5,936,100,141,1.2000000000000002,0.15,0,0,0
2017,1,2,1,30,0,0,0,-1.4000000000000001,-1.4000000000000001,935,100,143,1.3,0.15,0,0,0
2017,1,2,2,30,0,0,0,-1.5,-1.5,935,100,142,1.3,0.15,0,0,0
2017,1,2,3,30,0,0,0,-1.3,-1.3,935,100,140,1.3,0.15,0,0,0
2017,1,2,4,30,0,0,0,-1.1,-1.1,934,100,136,1.3,0.15,0,0,0
2017,1,2,5,30,0,0,0,-1,-1,934,100,132,1.2000000000000002,0.15,0,0,0
2017,1,2,6,30,0,0,0,-0.7000000000000001,-0.7000000000000001,935,100,129,1.2000000000000002,0.15,0,0,0
2017,1,2,7,30,0,0,0,-0.30000000000000004,-0.30000000000000004,935,100,125,1.3,0.15,0,0,0
2017,1,2,8,30,0,0,0,0.9,0.9,935,100,121,1.3,0.15,0,0,0
2017,1,2,9,30,0,6,6,1,2.9000000000000004,935,87.52,119,1.8,0.15,49,438,114
2017,1,2,10,30,0,11,11,1.2000000000000002,5.1000000000000005,936,75.87,118,2.2,0.15,71,672,268
2017,1,2,11,30,112,173,218,1.4000000000000001,7.7,936,64.2,130,2.1,0.15,81,786,393
2017,1,2,12,30,408,175,362,0.8,10.200000000000001,935,51.95,154,1.8,0.15,85,838,470
2017,1,2,13,30,466,170,391,0,11.5,935,45.04,178,1.5,0.15,81,860,489
2017,1,2,14,30,503,145,367,-0.1,11.9,935,43.54,198,1.3,0.15,78,838,447
2017,1,2,15,30,226,149,231,0.1,11.5,935,45.5,209,1,0.15,69,788,353
2017,1,2,16,30,475,67,181,1.9000000000000001,10.200000000000001,935,56.56,213,0.6000000000000001,0.15,54,670,215
2017,1,2,17,30,273,28,52,1.2000000000000002,8.700000000000001,935,59.13,197,0.5,0.15,28,385,61
2017,1,2,18,30,0,0,0,-0.8,7.800000000000001,935,54.52,149,0.5,0.15,0,0,0
2017,1,2,19,30,0,0,0,-1,7,936,56.88,113,0.6000000000000001,0.15,0,0,0
2017,1,2,20,30,0,0,0,-0.9,6.300000000000001,937,60.02,109,0.8,0.15,0,0,0
2017,1,2,21,30,0,0,0,-1,5.9,937,61.44,112,0.8,0.15,0,0,0
2017,1,2,22,30,0,0,0,-1.1,5.5,937,62.71,120,0.9,0.15,0,0,0
2017,1,2,23,30,0,0,0,-1.2000000000000002,5,937,64.42,129,0.9,0.15,0,0,0
2017,1,3,0,30,0,0,0,-1.3,4.800000000000001,937,64.76,134,0.9,0.15,0,0,0
2017,1,3,1,30,0,0,0,-1.5,4.1000000000000005,937,67.08,145,1,0.15,0,0,0
2017,1,3,2,30,0,0,0,-1.7000000000000002,3.6,937,68.3,149,1.1,0.15,0,0,0
2017,1,3,3,30,0,0,0,-1.9000000000000001,3.3000000000000003,937,68.92,153,1.1,0.15,0,0,0
2017,1,3,4,30,0,0,0,-1.9000000000000001,3,937,69.95,157,1.1,0.15,0,0,0
2017,1,3,5,30,0,0,0,-1.9000000000000001,2.8000000000000003,938,71.01,160,1.1,0.15,0,0,0
2017,1,3,6,30,0,0,0,-1.9000000000000001,2.7,938,71.68,160,1.1,0.15,0,0,0
2017,1,3,7,30,0,0,0,-1.8,2.7,939,72.09,160,1,0.15,0,0,0
2017,1,3,8,30,0,0,0,-1.8,3.3000000000000003,939,69.45,159,0.9,0.15,0,0,0
2017,1,3,9,30,0,8,8,-0.1,5.1000000000000005,940,69.12,157,1,0.15,60,285,103
2017,1,3,10,30,0,19,19,0.5,7.300000000000001,941,61.95,171,1.1,0.15,101,494,245
2017,1,3,11,30,123,173,222,0.4,9.4,941,53.58,219,1.6,0.15,119,616,365
2017,1,3,12,30,233,203,310,1.5,10.9,941,52.300000000000004,256,2.3000000000000003,0.15,125,676,437
2017,1,3,13,30,21,182,192,2.7,11.4,940,54.92,264,2.5,0.15,91,804,475
2017,1,3,14,30,96,195,238,3.6,11.5,940,58.36,270,2.5,0.15,86,786,435
2017,1,3,15,30,0,88,88,4.4,11.100000000000001,940,63.440000000000005,275,2.2,0.15,78,726,341
2017,1,3,16,30,591,62,205,5.4,9.600000000000001,940,75,279,1.4000000000000001,0.15,62,591,205
2017,1,3,17,30,0,11,11,6.1000000000000005,7.6000000000000005,940,90.01,282,0.9,0.15,32,273,57
2017,1,3,18,30,0,0,0,5.300000000000001,6.5,941,92.25,283,1,0.15,0,0,0
2017,1,3,19,30,0,0,0,5.300000000000001,5.9,941,96.04,283,1,0.15,0,0,0
2017,1,3,20,30,0,0,0,5.4,5.5,941,99.59,283,1,0.15,0,0,0
2017,1,3,21,30,0,0,0,5.2,5.2,941,100,284,1,0.15,0,0,0
2017,1,3,22,30,0,0,0,5,5,942,100,286,1,0.15,0,0,0
2017,1,3,23,30,0,0,0,4.800000000000001,4.800000000000001,941,100,287,1,0.15,0,0,0
2017,1,4,0,30,0,0,0,4.7,4.7,941,100,287,1,0.15,0,0,0
2017,1,4,1,30,0,0,0,4.9,4.9,941,100,289,1,0.16,0,0,0
2017,1,4,2,30,0,0,0,5,5,941,100,288,1,0.16,0,0,0
2017,1,4,3,30,0,0,0,5,5,941,100,288,1,0.16,0,0,0
2017,1,4,4,30,0,0,0,5.1000000000000005,5.1000000000000005,941,100,291,1,0.16,0,0,0
2017,1,4,5,30,0,0,0,5.2,5.2,941,100,298,1,0.16,0,0,0
2017,1,4,6,30,0,0,0,5.2,5.2,941,100,310,0.9,0.16,0,0,0
2017,1,4,7,30,0,0,0,5.300000000000001,5.300000000000001,941,100,327,0.8,0.16,0,0,0
2017,1,4,8,30,0,0,0,5.6000000000000005,5.6000000000000005,942,100,346,0.9,0.16,0,0,0
2017,1,4,9,30,350,55,107,5.800000000000001,6.300000000000001,942,96.93,180,1,0.16,55,350,107
2017,1,4,10,30,0,19,19,6.1000000000000005,7.5,942,91.13,174,1.1,0.16,83,592,256
2017,1,4,11,30,0,31,31,6.9,9.5,942,84.05,333,1.6,0.16,93,722,382
2017,1,4,12,30,0,38,38,7.5,11.4,941,77.17,320,2.2,0.16,94,791,460
2017,1,4,13,30,26,186,198,7.4,12.4,940,71.76,315,2.5,0.16,86,830,484
2017,1,4,14,30,0,34,34,7.4,13,940,68.74,314,2.6,0.16,81,816,444
2017,1,4,15,30,0,28,28,7.300000000000001,12.8,939,69.11,314,2.5,0.16,73,763,352
2017,1,4,16,30,625,61,213,7.4,11.200000000000001,939,77.22,316,1.7000000000000002,0.16,61,625,213
2017,1,4,17,30,319,32,61,7.7,9.1,939,90.87,318,1.1,0.16,32,319,61
2017,1,4,18,30,0,0,0,6.800000000000001,7.7,940,94.22,320,1.1,0.16,0,0,0
2017,1,4,19,30,0,0,0,6.6000000000000005,6.9,940,97.98,324,1.1,0.16,0,0,0
2017,1,4,20,30,0,0,0,6.1000000000000005,6.1000000000000005,940,100,329,1.1,0.16,0,0,0
2017,1,4,21,30,0,0,0,5.2,5.2,940,100,333,1.2000000000000002,0.16,0,0,0
2017,1,4,22,30,0,0,0,4.4,4.4,940,100,338,1.2000000000000002,0.16,0,0,0
2017,1,4,23,30,0,0,0,3.7,3.7,940,100,344,1.2000000000000002,0.16,0,0,0
2017,1,5,0,30,0,0,0,3.4000000000000004,3.4000000000000004,940,100,348,1.2000000000000002,0.16,0,0,0
2017,1,5,1,30,0,0,0,4,4,939,100,179,1.6,0.16,0,0,0
2017,1,5,2,30,0,0,0,4.3,4.3,939,100,7,2,0.16,0,0,0
2017,1,5,3,30,0,0,0,4.1000000000000005,4.1000000000000005,939,100,16,2,0.16,0,0,0
2017,1,5,4,30,0,0,0,3.7,3.7,939,100,24,2,0.16,0,0,0
2017,1,5,5,30,0,0,0,3.3000000000000003,3.4000000000000004,939,99.32000000000001,30,1.9000000000000001,0.16,0,0,0
2017,1,5,6,30,0,0,0,3,3.1,939,99.16,34,1.8,0.16,0,0,0
2017,1,5,7,30,0,0,0,2.7,2.9000000000000004,939,98.73,37,1.7000000000000002,0.16,0,0,0
2017,1,5,8,30,0,0,0,2.4000000000000004,2.9000000000000004,939,96.79,39,1.8,0.16,0,0,0
2017,1,5,9,30,551,42,125,2.4000000000000004,3.5,940,92.60000000000001,39,2,0.16,42,551,125
2017,1,5,10,30,0,19,19,3,4.800000000000001,940,88.06,34,2.3000000000000003,0.16,62,755,283
2017,1,5,11,30,0,31,31,3.6,6.4,940,82.26,24,2.6,0.16,71,851,412
2017,1,5,12,30,151,209,280,3.8000000000000003,8.200000000000001,939,73.85000000000001,15,2.9000000000000004,0.16,72,905,492
2017,1,5,13,30,934,68,517,3.7,9.700000000000001,939,66.19,10,3.1,0.16,68,934,517
2017,1,5,14,30,923,64,477,3,10.600000000000001,938,59.36,9,3.1,0.16,64,923,477
2017,1,5,15,30,874,58,379,2.2,10.600000000000001,938,55.93,10,2.8000000000000003,0.16,58,874,379
2017,1,5,16,30,764,47,236,2,8.6,938,63.42,10,1.9000000000000001,0.16,47,764,236
2017,1,5,17,30,494,27,73,3,5.5,938,83.87,9,1.2000000000000002,0.16,27,494,73
2017,1,5,18,30,0,0,0,1.3,3.7,939,84.5,9,1.3,0.16,0,0,0
2017,1,5,19,30,0,0,0,1,3,939,86.43,12,1.3,0.16,0,0,0
2017,1,5,20,30,0,0,0,0.7000000000000001,2.3000000000000003,939,89.02,19,1.3,0.16,0,0,0
2017,1,5,21,30,0,0,0,0.4,1.7000000000000002,939,91.19,27,1.3,0.16,0,0,0
2017,1,5,22,30,0,0,0,0.1,1.1,939,92.95,35,1.3,0.16,0,0,0
2017,1,5,23,30,0,0,0,-0.4,0.6000000000000001,939,92.96000000000001,43,1.4000000000000001,0.16,0,0,0
2017,1,6,0,30,0,0,0,-1.1,0.30000000000000004,939,90.53,47,1.4000000000000001,0.16,0,0,0
2017,1,6,1,30,0,0,0,-1.7000000000000002,0,939,88.45,59,1.4000000000000001,0.16,0,0,0
2017,1,6,2,30,0,0,0,-2.2,-0.2,939,86.56,66,1.4000000000000001,0.16,0,0,0
2017,1,6,3,30,0,0,0,-2.5,-0.4,939,85.69,70,1.4000000000000001,0.16,0,0,0
2017,1,6,4,30,0,0,0,-2.7,-0.6000000000000001,939,85.45,71,1.4000000000000001,0.16,0,0,0
2017,1,6,5,30,0,0,0,-2.9000000000000004,-0.8,939,85.58,71,1.4000000000000001,0.16,0,0,0
2017,1,6,6,30,0,0,0,-3,-1,939,85.98,74,1.4000000000000001,0.16,0,0,0
2017,1,6,7,30,0,0,0,-3.2,-1.1,940,85.91,78,1.3,0.16,0,0,0
2017,1,6,8,30,0,0,0,-3.2,0.4,940,76.62,82,1.3,0.16,0,0,0
2017,1,6,9,30,641,35,132,-1.3,3.5,941,70.68,83,1.5,0.16,35,641,132
2017,1,6,10,30,0,20,20,-1.4000000000000001,6.5,941,57.17,70,1.6,0.16,50,828,294
2017,1,6,11,30,0,84,84,-0.7000000000000001,9.200000000000001,941,50.11,43,1.2000000000000002,0.16,58,910,424
2017,1,6,12,30,62,200,229,-0.7000000000000001,11.600000000000001,941,42.550000000000004,180,1,0.16,62,947,503
2017,1,6,13,30,260,211,336,-1.2000000000000002,12.8,940,38.07,325,0.8,0.16,62,958,524
2017,1,6,14,30,941,60,483,-1.3,13.200000000000001,940,36.64,327,0.8,0.16,60,941,483
2017,1,6,15,30,893,55,385,-1.3,12.8,940,37.65,339,0.7000000000000001,0.16,55,893,385
2017,1,6,16,30,788,45,241,0.9,11.100000000000001,940,49.25,346,0.6000000000000001,0.16,45,788,241
2017,1,6,17,30,527,26,77,0.30000000000000004,8.9,940,54.72,352,0.7000000000000001,0.16,26,527,77
2017,1,6,18,30,0,0,0,-1.7000000000000002,7.300000000000001,940,52.980000000000004,178,0.9,0.16,0,0,0
2017,1,6,19,30,0,0,0,-1.7000000000000002,6.300000000000001,941,56.49,2,1,0.16,0,0,0
2017,1,6,20,30,0,0,0,-1.8,5.5,941,59.57,4,1,0.16,0,0,0
2017,1,6,21,30,0,0,0,-1.7000000000000002,4.9,942,62.47,14,0.9,0.16,0,0,0
2017,1,6,22,30,0,0,0,-1.6,4.5,942,64.4,53,0.9,0.16,0,0,0
2017,1,6,23,30,0,0,0,-1.5,3.9000000000000004,942,67.97,97,0.9,0.16,0,0,0
2017,1,7,0,30,0,0,0,-1.1,3.5,942,71.82000000000001,111,1,0.16,0,0,0
2017,1,7,1,30,0,0,0,-0.6000000000000001,1.9000000000000001,942,83.33,123,1.2000000000000002,0.16,0,0,0
2017,1,7,2,30,0,0,0,-0.1,1.2000000000000002,942,90.9,126,1.3,0.16,0,0,0
2017,1,7,3,30,0,0,0,0.4,0.7000000000000001,942,97.76,128,1.3,0.16,0,0,0
2017,1,7,4,30,0,0,0,0.2,0.2,942,100,131,1.3,0.16,0,0,0
2017,1,7,5,30,0,0,0,-0.2,-0.2,942,100,134,1.3,0.16,0,0,0
2017,1,7,6,30,0,0,0,-0.4,-0.4,942,100,139,1.3,0.16,0,0,0
2017,1,7,7,30,0,0,0,-0.4,-0.4,943,100,143,1.2000000000000002,0.16,0,0,0
2017,1,7,8,30,0,0,0,0.9,0.9,943,100,141,1.1,0.16,0,0,0
2017,1,7,9,30,619,37,131,1.6,3.4000000000000004,943,88.25,131,1.3,0.16,37,619,131
2017,1,7,10,30,0,24,24,2,6,944,75.61,113,1.1,0.16,54,813,294
2017,1,7,11,30,1,136,137,1.9000000000000001,8.9,944,61.660000000000004,87,0.6000000000000001,0.16,61,903,425
2017,1,7,12,30,62,200,229,0.6000000000000001,11.3,943,47.85,198,0.6000000000000001,0.16,64,945,506
2017,1,7,13,30,125,220,280,-0.6000000000000001,12.600000000000001,942,40.04,314,0.7000000000000001,0.16,63,959,527
2017,1,7,14,30,942,61,487,-0.7000000000000001,12.700000000000001,942,39.72,301,0.7000000000000001,0.16,61,942,487
2017,1,7,15,30,894,56,389,-0.5,12.200000000000001,942,41.51,305,0.6000000000000001,0.16,56,894,389
2017,1,7,16,30,789,46,245,1.1,10.5,942,52.19,323,0.7000000000000001,0.16,46,789,245
2017,1,7,17,30,531,27,80,1.2000000000000002,7.9,942,62.51,345,0.9,0.16,27,531,80
2017,1,7,18,30,0,0,0,-0.8,5.800000000000001,942,62.51,183,1.2000000000000002,0.16,0,0,0
2017,1,7,19,30,0,0,0,-1,4.3,942,68.49,22,1.3,0.16,0,0,0
2017,1,7,20,30,0,0,0,-1.2000000000000002,3,942,74.02,40,1.3,0.16,0,0,0
2017,1,7,21,30,0,0,0,-1.4000000000000001,2,942,78.44,56,1.3,0.16,0,0,0
2017,1,7,22,30,0,0,0,-1.5,1.3,942,81.82000000000001,66,1.3,0.16,0,0,0
2017,1,7,23,30,0,0,0,-1.5,0.8,942,84.7,71,1.3,0.16,0,0,0
2017,1,8,0,30,0,0,0,-1.5,0.6000000000000001,942,86.02,72,1.3,0.16,0,0,0
2017,1,8,1,30,0,0,0,-1.5,0.30000000000000004,942,88.02,73,1.3,0.16,0,0,0
2017,1,8,2,30,0,0,0,-1.4000000000000001,0.1,942,89.41,74,1.3,0.16,0,0,0
2017,1,8,3,30,0,0,0,-1.4000000000000001,-0.1,942,90.82000000000001,75,1.3,0.16,0,0,0
2017,1,8,4,30,0,0,0,-1.4000000000000001,-0.2,942,91.43,77,1.3,0.16,0,0,0
2017,1,8,5,30,0,0,0,-1.5,-0.30000000000000004,942,91.86,82,1.3,0.16,0,0,0
2017,1,8,6,30,0,0,0,-1.5,-0.4,942,92.13,85,1.3,0.16,0,0,0
2017,1,8,7,30,0,0,0,-1.6,-0.30000000000000004,942,90.87,86,1.2000000000000002,0.16,0,0,0
2017,1,8,8,30,0,0,0,-1.7000000000000002,1,942,82.17,82,1.1,0.16,0,0,0
2017,1,8,9,30,664,34,135,-0.4,3.7,942,74.33,74,1.2000000000000002,0.16,34,664,135
2017,1,8,10,30,0,20,20,-0.4,6.4,943,61.7,57,1.3,0.16,48,848,299
2017,1,8,11,30,9,144,148,0,9.1,943,52.9,38,1.3,0.16,56,929,431
2017,1,8,12,30,115,211,265,-0.8,11,942,44.01,19,1.5,0.16,59,966,512
2017,1,8,13,30,177,221,307,-0.8,11.600000000000001,941,42.14,180,1.7000000000000002,0.16,60,976,534
2017,1,8,14,30,950,58,489,-0.7000000000000001,11.700000000000001,941,42.31,349,1.9000000000000001,0.16,58,950,489
2017,1,8,15,30,902,53,392,-0.7000000000000001,11,940,44.32,347,1.8,0.16,53,902,392
2017,1,8,16,30,801,44,248,0.30000000000000004,8.6,940,55.84,348,1.3,0.16,44,801,248
2017,1,8,17,30,550,27,83,1.5,5.4,940,75.91,350,1.2000000000000002,0.16,27,550,83
2017,1,8,18,30,0,0,0,-1.3,3.7,940,70.03,354,1.3,0.16,0,0,0
2017,1,8,19,30,0,0,0,-2.1,2.9000000000000004,940,69.77,180,1.3,0.16,0,0,0
2017,1,8,20,30,0,0,0,-2.8000000000000003,2.1,940,69.94,6,1.3,0.16,0,0,0
2017,1,8,21,30,0,0,0,-3.3000000000000003,1.2000000000000002,940,71.8,13,1.3,0.16,0,0,0
2017,1,8,22,30,0,0,0,-3.6,0.5,940,74.14,18,1.3,0.16,0,0,0
2017,1,8,23,30,0,0,0,-3.5,-0.1,940,77.83,20,1.4000000000000001,0.16,0,0,0
2017,1,9,0,30,0,0,0,-3,-0.4,940,82.83,21,1.4000000000000001,0.16,0,0,0
2017,1,9,1,30,0,0,0,-2.1,-1.2000000000000002,940,93.68,21,1.5,0.16,0,0,0
2017,1,9,2,30,0,0,0,-1.6,-1.6,940,100,23,1.6,0.16,0,0,0
2017,1,9,3,30,0,0,0,-1.6,-1.6,940,100,25,1.8,0.16,0,0,0
2017,1,9,4,30,0,0,0,-1.5,-1.5,940,100,28,2.1,0.16,0,0,0
2017,1,9,5,30,0,0,0,-1.5,-1.5,939,100,31,2.2,0.16,0,0,0
2017,1,9,6,30,0,0,0,-1.6,-1.6,939,100,33,2.2,0.16,0,0,0
2017,1,9,7,30,0,0,0,-1.7000000000000002,-1.7000000000000002,940,99.81,34,2.1,0.16,0,0,0
2017,1,9,8,30,0,0,0,-1.9000000000000001,-0.8,940,92.12,33,2.2,0.16,0,0,0
2017,1,9,9,30,605,39,131,-1.3,1.4000000000000001,940,82.09,32,2.4000000000000004,0.16,39,605,131
2017,1,9,10,30,813,54,296,-0.7000000000000001,4.1000000000000005,940,70.83,31,2.4000000000000004,0.16,54,813,296
2017,1,9,11,30,903,62,428,-0.1,6.800000000000001,940,61.660000000000004,26,2.1,0.16,62,903,428
2017,1,9,12,30,943,65,510,0.4,8.9,940,55.26,14,2,0.16,65,943,510
2017,1,9,13,30,958,64,532,0.7000000000000001,10.3,939,51.5,183,2.2,0.16,64,958,532
2017,1,9,14,30,943,62,492,0.7000000000000001,10.8,939,49.72,357,2.5,0.16,62,943,492
2017,1,9,15,30,896,56,395,0.4,10.4,938,49.85,356,2.3000000000000003,0.16,56,896,395
2017,1,9,16,30,793,47,251,0.8,8.1,938,60.11,355,1.6,0.16,47,793,251
2017,1,9,17,30,543,28,85,2,4.7,938,82.89,357,1.2000000000000002,0.16,28,543,85
2017,1,9,18,30,0,0,0,0.1,3,939,81.16,184,1.3,0.16,0,0,0
2017,1,9,19,30,0,0,0,-0.4,2.7,939,79.93,14,1.2000000000000002,0.16,0,0,0
2017,1,9,20,30,0,0,0,-0.8,2.5,939,78.86,19,1.2000000000000002,0.16,0,0,0
2017,1,9,21,30,0,0,0,-1.1,2.5,938,77.41,18,1.1,0.16,0,0,0
2017,1,9,22,30,0,0,0,-1.1,2.3000000000000003,938,77.96000000000001,13,0.9,0.16,0,0,0
2017,1,9,23,30,0,0,0,-1.1,2,938,79.69,180,0.8,0.16,0,0,0
2017,1,10,0,30,0,0,0,-1.1,1.8,938,81.19,351,0.8,0.16,0,0,0
2017,1,10,1,30,0,0,0,-1,0.9,937,86.87,343,0.8,0.16,0,0,0
2017,1,10,2,30,0,0,0,-1,0.7000000000000001,937,88.57000000000001,349,0.8,0.16,0,0,0
2017,1,10,3,30,0,0,0,-0.9,0.7000000000000001,937,88.96000000000001,352,0.7000000000000001,0.16,0,0,0
2017,1,10,4,30,0,0,0,-0.8,0.8,936,88.73,178,0.7000000000000001,0.16,0,0,0
2017,1,10,5,30,0,0,0,-0.8,0.6000000000000001,935,90.08,10,0.6000000000000001,0.16,0,0,0
2017,1,10,6,30,0,0,0,-0.8,0.5,935,90.72,17,0.6000000000000001,0.16,0,0,0
2017,1,10,7,30,0,0,0,-0.8,0.6000000000000001,935,90.08,31,0.6000000000000001,0.16,0,0,0
2017,1,10,8,30,0,0,0,-0.8,1.2000000000000002,935,86.39,115,0.6000000000000001,0.16,0,0,0
2017,1,10,9,30,0,7,7,0,2.6,935,82.87,214,1,0.16,38,554,123
2017,1,10,10,30,0,13,13,0.30000000000000004,4.3,935,75.14,259,1.4000000000000001,0.16,54,755,279
2017,1,10,11,30,0,133,133,0.9,6.5,934,67.59,278,1.8,0.16,63,841,405
2017,1,10,12,30,0,128,128,1.4000000000000001,8.3,933,61.68,283,2.4000000000000004,0.16,67,882,484
2017,1,10,13,30,163,225,305,1.3,9.3,932,57.38,288,2.8000000000000003,0.16,67,895,506
2017,1,10,14,30,137,207,270,1.6,9.5,932,57.800000000000004,295,2.7,0.16,65,880,469
2017,1,10,15,30,181,163,232,2.5,9,932,63.54,302,2.2,0.16,59,831,375
2017,1,10,16,30,0,66,66,3.6,7.6000000000000005,932,75.94,307,1.7000000000000002,0.16,50,723,238
2017,1,10,17,30,0,24,24,3.7,5.5,932,88.17,313,1.6,0.16,30,463,80
2017,1,10,18,30,0,0,0,3.1,4.3,932,91.77,319,1.7000000000000002,0.16,0,0,0
2017,1,10,19,30,0,0,0,3.2,3.8000000000000003,932,96.13,326,1.7000000000000002,0.16,0,0,0
2017,1,10,20,30,0,0,0,3.3000000000000003,3.3000000000000003,933,100,332,1.7000000000000002,0.16,0,0,0
2017,1,10,21,30,0,0,0,3.1,3.1,933,100,339,1.7000000000000002,0.16,0,0,0
2017,1,10,22,30,0,0,0,2.9000000000000004,2.9000000000000004,933,100,343,1.6,0.16,0,0,0
2017,1,10,23,30,0,0,0,2.6,2.6,933,100,346,1.7000000000000002,0.16,0,0,0
2017,1,11,0,30,0,0,0,2.4000000000000004,2.4000000000000004,933,100,347,1.7000000000000002,0.16,0,0,0
2017,1,11,1,30,0,0,0,2.1,2.1,933,100,346,1.9000000000000001,0.16,0,0,0
2017,1,11,2,30,0,0,0,1.9000000000000001,1.9000000000000001,934,100,347,2,0.16,0,0,0
2017,1,11,3,30,0,0,0,1.6,1.6,934,100,348,1.9000000000000001,0.16,0,0,0
2017,1,11,4,30,0,0,0,1.5,1.5,934,100,347,1.9000000000000001,0.16,0,0,0
2017,1,11,5,30,0,0,0,1.5,1.5,935,100,349,2,0.16,0,0,0
2017,1,11,6,30,0,0,0,1.7000000000000002,1.7000000000000002,935,100,352,2.2,0.16,0,0,0
2017,1,11,7,30,0,0,0,1.9000000000000001,1.9000000000000001,936,100,355,2.4000000000000004,0.16,0,0,0
2017,1,11,8,30,0,0,0,2.8000000000000003,3.1,936,97.73,178,2.7,0.16,0,0,0
2017,1,11,9,30,0,35,35,3.4000000000000004,5.4,937,86.76,1,3.1,0.16,38,560,124
2017,1,11,10,30,0,103,103,4.2,8.1,938,76.32000000000001,3,3.4000000000000004,0.16,54,761,282
2017,1,11,11,30,852,62,410,4.9,10.8,938,67.1,9,3.8000000000000003,0.16,62,852,410
2017,1,11,12,30,889,67,489,5.4,12.5,938,61.97,15,4.2,0.16,67,889,489
2017,1,11,13,30,904,66,512,5.7,13.100000000000001,938,60.800000000000004,19,4.2,0.16,66,904,512
2017,1,11,14,30,3,152,153,6,13.3,938,61.230000000000004,23,3.9000000000000004,0.16,66,885,475
2017,1,11,15,30,1,130,131,6.300000000000001,13.100000000000001,938,63.17,27,3.1,0.16,62,834,382
2017,1,11,16,30,730,51,243,6.800000000000001,11.600000000000001,938,72.56,31,1.8,0.16,51,730,243
2017,1,11,17,30,0,24,24,7.2,9.700000000000001,939,84.61,29,1.1,0.16,30,487,84
2017,1,11,18,30,0,0,0,5.9,9.1,939,80.4,15,1,0.16,0,0,0
2017,1,11,19,30,0,0,0,5.9,9,940,80.7,169,0.9,0.16,0,0,0
2017,1,11,20,30,0,0,0,5.9,8.700000000000001,940,82.48,326,0.9,0.16,0,0,0
2017,1,11,21,30,0,0,0,5.9,8.200000000000001,940,85.68,314,0.8,0.16,0,0,0
2017,1,11,22,30,0,0,0,6,7.800000000000001,941,88.47,307,0.7000000000000001,0.16,0,0,0
2017,1,11,23,30,0,0,0,6.1000000000000005,7.300000000000001,941,91.79,285,0.6000000000000001,0.16,0,0,0
2017,1,12,0,30,0,0,0,6.1000000000000005,7,941,93.79,268,0.6000000000000001,0.16,0,0,0
2017,1,12,1,30,0,0,0,5.6000000000000005,5.6000000000000005,941,100,248,0.7000000000000001,0.16,0,0,0
2017,1,12,2,30,0,0,0,4.6000000000000005,4.6000000000000005,941,100,255,0.9,0.16,0,0,0
2017,1,12,3,30,0,0,0,3.8000000000000003,3.8000000000000003,941,100,262,1,0.16,0,0,0
2017,1,12,4,30,0,0,0,3.4000000000000004,3.4000000000000004,941,100,265,1,0.16,0,0,0
2017,1,12,5,30,0,0,0,3.6,3.6,941,100,258,0.9,0.16,0,0,0
2017,1,12,6,30,0,0,0,3.7,3.7,941,100,241,1,0.16,0,0,0
2017,1,12,7,30,0,0,0,3.5,3.5,941,100,225,1.4000000000000001,0.16,0,0,0
2017,1,12,8,30,0,0,0,3.5,3.6,941,99.01,219,1.7000000000000002,0.16,0,0,0
2017,1,12,9,30,538,41,125,3.5,4.3,941,94.66,220,1.9000000000000001,0.16,41,538,125
2017,1,12,10,30,728,63,282,3.9000000000000004,5.4,941,89.86,228,2,0.16,63,728,282
2017,1,12,11,30,816,74,409,4.6000000000000005,7.300000000000001,941,83.18,239,2.3000000000000003,0.16,74,816,409
2017,1,12,12,30,871,75,491,5.800000000000001,9.8,940,75.98,245,2.9000000000000004,0.16,75,871,491
2017,1,12,13,30,897,71,516,6.6000000000000005,11.700000000000001,939,70.79,251,3.4000000000000004,0.16,71,897,516
2017,1,12,14,30,878,69,476,6.800000000000001,12.5,939,68.19,258,3.7,0.16,69,878,476
2017,1,12,15,30,828,63,383,6.9,12.5,938,68.47,264,3.7,0.16,63,828,383
2017,1,12,16,30,118,108,139,7,11.100000000000001,938,75.89,265,2.6,0.16,53,720,245
2017,1,12,17,30,20,40,42,7.300000000000001,8.6,938,91.42,262,1.7000000000000002,0.16,32,473,86
2017,1,12,18,30,0,0,0,6.7,7,938,98.16,262,1.7000000000000002,0.16,0,0,0
2017,1,12,19,30,0,0,0,6.300000000000001,6.300000000000001,938,100,265,1.9000000000000001,0.16,0,0,0
2017,1,12,20,30,0,0,0,5.5,5.5,938,100,271,1.9000000000000001,0.16,0,0,0
2017,1,12,21,30,0,0,0,4.800000000000001,4.800000000000001,938,100,276,1.9000000000000001,0.16,0,0,0
2017,1,12,22,30,0,0,0,4.5,4.5,937,100,276,1.8,0.16,0,0,0
2017,1,12,23,30,0,0,0,4.9,4.9,937,100,279,2.1,0.16,0,0,0
2017,1,13,0,30,0,0,0,5.1000000000000005,5.1000000000000005,937,100,281,2.3000000000000003,0.16,0,0,0
2017,1,13,1,30,0,0,0,4.6000000000000005,4.6000000000000005,937,100,291,2,0.16,0,0,0
2017,1,13,2,30,0,0,0,4.3,4.3,937,100,292,1.8,0.16,0,0,0
2017,1,13,3,30,0,0,0,4.1000000000000005,4.2,936,99.63,288,1.8,0.16,0,0,0
2017,1,13,4,30,0,0,0,4,4.2,936,98.71000000000001,285,1.8,0.16,0,0,0
2017,1,13,5,30,0,0,0,3.9000000000000004,4.1000000000000005,935,98.77,286,1.7000000000000002,0.16,0,0,0
2017,1,13,6,30,0,0,0,3.9000000000000004,4,936,99.33,288,1.5,0.16,0,0,0
2017,1,13,7,30,0,0,0,3.9000000000000004,3.9000000000000004,936,100,293,1.3,0.16,0,0,0
2017,1,13,8,30,0,0,0,3.9000000000000004,4.3,936,97.4,303,1.5,0.16,0,0,0
2017,1,13,9,30,420,55,121,4,4.9,937,93.89,324,1.8,0.16,55,420,121
2017,1,13,10,30,0,20,20,4,6,937,87.23,347,2.4000000000000004,0.16,86,637,279
2017,1,13,11,30,0,67,67,3.8000000000000003,7.800000000000001,937,75.97,181,3,0.16,95,771,413
2017,1,13,12,30,0,120,120,2.6,9.5,936,61.93,2,3.3000000000000003,0.16,88,863,502
2017,1,13,13,30,0,42,42,1.2000000000000002,10.5,935,52.53,177,3.4000000000000004,0.16,77,913,531
2017,1,13,14,30,0,38,38,0.1,10.8,935,47.45,350,3.4000000000000004,0.16,69,905,492
2017,1,13,15,30,0,29,29,-0.5,10.4,935,46.660000000000004,346,3.3000000000000003,0.16,61,864,398
2017,1,13,16,30,0,53,53,-0.8,8.5,935,52.160000000000004,348,2.5,0.16,49,767,256
2017,1,13,17,30,521,31,92,0.7000000000000001,5.5,936,71.13,355,1.7000000000000002,0.16,31,521,92
2017,1,13,18,30,0,0,0,-0.1,3.4000000000000004,937,77.74,183,1.7000000000000002,0.16,0,0,0
2017,1,13,19,30,0,0,0,-0.6000000000000001,2.6,937,79.46000000000001,11,1.8,0.16,0,0,0
2017,1,13,20,30,0,0,0,-1,1.8,937,81.64,18,1.8,0.16,0,0,0
2017,1,13,21,30,0,0,0,-1.4000000000000001,1,937,83.98,24,1.8,0.16,0,0,0
2017,1,13,22,30,0,0,0,-1.8,0.30000000000000004,938,85.84,27,1.8,0.16,0,0,0
2017,1,13,23,30,0,0,0,-2.2,-0.30000000000000004,938,87.19,30,1.9000000000000001,0.16,0,0,0
2017,1,14,0,30,0,0,0,-2.5,-0.6000000000000001,938,86.81,31,1.9000000000000001,0.16,0,0,0
2017,1,14,1,30,0,0,0,-2.8000000000000003,-1.4000000000000001,938,90.17,33,1.9000000000000001,0.16,0,0,0
2017,1,14,2,30,0,0,0,-3,-1.8,938,91.53,33,2,0.16,0,0,0
2017,1,14,3,30,0,0,0,-3,-2.2,939,94.02,32,2,0.16,0,0,0
2017,1,14,4,30,0,0,0,-3,-2.7,939,97.85000000000001,33,1.9000000000000001,0.16,0,0,0
2017,1,14,5,30,0,0,0,-3.1,-3.1,939,100,35,1.8,0.16,0,0,0
2017,1,14,6,30,0,0,0,-3.3000000000000003,-3.3000000000000003,939,100,37,1.7000000000000002,0.16,0,0,0
2017,1,14,7,30,0,0,0,-3.3000000000000003,-3.3000000000000003,939,100,38,1.5,0.16,0,0,0
2017,1,14,8,30,0,0,0,-2.4000000000000004,-1.6,940,94.08,39,1.9000000000000001,0.16,0,0,0
2017,1,14,9,30,639,35,136,-1.9000000000000001,1.3,940,79.51,34,2.5,0.16,35,639,136
2017,1,14,10,30,828,49,301,-1.4000000000000001,4.1000000000000005,940,67.58,28,3.3000000000000003,0.16,49,828,301
2017,1,14,11,30,910,57,434,-2.7,6.1000000000000005,941,53.09,24,4.2,0.16,57,910,434
2017,1,14,12,30,944,62,517,-3.2,6.800000000000001,940,48.84,21,4.5,0.16,62,944,517
2017,1,14,13,30,957,62,541,-3.1,7.1000000000000005,940,48.300000000000004,17,4.6000000000000005,0.16,62,957,541
2017,1,14,14,30,938,61,503,-2.9000000000000004,7,939,49.480000000000004,15,4.5,0.16,61,938,503
2017,1,14,15,30,892,57,407,-2.7,6.7,939,51.18,14,4.2,0.16,57,892,407
2017,1,14,16,30,793,48,265,-2.5,5.300000000000001,939,57.09,13,3.1,0.16,48,793,265
2017,1,14,17,30,561,30,98,-1.7000000000000002,2.7,940,72.67,11,2,0.16,30,561,98
2017,1,14,18,30,0,0,0,-2,1,941,80.29,9,1.9000000000000001,0.16,0,0,0
2017,1,14,19,30,0,0,0,-2.3000000000000003,0.6000000000000001,941,81.10000000000001,10,2.2,0.16,0,0,0
2017,1,14,20,30,0,0,0,-2.4000000000000004,0.30000000000000004,942,82.09,12,2.5,0.16,0,0,0
2017,1,14,21,30,0,0,0,-2.5,-0.2,942,84.5,14,2.6,0.16,0,0,0
2017,1,14,22,30,0,0,0,-2.6,-0.8,942,87.42,17,2.4000000000000004,0.16,0,0,0
2017,1,14,23,30,0,0,0,-2.8000000000000003,-1.5,942,90.73,19,2.1,0.16,0,0,0
2017,1,15,0,30,0,0,0,-3,-1.8,942,91.82000000000001,20,2,0.16,0,0,0
2017,1,15,1,30,0,0,0,-3,-2.5,942,96.56,19,1.6,0.16,0,0,0
2017,1,15,2,30,0,0,0,-2.9000000000000004,-2.8000000000000003,942,99.44,16,1.5,0.16,0,0,0
2017,1,15,3,30,0,0,0,-2.9000000000000004,-2.9000000000000004,942,100,11,1.4000000000000001,0.16,0,0,0
2017,1,15,4,30,0,0,0,-3,-3,942,100,7,1.5,0.16,0,0,0
2017,1,15,5,30,0,0,0,-2.9000000000000004,-2.9000000000000004,942,100,4,1.5,0.16,0,0,0
2017,1,15,6,30,0,0,0,-2.9000000000000004,-2.9000000000000004,942,100,3,1.6,0.16,0,0,0
2017,1,15,7,30,0,0,0,-2.7,-2.7,942,100,2,1.7000000000000002,0.16,0,0,0
2017,1,15,8,30,0,0,0,-2,-1.1,942,93.4,3,2.4000000000000004,0.16,0,0,0
2017,1,15,9,30,0,21,21,-1.6,1.4000000000000001,943,80.51,181,2.9000000000000004,0.16,36,623,135
2017,1,15,10,30,0,90,90,-0.8,4.4,943,68.93,181,3.6,0.16,50,812,299
2017,1,15,11,30,891,58,429,-0.1,6.9,943,61.050000000000004,3,4.5,0.16,58,891,429
2017,1,15,12,30,113,219,273,-0.30000000000000004,8.1,942,55.61,2,4.6000000000000005,0.16,64,924,512
2017,1,15,13,30,279,220,361,-0.5,8.5,942,53.11,180,4.5,0.16,68,926,535
2017,1,15,14,30,197,213,306,-0.7000000000000001,8.4,941,52.86,358,4.4,0.16,67,908,497
2017,1,15,15,30,203,169,250,-0.7000000000000001,8,941,54.17,359,4,0.16,63,853,401
2017,1,15,16,30,261,104,177,-0.5,6.5,941,60.74,180,2.8000000000000003,0.16,54,740,259
2017,1,15,17,30,141,44,62,0.4,4,941,77.36,2,1.6,0.16,34,497,96
2017,1,15,18,30,0,0,0,0.1,2.3000000000000003,941,85.33,2,1.3,0.16,0,0,0
2017,1,15,19,30,0,0,0,-0.30000000000000004,1.5,942,87.72,180,1.3,0.16,0,0,0
2017,1,15,20,30,0,0,0,-0.6000000000000001,0.9,942,89.53,357,1.3,0.16,0,0,0
2017,1,15,21,30,0,0,0,-0.7000000000000001,0.30000000000000004,942,93.23,354,1.3,0.16,0,0,0
2017,1,15,22,30,0,0,0,-0.6000000000000001,-0.1,942,96.24000000000001,353,1.4000000000000001,0.16,0,0,0
2017,1,15,23,30,0,0,0,-0.6000000000000001,-0.5,942,99.60000000000001,354,1.5,0.16,0,0,0
2017,1,16,0,30,0,0,0,-0.7000000000000001,-0.7000000000000001,942,100,356,1.5,0.16,0,0,0
2017,1,16,1,30,0,0,0,-1.2000000000000002,-1.2000000000000002,941,100,357,1.5,0.16,0,0,0
2017,1,16,2,30,0,0,0,-1.4000000000000001,-1.4000000000000001,941,100,355,1.5,0.16,0,0,0
2017,1,16,3,30,0,0,0,-1.5,-1.5,941,100,354,1.5,0.16,0,0,0
2017,1,16,4,30,0,0,0,-1.6,-1.6,940,100,354,1.6,0.16,0,0,0
2017,1,16,5,30,0,0,0,-1.5,-1.5,940,100,355,1.7000000000000002,0.16,0,0,0
2017,1,16,6,30,0,0,0,-1.5,-1.5,940,100,356,1.8,0.16,0,0,0
2017,1,16,7,30,0,0,0,-1.3,-1.3,940,100,355,1.8,0.16,0,0,0
2017,1,16,8,30,0,0,0,0.2,0.5,940,98.10000000000001,354,2.5,0.16,0,0,0
2017,1,16,9,30,614,36,135,0.8,3.4000000000000004,940,82.98,352,3.2,0.16,36,614,135
2017,1,16,10,30,802,51,298,1.5,6.2,940,71.8,354,3.8000000000000003,0.16,51,802,298
2017,1,16,11,30,885,59,430,2,8.700000000000001,940,62.620000000000005,357,4.5,0.16,59,885,430
2017,1,16,12,30,922,64,513,2.2,10.3,939,57.07,354,4.7,0.16,64,922,513
2017,1,16,13,30,928,65,535,2.3000000000000003,11.100000000000001,938,54.51,349,4.7,0.16,65,928,535
2017,1,16,14,30,912,64,498,2.3000000000000003,11.4,937,53.52,346,4.6000000000000005,0.16,64,912,498
2017,1,16,15,30,864,59,404,2.2,11,937,54.75,344,4.4,0.16,59,864,404
2017,1,16,16,30,762,51,264,2.2,9.4,937,60.85,344,3.6,0.16,51,762,264
2017,1,16,17,30,0,17,17,2.6,6.800000000000001,937,74.34,343,2.7,0.16,33,525,99
2017,1,16,18,30,0,0,0,2.3000000000000003,5.1000000000000005,937,82.21000000000001,342,2.5,0.16,0,0,0
2017,1,16,19,30,0,0,0,2.2,4.4,937,85.74,340,2.6,0.16,0,0,0
2017,1,16,20,30,0,0,0,2.2,3.8000000000000003,937,88.99,339,2.6,0.16,0,0,0
2017,1,16,21,30,0,0,0,2.1,3.1,937,93.3,340,2.5,0.16,0,0,0
2017,1,16,22,30,0,0,0,2.1,2.5,937,97.52,341,2.4000000000000004,0.16,0,0,0
2017,1,16,23,30,0,0,0,2,2,936,100,341,2.4000000000000004,0.16,0,0,0
2017,1,17,0,30,0,0,0,1.8,1.8,936,100,341,2.4000000000000004,0.16,0,0,0
2017,1,17,1,30,0,0,0,1.4000000000000001,1.4000000000000001,936,100,341,2.3000000000000003,0.16,0,0,0
2017,1,17,2,30,0,0,0,1.6,1.6,936,100,343,2.5,0.16,0,0,0
2017,1,17,3,30,0,0,0,1.8,1.8,935,100,344,2.8000000000000003,0.16,0,0,0
2017,1,17,4,30,0,0,0,1.9000000000000001,1.9000000000000001,935,100,345,2.9000000000000004,0.16,0,0,0
2017,1,17,5,30,0,0,0,2,2,934,100,344,2.9000000000000004,0.16,0,0,0
2017,1,17,6,30,0,0,0,2,2,934,100,343,2.9000000000000004,0.16,0,0,0
2017,1,17,7,30,0,0,0,2.1,2.1,934,100,342,2.9000000000000004,0.16,0,0,0
2017,1,17,8,30,0,0,0,2.3000000000000003,3,934,95.12,343,3.2,0.16,0,0,0
2017,1,17,9,30,0,21,21,2.7,5.1000000000000005,934,84.76,346,3.7,0.16,37,608,135
2017,1,17,10,30,0,68,68,3.6,7.800000000000001,934,74.54,353,4.5,0.16,53,791,298
2017,1,17,11,30,4,144,146,3.5,9.700000000000001,934,65.15,182,5.4,0.16,61,882,432
2017,1,17,12,30,50,206,231,2.3000000000000003,10.4,934,57.28,5,5.7,0.16,64,927,518
2017,1,17,13,30,451,190,420,0.9,10.5,933,51.35,5,6,0.16,64,953,549
2017,1,17,14,30,952,59,516,-1.3,9.9,933,45.7,7,6.1000000000000005,0.16,59,952,516
2017,1,17,15,30,932,53,428,-4.2,8.9,932,39.4,10,5.9,0.16,53,932,428
2017,1,17,16,30,860,44,287,-7.2,7,932,35.7,14,4.9,0.16,44,860,287
2017,1,17,17,30,670,29,116,-8.6,3.8000000000000003,933,39.99,19,3.5,0.16,29,670,116
2017,1,17,18,30,0,0,0,-8.9,1,933,47.660000000000004,25,3,0.16,0,0,0
2017,1,17,19,30,0,0,0,-10.200000000000001,-0.6000000000000001,933,48.26,31,3.1,0.16,0,0,0
2017,1,17,20,30,0,0,0,-11,-2.1,934,50.64,34,2.9000000000000004,0.16,0,0,0
2017,1,17,21,30,0,0,0,-11.5,-3.4000000000000004,934,53.69,35,2.8000000000000003,0.16,0,0,0
2017,1,17,22,30,0,0,0,-11.8,-4.2,934,55.43,33,2.8000000000000003,0.16,0,0,0
2017,1,17,23,30,0,0,0,-12,-4.9,934,57.35,31,2.9000000000000004,0.16,0,0,0
2017,1,18,0,30,0,0,0,-11.9,-5.2,934,59.33,30,2.9000000000000004,0.16,0,0,0
2017,1,18,1,30,0,0,0,-11.5,-5.5,933,62.52,27,3,0.16,0,0,0
2017,1,18,2,30,0,0,0,-11,-5.7,933,66.09,26,2.9000000000000004,0.16,0,0,0
2017,1,18,3,30,0,0,0,-10.5,-5.800000000000001,933,69.53,27,2.7,0.16,0,0,0
2017,1,18,4,30,0,0,0,-10,-6,932,73.18,29,2.7,0.16,0,0,0
2017,1,18,5,30,0,0,0,-9.700000000000001,-6,932,75.17,34,2.7,0.16,0,0,0
2017,1,18,6,30,0,0,0,-9.4,-6,932,76.74,38,2.7,0.16,0,0,0
2017,1,18,7,30,0,0,0,-9.3,-5.9,932,77.10000000000001,39,2.8000000000000003,0.16,0,0,0
2017,1,18,8,30,0,0,0,-9.200000000000001,-4.7,932,70.98,41,3.4000000000000004,0.16,0,0,0
2017,1,18,9,30,671,38,148,-9,-2,932,58.9,50,4.2,0.16,38,671,148
2017,1,18,10,30,1,108,109,-9.5,0.8,933,46.22,67,4.7,0.16,56,829,314
2017,1,18,11,30,0,139,139,-9.3,2.5,932,41.56,76,4.9,0.16,67,893,446
2017,1,18,12,30,0,149,149,-8.200000000000001,3.2,932,43.13,76,4.9,0.16,74,926,530
2017,1,18,13,30,0,148,148,-7.4,3.3000000000000003,931,45.550000000000004,76,4.800000000000001,0.16,71,951,558
2017,1,18,14,30,0,128,128,-6.9,3.1,931,47.910000000000004,75,4.5,0.16,70,926,517
2017,1,18,15,30,0,81,81,-6.6000000000000005,2.6,931,50.6,71,4,0.16,65,888,425
2017,1,18,16,30,0,40,40,-6.2,1.4000000000000001,931,57.14,64,3,0.16,55,788,281
2017,1,18,17,30,0,13,13,-5.1000000000000005,-0.5,931,70.93,58,2.2,0.16,35,563,111
2017,1,18,18,30,0,0,0,-5.4,-1.9000000000000001,931,76.7,56,2.1,0.16,0,0,0
2017,1,18,19,30,0,0,0,-5.4,-2.4000000000000004,932,79.67,56,2.3000000000000003,0.16,0,0,0
2017,1,18,20,30,0,0,0,-5.2,-2.6,932,82.2,54,2.4000000000000004,0.16,0,0,0
2017,1,18,21,30,0,0,0,-5.1000000000000005,-2.8000000000000003,932,84.32000000000001,53,2.7,0.16,0,0,0
2017,1,18,22,30,0,0,0,-5.1000000000000005,-2.7,932,83.57000000000001,50,2.9000000000000004,0.16,0,0,0
2017,1,18,23,30,0,0,0,-5.2,-2.6,932,82.26,47,3.1,0.16,0,0,0
2017,1,19,0,30,0,0,0,-5.300000000000001,-2.5,932,80.92,46,3.2,0.16,0,0,0
2017,1,19,1,30,0,0,0,-5.6000000000000005,-2.4000000000000004,931,78.93,39,3.8000000000000003,0.16,0,0,0
2017,1,19,2,30,0,0,0,-6,-2.6,931,77.23,37,4.1000000000000005,0.16,0,0,0
2017,1,19,3,30,0,0,0,-6.7,-2.8000000000000003,931,74.33,36,4.3,0.16,0,0,0
2017,1,19,4,30,0,0,0,-7.300000000000001,-3,930,72.05,37,4.3,0.16,0,0,0
2017,1,19,5,30,0,0,0,-7.5,-3,930,70.99,38,4.3,0.16,0,0,0
2017,1,19,6,30,0,0,0,-7.300000000000001,-2.8000000000000003,931,71.04,39,4.4,0.16,0,0,0
2017,1,19,7,30,0,0,0,-6.9,-2.3000000000000003,931,70.84,39,4.6000000000000005,0.16,0,0,0
2017,1,19,8,30,0,0,0,-6.300000000000001,-1.5,931,69.97,38,4.9,0.16,0,0,0
2017,1,19,9,30,0,37,37,-5.6000000000000005,0,931,65.75,38,5.4,0.16,47,527,135
2017,1,19,10,30,0,75,75,-5.1000000000000005,1.9000000000000001,931,59.95,44,6.2,0.16,69,735,300
2017,1,19,11,30,0,126,126,-4.3,3.6,930,56.22,49,6.800000000000001,0.16,81,823,432
2017,1,19,12,30,4,162,164,-3.3000000000000003,4.6000000000000005,929,56.550000000000004,46,6.7,0.16,89,856,513
2017,1,19,13,30,0,139,139,-2.4000000000000004,5,928,58.6,41,6.5,0.16,91,868,539
2017,1,19,14,30,0,88,88,-1.7000000000000002,4.800000000000001,928,62.89,38,6.2,0.16,90,843,500
2017,1,19,15,30,0,55,55,-1.1,4.1000000000000005,927,69.03,35,5.800000000000001,0.16,83,790,407
2017,1,19,16,30,0,32,32,-0.7000000000000001,3.2,927,75.66,33,5.4,0.16,68,679,265
2017,1,19,17,30,0,14,14,-0.5,2,927,83.33,30,5,0.16,42,441,103
2017,1,19,18,30,0,0,0,-0.6000000000000001,1,928,89.26,26,4.7,0.16,0,0,0
2017,1,19,19,30,0,0,0,-0.6000000000000001,0.4,928,93.17,23,4.6000000000000005,0.16,0,0,0
2017,1,19,20,30,0,0,0,-0.7000000000000001,0,928,94.77,28,4.7,0.16,0,0,0
2017,1,19,21,30,0,0,0,-0.8,-0.1,927,94.97,34,4.7,0.16,0,0,0
2017,1,19,22,30,0,0,0,-0.7000000000000001,0,927,95.15,35,4.6000000000000005,0.16,0,0,0
2017,1,19,23,30,0,0,0,-0.4,0.2,927,95.98,35,4.6000000000000005,0.16,0,0,0
2017,1,20,0,30,0,0,0,0,0.4,927,97.02,35,4.5,0.16,0,0,0
2017,1,20,1,30,0,0,0,0.2,0.6000000000000001,927,97.26,32,4.3,0.16,0,0,0
2017,1,20,2,30,0,0,0,0.4,0.7000000000000001,927,97.72,33,4,0.16,0,0,0
2017,1,20,3,30,0,0,0,0.5,0.8,927,97.68,36,3.7,0.16,0,0,0
2017,1,20,4,30,0,0,0,0.7000000000000001,1,927,97.62,39,3.5,0.16,0,0,0
2017,1,20,5,30,0,0,0,0.8,0.9,927,98.94,39,3.1,0.16,0,0,0
2017,1,20,6,30,0,0,0,0.7000000000000001,0.9,927,98.55,35,3,0.16,0,0,0
2017,1,20,7,30,0,0,0,0.6000000000000001,0.8,927,98.66,29,3.3000000000000003,0.16,0,0,0
2017,1,20,8,30,0,0,0,0.5,0.9,928,96.92,27,3.6,0.16,0,0,0
2017,1,20,9,30,0,19,19,0.7000000000000001,1.5,928,94.28,35,3.8000000000000003,0.16,73,228,111
2017,1,20,10,30,0,45,45,1.4000000000000001,2.5,929,92.17,53,3.9000000000000004,0.16,129,410,258
2017,1,20,11,30,0,78,78,2.2,3.6,930,90.59,76,3.9000000000000004,0.16,168,498,381
2017,1,20,12,30,0,109,109,2.8000000000000003,4.6000000000000005,930,88.16,89,3.9000000000000004,0.16,186,554,462
2017,1,20,13,30,0,124,124,3,5.1000000000000005,929,86.05,88,3.8000000000000003,0.16,161,659,503
2017,1,20,14,30,0,107,107,2.9000000000000004,5.2,929,85.07000000000001,82,3.6,0.16,143,674,474
2017,1,20,15,30,0,77,77,2.9000000000000004,5,930,86.05,75,3.2,0.16,121,642,387
2017,1,20,16,30,0,47,47,2.9000000000000004,4.3,930,90.87,68,2.7,0.16,93,548,254
2017,1,20,17,30,0,20,20,2.6,3,930,97.42,64,2.3000000000000003,0.16,54,310,98
2017,1,20,18,30,0,0,0,1.9000000000000001,2.1,931,98.66,64,2.2,0.16,0,0,0
2017,1,20,19,30,0,0,0,1.4000000000000001,1.4000000000000001,931,100,67,2.1,0.16,0,0,0
2017,1,20,20,30,0,0,0,0.7000000000000001,0.7000000000000001,931,100,71,1.9000000000000001,0.16,0,0,0
2017,1,20,21,30,0,0,0,0.1,0.1,932,100,72,1.7000000000000002,0.16,0,0,0
2017,1,20,22,30,0,0,0,-0.2,-0.2,932,100,70,1.6,0.16,0,0,0
2017,1,20,23,30,0,0,0,-0.1,-0.1,932,100,65,1.5,0.16,0,0,0
2017,1,21,0,30,0,0,0,-0.1,-0.1,932,100,62,1.4000000000000001,0.16,0,0,0
2017,1,21,1,30,0,0,0,0.1,0.1,931,100,50,1.6,0.16,0,0,0
2017,1,21,2,30,0,0,0,-0.1,-0.1,931,100,41,1.8,0.16,0,0,0
2017,1,21,3,30,0,0,0,-0.5,-0.5,931,100,34,1.9000000000000001,0.16,0,0,0
2017,1,21,4,30,0,0,0,-0.7000000000000001,-0.7000000000000001,930,100,31,1.9000000000000001,0.16,0,0,0
2017,1,21,5,30,0,0,0,-0.6000000000000001,-0.6000000000000001,930,100,29,1.9000000000000001,0.16,0,0,0
2017,1,21,6,30,0,0,0,-0.2,-0.1,930,99.49000000000001,26,2.1,0.16,0,0,0
2017,1,21,7,30,0,0,0,0.2,0.4,931,98.52,28,2.3000000000000003,0.16,0,0,0
2017,1,21,8,30,0,0,0,0.6000000000000001,1.4000000000000001,931,94.2,35,2.6,0.16,0,0,0
2017,1,21,9,30,0,19,19,1.4000000000000001,2.9000000000000004,931,89.64,41,2.9000000000000004,0.16,50,497,134
2017,1,21,10,30,0,25,25,2.3000000000000003,4.800000000000001,932,83.58,44,3.2,0.16,68,726,299
2017,1,21,11,30,0,28,28,2.7,6.5,932,76.66,43,3.5,0.16,78,827,435
2017,1,21,12,30,0,28,28,2.7,7.6000000000000005,931,70.9,35,3.5,0.16,84,869,520
2017,1,21,13,30,0,30,30,2.4000000000000004,8.200000000000001,931,66.74,24,3.6,0.16,88,873,544
2017,1,21,14,30,0,29,29,2,8.5,930,63.690000000000005,13,3.8000000000000003,0.16,87,859,511
2017,1,21,15,30,0,22,22,1.8,8.200000000000001,930,63.89,5,3.5,0.16,82,802,416
2017,1,21,16,30,0,13,13,1.9000000000000001,6.9,930,70.56,180,2.6,0.16,70,684,274
2017,1,21,17,30,0,8,8,2.3000000000000003,4.800000000000001,930,83.8,357,2,0.16,46,431,108
2017,1,21,18,30,0,0,0,1.4000000000000001,3.3000000000000003,930,87.29,179,2,0.16,0,0,0
2017,1,21,19,30,0,0,0,0.9,2.6,931,88.5,2,2.2,0.16,0,0,0
2017,1,21,20,30,0,0,0,0.4,1.9000000000000001,931,89.99,4,2.2,0.16,0,0,0
2017,1,21,21,30,0,0,0,0,1.3,931,91.10000000000001,4,2,0.16,0,0,0
2017,1,21,22,30,0,0,0,-0.4,0.7000000000000001,932,92.57000000000001,3,1.9000000000000001,0.16,0,0,0
2017,1,21,23,30,0,0,0,-0.7000000000000001,0.2,932,93.51,180,1.9000000000000001,0.16,0,0,0
2017,1,22,0,30,0,0,0,-1.1,-0.1,932,93.29,359,1.9000000000000001,0.16,0,0,0
2017,1,22,1,30,0,0,0,-1.5,-0.9,931,95.83,357,1.9000000000000001,0.16,0,0,0
2017,1,22,2,30,0,0,0,-1.9000000000000001,-1.3,931,95.65,356,1.9000000000000001,0.16,0,0,0
2017,1,22,3,30,0,0,0,-2.3000000000000003,-1.7000000000000002,931,95.52,356,1.8,0.16,0,0,0
2017,1,22,4,30,0,0,0,-2.7,-2,931,95.29,178,1.8,0.16,0,0,0
2017,1,22,5,30,0,0,0,-2.9000000000000004,-2.2,931,94.99,2,1.8,0.16,0,0,0
2017,1,22,6,30,0,0,0,-3.1,-2.5,931,95.56,6,1.6,0.16,0,0,0
2017,1,22,7,30,0,0,0,-3.3000000000000003,-2.6,931,95.07000000000001,8,1.5,0.16,0,0,0
2017,1,22,8,30,0,0,0,-3.2,-1.3,931,86.83,8,1.8,0.16,0,0,0
2017,1,22,9,30,295,57,108,-2.3000000000000003,0.8,932,79.91,181,2,0.16,47,548,141
2017,1,22,10,30,454,101,247,-1.3,3,932,73.12,350,1.9000000000000001,0.16,67,750,308
2017,1,22,11,30,530,136,367,-0.4,5.6000000000000005,932,65.12,338,2.2,0.16,79,836,442
2017,1,22,12,30,591,148,446,0,7.800000000000001,931,57.61,330,2.7,0.16,85,878,527
2017,1,22,13,30,585,158,466,-0.1,9.1,931,52.54,325,3,0.16,85,892,554
2017,1,22,14,30,509,170,423,-0.30000000000000004,9.4,930,50.660000000000004,322,3.1,0.16,83,876,519
2017,1,22,15,30,428,151,331,-0.4,9.1,930,51.24,321,2.8000000000000003,0.16,77,827,425
2017,1,22,16,30,728,63,283,0.2,7.4,930,60.07,321,1.9000000000000001,0.16,63,728,283
2017,1,22,17,30,129,54,73,1.5,4.7,930,79.87,321,1.3,0.16,41,497,115
2017,1,22,18,30,0,0,0,0.1,3.1,931,80.43,321,1.3,0.16,0,0,0
2017,1,22,19,30,0,0,0,-0.30000000000000004,2.4000000000000004,931,82.41,322,1.3,0.16,0,0,0
2017,1,22,20,30,0,0,0,-0.6000000000000001,1.7000000000000002,931,84.44,324,1.3,0.16,0,0,0
2017,1,22,21,30,0,0,0,-0.8,1,931,87.8,330,1.3,0.16,0,0,0
2017,1,22,22,30,0,0,0,-0.7000000000000001,0.30000000000000004,931,93.24,343,1.3,0.16,0,0,0
2017,1,22,23,30,0,0,0,-0.5,-0.2,932,97.65,181,1.3,0.16,0,0,0
2017,1,23,0,30,0,0,0,-0.5,-0.5,932,100,11,1.3,0.16,0,0,0
2017,1,23,1,30,0,0,0,-1,-1,931,100,28,1.4000000000000001,0.16,0,0,0
2017,1,23,2,30,0,0,0,-1.3,-1.3,931,100,32,1.5,0.16,0,0,0
2017,1,23,3,30,0,0,0,-1.5,-1.5,931,100,32,1.5,0.16,0,0,0
2017,1,23,4,30,0,0,0,-1.7000000000000002,-1.7000000000000002,931,100,33,1.5,0.16,0,0,0
2017,1,23,5,30,0,0,0,-1.8,-1.8,932,100,35,1.5,0.16,0,0,0
2017,1,23,6,30,0,0,0,-1.8,-1.8,932,100,38,1.5,0.16,0,0,0
2017,1,23,7,30,0,0,0,-1.5,-1.5,933,100,42,1.5,0.16,0,0,0
2017,1,23,8,30,0,0,0,-1.1,0.2,933,91.28,45,2,0.16,0,0,0
2017,1,23,9,30,412,61,133,-0.30000000000000004,2.6,933,81.11,45,2.5,0.16,61,412,133
2017,1,23,10,30,632,91,295,0.4,5.2,934,71.39,44,2.5,0.16,91,632,295
2017,1,23,11,30,743,105,430,0.7000000000000001,7.7,934,61.28,45,2.4000000000000004,0.16,105,743,430
2017,1,23,12,30,797,111,516,0.4,9,933,54.82,39,2.3000000000000003,0.16,111,797,516
2017,1,23,13,30,891,85,557,0.1,9.4,933,52.24,24,2.2,0.16,85,891,557
2017,1,23,14,30,873,84,521,-0.2,9.4,933,51.24,14,2.3000000000000003,0.16,84,873,521
2017,1,23,15,30,820,79,427,-0.4,9.1,933,51.43,9,2.3000000000000003,0.16,79,820,427
2017,1,23,16,30,709,68,285,-0.30000000000000004,7.5,933,57.660000000000004,4,1.6,0.16,68,709,285
2017,1,23,17,30,474,45,117,1.6,4.800000000000001,933,79.92,176,1.1,0.16,45,474,117
2017,1,23,18,30,0,0,0,-0.4,2.9000000000000004,934,78.98,348,1.2000000000000002,0.16,0,0,0
2017,1,23,19,30,0,0,0,-1,2.1,934,79.96000000000001,343,1.3,0.16,0,0,0
2017,1,23,20,30,0,0,0,-1.4000000000000001,1.5,935,81.14,340,1.3,0.16,0,0,0
2017,1,23,21,30,0,0,0,-1.6,0.9,935,83.43,338,1.3,0.16,0,0,0
2017,1,23,22,30,0,0,0,-1.8,0.30000000000000004,935,86.07000000000001,338,1.3,0.16,0,0,0
2017,1,23,23,30,0,0,0,-1.8,-0.2,935,88.7,343,1.2000000000000002,0.16,0,0,0
2017,1,24,0,30,0,0,0,-2,-0.5,935,89.86,347,1.2000000000000002,0.16,0,0,0
2017,1,24,1,30,0,0,0,-2.1,-1.1,935,92.79,182,1.2000000000000002,0.16,0,0,0
2017,1,24,2,30,0,0,0,-2.3000000000000003,-1.6,936,94.87,11,1.2000000000000002,0.16,0,0,0
2017,1,24,3,30,0,0,0,-2.5,-1.9000000000000001,936,95.58,18,1.3,0.16,0,0,0
2017,1,24,4,30,0,0,0,-2.6,-2.2,936,96.88,22,1.3,0.16,0,0,0
2017,1,24,5,30,0,0,0,-2.7,-2.4000000000000004,936,98.15,22,1.3,0.16,0,0,0
2017,1,24,6,30,0,0,0,-2.6,-2.6,936,99.81,22,1.3,0.16,0,0,0
2017,1,24,7,30,0,0,0,-2.6,-2.5,937,99.57000000000001,21,1.3,0.16,0,0,0
2017,1,24,8,30,0,0,0,-2.4000000000000004,-0.6000000000000001,937,87.43,20,1.7000000000000002,0.16,0,0,0
2017,1,24,9,30,567,46,146,-1.5,2.3000000000000003,938,76.21000000000001,17,2.1,0.16,46,567,146
2017,1,24,10,30,763,66,314,-0.8,5,938,66.21000000000001,186,2.3000000000000003,0.16,66,763,314
2017,1,24,11,30,853,76,452,-0.9,7.7,938,54.410000000000004,352,2.8000000000000003,0.16,76,853,452
2017,1,24,12,30,894,82,539,-1.5,9.3,938,46.72,344,3.1,0.16,82,894,539
2017,1,24,13,30,909,82,567,-1.4000000000000001,10.100000000000001,937,44.62,340,3.1,0.16,82,909,567
2017,1,24,14,30,890,81,531,-1.3,10.4,937,44.13,336,3.1,0.16,81,890,531
2017,1,24,15,30,839,76,436,-1.2000000000000002,10.100000000000001,937,45.28,332,2.8000000000000003,0.16,76,839,436
2017,1,24,16,30,741,65,293,-1,8.3,937,52.06,327,1.8,0.16,65,741,293
2017,1,24,17,30,514,44,123,1.3,5.2,937,75.98,320,1.2000000000000002,0.16,44,514,123
2017,1,24,18,30,0,0,0,-0.8,3.4000000000000004,938,73.73,312,1.3,0.16,0,0,0
2017,1,24,19,30,0,0,0,-1.4000000000000001,2.6,938,74.93,306,1.4000000000000001,0.16,0,0,0
2017,1,24,20,30,0,0,0,-1.8,2,938,76.13,301,1.4000000000000001,0.16,0,0,0
2017,1,24,21,30,0,0,0,-2.1,1.3,938,78.35000000000001,298,1.4000000000000001,0.16,0,0,0
2017,1,24,22,30,0,0,0,-2.3000000000000003,0.6000000000000001,938,81.12,299,1.4000000000000001,0.16,0,0,0
2017,1,24,23,30,0,0,0,-2.4000000000000004,0.1,938,83.14,302,1.3,0.16,0,0,0
2017,1,25,0,30,0,0,0,-2.5,-0.2,938,84.28,303,1.3,0.16,0,0,0
2017,1,25,1,30,0,0,0,-2.6,-0.7000000000000001,937,86.89,304,1.2000000000000002,0.16,0,0,0
2017,1,25,2,30,0,0,0,-2.6,-1,937,88.75,301,1.2000000000000002,0.16,0,0,0
2017,1,25,3,30,0,0,0,-2.6,-1.2000000000000002,937,90.28,292,1.1,0.16,0,0,0
2017,1,25,4,30,0,0,0,-2.5,-1.3,937,91.43,276,1,0.16,0,0,0
2017,1,25,5,30,0,0,0,-2.4000000000000004,-1.4000000000000001,936,92.63,248,1,0.16,0,0,0
2017,1,25,6,30,0,0,0,-2.3000000000000003,-1.7000000000000002,936,95.43,219,1,0.16,0,0,0
2017,1,25,7,30,0,0,0,-2.2,-2,936,98.25,201,1,0.16,0,0,0
2017,1,25,8,30,0,0,0,-2.1,-0.4,936,88.24,197,1.5,0.16,0,0,0
2017,1,25,9,30,656,43,160,-1.3,2.4000000000000004,936,76.53,200,2.1,0.16,43,656,160
2017,1,25,10,30,839,59,335,-0.7000000000000001,5.300000000000001,936,65.21000000000001,223,2.6,0.16,59,839,335
2017,1,25,11,30,921,68,477,-1.1,7.9,936,52.96,246,3.1,0.16,68,921,477
2017,1,25,12,30,958,73,566,-1.6,9.3,935,46.44,254,3.5,0.16,73,958,566
2017,1,25,13,30,965,76,593,-1.9000000000000001,10,934,43.49,259,3.7,0.16,76,965,593
2017,1,25,14,30,940,74,552,-2.1,10.3,934,41.84,263,3.6,0.16,74,940,552
2017,1,25,15,30,897,69,457,-2.3000000000000003,9.9,933,42.300000000000004,266,3.3000000000000003,0.16,69,897,457
2017,1,25,16,30,804,60,311,-2.3000000000000003,7.9,933,48.4,268,2.2,0.16,60,804,311
2017,1,25,17,30,594,41,136,-0.1,4.4,933,72.66,269,1.4000000000000001,0.16,41,594,136
2017,1,25,18,30,0,0,0,-1.8,2,933,75.91,271,1.4000000000000001,0.16,0,0,0
2017,1,25,19,30,0,0,0,-2.3000000000000003,1.1,934,78.09,273,1.4000000000000001,0.16,0,0,0
2017,1,25,20,30,0,0,0,-2.6,0.5,934,79.98,274,1.3,0.16,0,0,0
2017,1,25,21,30,0,0,0,-2.6,0.1,934,82.18,272,1.3,0.16,0,0,0
2017,1,25,22,30,0,0,0,-2.5,-0.30000000000000004,933,85.3,266,1.3,0.16,0,0,0
2017,1,25,23,30,0,0,0,-2.3000000000000003,-0.8,933,89.36,253,1.2000000000000002,0.16,0,0,0
2017,1,26,0,30,0,0,0,-2.2,-1,933,91.59,245,1.2000000000000002,0.16,0,0,0
2017,1,26,1,30,0,0,0,-2.1,-1.7000000000000002,933,97.32000000000001,227,1.2000000000000002,0.16,0,0,0
2017,1,26,2,30,0,0,0,-2,-1.9000000000000001,932,99.61,219,1.2000000000000002,0.16,0,0,0
2017,1,26,3,30,0,0,0,-2,-2,932,100,211,1.2000000000000002,0.16,0,0,0
2017,1,26,4,30,0,0,0,-2.1,-2.1,931,100,201,1.2000000000000002,0.16,0,0,0
2017,1,26,5,30,0,0,0,-2.1,-2.1,931,100,191,1.1,0.16,0,0,0
2017,1,26,6,30,0,0,0,-1.9000000000000001,-1.9000000000000001,931,100,184,1.1,0.16,0,0,0
2017,1,26,7,30,0,0,0,-1.4000000000000001,-1.4000000000000001,931,100,180,1.2000000000000002,0.16,0,0,0
2017,1,26,8,30,0,0,0,-1,0.2,932,91.54,178,1.8,0.16,0,0,0
2017,1,26,9,30,0,7,7,-0.30000000000000004,2.4000000000000004,932,82.08,178,2.3000000000000003,0.16,46,579,151
2017,1,26,10,30,0,22,22,0.2,4.5,932,73.46000000000001,187,2.5,0.16,70,742,316
2017,1,26,11,30,51,186,209,0.5,6.5,931,65.35,197,2.8000000000000003,0.16,78,840,454
2017,1,26,12,30,86,233,278,0.6000000000000001,7.9,931,59.870000000000005,200,3,0.16,82,891,544
2017,1,26,13,30,234,248,374,0.4,8.700000000000001,930,56.13,199,3.1,0.16,84,901,571
2017,1,26,14,30,163,237,320,0.30000000000000004,8.8,929,55.33,196,2.9000000000000004,0.16,82,888,536
2017,1,26,15,30,246,187,295,0.4,8.3,928,57.39,192,2.4000000000000004,0.16,75,844,443
2017,1,26,16,30,212,128,195,1.6,6.9,928,68.82000000000001,187,1.4000000000000001,0.16,68,732,300
2017,1,26,17,30,215,58,93,2.2,5,928,81.93,180,1.1,0.16,46,523,131
2017,1,26,18,30,0,0,0,0.7000000000000001,3.6,927,81.11,171,1.2000000000000002,0.16,0,0,0
2017,1,26,19,30,0,0,0,0,2.7,927,82.23,164,1.4000000000000001,0.16,0,0,0
2017,1,26,20,30,0,0,0,-0.5,2.4000000000000004,927,81.10000000000001,162,1.7000000000000002,0.16,0,0,0
2017,1,26,21,30,0,0,0,-0.6000000000000001,2.7,927,79.13,158,2.2,0.16,0,0,0
2017,1,26,22,30,0,0,0,0,3.1,926,79.83,150,2.9000000000000004,0.16,0,0,0
2017,1,26,23,30,0,0,0,0.8,3.1,925,84.71000000000001,148,3.8000000000000003,0.16,0,0,0
2017,1,27,0,30,0,0,0,1.6,3.1,925,89.94,150,4.2,0.16,0,0,0
2017,1,27,1,30,0,0,0,2.4000000000000004,3.8000000000000003,924,90.43,178,4.9,0.17,0,0,0
2017,1,27,2,30,0,0,0,3.2,4.5,923,91.29,194,5,0.17,0,0,0
2017,1,27,3,30,0,0,0,4,5,923,93.46000000000001,211,4.800000000000001,0.17,0,0,0
2017,1,27,4,30,0,0,0,4.800000000000001,5.300000000000001,924,96.85000000000001,228,4.6000000000000005,0.17,0,0,0
2017,1,27,5,30,0,0,0,5.4,5.5,924,99.04,239,4.3,0.17,0,0,0
2017,1,27,6,30,0,0,0,5.300000000000001,5.300000000000001,925,100,239,4.1000000000000005,0.17,0,0,0
2017,1,27,7,30,0,0,0,4.9,4.9,925,100,223,3.6,0.17,0,0,0
2017,1,27,8,30,0,0,0,4.6000000000000005,4.9,925,97.8,192,3.2,0.17,0,0,0
2017,1,27,9,30,0,8,8,4.7,5.1000000000000005,924,97.27,173,3.7,0.17,49,554,150
2017,1,27,10,30,0,15,15,4.800000000000001,5.2,924,97.16,190,4.4,0.17,66,754,318
2017,1,27,11,30,0,23,23,4.5,5.2,924,95.17,232,4.7,0.17,77,838,454
2017,1,27,12,30,0,29,29,4.7,5.6000000000000005,924,93.98,264,5.1000000000000005,0.17,91,862,540
2017,1,27,13,30,0,32,32,4.3,5.800000000000001,925,89.96000000000001,272,5.5,0.17,97,865,568
2017,1,27,14,30,308,223,382,3.4000000000000004,6,925,83.2,269,5.2,0.17,87,877,539
2017,1,27,15,30,0,35,35,2.7,5.9,926,79.82000000000001,265,4.9,0.17,76,842,446
2017,1,27,16,30,545,87,262,2.3000000000000003,5.1000000000000005,926,82.39,260,4.4,0.17,69,727,302
2017,1,27,17,30,0,56,56,2.8000000000000003,4.2,927,90.37,256,4,0.17,47,509,132
2017,1,27,18,30,0,0,0,3,3.8000000000000003,927,94.55,257,4.3,0.17,0,0,0
2017,1,27,19,30,0,0,0,3.3000000000000003,3.9000000000000004,928,95.95,261,4.7,0.17,0,0,0
2017,1,27,20,30,0,0,0,3.7,4.2,928,96.25,269,5,0.17,0,0,0
2017,1,27,21,30,0,0,0,3.9000000000000004,4.3,929,97.35000000000001,277,5.2,0.17,0,0,0
2017,1,27,22,30,0,0,0,3.9000000000000004,4.1000000000000005,930,98.66,282,5.2,0.17,0,0,0
2017,1,27,23,30,0,0,0,3.6,3.7,931,99.26,283,4.9,0.17,0,0,0
2017,1,28,0,30,0,0,0,3.2,3.5,931,97.59,284,4.800000000000001,0.17,0,0,0
2017,1,28,1,30,0,0,0,2.8000000000000003,2.8000000000000003,932,99.8,281,4.4,0.17,0,0,0
2017,1,28,2,30,0,0,0,2.4000000000000004,2.5,932,99.38,281,4.3,0.17,0,0,0
2017,1,28,3,30,0,0,0,2,2.2,933,98.85000000000001,282,4.2,0.17,0,0,0
2017,1,28,4,30,0,0,0,1.7000000000000002,1.9000000000000001,933,98.46000000000001,286,4,0.17,0,0,0
2017,1,28,5,30,0,0,0,1.4000000000000001,1.7000000000000002,934,98.15,290,3.8000000000000003,0.17,0,0,0
2017,1,28,6,30,0,0,0,1.2000000000000002,1.5,935,98.10000000000001,292,3.6,0.17,0,0,0
2017,1,28,7,30,0,0,0,1.1,1.4000000000000001,935,97.85000000000001,293,3.3000000000000003,0.17,0,0,0
2017,1,28,8,30,0,0,0,1.1,1.6,936,96.37,295,3.3000000000000003,0.17,0,0,0
2017,1,28,9,30,621,47,163,1.3,2.3000000000000003,937,93.21000000000001,298,3.4000000000000004,0.17,47,621,163
2017,1,28,10,30,0,24,24,1.8,3.4000000000000004,937,89.44,300,3.7,0.17,65,798,335
2017,1,28,11,30,879,74,473,2.4000000000000004,4.9,938,83.78,304,3.8000000000000003,0.17,74,879,473
2017,1,28,12,30,543,170,455,2.5,6.4,938,76.15,306,4,0.17,77,925,563
2017,1,28,13,30,509,192,470,2.3000000000000003,7.6000000000000005,938,69.02,307,4,0.17,76,943,593
2017,1,28,14,30,378,211,408,2.1,8.200000000000001,938,65.2,306,3.9000000000000004,0.17,75,927,557
2017,1,28,15,30,405,166,345,1.9000000000000001,8.1,938,64.85,304,3.6,0.17,72,873,460
2017,1,28,16,30,523,92,261,1.9000000000000001,7,938,69.86,302,2.9000000000000004,0.17,63,779,315
2017,1,28,17,30,0,51,51,2.4000000000000004,4.6000000000000005,939,85.78,298,1.8,0.17,45,575,142
2017,1,28,18,30,0,0,0,2.3000000000000003,2.7,939,97.13,295,1.4000000000000001,0.17,0,0,0
2017,1,28,19,30,0,0,0,1.7000000000000002,1.7000000000000002,940,100,295,1.3,0.17,0,0,0
2017,1,28,20,30,0,0,0,0.9,0.9,940,100,296,1.3,0.17,0,0,0
2017,1,28,21,30,0,0,0,0.8,0.8,940,100,292,1.2000000000000002,0.17,0,0,0
2017,1,28,22,30,0,0,0,1.4000000000000001,1.4000000000000001,940,100,278,1.1,0.17,0,0,0
2017,1,28,23,30,0,0,0,2,2,940,100,261,1.2000000000000002,0.17,0,0,0
2017,1,29,0,30,0,0,0,2.3000000000000003,2.3000000000000003,940,100,254,1.3,0.17,0,0,0
2017,1,29,1,30,0,0,0,2.6,2.6,940,100,251,1.2000000000000002,0.16,0,0,0
2017,1,29,2,30,0,0,0,2.7,2.7,940,100,249,1.2000000000000002,0.16,0,0,0
2017,1,29,3,30,0,0,0,2.8000000000000003,2.8000000000000003,940,100,241,1.1,0.16,0,0,0
2017,1,29,4,30,0,0,0,2.9000000000000004,2.9000000000000004,940,99.88,227,1.1,0.16,0,0,0
2017,1,29,5,30,0,0,0,2.9000000000000004,2.9000000000000004,940,99.87,217,1.1,0.16,0,0,0
2017,1,29,6,30,0,0,0,2.9000000000000004,3,940,99.16,204,1.1,0.16,0,0,0
2017,1,29,7,30,0,0,0,2.9000000000000004,3,940,99.27,188,1.2000000000000002,0.16,0,0,0
2017,1,29,8,30,0,0,0,2.9000000000000004,3.4000000000000004,941,96.87,181,1.4000000000000001,0.16,0,0,0
2017,1,29,9,30,0,8,8,3.2,4.2,941,93.43,179,1.5,0.16,57,489,150
2017,1,29,10,30,0,15,15,3.7,5.300000000000001,941,89.73,185,1.6,0.16,82,679,314
2017,1,29,11,30,41,187,205,4.5,6.6000000000000005,941,86.55,215,1.7000000000000002,0.16,93,781,450
2017,1,29,12,30,207,243,353,5.1000000000000005,7.800000000000001,941,83.01,250,1.9000000000000001,0.16,96,836,538
2017,1,29,13,30,0,48,48,5.300000000000001,8.9,940,78.22,266,2.2,0.16,88,874,570
2017,1,29,14,30,0,68,68,5.4,9.9,939,73.65,270,2.3000000000000003,0.16,81,874,539
2017,1,29,15,30,0,85,85,5.5,10.3,939,72.18,275,2.4000000000000004,0.16,71,845,450
2017,1,29,16,30,718,69,305,5.6000000000000005,9.5,939,76.69,278,1.9000000000000001,0.16,69,718,305
2017,1,29,17,30,510,49,137,6.300000000000001,7.6000000000000005,939,91.45,277,1.2000000000000002,0.16,49,510,137
2017,1,29,18,30,0,0,0,5.5,6.1000000000000005,940,96.15,273,1,0.16,0,0,0
2017,1,29,19,30,0,0,0,5.5,5.5,940,100,268,1.1,0.16,0,0,0
2017,1,29,20,30,0,0,0,5,5,940,100,264,1.2000000000000002,0.16,0,0,0
2017,1,29,21,30,0,0,0,4.6000000000000005,4.6000000000000005,940,100,263,1.2000000000000002,0.16,0,0,0
2017,1,29,22,30,0,0,0,4.4,4.4,941,100,267,1.2000000000000002,0.16,0,0,0
2017,1,29,23,30,0,0,0,4.5,4.5,941,100,274,1.2000000000000002,0.16,0,0,0
2017,1,30,0,30,0,0,0,4.6000000000000005,4.6000000000000005,940,100,278,1.2000000000000002,0.16,0,0,0
2017,1,30,1,30,0,0,0,5,5,940,100,284,1.3,0.16,0,0,0
2017,1,30,2,30,0,0,0,5.1000000000000005,5.1000000000000005,940,100,287,1.3,0.16,0,0,0
2017,1,30,3,30,0,0,0,5,5,939,100,289,1.1,0.16,0,0,0
2017,1,30,4,30,0,0,0,4.800000000000001,4.800000000000001,939,100,229,1,0.16,0,0,0
2017,1,30,5,30,0,0,0,4.5,4.5,939,100,160,1,0.16,0,0,0
2017,1,30,6,30,0,0,0,4.3,4.3,939,100,154,1.1,0.16,0,0,0
2017,1,30,7,30,0,0,0,4.4,4.4,939,100,156,1.3,0.16,0,0,0
2017,1,30,8,30,105,11,13,4.6000000000000005,4.9,939,97.64,155,1.7000000000000002,0.16,11,105,13
2017,1,30,9,30,0,53,53,4.800000000000001,5.9,939,92.73,153,1.9000000000000001,0.16,49,567,158
2017,1,30,10,30,7,123,125,5.6000000000000005,7.6000000000000005,939,87.16,155,1.6,0.16,68,742,323
2017,1,30,11,30,13,166,172,7,9.600000000000001,939,83.73,174,1.3,0.16,77,831,460
2017,1,30,12,30,190,247,348,7.800000000000001,11.4,938,78.35000000000001,210,1.5,0.16,82,873,547
2017,1,30,13,30,892,80,576,8.200000000000001,12.9,937,72.93,235,1.8,0.16,80,892,576
2017,1,30,14,30,882,77,543,8.3,13.600000000000001,936,70.21000000000001,242,1.9000000000000001,0.16,77,882,543
2017,1,30,15,30,847,71,454,8.3,13.700000000000001,936,70.04,243,1.8,0.16,71,847,454
2017,1,30,16,30,203,136,204,8.4,13,935,73.60000000000001,243,1.2000000000000002,0.16,61,763,314
2017,1,30,17,30,580,43,146,9.3,11.700000000000001,935,85.23,251,0.6000000000000001,0.16,43,580,146
2017,1,30,18,30,0,0,0,7.800000000000001,10.9,935,81.37,259,0.5,0.16,0,0,0
2017,1,30,19,30,0,0,0,7.7,10.4,935,83.14,248,0.5,0.16,0,0,0
2017,1,30,20,30,0,0,0,7.6000000000000005,9.600000000000001,935,87.48,211,0.5,0.16,0,0,0
2017,1,30,21,30,0,0,0,7.6000000000000005,8.700000000000001,935,92.73,177,0.7000000000000001,0.16,0,0,0
2017,1,30,22,30,0,0,0,7.5,7.7,935,98.79,163,0.9,0.16,0,0,0
2017,1,30,23,30,0,0,0,6.5,6.5,934,100,156,1.1,0.16,0,0,0
2017,1,31,0,30,0,0,0,5.9,5.9,934,100,154,1.2000000000000002,0.16,0,0,0
2017,1,31,1,30,0,0,0,4.5,4.5,933,100,153,1.2000000000000002,0.16,0,0,0
2017,1,31,2,30,0,0,0,3.9000000000000004,3.9000000000000004,933,100,153,1.3,0.16,0,0,0
2017,1,31,3,30,0,0,0,3.7,3.7,932,100,151,1.2000000000000002,0.16,0,0,0
2017,1,31,4,30,0,0,0,3.5,3.5,932,100,147,1.2000000000000002,0.16,0,0,0
2017,1,31,5,30,0,0,0,3.4000000000000004,3.4000000000000004,932,100,142,1.2000000000000002,0.16,0,0,0
2017,1,31,6,30,0,0,0,3.5,3.5,932,100,138,1.2000000000000002,0.16,0,0,0
2017,1,31,7,30,0,0,0,3.9000000000000004,3.9000000000000004,932,100,136,1.3,0.16,0,0,0
2017,1,31,8,30,168,12,15,5.7,5.7,932,100,136,1.7000000000000002,0.16,12,168,15
2017,1,31,9,30,161,74,105,6.300000000000001,8.4,932,86.91,138,2,0.16,45,641,170
2017,1,31,10,30,58,142,162,6.9,11.200000000000001,932,74.91,155,2,0.16,61,816,344
2017,1,31,11,30,387,180,359,6.300000000000001,13.9,932,60.230000000000004,184,2.3000000000000003,0.16,68,898,485
2017,1,31,12,30,519,183,462,3.9000000000000004,15.5,931,45.86,201,2.6,0.16,72,936,575
2017,1,31,13,30,946,74,604,2.7,16.2,931,40.22,203,2.6,0.16,74,946,604
2017,1,31,14,30,496,189,453,2.4000000000000004,16.2,930,39.54,203,2.3000000000000003,0.16,74,929,569
2017,1,31,15,30,635,116,406,2.4000000000000004,15.700000000000001,930,40.87,204,1.9000000000000001,0.16,70,885,474
2017,1,31,16,30,610,82,287,3.7,14.3,930,48.83,209,1.2000000000000002,0.16,62,795,329
2017,1,31,17,30,413,53,128,5.7,12.600000000000001,931,62.63,220,0.8,0.16,44,605,154
2017,1,31,18,30,0,0,0,2.4000000000000004,11.700000000000001,931,52.81,226,0.7000000000000001,0.16,0,0,0
2017,1,31,19,30,0,0,0,1.6,11.200000000000001,931,51.67,229,0.6000000000000001,0.16,0,0,0
2017,1,31,20,30,0,0,0,1.5,10.200000000000001,932,54.61,230,0.7000000000000001,0.16,0,0,0
2017,1,31,21,30,0,0,0,1.5,9.1,932,58.83,231,0.9,0.16,0,0,0
2017,1,31,22,30,0,0,0,1.6,7.7,932,65.13,230,1.1,0.16,0,0,0
2017,1,31,23,30,0,0,0,1.8,6.2,932,73.48,228,1.3,0.16,0,0,0
2017,2,1,0,30,0,0,0,2.2,5.4,933,79.68,227,1.3,0.16,0,0,0
2017,2,1,1,30,0,0,0,2.7,4.3,933,89.19,231,1.3,0.16,0,0,0
2017,2,1,2,30,0,0,0,3.4000000000000004,4.1000000000000005,933,95.42,230,1.2000000000000002,0.16,0,0,0
2017,2,1,3,30,0,0,0,3.9000000000000004,3.9000000000000004,933,100,224,1.1,0.16,0,0,0
2017,2,1,4,30,0,0,0,3.6,3.6,933,100,209,1,0.16,0,0,0
2017,2,1,5,30,0,0,0,3.3000000000000003,3.3000000000000003,933,100,185,1.1,0.16,0,0,0
2017,2,1,6,30,0,0,0,2.9000000000000004,2.9000000000000004,933,100,170,1.2000000000000002,0.16,0,0,0
2017,2,1,7,30,0,0,0,3.1,3.1,934,100,174,1.2000000000000002,0.16,0,0,0
2017,2,1,8,30,0,2,2,3.8000000000000003,5,934,92.01,184,1.7000000000000002,0.16,13,49,14
2017,2,1,9,30,0,21,21,4.4,7.6000000000000005,935,80.12,194,2.5,0.16,62,482,158
2017,2,1,10,30,0,30,30,5.2,9.4,935,74.91,209,3.2,0.16,87,674,324
2017,2,1,11,30,109,209,260,6.5,10.9,935,74.47,224,3.9000000000000004,0.16,99,776,462
2017,2,1,12,30,25,210,224,6.9,11.9,934,71.60000000000001,230,4.2,0.16,100,837,553
2017,2,1,13,30,0,75,75,6.9,12.5,933,68.69,232,4.4,0.16,101,853,582
2017,2,1,14,30,0,90,90,6.800000000000001,12.5,933,68.37,233,4.4,0.16,96,848,551
2017,2,1,15,30,0,37,37,6.7,12,933,69.97,235,4.2,0.16,86,815,461
2017,2,1,16,30,0,42,42,6.7,11,933,74.56,238,3.3000000000000003,0.16,72,732,321
2017,2,1,17,30,544,50,151,6.9,9.4,933,84.48,241,2.2,0.16,50,544,151
2017,2,1,18,30,0,0,0,6.9,8,933,92.51,242,1.7000000000000002,0.16,0,0,0
2017,2,1,19,30,0,0,0,6.800000000000001,7.300000000000001,934,96.36,241,1.5,0.16,0,0,0
2017,2,1,20,30,0,0,0,6.7,6.800000000000001,934,99.46000000000001,241,1.4000000000000001,0.16,0,0,0
2017,2,1,21,30,0,0,0,6.6000000000000005,6.6000000000000005,934,100,237,1.4000000000000001,0.16,0,0,0
2017,2,1,22,30,0,0,0,6.7,6.7,933,99.8,230,1.6,0.16,0,0,0
2017,2,1,23,30,0,0,0,6.7,6.9,933,98.97,224,2,0.16,0,0,0
2017,2,2,0,30,0,0,0,6.800000000000001,7,933,98.74000000000001,222,2.2,0.16,0,0,0
2017,2,2,1,30,0,0,0,6.800000000000001,6.800000000000001,932,100,217,2.6,0.16,0,0,0
2017,2,2,2,30,0,0,0,6.7,6.7,932,100,216,2.9000000000000004,0.16,0,0,0
2017,2,2,3,30,0,0,0,6.7,6.7,932,100,216,3.3000000000000003,0.16,0,0,0
2017,2,2,4,30,0,0,0,6.7,6.7,931,100,212,3.5,0.16,0,0,0
2017,2,2,5,30,0,0,0,6.6000000000000005,6.7,931,99.33,205,3.6,0.16,0,0,0
2017,2,2,6,30,0,0,0,6.6000000000000005,6.7,931,99.25,202,3.8000000000000003,0.16,0,0,0
2017,2,2,7,30,0,0,0,6.6000000000000005,6.800000000000001,931,98.64,203,3.9000000000000004,0.16,0,0,0
2017,2,2,8,30,0,2,2,6.7,7.1000000000000005,931,97.10000000000001,209,4.1000000000000005,0.16,14,95,16
2017,2,2,9,30,0,9,9,6.9,7.5,932,96.24000000000001,216,4.6000000000000005,0.16,54,551,165
2017,2,2,10,30,0,16,16,7.4,8.200000000000001,932,94.81,219,5.1000000000000005,0.16,76,728,334
2017,2,2,11,30,0,21,21,8,9,932,93.25,219,5.4,0.16,87,822,475
2017,2,2,12,30,0,100,100,8.5,9.8,931,91.52,222,5.800000000000001,0.16,90,871,565
2017,2,2,13,30,37,234,255,9,10.600000000000001,931,89.96000000000001,228,6,0.16,93,881,594
2017,2,2,14,30,0,148,148,9.5,11.4,930,88.09,234,6.2,0.16,91,863,558
2017,2,2,15,30,0,143,143,9.8,11.9,930,86.88,240,6,0.16,81,830,467
2017,2,2,16,30,760,67,329,10,11.600000000000001,931,89.72,250,5.300000000000001,0.16,67,760,329
2017,2,2,17,30,0,12,12,9.700000000000001,10.3,932,96.18,264,4.4,0.16,46,599,159
2017,2,2,18,30,0,0,0,8.5,8.5,933,100,277,3.4000000000000004,0.16,0,0,0
2017,2,2,19,30,0,0,0,7,7,934,100,283,2.5,0.16,0,0,0
2017,2,2,20,30,0,0,0,5.9,5.9,934,100,283,1.9000000000000001,0.16,0,0,0
2017,2,2,21,30,0,0,0,5.300000000000001,5.300000000000001,935,100,279,1.8,0.16,0,0,0
2017,2,2,22,30,0,0,0,5.1000000000000005,5.1000000000000005,935,100,269,1.9000000000000001,0.16,0,0,0
2017,2,2,23,30,0,0,0,5,5,935,100,256,2.2,0.16,0,0,0
2017,2,3,0,30,0,0,0,5,5,935,100,249,2.3000000000000003,0.16,0,0,0
2017,2,3,1,30,0,0,0,4.9,4.9,934,100,236,2.6,0.16,0,0,0
2017,2,3,2,30,0,0,0,4.9,4.9,934,100,230,3,0.16,0,0,0
2017,2,3,3,30,0,0,0,4.9,4.9,934,99.83,226,3.5,0.16,0,0,0
2017,2,3,4,30,0,0,0,4.800000000000001,4.9,934,99.37,223,3.7,0.16,0,0,0
2017,2,3,5,30,0,0,0,4.800000000000001,5,934,98.64,218,3.8000000000000003,0.16,0,0,0
2017,2,3,6,30,0,0,0,5,5.4,934,97.25,221,4.1000000000000005,0.16,0,0,0
2017,2,3,7,30,0,0,0,5.4,5.800000000000001,934,97.3,228,4.7,0.16,0,0,0
2017,2,3,8,30,0,4,4,5.9,6.5,934,95.67,231,5.4,0.16,13,8,13
2017,2,3,9,30,0,8,8,6.5,7.4,935,94.18,234,6,0.16,78,378,155
2017,2,3,10,30,0,107,107,7.2,8.8,935,89.48,240,6.7,0.16,105,610,324
2017,2,3,11,30,4,157,159,6.9,10.200000000000001,935,80.16,246,7.1000000000000005,0.16,112,746,467
2017,2,3,12,30,0,93,93,6.300000000000001,11.200000000000001,935,72.02,249,7,0.16,108,826,561
2017,2,3,13,30,0,99,99,6.2,11.700000000000001,934,69.09,249,6.7,0.16,112,834,589
2017,2,3,14,30,5,174,177,6.300000000000001,11.8,934,68.84,247,6.300000000000001,0.16,107,825,557
2017,2,3,15,30,95,208,253,6.300000000000001,11.4,934,71.04,243,5.9,0.16,101,775,464
2017,2,3,16,30,0,72,72,6.5,10.700000000000001,934,75.16,238,5.2,0.16,88,665,320
2017,2,3,17,30,0,8,8,6.6000000000000005,9.700000000000001,934,81.21000000000001,234,4.6000000000000005,0.16,62,463,151
2017,2,3,18,30,0,0,0,6.7,8.8,934,86.54,232,4.3,0.16,0,0,0
2017,2,3,19,30,0,0,0,6.7,8.3,935,89.88,230,4.4,0.16,0,0,0
2017,2,3,20,30,0,0,0,6.9,7.800000000000001,935,93.79,229,4.5,0.16,0,0,0
2017,2,3,21,30,0,0,0,7.1000000000000005,7.4,935,97.66,231,4.7,0.16,0,0,0
2017,2,3,22,30,0,0,0,7.2,7.4,935,98.89,232,5.1000000000000005,0.16,0,0,0
2017,2,3,23,30,0,0,0,7.4,7.5,934,99.28,232,5.300000000000001,0.16,0,0,0
2017,2,4,0,30,0,0,0,7.5,7.6000000000000005,934,99.49000000000001,231,5.4,0.16,0,0,0
2017,2,4,1,30,0,0,0,7.6000000000000005,7.800000000000001,934,98.63,235,5.7,0.16,0,0,0
2017,2,4,2,30,0,0,0,7.6000000000000005,7.800000000000001,934,98.61,240,5.9,0.16,0,0,0
2017,2,4,3,30,0,0,0,7.6000000000000005,7.800000000000001,934,98.31,242,5.9,0.16,0,0,0
2017,2,4,4,30,0,0,0,7.4,7.6000000000000005,934,98.88,241,5.7,0.16,0,0,0
2017,2,4,5,30,0,0,0,7.300000000000001,7.5,934,98.65,239,5.5,0.16,0,0,0
2017,2,4,6,30,0,0,0,7.2,7.5,934,98.24000000000001,237,5.300000000000001,0.16,0,0,0
2017,2,4,7,30,0,0,0,7.300000000000001,7.5,934,98.37,233,5.1000000000000005,0.16,0,0,0
2017,2,4,8,30,100,16,19,7.300000000000001,7.7,935,97.57000000000001,230,5,0.16,16,100,19
2017,2,4,9,30,0,12,12,7.6000000000000005,8.200000000000001,935,95.89,227,5.2,0.16,57,551,171
2017,2,4,10,30,0,14,14,7.9,8.9,935,93.74,229,5.6000000000000005,0.16,79,720,340
2017,2,4,11,30,0,28,28,8.200000000000001,9.8,935,89.92,234,6.300000000000001,0.16,93,798,476
2017,2,4,12,30,11,191,197,8.3,10.700000000000001,935,85.16,239,6.9,0.16,95,851,566
2017,2,4,13,30,11,198,205,8.3,11.600000000000001,934,80.33,240,7.1000000000000005,0.16,104,846,592
2017,2,4,14,30,0,47,47,8.5,12.100000000000001,933,78.47,239,7.2,0.16,99,839,560
2017,2,4,15,30,0,58,58,8.700000000000001,12.100000000000001,933,79.76,236,6.800000000000001,0.16,89,803,469
2017,2,4,16,30,715,77,330,9,11.600000000000001,933,84.28,232,6.1000000000000005,0.16,77,715,330
2017,2,4,17,30,0,17,17,9.5,10.8,933,91.73,229,5.7,0.16,54,537,160
2017,2,4,18,30,0,2,2,9.600000000000001,10.200000000000001,933,96.29,231,5.800000000000001,0.16,12,85,14
2017,2,4,19,30,0,0,0,9.600000000000001,9.9,933,98.05,233,5.800000000000001,0.16,0,0,0
2017,2,4,20,30,0,0,0,9.5,9.700000000000001,933,98.91,234,5.7,0.16,0,0,0
2017,2,4,21,30,0,0,0,9.5,9.700000000000001,933,98.91,239,5.7,0.16,0,0,0
2017,2,4,22,30,0,0,0,9.600000000000001,9.8,933,98.59,244,5.9,0.16,0,0,0
2017,2,4,23,30,0,0,0,9.600000000000001,9.600000000000001,933,99.76,247,6,0.16,0,0,0
2017,2,5,0,30,0,0,0,9.200000000000001,9.5,932,98.2,248,6.1000000000000005,0.16,0,0,0
2017,2,5,1,30,0,0,0,8.700000000000001,8.9,932,98.81,250,6.5,0.16,0,0,0
2017,2,5,2,30,0,0,0,8.5,8.700000000000001,932,98.45,248,6.7,0.16,0,0,0
2017,2,5,3,30,0,0,0,8.4,8.700000000000001,931,97.8,245,7,0.16,0,0,0
2017,2,5,4,30,0,0,0,8.4,8.8,931,97.37,246,7.300000000000001,0.16,0,0,0
2017,2,5,5,30,0,0,0,8.6,9,931,97.34,254,7.6000000000000005,0.16,0,0,0
2017,2,5,6,30,0,0,0,8.5,8.6,932,99.38,268,7.800000000000001,0.16,0,0,0
2017,2,5,7,30,0,0,0,7.1000000000000005,7.5,933,97.34,278,7.6000000000000005,0.16,0,0,0
2017,2,5,8,30,0,2,2,5.6000000000000005,6.9,934,91.71000000000001,283,7.300000000000001,0.16,16,215,24
2017,2,5,9,30,638,51,187,5.2,7.5,935,85.21000000000001,286,7.5,0.16,51,638,187
2017,2,5,10,30,0,27,27,4.4,8.5,936,75.35000000000001,290,7.800000000000001,0.16,68,810,364
2017,2,5,11,30,55,205,232,2.8000000000000003,9.4,936,63.28,292,8,0.16,75,897,509
2017,2,5,12,30,938,78,600,1.6,9.9,936,56.14,292,8.1,0.16,78,938,600
2017,2,5,13,30,953,75,629,0.7000000000000001,10,936,52.47,292,8.1,0.16,75,953,629
2017,2,5,14,30,421,219,452,0.5,9.8,937,52.4,293,7.9,0.16,75,938,594
2017,2,5,15,30,440,175,385,0.7000000000000001,9.4,937,54.4,294,7.5,0.16,70,902,500
2017,2,5,16,30,34,140,152,0.8,8.6,938,58,296,6.7,0.16,64,811,353
2017,2,5,17,30,323,66,131,1,7.2,939,64.77,295,5.2,0.16,47,640,175
2017,2,5,18,30,158,13,17,1.4000000000000001,5.6000000000000005,940,74.56,292,3.9000000000000004,0.16,13,158,17
2017,2,5,19,30,0,0,0,1.8,4.5,941,82.47,288,3.3000000000000003,0.16,0,0,0
2017,2,5,20,30,0,0,0,2,3.6,941,89.08,282,2.8000000000000003,0.16,0,0,0
2017,2,5,21,30,0,0,0,2.2,2.9000000000000004,942,94.92,281,2.5,0.16,0,0,0
2017,2,5,22,30,0,0,0,2.3000000000000003,2.3000000000000003,942,100,283,2.3000000000000003,0.16,0,0,0
2017,2,5,23,30,0,0,0,2,2,942,100,286,2.4000000000000004,0.16,0,0,0
2017,2,6,0,30,0,0,0,2,2,942,100,287,2.6,0.16,0,0,0
2017,2,6,1,30,0,0,0,2.3000000000000003,2.3000000000000003,942,100,291,3.2,0.16,0,0,0
2017,2,6,2,30,0,0,0,2.1,2.1,942,100,293,3.1,0.16,0,0,0
2017,2,6,3,30,0,0,0,1.9000000000000001,2,942,99.2,293,2.7,0.16,0,0,0
2017,2,6,4,30,0,0,0,1.7000000000000002,2,942,97.59,299,2.6,0.16,0,0,0
2017,2,6,5,30,0,0,0,1.6,2,942,97.10000000000001,305,2.5,0.16,0,0,0
2017,2,6,6,30,0,0,0,1.6,2,942,96.98,308,2.3000000000000003,0.16,0,0,0
2017,2,6,7,30,0,0,0,1.5,2.1,942,95.87,305,2.2,0.16,0,0,0
2017,2,6,8,30,174,17,24,1.5,2.6,942,92.60000000000001,298,2.3000000000000003,0.16,17,174,24
2017,2,6,9,30,611,54,185,1.8,4.1000000000000005,943,84.84,291,2.5,0.16,54,611,185
2017,2,6,10,30,35,145,158,2.2,6.7,943,73.19,288,2.9000000000000004,0.16,70,790,362
2017,2,6,11,30,198,219,316,3,9.8,943,62.71,295,3.6,0.16,78,877,506
2017,2,6,12,30,477,208,475,4,12.3,942,57.09,303,4.4,0.16,82,913,594
2017,2,6,13,30,454,228,494,4.9,13.700000000000001,942,55.34,304,4.9,0.16,86,917,622
2017,2,6,14,30,591,168,497,5.300000000000001,14.200000000000001,941,54.910000000000004,303,5.1000000000000005,0.16,81,912,590
2017,2,6,15,30,881,73,497,5.2,13.9,941,55.93,302,5.1000000000000005,0.16,73,881,497
2017,2,6,16,30,811,62,355,4.800000000000001,12.700000000000001,941,58.83,300,4.6000000000000005,0.16,62,811,355
2017,2,6,17,30,655,44,179,4.4,10,941,68.35000000000001,296,3.3000000000000003,0.16,44,655,179
2017,2,6,18,30,215,13,19,4.2,7.4,942,80.29,292,2.6,0.16,13,215,19
2017,2,6,19,30,0,0,0,3.9000000000000004,6.1000000000000005,942,85.60000000000001,291,2.6,0.16,0,0,0
2017,2,6,20,30,0,0,0,3.9000000000000004,5.2,942,91.47,292,2.5,0.16,0,0,0
2017,2,6,21,30,0,0,0,4.3,4.4,942,99.64,292,2.3000000000000003,0.16,0,0,0
2017,2,6,22,30,0,0,0,4.1000000000000005,4.1000000000000005,942,100,291,2.2,0.16,0,0,0
2017,2,6,23,30,0,0,0,4.4,4.4,942,100,290,2.4000000000000004,0.16,0,0,0
2017,2,7,0,30,0,0,0,4.7,4.7,941,100,290,2.6,0.16,0,0,0
2017,2,7,1,30,0,0,0,5,5,941,100,289,2.4000000000000004,0.16,0,0,0
2017,2,7,2,30,0,0,0,4.9,4.9,941,99.79,284,2.3000000000000003,0.16,0,0,0
2017,2,7,3,30,0,0,0,4.7,4.800000000000001,940,99.53,280,2.2,0.16,0,0,0
2017,2,7,4,30,0,0,0,4.5,4.6000000000000005,940,99.45,281,2.1,0.16,0,0,0
2017,2,7,5,30,0,0,0,4.3,4.5,940,98.67,281,1.9000000000000001,0.16,0,0,0
2017,2,7,6,30,0,0,0,4.2,4.5,940,97.71000000000001,279,1.8,0.16,0,0,0
2017,2,7,7,30,0,0,0,4.2,4.6000000000000005,940,97.05,274,1.8,0.16,0,0,0
2017,2,7,8,30,0,2,2,4.3,5.1000000000000005,940,94.68,272,1.9000000000000001,0.16,18,181,26
2017,2,7,9,30,0,12,12,4.800000000000001,6.2,940,90.72,275,2.2,0.16,54,600,185
2017,2,7,10,30,0,26,26,5.7,7.6000000000000005,940,87.73,276,2.7,0.16,74,753,356
2017,2,7,11,30,73,215,251,6.5,9.4,940,82.32000000000001,278,3.3000000000000003,0.16,87,823,492
2017,2,7,12,30,33,228,247,7.4,11.100000000000001,939,78.21000000000001,283,3.9000000000000004,0.16,93,863,581
2017,2,7,13,30,0,155,155,7.800000000000001,11.9,939,75.86,284,4.4,0.16,91,880,610
2017,2,7,14,30,869,89,578,7.800000000000001,11.9,938,76.19,283,4.5,0.16,89,869,578
2017,2,7,15,30,76,213,250,8,11.5,938,79.12,281,4.2,0.16,84,829,487
2017,2,7,16,30,0,26,26,8.4,11,938,84.04,276,3.4000000000000004,0.16,82,714,342
2017,2,7,17,30,0,12,12,8.9,10.3,938,90.99,275,2.9000000000000004,0.16,60,532,171
2017,2,7,18,30,0,6,6,9,9.5,938,96.49000000000001,280,3.2,0.16,15,130,19
2017,2,7,19,30,0,0,0,8.8,8.8,938,100,289,3.5,0.16,0,0,0
2017,2,7,20,30,0,0,0,7.7,7.7,938,100,299,3.6,0.16,0,0,0
2017,2,7,21,30,0,0,0,6.300000000000001,6.300000000000001,939,100,305,3.2,0.16,0,0,0
2017,2,7,22,30,0,0,0,4.9,4.9,939,100,310,2.7,0.16,0,0,0
2017,2,7,23,30,0,0,0,3.6,3.6,939,100,315,2.3000000000000003,0.16,0,0,0
2017,2,8,0,30,0,0,0,2.9000000000000004,2.9000000000000004,939,100,316,2,0.16,0,0,0
2017,2,8,1,30,0,0,0,2.1,2.1,939,100,323,2,0.16,0,0,0
2017,2,8,2,30,0,0,0,1.5,1.5,939,100,332,2,0.16,0,0,0
2017,2,8,3,30,0,0,0,0.9,0.9,940,100,339,2,0.16,0,0,0
2017,2,8,4,30,0,0,0,0.4,0.4,940,100,344,2.1,0.16,0,0,0
2017,2,8,5,30,0,0,0,-0.2,-0.2,940,100,347,2.1,0.16,0,0,0
2017,2,8,6,30,0,0,0,-0.8,-0.8,940,100,350,2,0.16,0,0,0
2017,2,8,7,30,0,0,0,-0.8,-0.6000000000000001,941,98.51,351,2.2,0.16,0,0,0
2017,2,8,8,30,330,17,32,-1,1.3,941,84.62,354,3,0.16,17,330,32
2017,2,8,9,30,727,45,208,-0.7000000000000001,4.1000000000000005,941,70.77,180,4.4,0.16,45,727,208
2017,2,8,10,30,876,59,390,-1.8,6.2,942,56.620000000000005,6,5.5,0.16,59,876,390
2017,2,8,11,30,956,67,541,-2.7,7.6000000000000005,942,48.19,8,5.9,0.16,67,956,541
2017,2,8,12,30,989,71,635,-3.3000000000000003,8.6,941,42.95,8,5.9,0.16,71,989,635
2017,2,8,13,30,1003,70,666,-3.7,9.200000000000001,940,39.94,6,5.7,0.16,70,1003,666
2017,2,8,14,30,991,70,631,-3.9000000000000004,9.4,940,38.95,3,5.5,0.16,70,991,631
2017,2,8,15,30,946,66,530,-3.9000000000000004,9.200000000000001,940,39.47,2,5,0.16,66,946,530
2017,2,8,16,30,873,58,381,-3.8000000000000003,8.200000000000001,940,42.660000000000004,3,3.9000000000000004,0.16,58,873,381
2017,2,8,17,30,714,45,197,-2.7,5.4,940,56.120000000000005,5,2.2,0.16,45,714,197
2017,2,8,18,30,0,2,2,-1.4000000000000001,2.9000000000000004,940,73.55,8,1.3,0.16,15,268,24
2017,2,8,19,30,0,0,0,-1.7000000000000002,2.1,940,75.8,10,1.2000000000000002,0.16,0,0,0
2017,2,8,20,30,0,0,0,-2.3000000000000003,1.5,940,75.68,8,1.2000000000000002,0.16,0,0,0
2017,2,8,21,30,0,0,0,-2.9000000000000004,0.9,940,75.85000000000001,6,1.2000000000000002,0.16,0,0,0
2017,2,8,22,30,0,0,0,-3.3000000000000003,0.4,940,76.28,3,1.2000000000000002,0.16,0,0,0
2017,2,8,23,30,0,0,0,-3.8000000000000003,0,940,75.76,2,1.2000000000000002,0.16,0,0,0
2017,2,9,0,30,0,0,0,-4.1000000000000005,-0.1,940,74.41,3,1.2000000000000002,0.16,0,0,0
2017,2,9,1,30,0,0,0,-4.3,-0.1,939,73.43,19,1,0.16,0,0,0
2017,2,9,2,30,0,0,0,-4.3,0.1,939,72.05,41,0.9,0.16,0,0,0
2017,2,9,3,30,0,0,0,-4.4,0.2,938,71.44,64,0.8,0.16,0,0,0
2017,2,9,4,30,0,0,0,-4.3,0.2,938,72,80,0.7000000000000001,0.16,0,0,0
2017,2,9,5,30,0,0,0,-4,0,937,74.66,90,0.8,0.16,0,0,0
2017,2,9,6,30,0,0,0,-3.8000000000000003,-0.2,937,76.48,96,0.8,0.16,0,0,0
2017,2,9,7,30,0,0,0,-4,-0.30000000000000004,937,76.25,100,0.9,0.16,0,0,0
2017,2,9,8,30,0,8,8,-3.4000000000000004,1.3,937,71.17,106,1.2000000000000002,0.16,18,356,35
2017,2,9,9,30,0,9,9,-2.5,4.1000000000000005,937,62.34,113,1.6,0.16,45,752,216
2017,2,9,10,30,109,163,205,-2.7,6.9,936,50.47,127,1.4000000000000001,0.16,60,891,400
2017,2,9,11,30,105,226,279,-3.1,9.1,936,42.11,146,1.2000000000000002,0.16,70,954,547
2017,2,9,12,30,412,232,469,-2.7,10.3,935,39.96,163,1.3,0.16,76,981,640
2017,2,9,13,30,440,238,501,-2.5,10.9,934,39.04,177,1.5,0.16,81,974,664
2017,2,9,14,30,228,266,396,-2.7,11,933,38.230000000000004,178,1.6,0.16,80,972,635
2017,2,9,15,30,584,144,433,-2.7,10.600000000000001,932,39.2,167,1.6,0.16,73,940,538
2017,2,9,16,30,249,153,246,-2.7,9.4,931,42.63,148,1.2000000000000002,0.16,66,873,392
2017,2,9,17,30,26,80,86,1.6,7,931,68.51,133,1,0.16,50,715,205
2017,2,9,18,30,0,11,11,-0.1,4.9,930,70.16,126,1.2000000000000002,0.16,17,262,27
2017,2,9,19,30,0,0,0,-0.9,4.2,930,69.24,124,1.3,0.16,0,0,0
2017,2,9,20,30,0,0,0,-1.3,4,929,68.4,127,1.4000000000000001,0.16,0,0,0
2017,2,9,21,30,0,0,0,-1.8,3.7,929,67.18,136,1.4000000000000001,0.16,0,0,0
2017,2,9,22,30,0,0,0,-2.4000000000000004,3.2,928,66.65,157,1.4000000000000001,0.16,0,0,0
2017,2,9,23,30,0,0,0,-3.3000000000000003,2.3000000000000003,928,66.49,192,1.4000000000000001,0.16,0,0,0
2017,2,10,0,30,0,0,0,-3.8000000000000003,1.9000000000000001,928,65.72,211,1.4000000000000001,0.16,0,0,0
2017,2,10,1,30,0,0,0,-3.7,0.6000000000000001,927,72.93,235,1.4000000000000001,0.16,0,0,0
2017,2,10,2,30,0,0,0,-3.3000000000000003,0.2,927,77.3,233,1.3,0.16,0,0,0
2017,2,10,3,30,0,0,0,-2.6,0,927,82.39,219,1.3,0.16,0,0,0
2017,2,10,4,30,0,0,0,-1.6,0,927,89.07000000000001,201,1.3,0.16,0,0,0
2017,2,10,5,30,0,0,0,-0.5,0.4,926,93.93,187,1.4000000000000001,0.16,0,0,0
2017,2,10,6,30,0,0,0,0.5,1.2000000000000002,927,94.85000000000001,183,1.5,0.16,0,0,0
2017,2,10,7,30,0,0,0,1,2,927,93.37,184,1.6,0.16,0,0,0
2017,2,10,8,30,0,4,4,1.3,3.1,927,87.93,185,1.8,0.16,23,103,28
2017,2,10,9,30,0,8,8,1.7000000000000002,4.2,928,83.58,185,2.1,0.16,74,497,189
2017,2,10,10,30,0,15,15,2.1,4.9,928,82.03,187,2.2,0.16,101,680,364
2017,2,10,11,30,16,184,192,3,5.7,928,82.78,191,2.2,0.16,114,779,507
2017,2,10,12,30,0,52,52,3.9000000000000004,6.9,928,81,190,2.2,0.16,116,837,600
2017,2,10,13,30,237,284,427,4.2,7.800000000000001,927,77.92,183,2.2,0.16,102,889,638
2017,2,10,14,30,30,230,247,4,8.3,927,74.12,173,2,0.16,95,886,606
2017,2,10,15,30,0,60,60,3.6,8.4,926,71.9,162,1.7000000000000002,0.16,87,848,510
2017,2,10,16,30,0,17,17,3.6,7.800000000000001,926,74.72,147,1,0.16,76,760,363
2017,2,10,17,30,0,9,9,4.7,6.7,926,87.29,123,0.6000000000000001,0.16,58,575,185
2017,2,10,18,30,0,3,3,3.9000000000000004,5.6000000000000005,926,88.75,97,0.7000000000000001,0.16,18,144,24
2017,2,10,19,30,0,0,0,4,4.9,926,93.64,80,1,0.16,0,0,0
2017,2,10,20,30,0,0,0,3.8000000000000003,4.4,926,95.59,78,1.4000000000000001,0.16,0,0,0
2017,2,10,21,30,0,0,0,3.4000000000000004,4.1000000000000005,926,95.12,87,1.7000000000000002,0.16,0,0,0
2017,2,10,22,30,0,0,0,3.2,4,926,94.67,97,1.8,0.16,0,0,0
2017,2,10,23,30,0,0,0,3.2,4,926,94.44,110,2,0.16,0,0,0
2017,2,11,0,30,0,0,0,3.2,4,926,94.5,117,2.1,0.16,0,0,0
2017,2,11,1,30,0,0,0,3.2,4,926,94.38,126,2.6,0.16,0,0,0
2017,2,11,2,30,0,0,0,3.2,4,926,94.3,128,2.6,0.16,0,0,0
2017,2,11,3,30,0,0,0,3.2,3.9000000000000004,925,94.99,124,2.4000000000000004,0.16,0,0,0
2017,2,11,4,30,0,0,0,3.2,3.8000000000000003,925,95.68,114,2.3000000000000003,0.16,0,0,0
2017,2,11,5,30,0,0,0,3.1,3.6,925,96.72,104,2.3000000000000003,0.16,0,0,0
2017,2,11,6,30,0,0,0,3.1,3.5,925,96.9,95,2.5,0.16,0,0,0
2017,2,11,7,30,0,0,0,2.9000000000000004,3.5,925,96.07000000000001,88,2.7,0.16,0,0,0
2017,2,11,8,30,0,4,4,2.9000000000000004,3.7,925,94.47,85,3.3000000000000003,0.16,23,140,31
2017,2,11,9,30,0,10,10,3,4.2,925,92.15,88,3.9000000000000004,0.16,69,525,193
2017,2,11,10,30,0,30,30,3.3000000000000003,5.2,925,87.32000000000001,94,4.3,0.16,101,670,362
2017,2,11,11,30,0,122,122,3.7,6.7,925,81.45,99,4.5,0.16,120,749,502
2017,2,11,12,30,10,194,200,4.1000000000000005,8.4,924,74.59,101,4.6000000000000005,0.16,127,797,592
2017,2,11,13,30,813,129,623,4.4,9.8,923,69.01,102,4.4,0.16,129,813,623
2017,2,11,14,30,112,273,337,4.3,10.700000000000001,922,64.75,103,4,0.16,122,810,592
2017,2,11,15,30,0,131,131,4.2,11,921,62.93,107,3.6,0.16,111,770,499
2017,2,11,16,30,6,133,135,4.2,10.4,921,65.67,111,2.7,0.16,111,619,347
2017,2,11,17,30,0,59,59,5.300000000000001,8.700000000000001,921,79.12,109,1.8,0.16,82,404,173
2017,2,11,18,30,0,10,10,5.1000000000000005,7.5,921,84.57000000000001,106,2.1,0.16,19,36,21
2017,2,11,19,30,0,0,0,4.9,7.2,920,85.26,110,2.8000000000000003,0.16,0,0,0
2017,2,11,20,30,0,0,0,5,6.800000000000001,920,88,113,3.3000000000000003,0.16,0,0,0
2017,2,11,21,30,0,0,0,5.2,6.300000000000001,920,92.54,113,3.6,0.16,0,0,0
2017,2,11,22,30,0,0,0,5.300000000000001,5.7,920,97.27,116,3.7,0.16,0,0,0
2017,2,11,23,30,0,0,0,5.1000000000000005,5.4,919,98.04,121,3.9000000000000004,0.16,0,0,0
2017,2,12,0,30,0,0,0,4.7,5.300000000000001,919,95.85000000000001,124,3.9000000000000004,0.16,0,0,0
2017,2,12,1,30,0,0,0,4.2,4.800000000000001,919,95.94,130,3.7,0.16,0,0,0
2017,2,12,2,30,0,0,0,3.8000000000000003,4.9,919,92.76,126,3.8000000000000003,0.16,0,0,0
2017,2,12,3,30,0,0,0,3.6,5,918,90.95,118,3.8000000000000003,0.16,0,0,0
2017,2,12,4,30,0,0,0,3.7,5.2,918,90,114,3.8000000000000003,0.16,0,0,0
2017,2,12,5,30,0,0,0,3.8000000000000003,5.300000000000001,917,90.19,114,3.7,0.16,0,0,0
2017,2,12,6,30,0,0,0,4.1000000000000005,5.4,918,91.17,119,3.8000000000000003,0.16,0,0,0
2017,2,12,7,30,0,0,0,4.3,5.800000000000001,918,90.27,128,4.1000000000000005,0.16,0,0,0
2017,2,12,8,30,0,4,4,4.7,6.800000000000001,918,86.58,133,4.2,0.16,23,185,34
2017,2,12,9,30,0,9,9,5.5,8.3,919,82.44,137,4.4,0.16,60,592,202
2017,2,12,10,30,0,16,16,6.2,10.3,919,75.69,143,4.800000000000001,0.16,78,758,377
2017,2,12,11,30,0,80,80,6.4,12.4,919,66.62,156,5.1000000000000005,0.16,87,842,520
2017,2,12,12,30,251,274,421,6.2,14,918,59.43,168,5.2,0.16,90,888,612
2017,2,12,13,30,36,253,275,5.800000000000001,14.600000000000001,918,55.61,171,5,0.16,106,862,634
2017,2,12,14,30,425,236,484,5.5,14.4,917,54.93,169,4.4,0.16,102,850,600
2017,2,12,15,30,20,190,200,5.6000000000000005,13.8,917,57.85,164,3.7,0.16,93,817,508
2017,2,12,16,30,0,114,114,6.2,12.9,917,63.660000000000004,157,3.7,0.16,78,741,365
2017,2,12,17,30,0,10,10,6.300000000000001,11.8,916,68.85000000000001,144,4.2,0.16,57,582,190
2017,2,12,18,30,0,4,4,6.300000000000001,11,916,72.55,134,4.9,0.16,19,186,28
2017,2,12,19,30,0,0,0,6.5,10.4,916,76.97,131,5.6000000000000005,0.16,0,0,0
2017,2,12,20,30,0,0,0,7.1000000000000005,10.100000000000001,916,81.47,128,6.2,0.16,0,0,0
2017,2,12,21,30,0,0,0,7.300000000000001,9.700000000000001,916,85.19,125,6.800000000000001,0.16,0,0,0
2017,2,12,22,30,0,0,0,7.1000000000000005,9.4,915,85.57000000000001,126,7.300000000000001,0.16,0,0,0
2017,2,12,23,30,0,0,0,6.5,9.1,915,83.7,130,7.2,0.16,0,0,0
2017,2,13,0,30,0,0,0,5.7,9,915,80.01,133,6.800000000000001,0.16,0,0,0
2017,2,13,1,30,0,0,0,5.1000000000000005,8.700000000000001,914,77.98,133,6,0.16,0,0,0
2017,2,13,2,30,0,0,0,5.1000000000000005,8.5,915,79.25,153,5.800000000000001,0.16,0,0,0
2017,2,13,3,30,0,0,0,6,8.5,915,84.43,182,5.6000000000000005,0.16,0,0,0
2017,2,13,4,30,0,0,0,7.300000000000001,8.6,916,91.34,205,5.4,0.16,0,0,0
2017,2,13,5,30,0,0,0,7.7,8.4,918,95.67,217,5.1000000000000005,0.16,0,0,0
2017,2,13,6,30,0,0,0,7.5,7.9,919,97.5,220,4.3,0.16,0,0,0
2017,2,13,7,30,0,0,0,7.2,7.5,920,98.11,219,3.2,0.16,0,0,0
2017,2,13,8,30,0,4,4,7.2,7.800000000000001,922,96.21000000000001,226,2.9000000000000004,0.16,23,243,38
2017,2,13,9,30,0,9,9,7.5,8.4,923,93.78,239,3.3000000000000003,0.16,57,620,208
2017,2,13,10,30,0,16,16,7.1000000000000005,8.700000000000001,924,89.93,249,3.7,0.16,77,767,383
2017,2,13,11,30,0,45,45,6.800000000000001,9.1,925,85.43,252,3.8000000000000003,0.16,90,841,526
2017,2,13,12,30,0,147,147,6.7,10,925,80.21000000000001,251,4,0.16,94,886,619
2017,2,13,13,30,278,286,458,6.7,10.9,926,75.16,251,4.3,0.16,133,811,633
2017,2,13,14,30,537,199,516,6.300000000000001,11.3,926,71.45,251,4.7,0.16,135,782,596
2017,2,13,15,30,193,234,333,6,11.3,927,69.86,253,4.7,0.16,126,738,504
2017,2,13,16,30,0,63,63,5.7,10.8,928,70.94,255,4,0.16,107,651,361
2017,2,13,17,30,0,61,61,5.800000000000001,9,929,80.36,256,2.6,0.16,74,489,188
2017,2,13,18,30,0,9,9,5.7,7.2,930,90.33,257,1.7000000000000002,0.16,23,109,29
2017,2,13,19,30,0,0,0,5.2,6.5,931,91.65,258,1.6,0.16,0,0,0
2017,2,13,20,30,0,0,0,5.1000000000000005,6.1000000000000005,932,93.03,259,1.6,0.16,0,0,0
2017,2,13,21,30,0,0,0,4.800000000000001,5.6000000000000005,932,94.83,258,1.5,0.16,0,0,0
2017,2,13,22,30,0,0,0,4.7,5.2,933,96.37,256,1.4000000000000001,0.16,0,0,0
2017,2,13,23,30,0,0,0,4.6000000000000005,4.7,933,99.44,253,1.3,0.16,0,0,0
2017,2,14,0,30,0,0,0,4.4,4.4,933,100,251,1.2000000000000002,0.16,0,0,0
2017,2,14,1,30,0,0,0,3.9000000000000004,3.9000000000000004,934,100,246,1,0.18,0,0,0
2017,2,14,2,30,0,0,0,3.8000000000000003,3.8000000000000003,934,100,239,0.9,0.18,0,0,0
2017,2,14,3,30,0,0,0,3.8000000000000003,3.8000000000000003,934,100,215,0.8,0.18,0,0,0
2017,2,14,4,30,0,0,0,3.9000000000000004,3.9000000000000004,934,100,177,0.8,0.18,0,0,0
2017,2,14,5,30,0,0,0,3.8000000000000003,3.8000000000000003,934,100,150,1,0.18,0,0,0
2017,2,14,6,30,0,0,0,3.8000000000000003,3.8000000000000003,935,100,143,1.3,0.18,0,0,0
2017,2,14,7,30,0,0,0,4.1000000000000005,4.1000000000000005,936,100,139,1.8,0.18,0,0,0
2017,2,14,8,30,0,5,5,4.1000000000000005,4.9,937,94.87,135,2.3000000000000003,0.18,25,268,43
2017,2,14,9,30,0,11,11,4.800000000000001,6.4,937,89.35000000000001,136,2.4000000000000004,0.18,58,657,220
2017,2,14,10,30,136,175,229,5.5,8.6,938,80.98,147,2.4000000000000004,0.18,75,811,401
2017,2,14,11,30,318,223,389,5.1000000000000005,10.600000000000001,938,68.66,163,2.2,0.18,80,891,546
2017,2,14,12,30,145,284,371,4.2,11.9,938,59.19,182,2,0.18,82,933,639
2017,2,14,13,30,264,290,454,3.6,12.600000000000001,938,54.35,198,1.8,0.18,78,954,671
2017,2,14,14,30,321,263,454,3.5,13,938,52.45,207,1.6,0.18,76,945,638
2017,2,14,15,30,267,228,366,3.5,13.100000000000001,938,52.18,210,1.3,0.18,71,912,542
2017,2,14,16,30,811,70,390,3.5,12.600000000000001,938,53.730000000000004,191,0.7000000000000001,0.18,70,811,390
2017,2,14,17,30,660,53,209,4.800000000000001,11.100000000000001,938,65.1,111,0.5,0.18,53,660,209
2017,2,14,18,30,263,21,35,3.6,9.1,939,68.3,47,0.9,0.18,21,263,35
2017,2,14,19,30,0,0,0,3,7.4,939,73.5,48,1.2000000000000002,0.18,0,0,0
2017,2,14,20,30,0,0,0,2.8000000000000003,6,940,79.67,50,1.2000000000000002,0.18,0,0,0
2017,2,14,21,30,0,0,0,2.4000000000000004,5.1000000000000005,940,82.92,54,1.3,0.18,0,0,0
2017,2,14,22,30,0,0,0,2.1,4.5,940,84.57000000000001,59,1.3,0.18,0,0,0
2017,2,14,23,30,0,0,0,1.8,4,940,85.88,63,1.3,0.18,0,0,0
2017,2,15,0,30,0,0,0,1.6,3.8000000000000003,940,85.31,65,1.3,0.18,0,0,0
2017,2,15,1,30,0,0,0,1.4000000000000001,3.1,940,88.3,77,1.3,0.19,0,0,0
2017,2,15,2,30,0,0,0,1.3,2.7,940,90.4,89,1.4000000000000001,0.19,0,0,0
2017,2,15,3,30,0,0,0,1.4000000000000001,2.3000000000000003,940,94,98,1.6,0.19,0,0,0
2017,2,15,4,30,0,0,0,1.8,2.1,940,98.01,103,1.8,0.19,0,0,0
2017,2,15,5,30,0,0,0,2,2,941,100,105,2.1,0.19,0,0,0
2017,2,15,6,30,0,0,0,1.9000000000000001,1.9000000000000001,941,100,104,2.4000000000000004,0.19,0,0,0
2017,2,15,7,30,0,0,0,2.7,2.7,942,100,103,3,0.19,0,0,0
2017,2,15,8,30,0,23,23,3.2,4.800000000000001,943,89.25,100,3.7,0.19,25,320,48
2017,2,15,9,30,134,99,133,3.7,7.9,943,74.86,101,4,0.19,54,699,230
2017,2,15,10,30,849,68,415,4,11,943,61.96,106,4.2,0.19,68,849,415
2017,2,15,11,30,303,228,387,3.7,13.3,943,52.24,108,4.2,0.19,76,921,561
2017,2,15,12,30,485,222,514,3.3000000000000003,14.700000000000001,943,46.34,110,4.1000000000000005,0.19,79,956,655
2017,2,15,13,30,582,200,564,3,15.5,942,43.14,112,4,0.19,85,956,684
2017,2,15,14,30,552,197,527,2.9000000000000004,15.8,942,42.050000000000004,115,3.8000000000000003,0.19,81,950,650
2017,2,15,15,30,524,172,446,2.9000000000000004,15.600000000000001,941,42.57,116,3.6,0.19,75,918,554
2017,2,15,16,30,310,158,281,2.9000000000000004,14.4,941,45.88,114,2.8000000000000003,0.19,66,847,405
2017,2,15,17,30,464,68,180,4.7,11.4,941,63.6,109,2,0.19,52,694,220
2017,2,15,18,30,0,21,21,4.3,8.8,942,73.43,105,2.1,0.19,22,295,39
2017,2,15,19,30,0,0,0,3.5,8,943,73.34,106,2.6,0.19,0,0,0
2017,2,15,20,30,0,0,0,3.3000000000000003,7.4,943,75,108,2.9000000000000004,0.19,0,0,0
2017,2,15,21,30,0,0,0,3.4000000000000004,6.7,944,79.65,107,2.9000000000000004,0.19,0,0,0
2017,2,15,22,30,0,0,0,3.9000000000000004,6.1000000000000005,944,85.5,105,2.9000000000000004,0.19,0,0,0
2017,2,15,23,30,0,0,0,4.3,5.7,944,90.79,103,2.8000000000000003,0.19,0,0,0
2017,2,16,0,30,0,0,0,4.6000000000000005,5.5,944,94.12,101,2.8000000000000003,0.19,0,0,0
2017,2,16,1,30,0,0,0,4.6000000000000005,4.6000000000000005,944,100,99,2.5,0.19,0,0,0
2017,2,16,2,30,0,0,0,3.9000000000000004,3.9000000000000004,943,100,98,2.4000000000000004,0.19,0,0,0
2017,2,16,3,30,0,0,0,3.5,3.5,943,100,98,2.3000000000000003,0.19,0,0,0
2017,2,16,4,30,0,0,0,3.3000000000000003,3.3000000000000003,943,100,96,2.3000000000000003,0.19,0,0,0
2017,2,16,5,30,0,0,0,3.3000000000000003,3.3000000000000003,943,100,93,2.4000000000000004,0.19,0,0,0
2017,2,16,6,30,0,0,0,3.3000000000000003,3.3000000000000003,943,100,91,2.5,0.19,0,0,0
2017,2,16,7,30,0,0,0,3.7,3.7,944,100,90,2.6,0.19,0,0,0
2017,2,16,8,30,0,15,15,3.7,5.2,944,90.15,90,3,0.19,27,313,50
2017,2,16,9,30,0,55,55,3.8000000000000003,7.300000000000001,945,78.47,95,3.4000000000000004,0.19,58,688,234
2017,2,16,10,30,233,174,270,3.4000000000000004,9.4,945,66.27,102,3.3000000000000003,0.19,73,838,419
2017,2,16,11,30,397,211,422,2.7,11.3,944,55.27,107,2.9000000000000004,0.19,81,907,564
2017,2,16,12,30,103,284,347,1.9000000000000001,12.8,944,47.63,113,2.6,0.19,85,943,657
2017,2,16,13,30,471,242,539,1.7000000000000002,13.9,943,43.54,121,2.1,0.19,97,922,679
2017,2,16,14,30,628,175,553,1.7000000000000002,14.4,942,42.28,134,1.7000000000000002,0.19,95,909,644
2017,2,16,15,30,540,169,453,1.9000000000000001,14.3,942,43.09,152,1.3,0.19,91,863,545
2017,2,16,16,30,268,165,273,2.4000000000000004,13.4,942,47.19,233,0.8,0.19,85,763,393
2017,2,16,17,30,0,65,65,5.300000000000001,11.600000000000001,942,65.39,321,0.7000000000000001,0.19,66,581,209
2017,2,16,18,30,0,14,14,4.3,9.9,942,67.98,346,1,0.19,26,169,36
2017,2,16,19,30,0,0,0,3.9000000000000004,9,942,70.62,186,1.1,0.19,0,0,0
2017,2,16,20,30,0,0,0,3.7,8.5,943,71.78,48,1.3,0.19,0,0,0
2017,2,16,21,30,0,0,0,3.5,7.800000000000001,943,74.38,94,1.5,0.19,0,0,0
2017,2,16,22,30,0,0,0,3.7,7.1000000000000005,943,79.23,114,1.6,0.19,0,0,0
2017,2,16,23,30,0,0,0,4,6.4,943,84.5,121,1.7000000000000002,0.19,0,0,0
2017,2,17,0,30,0,0,0,4.1000000000000005,6.1000000000000005,943,86.72,123,1.7000000000000002,0.19,0,0,0
2017,2,17,1,30,0,0,0,4,5.1000000000000005,943,92.74,123,1.5,0.18,0,0,0
2017,2,17,2,30,0,0,0,4,4.4,942,97.43,120,1.4000000000000001,0.18,0,0,0
2017,2,17,3,30,0,0,0,3.9000000000000004,3.9000000000000004,942,100,116,1.3,0.18,0,0,0
2017,2,17,4,30,0,0,0,3.5,3.5,942,100,112,1.2000000000000002,0.18,0,0,0
2017,2,17,5,30,0,0,0,3.1,3.1,941,100,108,1.2000000000000002,0.18,0,0,0
2017,2,17,6,30,0,0,0,2.7,2.7,941,100,105,1.2000000000000002,0.18,0,0,0
2017,2,17,7,30,0,0,0,3.3000000000000003,3.3000000000000003,941,100,101,1.4000000000000001,0.18,0,0,0
2017,2,17,8,30,166,32,45,3.9000000000000004,5.4,942,90.25,96,2.1,0.18,32,166,45
2017,2,17,9,30,0,16,16,4.2,8.3,942,75.60000000000001,88,2.4000000000000004,0.18,77,539,218
2017,2,17,10,30,0,66,66,3.9000000000000004,11,942,61.46,77,2,0.18,100,711,396
2017,2,17,11,30,19,199,210,3.7,12.9,941,53.49,56,1.3,0.18,112,797,541
2017,2,17,12,30,149,292,384,3.8000000000000003,14.3,941,49.43,182,0.9,0.18,119,836,630
2017,2,17,13,30,920,91,676,4.1000000000000005,15.200000000000001,940,47.35,317,1,0.18,91,920,676
2017,2,17,14,30,906,90,641,4.3,15.5,940,47.13,313,1.3,0.18,90,906,641
2017,2,17,15,30,868,85,546,4.4,15.200000000000001,939,48.370000000000005,320,1.6,0.18,85,868,546
2017,2,17,16,30,792,76,399,4.5,14.3,939,51.59,330,1.5,0.18,76,792,399
2017,2,17,17,30,646,58,219,5.7,11.9,939,65.95,343,1.2000000000000002,0.18,58,646,219
2017,2,17,18,30,283,24,43,6,9.3,939,80.03,177,1,0.18,24,283,43
2017,2,17,19,30,0,0,0,4.4,8,939,78.24,10,1.1,0.18,0,0,0
2017,2,17,20,30,0,0,0,3.7,7.4,939,77.3,20,1.1,0.18,0,0,0
2017,2,17,21,30,0,0,0,3,7.1000000000000005,939,75.01,26,1.1,0.18,0,0,0
2017,2,17,22,30,0,0,0,2.3000000000000003,6.800000000000001,939,73.24,32,1,0.18,0,0,0
2017,2,17,23,30,0,0,0,1.9000000000000001,6.5,939,72.34,37,0.9,0.18,0,0,0
2017,2,18,0,30,0,0,0,1.6,6.4,939,71.14,40,0.9,0.18,0,0,0
2017,2,18,1,30,0,0,0,1.3,5.9,939,72.47,44,0.7000000000000001,0.18,0,0,0
2017,2,18,2,30,0,0,0,1.2000000000000002,5.5,938,73.89,47,0.6000000000000001,0.18,0,0,0
2017,2,18,3,30,0,0,0,1.2000000000000002,5.2,938,75.38,62,0.5,0.18,0,0,0
2017,2,18,4,30,0,0,0,1.2000000000000002,4.6000000000000005,938,78.67,85,0.6000000000000001,0.18,0,0,0
2017,2,18,5,30,0,0,0,1.2000000000000002,3.9000000000000004,937,82.65,103,0.7000000000000001,0.18,0,0,0
2017,2,18,6,30,0,0,0,1.3,3.1,937,87.68,117,0.8,0.18,0,0,0
2017,2,18,7,30,0,0,0,1.3,3.2,937,87.55,130,0.8,0.18,0,0,0
2017,2,18,8,30,0,26,26,1.8,4.6000000000000005,938,82.27,144,0.9,0.18,28,336,56
2017,2,18,9,30,0,82,82,2.6,7.1000000000000005,938,73.03,171,0.9,0.18,59,680,239
2017,2,18,10,30,265,175,287,3,9.8,938,62.71,236,1,0.18,74,828,423
2017,2,18,11,30,146,251,330,3.1,11.9,937,54.910000000000004,281,1.7000000000000002,0.18,84,893,568
2017,2,18,12,30,572,198,551,3.2,12.8,937,52.2,281,2.1,0.18,91,918,657
2017,2,18,13,30,95,302,363,3.4000000000000004,13.200000000000001,936,51.26,282,2.3000000000000003,0.18,101,909,683
2017,2,18,14,30,3,171,174,3.4000000000000004,13.200000000000001,935,51.5,282,2.4000000000000004,0.18,100,890,645
2017,2,18,15,30,495,188,453,3.5,13,934,52.5,283,2.2,0.18,95,848,548
2017,2,18,16,30,182,178,253,3.7,12.3,933,55.71,285,1.7000000000000002,0.18,92,733,394
2017,2,18,17,30,0,81,81,5.4,10.8,933,69.12,286,1,0.18,72,553,212
2017,2,18,18,30,0,4,4,5.800000000000001,9.5,933,77.49,288,0.8,0.18,28,168,40
2017,2,18,19,30,0,0,0,4.800000000000001,9,933,74.98,291,0.8,0.18,0,0,0
2017,2,18,20,30,0,0,0,4.800000000000001,8.6,933,76.79,301,0.7000000000000001,0.18,0,0,0
2017,2,18,21,30,0,0,0,4.800000000000001,8.200000000000001,933,78.92,327,0.6000000000000001,0.18,0,0,0
2017,2,18,22,30,0,0,0,4.800000000000001,7.9,933,80.97,202,0.5,0.18,0,0,0
2017,2,18,23,30,0,0,0,5,7.2,933,85.88,69,0.6000000000000001,0.18,0,0,0
2017,2,19,0,30,0,0,0,5.1000000000000005,6.800000000000001,933,88.87,82,0.7000000000000001,0.18,0,0,0
2017,2,19,1,30,0,0,0,5,5.7,933,95.47,87,1,0.18,0,0,0
2017,2,19,2,30,0,0,0,4.800000000000001,5.1000000000000005,933,97.94,85,1.2000000000000002,0.18,0,0,0
2017,2,19,3,30,0,0,0,4.4,4.800000000000001,933,97.55,84,1.6,0.18,0,0,0
2017,2,19,4,30,0,0,0,4.2,4.800000000000001,933,96.03,85,2.3000000000000003,0.18,0,0,0
2017,2,19,5,30,0,0,0,4.3,4.9,933,95.74000000000001,87,3.1,0.18,0,0,0
2017,2,19,6,30,0,0,0,4.4,4.800000000000001,934,97.43,88,3.6,0.18,0,0,0
2017,2,19,7,30,0,0,0,4.4,5.1000000000000005,934,95.42,86,4,0.18,0,0,0
2017,2,19,8,30,0,11,11,4.9,6.2,935,91.31,81,4.7,0.18,36,167,51
2017,2,19,9,30,510,87,224,5.7,7.800000000000001,936,86.29,82,5.4,0.18,87,510,224
2017,2,19,10,30,692,109,404,5.7,9.4,937,77.71000000000001,85,5.800000000000001,0.18,109,692,404
2017,2,19,11,30,0,133,133,5.2,10.9,937,67.96000000000001,84,5.800000000000001,0.18,115,797,550
2017,2,19,12,30,2,161,162,4.7,11.9,937,61.2,82,5.7,0.18,114,859,648
2017,2,19,13,30,920,94,688,4.3,12.5,937,57.31,79,5.5,0.18,94,920,688
2017,2,19,14,30,227,292,432,4,12.700000000000001,936,55.25,75,5.4,0.18,91,911,654
2017,2,19,15,30,881,85,560,3.6,12.5,936,54.61,73,5.2,0.18,85,881,560
2017,2,19,16,30,806,76,411,3.1,11.600000000000001,936,56.1,72,4.800000000000001,0.18,76,806,411
2017,2,19,17,30,60,100,116,2.8000000000000003,9.5,936,63.15,71,3.8000000000000003,0.18,59,657,227
2017,2,19,18,30,283,26,47,3.1,7.1000000000000005,937,75.67,70,2.9000000000000004,0.18,26,283,47
2017,2,19,19,30,0,0,0,3,5.7,937,82.83,69,2.7,0.18,0,0,0
2017,2,19,20,30,0,0,0,3.1,4.800000000000001,938,88.48,68,2.6,0.18,0,0,0
2017,2,19,21,30,0,0,0,3.2,4.1000000000000005,938,94.06,66,2.6,0.18,0,0,0
2017,2,19,22,30,0,0,0,3.6,3.7,939,99.32000000000001,65,2.6,0.18,0,0,0
2017,2,19,23,30,0,0,0,3.3000000000000003,3.3000000000000003,939,100,64,2.7,0.18,0,0,0
2017,2,20,0,30,0,0,0,3.2,3.2,938,100,64,2.8000000000000003,0.18,0,0,0
2017,2,20,1,30,0,0,0,3.2,3.2,938,100,62,3.4000000000000004,0.18,0,0,0
2017,2,20,2,30,0,0,0,3,3,938,100,57,3.6,0.18,0,0,0
2017,2,20,3,30,0,0,0,2.7,2.9000000000000004,937,98.76,50,3.8000000000000003,0.18,0,0,0
2017,2,20,4,30,0,0,0,2.6,3.1,937,96.46000000000001,47,4.1000000000000005,0.18,0,0,0
2017,2,20,5,30,0,0,0,2.8000000000000003,3.4000000000000004,937,95.61,50,4.4,0.18,0,0,0
2017,2,20,6,30,0,0,0,2.9000000000000004,3.5,937,95.61,53,4.3,0.18,0,0,0
2017,2,20,7,30,0,0,0,2.9000000000000004,3.6,938,95.18,55,4.4,0.18,0,0,0
2017,2,20,8,30,0,29,29,2.9000000000000004,4.800000000000001,938,87.67,61,5,0.18,39,173,55
2017,2,20,9,30,34,104,114,3.2,7,938,76.67,71,5.800000000000001,0.18,84,550,235
2017,2,20,10,30,720,107,418,2.5,9.3,938,62.59,80,6.2,0.18,107,720,418
2017,2,20,11,30,799,123,563,1.6,11.200000000000001,938,51.620000000000005,85,6.1000000000000005,0.18,123,799,563
2017,2,20,12,30,822,136,650,1.4000000000000001,12.700000000000001,937,46.12,85,5.800000000000001,0.18,136,822,650
2017,2,20,13,30,891,111,691,1.7000000000000002,13.8,936,43.730000000000004,84,5.5,0.18,111,891,691
2017,2,20,14,30,866,113,651,2.1,14.3,936,43.660000000000004,81,5.4,0.18,113,866,651
2017,2,20,15,30,806,112,550,2.4000000000000004,14.200000000000001,935,45,79,5.300000000000001,0.18,112,806,550
2017,2,20,16,30,447,145,332,2.6,13.3,935,48.120000000000005,77,4.800000000000001,0.18,100,714,400
2017,2,20,17,30,499,84,214,2.7,10.9,935,56.96,74,3.8000000000000003,0.18,84,499,214
2017,2,20,18,30,96,32,40,2.8000000000000003,8.4,936,67.96000000000001,73,3.2,0.18,32,96,40
2017,2,20,19,30,0,0,0,2.3000000000000003,6.800000000000001,936,73.22,74,3.2,0.18,0,0,0
2017,2,20,20,30,0,0,0,2.1,5.7,937,77.71000000000001,72,3.2,0.18,0,0,0
2017,2,20,21,30,0,0,0,1.9000000000000001,4.800000000000001,937,81.43,72,3.2,0.18,0,0,0
2017,2,20,22,30,0,0,0,1.7000000000000002,4.2,938,83.78,72,3.3000000000000003,0.18,0,0,0
2017,2,20,23,30,0,0,0,1.5,3.6,937,86.14,73,3.4000000000000004,0.18,0,0,0
2017,2,21,0,30,0,0,0,1.3,3.4000000000000004,937,85.97,73,3.5,0.18,0,0,0
2017,2,21,1,30,0,0,0,1,2.8000000000000003,937,88.14,71,3.7,0.18,0,0,0
2017,2,21,2,30,0,0,0,0.9,2.4000000000000004,937,89.69,70,3.8000000000000003,0.18,0,0,0
2017,2,21,3,30,0,0,0,0.9,2.1,936,91.44,68,3.9000000000000004,0.18,0,0,0
2017,2,21,4,30,0,0,0,0.9,1.9000000000000001,936,92.83,67,3.9000000000000004,0.18,0,0,0
2017,2,21,5,30,0,0,0,0.7000000000000001,1.7000000000000002,936,93.18,67,3.9000000000000004,0.18,0,0,0
2017,2,21,6,30,0,0,0,0.6000000000000001,1.5,936,93.52,68,3.9000000000000004,0.18,0,0,0
2017,2,21,7,30,0,0,0,0.4,1.9000000000000001,936,89.92,68,4,0.18,0,0,0
2017,2,21,8,30,8,32,33,0.5,3.5,937,80.45,68,4.4,0.18,32,8,33
2017,2,21,9,30,0,37,37,0.8,6.5,937,67.03,75,4.9,0.18,143,197,198
2017,2,21,10,30,133,191,249,1.3,10,937,54.85,88,5.4,0.18,197,403,373
2017,2,21,11,30,548,215,520,2.1,12.8,936,48.06,96,5.5,0.18,215,548,520
2017,2,21,12,30,639,210,613,3.1,14.700000000000001,936,45.68,100,5.4,0.18,210,639,613
2017,2,21,13,30,813,143,675,3.7,15.9,935,44.24,103,5.300000000000001,0.18,143,813,675
2017,2,21,14,30,811,135,643,4.1000000000000005,16.400000000000002,934,43.81,104,5,0.18,135,811,643
2017,2,21,15,30,768,126,547,4.2,16.1,934,44.980000000000004,103,4.7,0.18,126,768,547
2017,2,21,16,30,568,142,383,4.1000000000000005,14.9,934,48.28,97,4.1000000000000005,0.18,142,568,383
2017,2,21,17,30,359,109,205,4.3,12.200000000000001,934,58.620000000000005,90,3.1,0.18,109,359,205
2017,2,21,18,30,30,33,36,4,9.4,935,68.81,86,2.7,0.18,33,30,36
2017,2,21,19,30,0,0,0,2.9000000000000004,7.800000000000001,935,71.12,87,2.8000000000000003,0.18,0,0,0
2017,2,21,20,30,0,0,0,2.3000000000000003,6.7,935,73.3,90,2.7,0.18,0,0,0
2017,2,21,21,30,0,0,0,1.9000000000000001,5.800000000000001,935,75.92,92,2.4000000000000004,0.18,0,0,0
2017,2,21,22,30,0,0,0,1.7000000000000002,5,936,78.96000000000001,92,2.2,0.18,0,0,0
2017,2,21,23,30,0,0,0,1.4000000000000001,4.3,935,81.55,89,2.1,0.18,0,0,0
2017,2,22,0,30,0,0,0,1.2000000000000002,4,935,81.93,86,2.1,0.18,0,0,0
2017,2,22,1,30,0,0,0,1,3.4000000000000004,935,84.03,81,2.1,0.18,0,0,0
2017,2,22,2,30,0,0,0,0.7000000000000001,3.1,935,84.44,78,2.1,0.18,0,0,0
2017,2,22,3,30,0,0,0,0.5,2.9000000000000004,935,84.31,76,2.3000000000000003,0.18,0,0,0
2017,2,22,4,30,0,0,0,0.30000000000000004,2.8000000000000003,934,83.44,74,2.5,0.18,0,0,0
2017,2,22,5,30,0,0,0,0,2.8000000000000003,934,81.97,73,2.7,0.18,0,0,0
2017,2,22,6,30,0,0,0,-0.30000000000000004,2.8000000000000003,934,80.17,74,2.9000000000000004,0.18,0,0,0
2017,2,22,7,30,0,0,0,-0.6000000000000001,3.3000000000000003,934,75.34,76,3.2,0.18,0,0,0
2017,2,22,8,30,3,26,26,-0.7000000000000001,5.2,935,65.56,78,3.7,0.18,26,3,26
2017,2,22,9,30,0,46,46,-0.4,8.200000000000001,935,54.68,82,4.1000000000000005,0.18,149,107,179
2017,2,22,10,30,252,235,346,0.8,11.600000000000001,934,47.63,97,4.6000000000000005,0.18,235,252,346
2017,2,22,11,30,361,283,486,2.6,14.700000000000001,934,44,112,4.9,0.18,283,361,486
2017,2,22,12,30,441,298,578,4.5,16.900000000000002,934,43.81,118,4.6000000000000005,0.18,298,441,578
2017,2,22,13,30,433,318,604,5.7,18.3,933,43.480000000000004,118,4.2,0.18,318,433,604
2017,2,22,14,30,178,304,417,6,18.8,932,43.08,112,3.9000000000000004,0.18,337,348,557
2017,2,22,15,30,155,258,343,5.9,18.2,932,44.480000000000004,103,3.5,0.18,327,218,447
2017,2,22,16,30,77,251,285,6.7,16.400000000000002,932,52.800000000000004,93,2.9000000000000004,0.18,251,77,285
2017,2,22,17,30,7,95,97,7.7,13.5,932,68.05,86,2.5,0.18,95,7,97
2017,2,22,18,30,0,1,1,6.6000000000000005,11.4,932,72.33,85,2.7,0.18,1,0,1
2017,2,22,19,30,0,0,0,5.800000000000001,10.4,932,73.23,84,3.1,0.18,0,0,0
2017,2,22,20,30,0,0,0,5.5,9.5,932,75.91,84,3.1,0.18,0,0,0
2017,2,22,21,30,0,0,0,5.2,8.6,932,79.25,86,3.2,0.18,0,0,0
2017,2,22,22,30,0,0,0,4.9,8.200000000000001,932,79.78,88,3.3000000000000003,0.18,0,0,0
2017,2,22,23,30,0,0,0,4.6000000000000005,8,932,78.84,87,3.5,0.18,0,0,0
2017,2,23,0,30,0,0,0,4.2,7.9,931,77.29,84,3.5,0.18,0,0,0
2017,2,23,1,30,0,0,0,3.9000000000000004,7.300000000000001,930,78.94,75,3.7,0.18,0,0,0
2017,2,23,2,30,0,0,0,3.8000000000000003,6.9,930,80.5,74,3.7,0.18,0,0,0
2017,2,23,3,30,0,0,0,3.8000000000000003,6.4,930,83.33,79,3.5,0.18,0,0,0
2017,2,23,4,30,0,0,0,4,6.300000000000001,929,85.08,81,3.1,0.18,0,0,0
2017,2,23,5,30,0,0,0,4.4,6.5,929,86.39,78,3,0.18,0,0,0
2017,2,23,6,30,0,0,0,4.800000000000001,6.7,929,87.48,73,3.1,0.18,0,0,0
2017,2,23,7,30,0,0,0,5,7.1000000000000005,929,86.37,66,3.3000000000000003,0.18,0,0,0
2017,2,23,8,30,0,5,5,5.4,8.3,929,81.8,64,3.6,0.18,11,0,12
2017,2,23,9,30,0,11,11,6,10.4,929,73.94,70,3.9000000000000004,0.18,147,44,160
2017,2,23,10,30,0,19,19,7,13.200000000000001,929,65.94,89,4.3,0.18,260,159,331
2017,2,23,11,30,0,35,35,8.4,15.8,929,61.4,110,4.6000000000000005,0.18,313,284,474
2017,2,23,12,30,0,90,90,8.9,17.2,928,58.29,126,4.3,0.18,323,384,569
2017,2,23,13,30,20,245,258,8.5,17.6,928,55.22,139,3.8000000000000003,0.18,271,527,621
2017,2,23,14,30,0,59,59,8,17.3,927,54.33,144,3.1,0.18,249,542,594
2017,2,23,15,30,0,112,112,7.800000000000001,16.5,927,56.29,143,2.3000000000000003,0.18,227,494,502
2017,2,23,16,30,78,185,219,8.5,15.3,927,64.02,134,1.3,0.18,213,315,350
2017,2,23,17,30,0,25,25,10.5,13.600000000000001,927,81.31,102,0.8,0.18,139,161,183
2017,2,23,18,30,0,9,9,8.8,12,927,80.71000000000001,64,0.9,0.18,26,6,27
2017,2,23,19,30,0,0,0,8.3,10.8,928,84.31,55,1,0.18,0,0,0
2017,2,23,20,30,0,0,0,8.1,10,928,88.2,63,1,0.18,0,0,0
2017,2,23,21,30,0,0,0,8,9.3,928,91.46000000000001,75,1.1,0.18,0,0,0
2017,2,23,22,30,0,0,0,7.9,8.8,928,93.85000000000001,85,1.1,0.18,0,0,0
2017,2,23,23,30,0,0,0,7.800000000000001,8.4,928,95.71000000000001,88,1,0.18,0,0,0
2017,2,24,0,30,0,0,0,7.6000000000000005,8.3,928,95.36,87,1,0.18,0,0,0
2017,2,24,1,30,0,0,0,7.5,8,928,96.43,62,0.9,0.18,0,0,0
2017,2,24,2,30,0,0,0,7.300000000000001,7.5,928,98.69,49,0.9,0.18,0,0,0
2017,2,24,3,30,0,0,0,7.1000000000000005,7.1000000000000005,928,100,47,0.9,0.18,0,0,0
2017,2,24,4,30,0,0,0,6.9,6.9,928,100,49,0.9,0.18,0,0,0
2017,2,24,5,30,0,0,0,6.7,6.7,928,100,45,0.9,0.18,0,0,0
2017,2,24,6,30,0,0,0,6.5,6.5,928,100,39,0.8,0.18,0,0,0
2017,2,24,7,30,0,0,0,6.800000000000001,6.800000000000001,928,100,32,0.7000000000000001,0.18,0,0,0
2017,2,24,8,30,0,12,12,7.4,8.1,929,95.15,24,1,0.18,22,1,22
2017,2,24,9,30,0,42,42,8.3,10.100000000000001,929,88.66,12,1.5,0.18,156,64,175
2017,2,24,10,30,9,157,161,9,12.100000000000001,929,81.42,179,1.9000000000000001,0.18,263,167,339
2017,2,24,11,30,87,260,310,8.9,13.5,930,73.61,349,2.3000000000000003,0.18,329,253,473
2017,2,24,12,30,77,298,348,8.5,14.200000000000001,930,68.44,342,2.7,0.18,359,312,561
2017,2,24,13,30,419,282,562,8.200000000000001,14.4,930,66.2,340,3.1,0.18,311,450,612
2017,2,24,14,30,42,272,298,7.9,14.5,930,64.69,339,3.1,0.18,290,457,583
2017,2,24,15,30,437,253,499,7.800000000000001,14.700000000000001,930,63.47,339,3.1,0.18,253,437,499
2017,2,24,16,30,371,202,364,7.800000000000001,14.3,930,64.87,340,2.6,0.18,202,371,364
2017,2,24,17,30,239,133,199,8.200000000000001,12.3,930,75.82000000000001,341,1.6,0.18,133,239,199
2017,2,24,18,30,0,28,28,8.1,10,931,88.28,344,1.1,0.18,37,36,41
2017,2,24,19,30,0,0,0,6.800000000000001,9,931,86.16,346,1.1,0.18,0,0,0
2017,2,24,20,30,0,0,0,6.2,8.6,932,85.02,345,1.1,0.18,0,0,0
2017,2,24,21,30,0,0,0,5.800000000000001,7.9,932,86.86,341,1.1,0.18,0,0,0
2017,2,24,22,30,0,0,0,5.5,6.6000000000000005,933,92.92,341,1.2000000000000002,0.18,0,0,0
2017,2,24,23,30,0,0,0,5,5.4,933,97.22,172,1.2000000000000002,0.18,0,0,0
2017,2,25,0,30,0,0,0,4.1000000000000005,4.800000000000001,933,95.3,0,1.2000000000000002,0.18,0,0,0
2017,2,25,1,30,0,0,0,3,3.4000000000000004,933,97.4,23,1.3,0.18,0,0,0
2017,2,25,2,30,0,0,0,1.9000000000000001,2.7,933,94.8,33,1.3,0.18,0,0,0
2017,2,25,3,30,0,0,0,1.1,2.1,933,93.13,38,1.3,0.18,0,0,0
2017,2,25,4,30,0,0,0,0.6000000000000001,1.5,933,93.51,41,1.3,0.18,0,0,0
2017,2,25,5,30,0,0,0,0.30000000000000004,1.1,933,94.13,41,1.2000000000000002,0.18,0,0,0
2017,2,25,6,30,0,0,0,0.1,0.8,933,94.78,41,1.1,0.18,0,0,0
2017,2,25,7,30,0,0,0,-0.1,1.5,934,89.24,41,1.2000000000000002,0.18,0,0,0
2017,2,25,8,30,501,31,89,0.5,3.9000000000000004,934,78.37,38,1.3,0.18,31,501,89
2017,2,25,9,30,788,53,288,0.7000000000000001,7,935,64.3,22,1.2000000000000002,0.18,53,788,288
2017,2,25,10,30,901,66,476,-0.1,10.3,935,48.56,163,1.5,0.18,66,901,476
2017,2,25,11,30,950,74,621,-0.9,13,935,38.18,310,2.3000000000000003,0.18,74,950,621
2017,2,25,12,30,976,79,714,-0.7000000000000001,14.9,935,34.26,302,2.8000000000000003,0.18,79,976,714
2017,2,25,13,30,958,92,738,-0.30000000000000004,15.9,935,33.24,302,2.9000000000000004,0.18,92,958,738
2017,2,25,14,30,943,90,699,0.6000000000000001,16.3,934,34.4,302,2.9000000000000004,0.18,90,943,699
2017,2,25,15,30,908,86,599,1.4000000000000001,16.2,934,36.74,301,2.6,0.18,86,908,599
2017,2,25,16,30,857,70,449,2,15.4,934,40.29,300,2,0.18,70,857,449
2017,2,25,17,30,717,58,259,4.800000000000001,13,935,57.39,298,1.3,0.18,58,717,259
2017,2,25,18,30,379,31,67,5.2,10.5,935,69.92,295,1.1,0.18,31,379,67
2017,2,25,19,30,0,0,0,3.6,9.1,935,68.63,293,1.1,0.18,0,0,0
2017,2,25,20,30,0,0,0,3.8000000000000003,7.800000000000001,936,76.06,292,1.1,0.18,0,0,0
2017,2,25,21,30,0,0,0,4.3,6.7,936,84.78,292,1.2000000000000002,0.18,0,0,0
2017,2,25,22,30,0,0,0,5,5.800000000000001,936,94.92,295,1.2000000000000002,0.18,0,0,0
2017,2,25,23,30,0,0,0,5.1000000000000005,5.1000000000000005,936,100,300,1.1,0.18,0,0,0
2017,2,26,0,30,0,0,0,4.9,4.9,936,100,303,1.1,0.18,0,0,0
2017,2,26,1,30,0,0,0,5.2,5.2,936,100,314,0.9,0.18,0,0,0
2017,2,26,2,30,0,0,0,5.6000000000000005,5.6000000000000005,936,100,324,0.9,0.18,0,0,0
2017,2,26,3,30,0,0,0,5.6000000000000005,5.6000000000000005,936,100,339,0.8,0.18,0,0,0
2017,2,26,4,30,0,0,0,5.300000000000001,5.300000000000001,936,100,204,0.7000000000000001,0.18,0,0,0
2017,2,26,5,30,0,0,0,5,5,936,100,104,0.9,0.18,0,0,0
2017,2,26,6,30,0,0,0,4.7,4.800000000000001,936,99.16,158,1.2000000000000002,0.18,0,0,0
2017,2,26,7,30,0,0,0,4.4,4.800000000000001,936,97.32000000000001,174,1.4000000000000001,0.18,0,0,0
2017,2,26,8,30,226,50,77,4.5,5.5,937,93.44,190,1.6,0.18,50,226,77
2017,2,26,9,30,0,20,20,5.2,6.9,937,88.96000000000001,217,1.8,0.18,101,527,260
2017,2,26,10,30,0,37,37,6.4,8.9,937,84.08,243,2.2,0.18,129,678,441
2017,2,26,11,30,0,100,100,7,11.3,937,74.89,253,2.5,0.18,138,776,589
2017,2,26,12,30,20,242,256,7.300000000000001,13.4,936,66.65,255,2.6,0.18,134,842,685
2017,2,26,13,30,115,329,407,7.4,14.700000000000001,936,61.690000000000005,258,2.6,0.18,97,933,731
2017,2,26,14,30,930,92,696,7.300000000000001,15.3,935,59.02,261,2.6,0.18,92,930,696
2017,2,26,15,30,311,250,427,7.2,15.3,935,58.32,264,2.5,0.18,85,901,599
2017,2,26,16,30,836,75,448,7,14.600000000000001,934,60.22,267,2.2,0.18,75,836,448
2017,2,26,17,30,701,61,260,7.1000000000000005,12.3,934,70.52,272,1.5,0.18,61,701,260
2017,2,26,18,30,382,32,70,7.6000000000000005,9.5,935,88,280,1,0.18,32,382,70
2017,2,26,19,30,0,0,0,6.4,7.800000000000001,935,90.77,287,1.1,0.18,0,0,0
2017,2,26,20,30,0,0,0,6.2,6.800000000000001,935,96.2,295,1.1,0.18,0,0,0
2017,2,26,21,30,0,0,0,5.9,5.9,935,100,300,1.1,0.18,0,0,0
2017,2,26,22,30,0,0,0,5.2,5.2,935,100,304,1,0.18,0,0,0
2017,2,26,23,30,0,0,0,4.7,4.7,935,100,308,1,0.18,0,0,0
2017,2,27,0,30,0,0,0,4.5,4.5,934,100,310,1,0.18,0,0,0
2017,2,27,1,30,0,0,0,4.6000000000000005,4.6000000000000005,934,100,311,1,0.18,0,0,0
2017,2,27,2,30,0,0,0,4.5,4.5,934,100,309,1.2000000000000002,0.18,0,0,0
2017,2,27,3,30,0,0,0,4.3,4.3,933,100,304,1.3,0.18,0,0,0
2017,2,27,4,30,0,0,0,4.1000000000000005,4.2,933,99.24000000000001,293,1.3,0.18,0,0,0
2017,2,27,5,30,0,0,0,4,4.3,933,97.66,282,1.5,0.18,0,0,0
2017,2,27,6,30,0,0,0,4.1000000000000005,4.4,934,97.58,278,1.6,0.18,0,0,0
2017,2,27,7,30,0,0,0,4,4.5,934,96.5,275,1.8,0.18,0,0,0
2017,2,27,8,30,0,7,7,3.9000000000000004,4.9,934,93.52,276,1.9000000000000001,0.18,48,306,86
2017,2,27,9,30,0,21,21,4.2,5.7,934,90.31,283,2.2,0.18,89,616,278
2017,2,27,10,30,0,38,38,4.7,7.1000000000000005,934,84.44,287,2.7,0.18,112,754,463
2017,2,27,11,30,0,54,54,4.9,8.9,934,75.75,288,3.2,0.18,116,859,619
2017,2,27,12,30,0,46,46,4.800000000000001,11,934,65.5,286,3.6,0.18,107,926,718
2017,2,27,13,30,155,336,442,4.800000000000001,12.600000000000001,933,58.84,285,3.9000000000000004,0.18,102,947,750
2017,2,27,14,30,205,316,450,4.5,13.4,932,54.69,285,4.1000000000000005,0.18,93,951,715
2017,2,27,15,30,720,132,546,4.2,13.4,932,53.660000000000004,284,4.1000000000000005,0.18,83,929,617
2017,2,27,16,30,844,80,460,4.1000000000000005,12.700000000000001,932,55.86,283,3.8000000000000003,0.18,80,844,460
2017,2,27,17,30,618,63,241,4.2,10.4,932,65.64,281,2.8000000000000003,0.18,61,722,269
2017,2,27,18,30,82,36,44,4.800000000000001,7.6000000000000005,932,82.71000000000001,283,2,0.18,32,414,74
2017,2,27,19,30,0,0,0,4.6000000000000005,6.1000000000000005,932,89.8,287,2.1,0.18,0,0,0
2017,2,27,20,30,0,0,0,4.7,5.7,933,93.29,293,2.3000000000000003,0.18,0,0,0
2017,2,27,21,30,0,0,0,4.9,5.2,933,97.88,293,2.2,0.18,0,0,0
2017,2,27,22,30,0,0,0,4.7,4.7,933,100,286,2,0.18,0,0,0
2017,2,27,23,30,0,0,0,4.2,4.2,933,100,275,2,0.18,0,0,0
2017,2,28,0,30,0,0,0,4,4,932,100,270,2.1,0.18,0,0,0
2017,2,28,1,30,0,0,0,3.4000000000000004,3.4000000000000004,932,100,260,2.4000000000000004,0.18,0,0,0
2017,2,28,2,30,0,0,0,3.5,3.5,931,100,257,2.7,0.18,0,0,0
2017,2,28,3,30,0,0,0,4.1000000000000005,4.1000000000000005,931,100,259,3.1,0.18,0,0,0
2017,2,28,4,30,0,0,0,4.6000000000000005,4.6000000000000005,931,100,262,3.4000000000000004,0.18,0,0,0
2017,2,28,5,30,0,0,0,4.9,5,931,99.10000000000001,262,3.4000000000000004,0.18,0,0,0
2017,2,28,6,30,0,0,0,5.2,5.2,931,99.81,261,3.2,0.18,0,0,0
2017,2,28,7,30,0,0,0,5.300000000000001,5.5,931,98.82000000000001,260,3.4000000000000004,0.18,0,0,0
2017,2,28,8,30,0,7,7,5.5,6.4,932,93.9,264,4,0.18,37,458,96
2017,2,28,9,30,0,21,21,5.300000000000001,7.800000000000001,932,83.93,270,4.6000000000000005,0.18,62,738,293
2017,2,28,10,30,0,38,38,4.6000000000000005,9.600000000000001,932,71.17,274,4.9,0.18,73,862,478
2017,2,28,11,30,0,52,52,4.2,11.200000000000001,932,62.28,275,5,0.18,78,927,626
2017,2,28,12,30,0,105,105,4.3,12.3,932,58.300000000000004,276,5.1000000000000005,0.18,82,953,716
2017,2,28,13,30,3,159,161,4.6000000000000005,12.9,932,57.1,278,5.2,0.18,96,931,737
2017,2,28,14,30,23,251,266,4.800000000000001,13,931,57.39,282,5.2,0.18,93,920,699
2017,2,28,15,30,0,81,81,4.800000000000001,12.5,931,59.61,288,5,0.18,87,889,602
2017,2,28,16,30,6,154,157,4.9,11.5,932,63.77,293,4.6000000000000005,0.18,76,823,450
2017,2,28,17,30,0,39,39,5,10.200000000000001,932,69.96000000000001,296,3.8000000000000003,0.18,62,689,263
2017,2,28,18,30,0,13,13,5.4,8.5,933,80.7,296,2.7,0.18,34,379,74
2017,2,28,19,30,0,0,0,5.7,7,933,91.19,297,2.1,0.18,0,0,0
2017,2,28,20,30,0,0,0,5.7,6,934,97.9,300,2,0.18,0,0,0
2017,2,28,21,30,0,0,0,5.6000000000000005,5.6000000000000005,934,100,303,2.1,0.18,0,0,0
2017,2,28,22,30,0,0,0,5.6000000000000005,5.6000000000000005,935,100,303,2.1,0.18,0,0,0
2017,2,28,23,30,0,0,0,5.7,5.7,935,100,303,1.9000000000000001,0.18,0,0,0
2017,3,1,0,30,0,0,0,5.800000000000001,5.800000000000001,935,100,303,1.9000000000000001,0.18,0,0,0
2017,3,1,1,30,0,0,0,5.9,6,935,99.58,301,1.5,0.18,0,0,0
2017,3,1,2,30,0,0,0,5.9,6.1000000000000005,935,98.35000000000001,297,1.4000000000000001,0.18,0,0,0
2017,3,1,3,30,0,0,0,5.7,6.1000000000000005,934,97.41,286,1.1,0.18,0,0,0
2017,3,1,4,30,0,0,0,5.7,6,934,97.87,251,0.8,0.18,0,0,0
2017,3,1,5,30,0,0,0,5.6000000000000005,5.9,934,98.18,199,0.8,0.18,0,0,0
2017,3,1,6,30,0,0,0,5.5,5.800000000000001,935,98.02,163,0.8,0.18,0,0,0
2017,3,1,7,30,0,0,0,5.4,5.9,935,96.27,141,1,0.18,0,0,0
2017,3,1,8,30,442,40,99,5,6.6000000000000005,935,89.51,123,1.3,0.18,40,442,99
2017,3,1,9,30,0,22,22,4.9,8.200000000000001,935,79.7,110,1.2000000000000002,0.18,65,733,298
2017,3,1,10,30,0,40,40,5.2,11,935,67.64,145,1,0.18,74,866,486
2017,3,1,11,30,934,79,635,5.1000000000000005,13.9,935,55.51,221,1.2000000000000002,0.18,79,934,635
2017,3,1,12,30,963,82,727,5,15.5,935,49.75,263,1.7000000000000002,0.18,82,963,727
2017,3,1,13,30,970,84,756,5.2,16.3,934,47.94,270,2.2,0.18,84,970,756
2017,3,1,14,30,959,83,719,5.4,16.6,934,47.38,274,2.5,0.18,83,959,719
2017,3,1,15,30,929,78,620,5.300000000000001,16.5,934,47.660000000000004,278,2.5,0.18,78,929,620
2017,3,1,16,30,871,69,468,5.4,15.8,934,49.980000000000004,281,2.2,0.18,69,871,468
2017,3,1,17,30,753,55,278,5.9,13.700000000000001,934,59.22,287,1.4000000000000001,0.18,55,753,278
2017,3,1,18,30,467,31,82,7.300000000000001,11,934,77.97,298,1,0.18,31,467,82
2017,3,1,19,30,0,0,0,5.7,9.5,935,77.4,310,1.1,0.18,0,0,0
2017,3,1,20,30,0,0,0,5.5,8.700000000000001,935,80.2,321,1.1,0.18,0,0,0
2017,3,1,21,30,0,0,0,5.4,8,935,83.36,330,1.1,0.18,0,0,0
2017,3,1,22,30,0,0,0,5.300000000000001,7.4,935,86.24,338,1,0.18,0,0,0
2017,3,1,23,30,0,0,0,5.2,6.800000000000001,935,89.41,347,0.9,0.18,0,0,0
2017,3,2,0,30,0,0,0,5.2,6.6000000000000005,935,90.51,352,0.9,0.18,0,0,0
2017,3,2,1,30,0,0,0,5.1000000000000005,6.1000000000000005,935,93.58,11,0.8,0.18,0,0,0
2017,3,2,2,30,0,0,0,5.1000000000000005,5.9,935,94.82000000000001,27,0.7000000000000001,0.18,0,0,0
2017,3,2,3,30,0,0,0,5.1000000000000005,5.6000000000000005,934,96.53,44,0.7000000000000001,0.18,0,0,0
2017,3,2,4,30,0,0,0,5.1000000000000005,5.300000000000001,934,98.28,62,0.6000000000000001,0.18,0,0,0
2017,3,2,5,30,0,0,0,4.9,4.9,934,100,78,0.7000000000000001,0.18,0,0,0
2017,3,2,6,30,0,0,0,4.5,4.5,934,100,94,0.8,0.18,0,0,0
2017,3,2,7,30,0,0,0,4.800000000000001,5.2,934,96.96000000000001,105,0.8,0.18,0,0,0
2017,3,2,8,30,508,37,108,5.1000000000000005,7.4,935,85.24,115,1.1,0.18,37,508,108
2017,3,2,9,30,773,60,309,5.5,10.700000000000001,935,70.3,147,1.1,0.18,60,773,309
2017,3,2,10,30,889,71,498,5.800000000000001,13.9,935,58.120000000000005,200,1.3,0.18,71,889,498
2017,3,2,11,30,947,77,646,5.300000000000001,15.9,935,49.44,228,1.7000000000000002,0.18,77,947,646
2017,3,2,12,30,975,80,739,5.1000000000000005,17.1,934,45.13,229,1.8,0.18,80,975,739
2017,3,2,13,30,985,81,768,5.1000000000000005,17.8,933,43.03,232,1.9000000000000001,0.18,81,985,768
2017,3,2,14,30,975,79,731,5,18,933,42.2,238,2,0.18,79,975,731
2017,3,2,15,30,941,75,628,4.800000000000001,17.900000000000002,932,41.96,244,1.9000000000000001,0.18,75,941,628
2017,3,2,16,30,886,66,475,4.7,17.3,932,43.38,248,1.6,0.18,66,886,475
2017,3,2,17,30,773,54,286,5.7,15.5,932,52.17,253,1,0.18,54,773,286
2017,3,2,18,30,492,31,86,6.7,13.700000000000001,932,62.59,255,0.8,0.18,31,492,86
2017,3,2,19,30,0,0,0,4.1000000000000005,13,932,54.660000000000004,237,0.7000000000000001,0.18,0,0,0
2017,3,2,20,30,0,0,0,3.6,11.9,932,56.72,205,0.7000000000000001,0.18,0,0,0
2017,3,2,21,30,0,0,0,3.6,10,931,64.38,186,1.1,0.18,0,0,0
2017,3,2,22,30,0,0,0,3.6,8.200000000000001,931,72.63,187,1.3,0.18,0,0,0
2017,3,2,23,30,0,0,0,3.5,7,931,78.33,197,1.3,0.18,0,0,0
2017,3,3,0,30,0,0,0,3.3000000000000003,6.5,930,80.11,204,1.3,0.18,0,0,0
2017,3,3,1,30,0,0,0,3.3000000000000003,5.300000000000001,930,86.73,209,1.3,0.18,0,0,0
2017,3,3,2,30,0,0,0,3.3000000000000003,4.6000000000000005,929,91.27,202,1.4000000000000001,0.18,0,0,0
2017,3,3,3,30,0,0,0,3.4000000000000004,4,928,95.69,192,1.4000000000000001,0.18,0,0,0
2017,3,3,4,30,0,0,0,3.3000000000000003,3.5,927,98.83,185,1.5,0.18,0,0,0
2017,3,3,5,30,0,0,0,3.1,3.1,926,99.77,181,1.6,0.18,0,0,0
2017,3,3,6,30,0,0,0,2.5,2.9000000000000004,925,96.88,180,1.6,0.18,0,0,0
2017,3,3,7,30,0,0,0,1.7000000000000002,4.4,925,82.51,186,1.9000000000000001,0.18,0,0,0
2017,3,3,8,30,0,8,8,2.1,7.6000000000000005,925,68.04,197,2.8000000000000003,0.18,62,191,89
2017,3,3,9,30,85,134,162,1.9000000000000001,10.5,924,55.44,211,3.9000000000000004,0.18,117,486,276
2017,3,3,10,30,280,207,343,2.9000000000000004,12.4,924,52.51,219,4.800000000000001,0.18,148,637,457
2017,3,3,11,30,395,251,490,3.9000000000000004,13.4,923,52.480000000000004,222,5.5,0.18,174,693,594
2017,3,3,12,30,138,333,427,4.6000000000000005,13.4,922,55.120000000000005,223,6.2,0.18,189,722,680
2017,3,3,13,30,16,241,252,5.2,12.4,921,61.690000000000005,221,6.6000000000000005,0.18,236,647,691
2017,3,3,14,30,0,48,48,5.800000000000001,10.700000000000001,920,71.94,221,6.800000000000001,0.18,234,623,653
2017,3,3,15,30,0,37,37,6.2,9,920,82.46000000000001,229,6.800000000000001,0.18,218,576,559
2017,3,3,16,30,155,208,280,6,7.5,920,90.23,246,7,0.18,148,609,432
2017,3,3,17,30,0,13,13,5,5.9,921,94.01,262,7,0.18,85,603,268
2017,3,3,18,30,0,6,6,3.3000000000000003,4.4,922,92.24,264,6.2,0.18,40,358,82
2017,3,3,19,30,0,0,0,2.5,3.7,922,91.96000000000001,257,5.6000000000000005,0.18,0,0,0
2017,3,3,20,30,0,0,0,2.6,3.6,923,93.16,254,6,0.18,0,0,0
2017,3,3,21,30,0,0,0,2.7,3.5,923,94.77,254,6.300000000000001,0.18,0,0,0
2017,3,3,22,30,0,0,0,2.7,3.3000000000000003,924,95.91,254,6.4,0.18,0,0,0
2017,3,3,23,30,0,0,0,2.5,3,924,96.61,257,6.5,0.18,0,0,0
2017,3,4,0,30,0,0,0,2.3000000000000003,2.9000000000000004,924,95.67,259,6.6000000000000005,0.18,0,0,0
2017,3,4,1,30,0,0,0,2,2.6,924,96.14,261,6.1000000000000005,0.18,0,0,0
2017,3,4,2,30,0,0,0,1.9000000000000001,2.4000000000000004,924,96.19,261,5.7,0.18,0,0,0
2017,3,4,3,30,0,0,0,1.7000000000000002,2.2,924,96.31,262,5.300000000000001,0.18,0,0,0
2017,3,4,4,30,0,0,0,1.5,2.1,924,96.05,259,4.800000000000001,0.18,0,0,0
2017,3,4,5,30,0,0,0,1.5,2,924,96.39,253,4.2,0.18,0,0,0
2017,3,4,6,30,0,0,0,1.5,2,924,96.61,242,3.6,0.18,0,0,0
2017,3,4,7,30,0,0,0,1.6,2.2,924,95.93,226,3.3000000000000003,0.18,0,0,0
2017,3,4,8,30,0,7,7,1.7000000000000002,2.7,924,93.45,208,3.3000000000000003,0.18,46,425,109
2017,3,4,9,30,0,15,15,2.1,3.7,924,89.05,198,3.2,0.18,77,682,303
2017,3,4,10,30,0,25,25,2.5,4.6000000000000005,924,86.42,196,3.2,0.18,94,803,488
2017,3,4,11,30,0,33,33,3.1,5.4,924,84.86,201,3.3000000000000003,0.18,102,869,633
2017,3,4,12,30,0,68,68,3.8000000000000003,6.2,924,84.76,208,3.5,0.18,105,904,724
2017,3,4,13,30,0,81,81,4.7,7.1000000000000005,923,84.75,219,3.4000000000000004,0.18,113,896,747
2017,3,4,14,30,4,164,167,5.5,7.800000000000001,922,85.45,242,2.8000000000000003,0.18,113,881,710
2017,3,4,15,30,75,270,315,6.1000000000000005,8,922,87.67,280,2.2,0.18,110,837,609
2017,3,4,16,30,0,75,75,6.300000000000001,7.800000000000001,923,90.17,319,1.9000000000000001,0.18,105,748,457
2017,3,4,17,30,598,86,270,6.1000000000000005,7.2,924,92.92,340,1.6,0.18,86,598,270
2017,3,4,18,30,0,11,11,5.9,6.1000000000000005,925,98.43,346,1.2000000000000002,0.18,44,321,82
2017,3,4,19,30,0,0,0,4.800000000000001,4.9,926,99.24000000000001,349,1,0.18,0,0,0
2017,3,4,20,30,0,0,0,4,4,927,99.67,344,0.9,0.18,0,0,0
2017,3,4,21,30,0,0,0,3.3000000000000003,3.3000000000000003,928,100,329,0.9,0.18,0,0,0
2017,3,4,22,30,0,0,0,3.1,3.1,929,100,309,0.9,0.18,0,0,0
2017,3,4,23,30,0,0,0,2.8000000000000003,2.8000000000000003,929,100,293,1,0.18,0,0,0
2017,3,5,0,30,0,0,0,2.5,2.5,930,100,287,1.1,0.18,0,0,0
2017,3,5,1,30,0,0,0,2.1,2.1,931,100,275,1.8,0.18,0,0,0
2017,3,5,2,30,0,0,0,2.5,2.5,931,100,268,2.4000000000000004,0.18,0,0,0
2017,3,5,3,30,0,0,0,2.5,2.5,932,100,263,2.5,0.18,0,0,0
2017,3,5,4,30,0,0,0,2.3000000000000003,2.3000000000000003,932,99.65,255,2.4000000000000004,0.18,0,0,0
2017,3,5,5,30,0,0,0,2,2.2,933,98.37,239,2.4000000000000004,0.18,0,0,0
2017,3,5,6,30,0,0,0,2,2.3000000000000003,933,97.62,221,2.5,0.18,0,0,0
2017,3,5,7,30,0,0,0,2.2,2.7,934,96.36,214,2.7,0.18,0,0,0
2017,3,5,8,30,0,8,8,2.6,3.4000000000000004,934,94.26,219,2.9000000000000004,0.18,46,430,111
2017,3,5,9,30,0,12,12,3.3000000000000003,4.6000000000000005,935,91.12,229,3.2,0.18,76,666,301
2017,3,5,10,30,0,41,41,4.3,6.4,936,86.44,236,3.5,0.18,98,769,480
2017,3,5,11,30,0,33,33,5.4,8.1,936,83.04,241,3.6,0.18,105,843,624
2017,3,5,12,30,0,60,60,6.300000000000001,9.5,936,80.64,247,3.8000000000000003,0.18,109,881,716
2017,3,5,13,30,6,182,186,7.2,10.4,936,80.33,252,3.9000000000000004,0.18,116,879,741
2017,3,5,14,30,14,230,239,7.800000000000001,11,935,80.82000000000001,255,4,0.18,113,871,706
2017,3,5,15,30,32,241,260,8.5,11.4,936,82.39,257,4.1000000000000005,0.18,104,842,609
2017,3,5,16,30,87,207,248,9,11.4,936,85.42,257,3.8000000000000003,0.18,95,770,460
2017,3,5,17,30,630,77,273,9.5,10.8,936,91.55,254,3.1,0.18,77,630,273
2017,3,5,18,30,0,35,35,9.700000000000001,9.9,937,98.88,252,2.5,0.18,42,342,85
2017,3,5,19,30,0,0,0,9.5,9.5,937,100,255,2.6,0.18,0,0,0
2017,3,5,20,30,0,0,0,9.600000000000001,9.600000000000001,938,100,260,2.8000000000000003,0.18,0,0,0
2017,3,5,21,30,0,0,0,9.600000000000001,9.600000000000001,938,100,260,2.7,0.18,0,0,0
2017,3,5,22,30,0,0,0,9.5,9.5,938,100,258,2.7,0.18,0,0,0
2017,3,5,23,30,0,0,0,9.5,9.5,939,100,261,2.8000000000000003,0.18,0,0,0
2017,3,6,0,30,0,0,0,9.4,9.4,939,100,263,2.7,0.18,0,0,0
2017,3,6,1,30,0,0,0,9.3,9.3,938,100,271,2.9000000000000004,0.18,0,0,0
2017,3,6,2,30,0,0,0,9.1,9.1,938,100,275,2.9000000000000004,0.18,0,0,0
2017,3,6,3,30,0,0,0,8.8,8.8,938,100,281,2.9000000000000004,0.18,0,0,0
2017,3,6,4,30,0,0,0,8.6,8.6,939,100,286,2.7,0.18,0,0,0
2017,3,6,5,30,0,0,0,8.4,8.4,939,100,287,2.4000000000000004,0.18,0,0,0
2017,3,6,6,30,0,0,0,8.200000000000001,8.200000000000001,939,100,285,2.2,0.18,0,0,0
2017,3,6,7,30,0,0,0,8.3,8.4,939,99.24000000000001,280,2.4000000000000004,0.18,0,0,0
2017,3,6,8,30,0,47,47,8.200000000000001,9.200000000000001,940,93.77,280,3,0.18,50,423,117
2017,3,6,9,30,18,126,132,8.1,10.600000000000001,940,84.71000000000001,283,3.6,0.18,78,685,313
2017,3,6,10,30,56,211,240,7.800000000000001,12.600000000000001,940,72.76,289,4.1000000000000005,0.18,90,815,499
2017,3,6,11,30,276,284,455,7.300000000000001,14.4,941,62.300000000000004,299,4.5,0.18,95,883,644
2017,3,6,12,30,469,270,596,7.2,15.700000000000001,940,56.870000000000005,307,4.5,0.18,98,917,735
2017,3,6,13,30,459,286,614,7.800000000000001,16.6,940,56.09,312,4.4,0.18,96,931,763
2017,3,6,14,30,569,231,622,8.6,17.1,939,57.26,315,4.4,0.18,91,927,727
2017,3,6,15,30,340,262,468,9.1,17,939,59.79,318,4.4,0.18,85,898,629
2017,3,6,16,30,343,191,356,9.3,16.5,939,62.49,321,4,0.18,93,789,470
2017,3,6,17,30,444,97,238,9.3,14.8,940,69.83,321,2.7,0.18,75,661,283
2017,3,6,18,30,94,45,57,9.8,12,940,86.67,314,1.5,0.18,42,372,89
2017,3,6,19,30,0,0,0,8.700000000000001,10.100000000000001,941,91.05,308,1.3,0.18,0,0,0
2017,3,6,20,30,0,0,0,8.4,9.4,941,93.49,306,1.4000000000000001,0.18,0,0,0
2017,3,6,21,30,0,0,0,8.3,8.6,942,98.28,306,1.3,0.18,0,0,0
2017,3,6,22,30,0,0,0,7.800000000000001,7.800000000000001,942,100,306,1.3,0.18,0,0,0
2017,3,6,23,30,0,0,0,7.1000000000000005,7.1000000000000005,942,100,309,1.3,0.18,0,0,0
2017,3,7,0,30,0,0,0,6.800000000000001,6.800000000000001,942,100,312,1.3,0.18,0,0,0
2017,3,7,1,30,0,0,0,6.800000000000001,6.800000000000001,942,100,324,1.4000000000000001,0.18,0,0,0
2017,3,7,2,30,0,0,0,7.2,7.2,942,100,333,1.6,0.18,0,0,0
2017,3,7,3,30,0,0,0,7.4,7.4,941,100,348,1.7000000000000002,0.18,0,0,0
2017,3,7,4,30,0,0,0,7.2,7.2,941,100,197,1.4000000000000001,0.18,0,0,0
2017,3,7,5,30,0,0,0,6.800000000000001,6.9,941,99.53,55,1.2000000000000002,0.18,0,0,0
2017,3,7,6,30,0,0,0,6.5,6.6000000000000005,941,99.18,82,1.1,0.18,0,0,0
2017,3,7,7,30,0,0,0,6.2,6.6000000000000005,942,97.12,94,1.1,0.18,0,0,0
2017,3,7,8,30,0,9,9,6.1000000000000005,7.5,942,91.03,94,1.1,0.18,50,460,125
2017,3,7,9,30,0,25,25,6.800000000000001,9.9,943,80.95,82,0.9,0.18,78,718,328
2017,3,7,10,30,0,24,24,7.5,13.3,943,68.08,41,1,0.18,88,848,517
2017,3,7,11,30,246,292,446,6.800000000000001,16.6,942,52.230000000000004,170,1.7000000000000002,0.18,93,916,666
2017,3,7,12,30,575,236,638,5.4,18.6,942,42,330,2.4000000000000004,0.18,96,948,759
2017,3,7,13,30,593,243,670,5.4,19.400000000000002,941,39.88,327,2.7,0.18,100,949,785
2017,3,7,14,30,610,220,641,5.6000000000000005,19.700000000000003,941,39.68,327,2.9000000000000004,0.18,99,937,746
2017,3,7,15,30,624,175,555,5.800000000000001,19.6,940,40.5,330,2.8000000000000003,0.18,95,904,646
2017,3,7,16,30,728,96,447,5.7,18.8,940,42.37,336,2.4000000000000004,0.18,86,840,491
2017,3,7,17,30,668,63,276,7.2,16.3,940,54.89,347,1.5,0.18,68,722,299
2017,3,7,18,30,0,7,7,9.1,13.4,940,75.27,181,1.2000000000000002,0.18,39,455,99
2017,3,7,19,30,0,0,0,6.4,11.9,941,69.14,14,1.3,0.18,0,0,0
2017,3,7,20,30,0,0,0,5.7,11.3,941,68.39,26,1.3,0.18,0,0,0
2017,3,7,21,30,0,0,0,5.1000000000000005,10.700000000000001,941,68.13,38,1.2000000000000002,0.18,0,0,0
2017,3,7,22,30,0,0,0,4.5,10.200000000000001,941,67.81,45,1.2000000000000002,0.18,0,0,0
2017,3,7,23,30,0,0,0,4.1000000000000005,9.4,941,69.58,49,1.3,0.18,0,0,0
2017,3,8,0,30,0,0,0,3.9000000000000004,8.9,941,70.71000000000001,51,1.3,0.18,0,0,0
2017,3,8,1,30,0,0,0,3.7,7.300000000000001,941,77.85000000000001,53,1.3,0.18,0,0,0
2017,3,8,2,30,0,0,0,3.5,6.6000000000000005,941,80.74,56,1.3,0.18,0,0,0
2017,3,8,3,30,0,0,0,3.4000000000000004,6,941,83.37,60,1.3,0.18,0,0,0
2017,3,8,4,30,0,0,0,3.3000000000000003,5.4,941,86.36,68,1.3,0.18,0,0,0
2017,3,8,5,30,0,0,0,3.2,5,941,88.31,76,1.3,0.18,0,0,0
2017,3,8,6,30,0,0,0,3.1,4.800000000000001,941,89.04,83,1.3,0.18,0,0,0
2017,3,8,7,30,0,0,0,3.1,6.4,942,79.60000000000001,86,1.3,0.18,0,0,0
2017,3,8,8,30,1,58,58,5.1000000000000005,10,942,71.48,87,1.7000000000000002,0.18,44,555,137
2017,3,8,9,30,167,146,205,5.300000000000001,13.600000000000001,943,57.230000000000004,86,1.9000000000000001,0.18,69,773,342
2017,3,8,10,30,383,200,396,5.800000000000001,16.8,943,48.39,85,1.9000000000000001,0.18,84,873,530
2017,3,8,11,30,519,219,547,4.5,19.1,943,38.02,85,1.8,0.18,93,923,675
2017,3,8,12,30,542,249,630,4.1000000000000005,20.400000000000002,943,34.24,79,1.6,0.18,98,950,767
2017,3,8,13,30,954,99,792,4.3,21.3,942,32.79,64,1.5,0.18,99,954,792
2017,3,8,14,30,656,204,660,4.6000000000000005,21.700000000000003,942,32.730000000000004,45,1.6,0.18,97,943,752
2017,3,8,15,30,728,141,588,4.9,21.6,941,33.62,34,1.8,0.18,92,910,650
2017,3,8,16,30,664,114,437,5.300000000000001,20.8,941,36.39,31,1.7000000000000002,0.18,85,841,494
2017,3,8,17,30,617,73,272,7.2,18.2,941,48.56,32,1.3,0.18,70,712,300
2017,3,8,18,30,119,48,64,9.4,15,941,69.13,36,1.2000000000000002,0.18,42,420,99
2017,3,8,19,30,0,0,0,6.2,13.200000000000001,941,62.39,43,1.3,0.18,0,0,0
2017,3,8,20,30,0,0,0,5.4,12.4,942,62.5,52,1.3,0.18,0,0,0
2017,3,8,21,30,0,0,0,4.800000000000001,11.600000000000001,942,63,61,1.4000000000000001,0.18,0,0,0
2017,3,8,22,30,0,0,0,4.3,10.9,942,63.7,71,1.4000000000000001,0.18,0,0,0
2017,3,8,23,30,0,0,0,3.9000000000000004,10.100000000000001,942,65.35,81,1.4000000000000001,0.18,0,0,0
2017,3,9,0,30,0,0,0,3.6,9.8,942,65.18,86,1.4000000000000001,0.18,0,0,0
2017,3,9,1,30,0,0,0,3.3000000000000003,8.9,942,67.95,99,1.4000000000000001,0.18,0,0,0
2017,3,9,2,30,0,0,0,3.1,8.5,942,68.59,106,1.4000000000000001,0.18,0,0,0
2017,3,9,3,30,0,0,0,2.8000000000000003,8.200000000000001,942,68.75,112,1.4000000000000001,0.18,0,0,0
2017,3,9,4,30,0,0,0,2.5,7.9,942,68.88,113,1.4000000000000001,0.18,0,0,0
2017,3,9,5,30,0,0,0,2.3000000000000003,7.6000000000000005,942,69.09,114,1.5,0.18,0,0,0
2017,3,9,6,30,0,0,0,2.1,7.5,942,68.47,115,1.5,0.18,0,0,0
2017,3,9,7,30,0,0,0,2.1,9.1,942,61.46,116,1.4000000000000001,0.18,0,0,0
2017,3,9,8,30,480,52,135,5.4,13.100000000000001,942,59.56,116,1.7000000000000002,0.18,52,480,135
2017,3,9,9,30,726,79,339,5.1000000000000005,16.8,942,46.02,115,2,0.18,79,726,339
2017,3,9,10,30,839,95,528,6,20,942,39.94,127,1.8,0.18,95,839,528
2017,3,9,11,30,899,104,676,5.9,22.900000000000002,942,33.26,147,1.7000000000000002,0.18,104,899,676
2017,3,9,12,30,924,109,764,5.7,24.3,942,30.22,152,1.5,0.18,109,924,764
2017,3,9,13,30,952,100,796,6,24.8,941,29.92,151,1.2000000000000002,0.18,100,952,796
2017,3,9,14,30,943,98,757,6.1000000000000005,25,941,29.79,146,1,0.18,98,943,757
2017,3,9,15,30,912,92,655,6,24.8,940,29.92,138,0.8,0.18,92,912,655
2017,3,9,16,30,856,81,500,6.2,24.200000000000003,940,31.45,131,0.7000000000000001,0.18,81,856,500
2017,3,9,17,30,736,66,306,7.2,23,939,36.11,125,0.5,0.18,66,736,306
2017,3,9,18,30,462,40,104,7.5,21.5,939,40.410000000000004,94,0.4,0.18,40,462,104
2017,3,9,19,30,0,0,0,4.2,20.200000000000003,940,34.89,55,0.4,0.18,0,0,0
2017,3,9,20,30,0,0,0,3.7,19.200000000000003,940,35.87,49,0.6000000000000001,0.18,0,0,0
2017,3,9,21,30,0,0,0,3.7,17.8,940,39.19,63,0.8,0.18,0,0,0
2017,3,9,22,30,0,0,0,3.9000000000000004,16.3,940,43.61,78,1,0.18,0,0,0
2017,3,9,23,30,0,0,0,3.9000000000000004,15,940,47.33,90,1.1,0.18,0,0,0
2017,3,10,0,30,0,0,0,3.5,14.5,940,47.74,96,1.1,0.18,0,0,0
2017,3,10,1,30,0,0,0,3.2,13.100000000000001,940,51.08,113,1.1,0.18,0,0,0
2017,3,10,2,30,0,0,0,2.8000000000000003,12.3,940,52.46,120,1.1,0.18,0,0,0
2017,3,10,3,30,0,0,0,2.4000000000000004,11.600000000000001,939,53.35,123,1.2000000000000002,0.18,0,0,0
2017,3,10,4,30,0,0,0,2.1,10.9,939,54.42,124,1.2000000000000002,0.18,0,0,0
2017,3,10,5,30,0,0,0,1.7000000000000002,10.100000000000001,939,56.1,125,1.3,0.18,0,0,0
2017,3,10,6,30,0,0,0,1.4000000000000001,9.600000000000001,939,56.56,124,1.4000000000000001,0.18,0,0,0
2017,3,10,7,30,0,0,0,1.2000000000000002,10.5,939,52.730000000000004,124,1.2000000000000002,0.18,0,0,0
2017,3,10,8,30,563,47,147,5.6000000000000005,13.700000000000001,939,58.02,125,1.4000000000000001,0.18,47,563,147
2017,3,10,9,30,788,69,356,4.2,17,939,42.51,127,1.5,0.18,69,788,356
2017,3,10,10,30,891,82,547,5,20.3,939,36.550000000000004,147,1.3,0.18,82,891,547
2017,3,10,11,30,944,90,696,4.4,23.400000000000002,939,29.05,180,1.4000000000000001,0.18,90,944,696
2017,3,10,12,30,970,94,787,3.3000000000000003,24.8,939,24.740000000000002,202,1.7000000000000002,0.18,94,970,787
2017,3,10,13,30,981,94,815,3.3000000000000003,25.3,938,24.060000000000002,216,1.7000000000000002,0.18,94,981,815
2017,3,10,14,30,966,91,772,3.4000000000000004,25.400000000000002,937,24.09,227,1.7000000000000002,0.18,91,966,772
2017,3,10,15,30,937,86,669,3.5,25.1,937,24.67,235,1.6,0.18,86,937,669
2017,3,10,16,30,879,77,511,4.4,24.200000000000003,936,27.740000000000002,240,1.3,0.18,77,879,511
2017,3,10,17,30,765,63,316,5.800000000000001,22.1,936,34.64,250,1.1,0.18,63,765,316
2017,3,10,18,30,502,39,110,9.1,19.200000000000003,936,51.95,265,1.1,0.18,39,502,110
2017,3,10,19,30,0,0,0,5.300000000000001,17.2,937,45.53,279,1.3,0.18,0,0,0
2017,3,10,20,30,0,0,0,5.300000000000001,15.700000000000001,937,49.92,290,1.3,0.18,0,0,0
2017,3,10,21,30,0,0,0,5.300000000000001,14.5,937,54.03,302,1.3,0.18,0,0,0
2017,3,10,22,30,0,0,0,5.2,13.5,937,57.18,315,1.3,0.18,0,0,0
2017,3,10,23,30,0,0,0,5.1000000000000005,12.700000000000001,937,59.67,328,1.3,0.18,0,0,0
2017,3,11,0,30,0,0,0,5,12.3,937,60.89,335,1.2000000000000002,0.18,0,0,0
2017,3,11,1,30,0,0,0,4.9,11.5,937,63.93,353,1.2000000000000002,0.18,0,0,0
2017,3,11,2,30,0,0,0,4.800000000000001,11.200000000000001,936,64.91,186,1.1,0.18,0,0,0
2017,3,11,3,30,0,0,0,4.800000000000001,10.8,936,66.37,19,1.1,0.18,0,0,0
2017,3,11,4,30,0,0,0,4.7,10.3,936,68.45,34,1,0.18,0,0,0
2017,3,11,5,30,0,0,0,4.7,9.9,936,70.29,53,0.9,0.18,0,0,0
2017,3,11,6,30,0,0,0,4.800000000000001,9.5,936,72.3,74,0.8,0.18,0,0,0
2017,3,11,7,30,0,0,0,4.800000000000001,10.200000000000001,936,69.10000000000001,92,0.9,0.18,0,0,0
2017,3,11,8,30,578,46,152,7,12.5,936,69.13,108,1.2000000000000002,0.18,46,578,152
2017,3,11,9,30,797,67,361,6.7,15.5,936,55.910000000000004,136,1.2000000000000002,0.18,67,797,361
2017,3,11,10,30,895,80,551,7.6000000000000005,19,936,47.7,207,1.5,0.18,80,895,551
2017,3,11,11,30,946,88,699,6,21.5,935,36.53,260,2.4000000000000004,0.18,88,946,699
2017,3,11,12,30,965,93,787,5.5,22.8,935,32.63,263,2.9000000000000004,0.18,93,965,787
2017,3,11,13,30,974,91,811,5.2,23.6,934,30.330000000000002,269,3.2,0.18,91,974,811
2017,3,11,14,30,116,345,427,5,24,934,29.37,276,3.3000000000000003,0.18,91,955,767
2017,3,11,15,30,208,296,426,5.1000000000000005,23.700000000000003,933,30.060000000000002,281,3.4000000000000004,0.18,90,913,661
2017,3,11,16,30,318,206,364,6,22.400000000000002,933,34.64,284,3,0.18,81,844,502
2017,3,11,17,30,146,137,186,8.9,19.5,933,50.31,288,2.3000000000000003,0.18,70,711,307
2017,3,11,18,30,175,51,76,10.600000000000001,16.2,933,69.46000000000001,294,1.9000000000000001,0.18,44,422,105
2017,3,11,19,30,0,0,0,9.8,14.4,934,73.67,300,2,0.18,0,0,0
2017,3,11,20,30,0,0,0,9.8,13.4,934,78.78,305,2.1,0.18,0,0,0
2017,3,11,21,30,0,0,0,9.700000000000001,12.3,935,84.19,307,1.8,0.18,0,0,0
2017,3,11,22,30,0,0,0,9.5,11.200000000000001,935,89.17,307,1.4000000000000001,0.18,0,0,0
2017,3,11,23,30,0,0,0,9.1,10.100000000000001,935,93.52,305,1.1,0.18,0,0,0
2017,3,12,0,30,0,0,0,8.700000000000001,9.700000000000001,935,93.57000000000001,304,1,0.18,0,0,0
2017,3,12,1,30,0,0,0,8.6,9.1,934,96.43,307,0.9,0.18,0,0,0
2017,3,12,2,30,0,0,0,8.5,8.6,934,99.46000000000001,318,0.9,0.18,0,0,0
2017,3,12,3,30,0,0,0,8.1,8.1,934,100,330,0.9,0.18,0,0,0
2017,3,12,4,30,0,0,0,7.7,7.7,933,100,340,0.9,0.18,0,0,0
2017,3,12,5,30,0,0,0,7.300000000000001,7.300000000000001,933,100,350,1,0.18,0,0,0
2017,3,12,6,30,0,0,0,7.1000000000000005,7.1000000000000005,933,100,178,1,0.18,0,0,0
2017,3,12,7,30,0,0,0,7.300000000000001,7.800000000000001,934,96.44,1,1.5,0.18,0,0,0
2017,3,12,8,30,4,65,66,7.300000000000001,9.700000000000001,934,84.78,2,2,0.18,55,501,149
2017,3,12,9,30,173,156,221,7.5,12.200000000000001,934,72.76,178,2.3000000000000003,0.18,79,737,354
2017,3,12,10,30,302,227,388,7.6000000000000005,15.100000000000001,934,60.94,345,2.9000000000000004,0.18,90,851,543
2017,3,12,11,30,914,96,691,7,17.2,934,51.02,334,3.5,0.18,96,914,691
2017,3,12,12,30,951,98,785,6.6000000000000005,18.400000000000002,934,46.02,328,3.8000000000000003,0.18,98,951,785
2017,3,12,13,30,966,95,814,6.300000000000001,19.1,933,43.08,321,3.9000000000000004,0.18,95,966,814
2017,3,12,14,30,958,92,774,6,19.3,932,41.72,311,4.2,0.18,92,958,774
2017,3,12,15,30,933,85,672,5.7,19,931,41.59,304,4.5,0.18,85,933,672
2017,3,12,16,30,876,74,514,5.2,17.900000000000002,931,43.31,302,4.7,0.18,74,876,514
2017,3,12,17,30,761,62,318,5,15.8,930,48.72,305,4.4,0.18,62,761,318
2017,3,12,18,30,222,51,84,5.5,13,931,60.56,314,4.3,0.18,40,490,113
2017,3,12,19,30,0,0,0,5.300000000000001,10.8,931,69.01,333,5.2,0.18,0,0,0
2017,3,12,20,30,0,0,0,4,9.1,932,70.46000000000001,352,6,0.18,0,0,0
2017,3,12,21,30,0,0,0,2.8000000000000003,7.5,933,71.88,181,5.9,0.18,0,0,0
2017,3,12,22,30,0,0,0,2.4000000000000004,6.4,933,75.59,5,5.6000000000000005,0.18,0,0,0
2017,3,12,23,30,0,0,0,2.2,5.7,933,78.33,5,5.4,0.18,0,0,0
2017,3,13,0,30,0,0,0,2,5.4,933,78.67,3,5.2,0.18,0,0,0
2017,3,13,1,30,0,0,0,1.9000000000000001,4.9,933,81.04,358,5.2,0.18,0,0,0
2017,3,13,2,30,0,0,0,2,4.6000000000000005,932,83.16,355,5.4,0.18,0,0,0
2017,3,13,3,30,0,0,0,1.9000000000000001,4.2,932,85.16,354,5.6000000000000005,0.18,0,0,0
2017,3,13,4,30,0,0,0,1.7000000000000002,3.8000000000000003,931,86.28,352,5.7,0.18,0,0,0
2017,3,13,5,30,0,0,0,1.6,3.5,931,87.35000000000001,352,5.800000000000001,0.18,0,0,0
2017,3,13,6,30,0,0,0,1.6,3.2,931,89.33,352,6,0.18,0,0,0
2017,3,13,7,30,0,0,0,1.7000000000000002,3.3000000000000003,931,89.25,354,6.300000000000001,0.18,0,0,0
2017,3,13,8,30,0,9,9,2,3.9000000000000004,931,87.21000000000001,178,6.6000000000000005,0.18,52,538,156
2017,3,13,9,30,0,17,17,2.4000000000000004,4.7,931,84.97,3,6.9,0.18,74,756,361
2017,3,13,10,30,0,30,30,2.8000000000000003,5.4,931,83.26,9,7.1000000000000005,0.18,88,853,546
2017,3,13,11,30,0,44,44,3.2,6,931,82.18,16,7.1000000000000005,0.18,95,905,688
2017,3,13,12,30,0,47,47,3.7,6.800000000000001,931,80.37,21,7,0.18,100,929,777
2017,3,13,13,30,0,71,71,4.4,8.1,931,77.47,24,7.1000000000000005,0.18,122,895,792
2017,3,13,14,30,0,53,53,5.4,9.600000000000001,931,74.83,30,7.6000000000000005,0.18,124,875,751
2017,3,13,15,30,0,94,94,5.800000000000001,10.4,931,73.24,36,7.800000000000001,0.18,125,822,646
2017,3,13,16,30,0,26,26,5.800000000000001,10.4,931,73.31,36,7.6000000000000005,0.18,111,755,493
2017,3,13,17,30,0,30,30,5.9,9.700000000000001,932,77.01,35,6.9,0.18,90,622,303
2017,3,13,18,30,0,7,7,6,8.700000000000001,932,83.41,35,6.2,0.18,54,339,106
2017,3,13,19,30,0,0,0,6.2,8,933,88.43,38,6.1000000000000005,0.18,0,0,0
2017,3,13,20,30,0,0,0,6.2,7.4,934,92.02,43,6,0.18,0,0,0
2017,3,13,21,30,0,0,0,5.9,6.800000000000001,934,93.94,48,5.7,0.18,0,0,0
2017,3,13,22,30,0,0,0,5.6000000000000005,6.4,934,94.57000000000001,53,5.300000000000001,0.18,0,0,0
2017,3,13,23,30,0,0,0,5.6000000000000005,6.4,935,94.76,58,5,0.18,0,0,0
2017,3,14,0,30,0,0,0,5.9,6.5,935,95.63,61,4.800000000000001,0.18,0,0,0
2017,3,14,1,30,0,0,0,6.1000000000000005,6.6000000000000005,935,96.33,68,4.4,0.18,0,0,0
2017,3,14,2,30,0,0,0,6.1000000000000005,6.6000000000000005,935,96.79,70,4.3,0.18,0,0,0
2017,3,14,3,30,0,0,0,6.2,6.7,935,96.41,71,4.4,0.18,0,0,0
2017,3,14,4,30,0,0,0,6.300000000000001,6.9,935,95.98,69,4.5,0.18,0,0,0
2017,3,14,5,30,0,0,0,6.300000000000001,7,936,95.57000000000001,67,4.7,0.18,0,0,0
2017,3,14,6,30,0,0,0,6.300000000000001,7,936,95.08,67,4.9,0.18,0,0,0
2017,3,14,7,30,0,0,0,6.2,7.2,936,93.26,64,5,0.18,0,0,0
2017,3,14,8,30,0,8,8,6.300000000000001,7.800000000000001,937,90.48,58,5.300000000000001,0.18,76,347,145
2017,3,14,9,30,0,18,18,6.800000000000001,8.9,937,86.46000000000001,58,6.2,0.18,134,514,331
2017,3,14,10,30,0,43,43,7,10,937,81.35000000000001,68,7.300000000000001,0.18,193,565,500
2017,3,14,11,30,54,290,326,6.800000000000001,11,937,75.43,77,8,0.18,236,603,635
2017,3,14,12,30,57,331,373,6.5,12.3,937,67.92,80,8.4,0.18,231,676,727
2017,3,14,13,30,0,135,135,6.4,13.8,937,60.95,83,8.8,0.18,181,788,775
2017,3,14,14,30,96,347,416,6.2,14.200000000000001,936,58.56,85,8.6,0.18,178,773,735
2017,3,14,15,30,461,244,538,5.800000000000001,13.8,937,58.56,85,8,0.18,167,733,635
2017,3,14,16,30,178,229,320,5.6000000000000005,13.600000000000001,937,58.52,84,7.1000000000000005,0.18,144,667,483
2017,3,14,17,30,163,142,198,5.4,12.8,937,60.800000000000004,82,6.1000000000000005,0.18,113,529,295
2017,3,14,18,30,0,51,51,5,11.100000000000001,938,66.1,79,5.2,0.18,64,243,102
2017,3,14,19,30,0,0,0,4.7,9.5,938,71.88,76,4.7,0.18,0,0,0
2017,3,14,20,30,0,0,0,4.7,8.4,939,77.3,75,4.5,0.18,0,0,0
2017,3,14,21,30,0,0,0,4.6000000000000005,7.7,939,80.7,76,4.4,0.18,0,0,0
2017,3,14,22,30,0,0,0,4.2,7.1000000000000005,939,81.59,79,4.3,0.18,0,0,0
2017,3,14,23,30,0,0,0,3.4000000000000004,6.5,939,80.81,80,4.2,0.18,0,0,0
2017,3,15,0,30,0,0,0,2.8000000000000003,6.2,939,78.7,80,4.2,0.18,0,0,0
2017,3,15,1,30,0,0,0,2.4000000000000004,5.300000000000001,939,81.4,73,3.8000000000000003,0.18,0,0,0
2017,3,15,2,30,0,0,0,2.3000000000000003,4.7,938,84.48,66,3.5,0.18,0,0,0
2017,3,15,3,30,0,0,0,2.4000000000000004,4.2,938,88.13,61,3.6,0.18,0,0,0
2017,3,15,4,30,0,0,0,2.6,3.8000000000000003,938,91.89,58,3.7,0.18,0,0,0
2017,3,15,5,30,0,0,0,2.8000000000000003,3.4000000000000004,938,96.06,57,3.8000000000000003,0.18,0,0,0
2017,3,15,6,30,0,0,0,3,3.2,938,98.88,57,3.8000000000000003,0.18,0,0,0
2017,3,15,7,30,0,0,0,3.2,4.1000000000000005,938,93.55,60,4.2,0.18,0,0,0
2017,3,15,8,30,558,57,172,3.6,6.6000000000000005,938,81.02,69,5.1000000000000005,0.18,57,558,172
2017,3,15,9,30,783,79,384,3.8000000000000003,9.5,938,67.41,79,6,0.18,79,783,384
2017,3,15,10,30,903,83,577,3,12.200000000000001,938,53.24,84,6.5,0.18,83,903,577
2017,3,15,11,30,952,88,721,2.3000000000000003,14.200000000000001,938,44.6,86,6.800000000000001,0.18,88,952,721
2017,3,15,12,30,977,91,812,2.3000000000000003,15.8,937,40.2,87,6.9,0.18,91,977,812
2017,3,15,13,30,967,98,831,2.5,16.7,937,38.410000000000004,88,6.800000000000001,0.18,98,967,831
2017,3,15,14,30,955,97,789,2.5,16.900000000000002,936,38.01,89,6.7,0.18,97,955,789
2017,3,15,15,30,918,94,684,2.4000000000000004,16.6,936,38.57,91,6.4,0.18,94,918,684
2017,3,15,16,30,879,79,530,2.3000000000000003,15.700000000000001,935,40.37,92,5.9,0.18,79,879,530
2017,3,15,17,30,765,66,332,2.2,13.9,936,45.24,93,4.800000000000001,0.18,66,765,332
2017,3,15,18,30,516,43,124,2.7,11,936,56.69,93,3.5,0.18,43,516,124
2017,3,15,19,30,0,0,0,3,8.5,937,68.27,93,2.9000000000000004,0.18,0,0,0
2017,3,15,20,30,0,0,0,3,7.2,937,74.61,94,2.7,0.18,0,0,0
2017,3,15,21,30,0,0,0,3.1,6.1000000000000005,937,80.9,94,2.5,0.18,0,0,0
2017,3,15,22,30,0,0,0,3.1,5.2,937,86.51,91,2.4000000000000004,0.18,0,0,0
2017,3,15,23,30,0,0,0,3.3000000000000003,4.5,937,91.67,87,2.4000000000000004,0.18,0,0,0
2017,3,16,0,30,0,0,0,3.5,4.2,937,95.47,84,2.5,0.18,0,0,0
2017,3,16,1,30,0,0,0,3.5,3.5,936,100,78,2.8000000000000003,0.18,0,0,0
2017,3,16,2,30,0,0,0,3.5,3.5,936,100,76,3.1,0.18,0,0,0
2017,3,16,3,30,0,0,0,3.7,3.7,936,100,73,3.5,0.18,0,0,0
2017,3,16,4,30,0,0,0,3.8000000000000003,3.8000000000000003,935,99.75,71,3.9000000000000004,0.18,0,0,0
2017,3,16,5,30,0,0,0,3.6,3.8000000000000003,935,98.53,70,4,0.18,0,0,0
2017,3,16,6,30,0,0,0,3.5,3.8000000000000003,936,97.69,73,4.1000000000000005,0.18,0,0,0
2017,3,16,7,30,0,0,0,3.3000000000000003,4.3,936,92.93,79,4.5,0.18,0,0,0
2017,3,16,8,30,535,63,176,3,6.1000000000000005,936,80.77,85,5.1000000000000005,0.18,63,535,176
2017,3,16,9,30,781,83,391,2.5,9.1,936,63.56,94,5.5,0.18,83,781,391
2017,3,16,10,30,884,93,581,1.5,12.200000000000001,936,47.95,103,5.7,0.18,93,884,581
2017,3,16,11,30,938,100,730,0.6000000000000001,14.5,936,38.81,110,5.7,0.18,100,938,730
2017,3,16,12,30,964,105,821,0.5,16.2,935,34.52,114,5.6000000000000005,0.18,105,964,821
2017,3,16,13,30,982,96,845,1,17.2,935,33.49,116,5.5,0.18,96,982,845
2017,3,16,14,30,972,94,803,1.6,17.5,934,34.34,116,5.4,0.18,94,972,803
2017,3,16,15,30,941,90,698,2,17.1,934,36.33,115,5.300000000000001,0.18,90,941,698
2017,3,16,16,30,889,80,539,2.1,16.1,934,38.9,115,5.1000000000000005,0.18,80,889,539
2017,3,16,17,30,779,67,341,2,14,934,44.33,113,4.3,0.18,67,779,341
2017,3,16,18,30,536,44,131,2.4000000000000004,10.600000000000001,934,56.77,110,3.1,0.18,44,536,131
2017,3,16,19,30,0,0,0,2.4000000000000004,7.800000000000001,935,68.79,107,2.4000000000000004,0.18,0,0,0
2017,3,16,20,30,0,0,0,2,6.4,935,73.55,102,2.3000000000000003,0.18,0,0,0
2017,3,16,21,30,0,0,0,1.8,5.300000000000001,935,78.4,97,2.2,0.18,0,0,0
2017,3,16,22,30,0,0,0,1.9000000000000001,4.5,935,83.32000000000001,93,2.3000000000000003,0.18,0,0,0
2017,3,16,23,30,0,0,0,2.2,4.1000000000000005,935,87.28,90,2.5,0.18,0,0,0
2017,3,17,0,30,0,0,0,2.5,3.9000000000000004,935,90.78,89,2.7,0.18,0,0,0
2017,3,17,1,30,0,0,0,2.9000000000000004,3.2,934,97.63,88,3.1,0.18,0,0,0
2017,3,17,2,30,0,0,0,2.8000000000000003,2.8000000000000003,934,100,87,3.2,0.18,0,0,0
2017,3,17,3,30,0,0,0,2.5,2.5,934,100,87,3.4000000000000004,0.18,0,0,0
2017,3,17,4,30,0,0,0,2.5,2.5,934,100,87,3.5,0.18,0,0,0
2017,3,17,5,30,0,0,0,2.4000000000000004,2.4000000000000004,934,100,86,3.6,0.18,0,0,0
2017,3,17,6,30,0,0,0,2.3000000000000003,2.4000000000000004,934,99.26,87,3.6,0.18,0,0,0
2017,3,17,7,30,21,10,11,2.1,3.3000000000000003,935,91.79,85,3.8000000000000003,0.18,10,21,11
2017,3,17,8,30,0,74,74,2.2,5.800000000000001,935,77.7,88,4.3,0.18,72,465,172
2017,3,17,9,30,215,167,252,2.3000000000000003,9.200000000000001,936,61.88,96,4.5,0.18,103,690,379
2017,3,17,10,30,380,224,436,2.2,12.5,936,49.38,105,4.3,0.18,125,786,564
2017,3,17,11,30,508,243,587,2.3000000000000003,14.9,936,42.51,105,3.8000000000000003,0.18,140,838,705
2017,3,17,12,30,539,273,676,2.7,16.400000000000002,935,39.92,100,3.4000000000000004,0.18,149,862,793
2017,3,17,13,30,538,286,699,3.3000000000000003,17.3,935,39.38,97,3.2,0.18,151,865,815
2017,3,17,14,30,583,252,679,3.8000000000000003,17.6,934,39.87,98,3.1,0.18,153,842,771
2017,3,17,15,30,379,276,523,4,17.6,934,40.57,100,2.9000000000000004,0.18,148,791,662
2017,3,17,16,30,693,117,477,4.1000000000000005,17,934,42.38,102,2.7,0.18,135,709,504
2017,3,17,17,30,562,111,310,4.4,15,934,49.120000000000005,102,2,0.18,111,562,310
2017,3,17,18,30,283,66,113,7.1000000000000005,11.600000000000001,934,74.09,101,1.4000000000000001,0.18,66,283,113
2017,3,17,19,30,0,0,0,5.4,9.3,935,76.42,103,1.5,0.18,0,0,0
2017,3,17,20,30,0,0,0,4.7,8.3,936,78.01,109,1.7000000000000002,0.18,0,0,0
2017,3,17,21,30,0,0,0,4.2,7.300000000000001,936,80.71000000000001,115,1.8,0.18,0,0,0
2017,3,17,22,30,0,0,0,3.8000000000000003,6.4,936,83.58,119,1.7000000000000002,0.18,0,0,0
2017,3,17,23,30,0,0,0,3.5,5.4,936,87.59,116,1.6,0.18,0,0,0
2017,3,18,0,30,0,0,0,3.1,5,936,87.71000000000001,114,1.5,0.18,0,0,0
2017,3,18,1,30,0,0,0,2.7,3.9000000000000004,936,91.87,100,1.3,0.2,0,0,0
2017,3,18,2,30,0,0,0,2.3000000000000003,3.3000000000000003,936,93.48,91,1.3,0.2,0,0,0
2017,3,18,3,30,0,0,0,2.1,2.8000000000000003,936,94.92,83,1.4000000000000001,0.2,0,0,0
2017,3,18,4,30,0,0,0,1.8,2.5,936,95.04,77,1.6,0.2,0,0,0
2017,3,18,5,30,0,0,0,1.5,2.4000000000000004,936,94.11,75,1.8,0.2,0,0,0
2017,3,18,6,30,0,0,0,1.4000000000000001,2.5,936,92.66,77,2,0.2,0,0,0
2017,3,18,7,30,28,12,13,1.6,4.5,936,81.42,79,2.7,0.2,12,28,13
2017,3,18,8,30,499,69,179,2.3000000000000003,7.9,936,67.5,79,3.2,0.2,69,499,179
2017,3,18,9,30,728,95,390,3.2,11.700000000000001,937,55.79,87,2.8000000000000003,0.2,95,728,390
2017,3,18,10,30,841,108,581,2.4000000000000004,15.200000000000001,937,42.22,99,2.4000000000000004,0.2,108,841,581
2017,3,18,11,30,901,116,729,2.2,17.2,937,36.550000000000004,98,1.8,0.2,116,901,729
2017,3,18,12,30,932,119,820,2.4000000000000004,18.400000000000002,936,34.47,85,1.5,0.2,119,932,820
2017,3,18,13,30,971,103,852,2.6,19.200000000000003,936,33.09,74,1.5,0.2,103,971,852
2017,3,18,14,30,961,101,810,2.5,19.5,935,32.38,70,1.6,0.2,101,961,810
2017,3,18,15,30,931,96,704,2.4000000000000004,19.5,935,32.15,68,1.7000000000000002,0.2,96,931,704
2017,3,18,16,30,878,85,545,2.4000000000000004,19,934,33.2,62,1.6,0.2,85,878,545
2017,3,18,17,30,768,70,346,3.6,17,934,40.72,50,1.2000000000000002,0.2,70,768,346
2017,3,18,18,30,528,46,135,7.5,13.9,934,65.53,37,1.1,0.2,46,528,135
2017,3,18,19,30,0,0,0,4,11.700000000000001,935,59.410000000000004,34,1.3,0.2,0,0,0
2017,3,18,20,30,0,0,0,3.3000000000000003,10.5,935,61.09,42,1.3,0.2,0,0,0
2017,3,18,21,30,0,0,0,2.7,9.600000000000001,935,62.06,58,1.3,0.2,0,0,0
2017,3,18,22,30,0,0,0,2.1,8.9,936,62.230000000000004,78,1.3,0.2,0,0,0
2017,3,18,23,30,0,0,0,1.5,8.3,936,62.4,98,1.3,0.2,0,0,0
2017,3,19,0,30,0,0,0,1.1,7.9,936,62.02,107,1.2000000000000002,0.2,0,0,0
2017,3,19,1,30,0,0,0,0.6000000000000001,7,936,63.980000000000004,121,1.2000000000000002,0.2,0,0,0
2017,3,19,2,30,0,0,0,0.2,6.6000000000000005,936,63.65,127,1.1,0.2,0,0,0
2017,3,19,3,30,0,0,0,-0.2,6.1000000000000005,936,63.9,132,1.1,0.2,0,0,0
2017,3,19,4,30,0,0,0,-0.5,5.300000000000001,935,66.11,137,1.2000000000000002,0.2,0,0,0
2017,3,19,5,30,0,0,0,-0.8,4.6000000000000005,935,68.1,141,1.2000000000000002,0.2,0,0,0
2017,3,19,6,30,0,0,0,-1.1,4.3,935,68.09,143,1.2000000000000002,0.2,0,0,0
2017,3,19,7,30,154,14,18,-0.8,6,935,61.84,140,1.2000000000000002,0.2,14,154,18
2017,3,19,8,30,646,53,198,1.8,9.3,935,59.660000000000004,135,1.4000000000000001,0.2,53,646,198
2017,3,19,9,30,826,73,412,0.9,12.700000000000001,935,44.34,125,1.2000000000000002,0.2,73,826,412
2017,3,19,10,30,914,85,603,1.7000000000000002,16.2,935,37.61,100,0.8,0.2,85,914,603
2017,3,19,11,30,954,92,746,0.4,18.7,935,29.21,80,0.8,0.2,92,954,746
2017,3,19,12,30,978,96,836,0.30000000000000004,20,934,26.77,73,1,0.2,96,978,836
2017,3,19,13,30,990,91,859,0.6000000000000001,20.700000000000003,933,26.2,64,1.2000000000000002,0.2,91,990,859
2017,3,19,14,30,980,89,817,0.9,21,932,26.2,52,1.3,0.2,89,980,817
2017,3,19,15,30,949,84,707,1.1,20.900000000000002,932,26.86,40,1.5,0.2,84,949,707
2017,3,19,16,30,897,75,549,1.4000000000000001,20.3,931,28.46,32,1.4000000000000001,0.2,75,897,549
2017,3,19,17,30,796,63,351,2.6,18.6,931,34.46,20,1.1,0.2,63,796,351
2017,3,19,18,30,576,41,140,6.4,16.2,931,52.08,179,0.9,0.2,41,576,140
2017,3,19,19,30,0,0,0,3.1,14.600000000000001,931,45.95,336,1.1,0.2,0,0,0
2017,3,19,20,30,0,0,0,2.8000000000000003,13.700000000000001,931,47.68,319,1.1,0.2,0,0,0
2017,3,19,21,30,0,0,0,2.9000000000000004,13,931,50.410000000000004,310,1.1,0.2,0,0,0
2017,3,19,22,30,0,0,0,3.2,12.4,931,53.29,310,1.1,0.2,0,0,0
2017,3,19,23,30,0,0,0,3.2,12,931,54.84,314,1,0.2,0,0,0
2017,3,20,0,30,0,0,0,3,11.8,931,54.84,317,1,0.2,0,0,0
2017,3,20,1,30,0,0,0,3,10.9,931,58.03,326,0.9,0.19,0,0,0
2017,3,20,2,30,0,0,0,2.9000000000000004,10.100000000000001,930,60.870000000000005,332,0.8,0.19,0,0,0
2017,3,20,3,30,0,0,0,2.8000000000000003,9.4,930,63.550000000000004,334,0.8,0.19,0,0,0
2017,3,20,4,30,0,0,0,2.8000000000000003,8.8,930,66.03,331,0.8,0.19,0,0,0
2017,3,20,5,30,0,0,0,2.9000000000000004,8.4,930,68.33,321,0.8,0.19,0,0,0
2017,3,20,6,30,0,0,0,3,8,930,70.69,295,0.8,0.19,0,0,0
2017,3,20,7,30,183,14,20,3.5,9,930,68.27,259,1,0.19,14,183,20
2017,3,20,8,30,621,51,195,5.2,11.3,931,66.05,235,1.4000000000000001,0.19,51,621,195
2017,3,20,9,30,793,72,401,5.6000000000000005,14.5,931,55.09,247,1.9000000000000001,0.19,72,793,401
2017,3,20,10,30,877,84,586,6.2,17.900000000000002,931,46.37,272,2.6,0.19,84,877,586
2017,3,20,11,30,919,93,727,5.7,20.1,931,39.050000000000004,281,3.1,0.19,93,919,727
2017,3,20,12,30,938,100,813,5.800000000000001,21.200000000000003,931,36.72,284,3.3000000000000003,0.19,100,938,813
2017,3,20,13,30,939,101,834,5.800000000000001,21.8,930,35.45,287,3.5,0.19,101,939,834
2017,3,20,14,30,925,101,791,5.800000000000001,21.900000000000002,930,35.04,288,3.7,0.19,101,925,791
2017,3,20,15,30,891,98,687,5.7,21.6,929,35.52,290,3.8000000000000003,0.19,98,891,687
2017,3,20,16,30,820,92,528,5.800000000000001,20.6,929,37.97,291,3.6,0.19,92,820,528
2017,3,20,17,30,704,77,335,6.800000000000001,18.5,930,46.33,290,2.8000000000000003,0.19,77,704,335
2017,3,20,18,30,478,49,133,9,15.100000000000001,930,67.01,289,2.1,0.19,49,478,133
2017,3,20,19,30,0,0,0,8.200000000000001,12.600000000000001,931,74.38,290,2.1,0.19,0,0,0
2017,3,20,20,30,0,0,0,7.800000000000001,11.3,931,78.87,290,2.2,0.19,0,0,0
2017,3,20,21,30,0,0,0,7.5,10.200000000000001,932,83.46000000000001,288,2.1,0.19,0,0,0
2017,3,20,22,30,0,0,0,7.300000000000001,9.3,932,87.23,280,2,0.19,0,0,0
2017,3,20,23,30,0,0,0,7.2,8.5,932,91.26,271,1.9000000000000001,0.19,0,0,0
2017,3,21,0,30,0,0,0,7.2,8.1,932,93.97,266,1.9000000000000001,0.19,0,0,0
2017,3,21,1,30,0,0,0,6.9,6.9,931,100,255,1.8,0.19,0,0,0
2017,3,21,2,30,0,0,0,6.2,6.2,931,100,249,1.7000000000000002,0.19,0,0,0
2017,3,21,3,30,0,0,0,6,6,931,100,244,1.8,0.19,0,0,0
2017,3,21,4,30,0,0,0,6.4,6.4,931,100,239,2.3000000000000003,0.19,0,0,0
2017,3,21,5,30,0,0,0,6.6000000000000005,6.6000000000000005,931,100,237,2.7,0.19,0,0,0
2017,3,21,6,30,0,0,0,6.6000000000000005,6.6000000000000005,932,99.88,236,2.8000000000000003,0.19,0,0,0
2017,3,21,7,30,0,3,3,6.2,6.800000000000001,932,96.02,241,3.1,0.19,18,85,21
2017,3,21,8,30,0,18,18,6.2,7.9,932,88.86,251,3.5,0.19,76,501,195
2017,3,21,9,30,0,20,20,6.4,9.700000000000001,933,79.77,257,3.9000000000000004,0.19,100,732,408
2017,3,21,10,30,153,268,357,6.6000000000000005,11.9,933,69.77,262,4.3,0.19,108,854,601
2017,3,21,11,30,395,297,572,6.2,14,933,59.300000000000004,266,4.6000000000000005,0.19,110,925,753
2017,3,21,12,30,343,354,617,5.2,15.3,932,51.02,269,4.9,0.19,113,952,842
2017,3,21,13,30,490,309,693,4.3,15.700000000000001,932,46.58,271,5.2,0.19,121,946,863
2017,3,21,14,30,293,358,577,3.8000000000000003,15.4,932,45.82,273,5.2,0.19,117,931,815
2017,3,21,15,30,270,310,489,3.6,14.8,932,47.050000000000004,275,5.1000000000000005,0.19,107,908,711
2017,3,21,16,30,416,204,426,3.8000000000000003,14.200000000000001,932,49.51,277,4.9,0.19,90,856,547
2017,3,21,17,30,0,118,118,4.3,13.100000000000001,932,55.160000000000004,278,4.3,0.19,68,770,352
2017,3,21,18,30,341,55,116,5.300000000000001,11.4,932,66.32000000000001,279,3.4000000000000004,0.19,43,559,143
2017,3,21,19,30,0,0,0,6.5,10.100000000000001,932,78.22,279,3.1,0.19,0,0,0
2017,3,21,20,30,0,0,0,7.300000000000001,9.4,933,86.5,279,3,0.19,0,0,0
2017,3,21,21,30,0,0,0,7.7,8.3,933,95.72,275,2.6,0.19,0,0,0
2017,3,21,22,30,0,0,0,7.4,7.4,933,100,268,2.4000000000000004,0.19,0,0,0
2017,3,21,23,30,0,0,0,7.1000000000000005,7.1000000000000005,933,100,268,2.7,0.19,0,0,0
2017,3,22,0,30,0,0,0,7.1000000000000005,7.1000000000000005,933,100,270,3,0.19,0,0,0
2017,3,22,1,30,0,0,0,6.6000000000000005,6.6000000000000005,933,100,280,3,0.2,0,0,0
2017,3,22,2,30,0,0,0,6.1000000000000005,6.1000000000000005,933,100,285,2.8000000000000003,0.2,0,0,0
2017,3,22,3,30,0,0,0,5.6000000000000005,5.6000000000000005,933,100,286,2.4000000000000004,0.2,0,0,0
2017,3,22,4,30,0,0,0,5.1000000000000005,5.1000000000000005,932,100,282,2,0.2,0,0,0
2017,3,22,5,30,0,0,0,4.800000000000001,4.800000000000001,932,100,276,1.9000000000000001,0.2,0,0,0
2017,3,22,6,30,0,0,0,4.4,4.7,931,98.10000000000001,266,2,0.2,0,0,0
2017,3,22,7,30,0,9,9,4.2,5.1000000000000005,932,93.98,260,2.4000000000000004,0.2,19,145,26
2017,3,22,8,30,46,91,102,4.3,6.6000000000000005,932,85.19,262,3,0.2,69,569,206
2017,3,22,9,30,286,171,293,3.8000000000000003,8.5,932,72.46000000000001,265,3.8000000000000003,0.2,96,758,419
2017,3,22,10,30,302,255,430,1.9000000000000001,9.8,932,58.1,270,4.4,0.2,109,860,610
2017,3,22,11,30,157,342,452,0.4,10.5,932,49.78,271,4.7,0.2,114,926,762
2017,3,22,12,30,99,376,453,-0.30000000000000004,11,931,45.76,266,4.800000000000001,0.2,113,954,848
2017,3,22,13,30,400,346,661,-0.5,11.5,930,43.44,257,5,0.2,106,973,874
2017,3,22,14,30,234,371,548,-0.1,12.100000000000001,929,43.050000000000004,251,5.4,0.2,94,976,829
2017,3,22,15,30,193,322,451,0.7000000000000001,12.3,928,45.160000000000004,247,5.9,0.2,83,956,722
2017,3,22,16,30,871,84,553,1.6,11.600000000000001,927,50.2,247,6,0.2,84,871,553
2017,3,22,17,30,724,80,349,2.6,10.3,927,58.730000000000004,251,5.7,0.2,80,724,349
2017,3,22,18,30,198,65,101,3.8000000000000003,8.5,927,72.06,258,4.9,0.2,60,423,137
2017,3,22,19,30,0,0,0,4.800000000000001,7,927,85.69,270,4.3,0.2,0,0,0
2017,3,22,20,30,0,0,0,5,5.9,928,93.73,280,4,0.2,0,0,0
2017,3,22,21,30,0,0,0,4.3,4.9,928,96.19,285,3.5,0.2,0,0,0
2017,3,22,22,30,0,0,0,3.5,4,928,96.66,284,3.1,0.2,0,0,0
2017,3,22,23,30,0,0,0,2.8000000000000003,3,928,98.69,282,2.6,0.2,0,0,0
2017,3,23,0,30,0,0,0,2.3000000000000003,2.5,928,98.75,280,2.3000000000000003,0.2,0,0,0
2017,3,23,1,30,0,0,0,1.9000000000000001,2,928,99.12,284,2.9000000000000004,0.2,0,0,0
2017,3,23,2,30,0,0,0,1.3,1.5,927,98.60000000000001,288,3,0.2,0,0,0
2017,3,23,3,30,0,0,0,0.6000000000000001,0.9,927,98.05,290,2.6,0.2,0,0,0
2017,3,23,4,30,0,0,0,0,0.5,927,96.61,287,2.4000000000000004,0.2,0,0,0
2017,3,23,5,30,0,0,0,-0.4,0.4,927,94.60000000000001,280,2.4000000000000004,0.2,0,0,0
2017,3,23,6,30,0,0,0,-0.7000000000000001,0.30000000000000004,927,93.21000000000001,265,2.3000000000000003,0.2,0,0,0
2017,3,23,7,30,182,21,29,-0.8,0.6000000000000001,927,90.45,246,2.6,0.2,21,182,29
2017,3,23,8,30,0,15,15,-0.6000000000000001,1.7000000000000002,928,84.58,237,3,0.2,63,608,213
2017,3,23,9,30,0,34,34,-0.5,3.3000000000000003,927,76.13,234,3.4000000000000004,0.2,85,792,426
2017,3,23,10,30,97,268,326,-0.8,4.800000000000001,927,67.25,231,3.7,0.2,93,895,619
2017,3,23,11,30,0,114,114,-1,5.7,927,61.89,231,4,0.2,98,944,762
2017,3,23,12,30,30,312,335,-1.1,6.1000000000000005,926,60.120000000000005,234,4.1000000000000005,0.2,102,967,850
2017,3,23,13,30,11,216,225,-0.8,6.5,926,59.4,238,4.2,0.2,101,976,874
2017,3,23,14,30,118,374,464,-0.7000000000000001,6.800000000000001,926,59.01,243,4.1000000000000005,0.2,100,958,826
2017,3,23,15,30,9,202,208,-0.6000000000000001,6.800000000000001,925,59.38,249,4,0.2,97,924,718
2017,3,23,16,30,29,211,227,-0.4,6.4,926,61.77,254,3.7,0.2,91,861,557
2017,3,23,17,30,83,155,186,-0.30000000000000004,5.800000000000001,926,65.09,260,3,0.2,76,757,360
2017,3,23,18,30,255,63,110,0.30000000000000004,4.4,926,74.51,263,1.8,0.2,50,540,150
2017,3,23,19,30,0,0,0,1,3,927,86.88,266,1.1,0.2,0,0,0
2017,3,23,20,30,0,0,0,0.5,2.3000000000000003,927,88.03,270,1,0.2,0,0,0
2017,3,23,21,30,0,0,0,0,1.8,928,87.69,272,0.9,0.2,0,0,0
2017,3,23,22,30,0,0,0,-0.8,1.4000000000000001,928,85,269,0.9,0.2,0,0,0
2017,3,23,23,30,0,0,0,-1.3,1.1,928,84.10000000000001,267,0.9,0.2,0,0,0
2017,3,24,0,30,0,0,0,-1.5,0.8,928,84.68,268,0.9,0.2,0,0,0
2017,3,24,1,30,0,0,0,-1.6,0.30000000000000004,927,87.05,257,0.8,0.2,0,0,0
2017,3,24,2,30,0,0,0,-1.6,-0.1,927,89.68,221,0.8,0.2,0,0,0
2017,3,24,3,30,0,0,0,-1.5,-0.5,927,92.77,181,0.9,0.2,0,0,0
2017,3,24,4,30,0,0,0,-1.4000000000000001,-0.8,927,95.63,162,0.9,0.2,0,0,0
2017,3,24,5,30,0,0,0,-1.3,-0.9,927,97.18,154,0.9,0.2,0,0,0
2017,3,24,6,30,0,0,0,-1.2000000000000002,-0.7000000000000001,927,96.4,148,0.9,0.2,0,0,0
2017,3,24,7,30,0,14,14,-0.9,0.9,928,87.65,141,1.2000000000000002,0.2,21,209,33
2017,3,24,8,30,638,60,221,0,3.8000000000000003,928,76.22,150,1.7000000000000002,0.2,60,638,221
2017,3,24,9,30,240,183,287,-0.2,5.800000000000001,928,65.17,169,2,0.2,78,816,434
2017,3,24,10,30,145,277,362,-1.1,6.800000000000001,928,57,180,2.3000000000000003,0.2,91,897,623
2017,3,24,11,30,11,214,221,-1.8,7.6000000000000005,928,51.54,192,2.3000000000000003,0.2,99,943,768
2017,3,24,12,30,151,392,509,-1.9000000000000001,8.200000000000001,928,48.83,207,2.3000000000000003,0.2,103,966,855
2017,3,24,13,30,240,398,589,-1.8,8.5,928,48.370000000000005,221,2.3000000000000003,0.2,116,950,873
2017,3,24,14,30,123,377,471,-1.6,8.6,928,48.74,233,2.2,0.2,116,934,828
2017,3,24,15,30,35,276,299,-1.4000000000000001,8.5,928,49.68,242,2.1,0.2,110,903,720
2017,3,24,16,30,1,154,155,-1.5,8.200000000000001,928,50.4,249,1.8,0.2,117,793,549
2017,3,24,17,30,0,57,57,-1.7000000000000002,7.5,928,52.18,255,1.2000000000000002,0.2,97,670,351
2017,3,24,18,30,0,7,7,0.5,5.9,929,68.48,262,0.8,0.2,63,425,143
2017,3,24,19,30,0,0,0,0.1,4.5,929,73.13,265,0.8,0.2,0,0,0
2017,3,24,20,30,0,0,0,-0.7000000000000001,3.8000000000000003,929,72.45,261,0.9,0.2,0,0,0
2017,3,24,21,30,0,0,0,-1.2000000000000002,3,930,73.91,251,1,0.2,0,0,0
2017,3,24,22,30,0,0,0,-1.6,2.2,930,75.89,242,1,0.2,0,0,0
2017,3,24,23,30,0,0,0,-1.9000000000000001,1.1,930,80.17,237,1.1,0.2,0,0,0
2017,3,25,0,30,0,0,0,-2.2,0.6000000000000001,930,81.79,236,1.1,0.2,0,0,0
2017,3,25,1,30,0,0,0,-2.3000000000000003,-0.8,930,89.85000000000001,236,1.2000000000000002,0.19,0,0,0
2017,3,25,2,30,0,0,0,-2.2,-1.4000000000000001,930,94.07000000000001,235,1.2000000000000002,0.19,0,0,0
2017,3,25,3,30,0,0,0,-2.1,-1.8,930,97.85000000000001,232,1.1,0.19,0,0,0
2017,3,25,4,30,0,0,0,-1.9000000000000001,-1.9000000000000001,930,100,220,1,0.19,0,0,0
2017,3,25,5,30,0,0,0,-2.1,-2.1,930,100,196,1,0.19,0,0,0
2017,3,25,6,30,0,0,0,-1.9000000000000001,-1.9000000000000001,930,100,172,1.1,0.19,0,0,0
2017,3,25,7,30,249,21,36,-1.1,0.2,931,91.23,163,1.8,0.19,21,249,36
2017,3,25,8,30,654,57,225,-0.2,3.7,931,75.7,178,3,0.19,57,654,225
2017,3,25,9,30,810,77,434,0.5,6.6000000000000005,932,65.18,201,4.1000000000000005,0.19,77,810,434
2017,3,25,10,30,220,275,407,1.1,8.700000000000001,932,58.96,212,4.800000000000001,0.19,91,887,621
2017,3,25,11,30,273,338,533,1.6,10.200000000000001,931,55.09,215,5.2,0.19,102,924,761
2017,3,25,12,30,945,107,847,2.1,11.200000000000001,931,53.63,217,5.5,0.19,107,945,847
2017,3,25,13,30,965,100,873,2.6,11.8,930,53.14,219,5.7,0.19,100,965,873
2017,3,25,14,30,241,377,561,2.7,12,930,52.89,221,5.7,0.19,97,956,829
2017,3,25,15,30,168,329,443,2.7,11.9,929,53.21,224,5.5,0.19,91,930,723
2017,3,25,16,30,202,249,360,2.8000000000000003,11.5,929,55.02,225,5.2,0.19,85,870,562
2017,3,25,17,30,398,132,284,2.9000000000000004,10.5,929,59.53,225,4.3,0.19,73,763,364
2017,3,25,18,30,126,71,95,3.5,8.3,930,71.59,222,2.8000000000000003,0.19,50,544,154
2017,3,25,19,30,0,0,0,4.1000000000000005,6.2,930,86.16,218,1.8,0.19,0,0,0
2017,3,25,20,30,0,0,0,4,5.2,931,92.27,214,1.8,0.19,0,0,0
2017,3,25,21,30,0,0,0,4,4.5,931,96.68,209,1.7000000000000002,0.19,0,0,0
2017,3,25,22,30,0,0,0,3.9000000000000004,4,931,99.54,203,1.7000000000000002,0.19,0,0,0
2017,3,25,23,30,0,0,0,3.8000000000000003,3.8000000000000003,931,100,196,1.7000000000000002,0.19,0,0,0
2017,3,26,0,30,0,0,0,3.7,3.7,931,100,193,1.7000000000000002,0.19,0,0,0
2017,3,26,1,30,0,0,0,3.6,3.6,930,100,184,1.7000000000000002,0.2,0,0,0
2017,3,26,2,30,0,0,0,3.4000000000000004,3.4000000000000004,930,100,179,1.7000000000000002,0.2,0,0,0
2017,3,26,3,30,0,0,0,3.2,3.2,930,100,174,1.5,0.2,0,0,0
2017,3,26,4,30,0,0,0,2.9000000000000004,2.9000000000000004,930,100,168,1.4000000000000001,0.2,0,0,0
2017,3,26,5,30,0,0,0,2.7,2.7,930,100,164,1.4000000000000001,0.2,0,0,0
2017,3,26,6,30,0,0,0,2.8000000000000003,3,931,98.58,157,1.5,0.2,0,0,0
2017,3,26,7,30,0,4,4,2.9000000000000004,4.2,931,91.2,148,2,0.2,25,198,38
2017,3,26,8,30,0,10,10,3.5,6.1000000000000005,931,83.14,144,2.5,0.2,68,603,226
2017,3,26,9,30,63,186,214,4.1000000000000005,8.3,931,74.68,153,2.8000000000000003,0.2,88,781,437
2017,3,26,10,30,401,242,484,3.8000000000000003,10.4,931,63.83,166,3.1,0.2,99,875,625
2017,3,26,11,30,283,339,542,2.9000000000000004,12.200000000000001,931,52.89,175,3.4000000000000004,0.2,104,928,770
2017,3,26,12,30,496,309,700,2,13.700000000000001,930,45.19,182,3.6,0.2,105,956,857
2017,3,26,13,30,531,312,740,1.5,14.9,929,40.19,189,3.6,0.2,112,949,876
2017,3,26,14,30,624,254,734,1.1,15.9,928,36.69,194,3.6,0.2,108,940,831
2017,3,26,15,30,909,101,722,1.1,16.3,927,35.64,197,3.6,0.2,101,909,722
2017,3,26,16,30,855,90,562,1,16.2,927,35.77,200,3.5,0.2,90,855,562
2017,3,26,17,30,754,75,365,1.3,14.700000000000001,926,40.32,206,2.7,0.2,75,754,365
2017,3,26,18,30,252,67,116,4.6000000000000005,11.600000000000001,927,62.370000000000005,212,1.8,0.2,51,538,155
2017,3,26,19,30,0,0,0,3.9000000000000004,9.200000000000001,927,69.43,213,1.8,0.2,0,0,0
2017,3,26,20,30,0,0,0,3.3000000000000003,8.5,928,69.83,210,2.1,0.2,0,0,0
2017,3,26,21,30,0,0,0,3.1,8,929,71.07000000000001,206,2.4000000000000004,0.2,0,0,0
2017,3,26,22,30,0,0,0,3,7.5,930,73.34,200,2.6,0.2,0,0,0
2017,3,26,23,30,0,0,0,3.2,7,930,76.66,195,3.2,0.2,0,0,0
2017,3,27,0,30,0,0,0,3.4000000000000004,6.9,930,78.59,195,3.6,0.2,0,0,0
2017,3,27,1,30,0,0,0,4.1000000000000005,6.5,931,84.5,205,4.3,0.2,0,0,0
2017,3,27,2,30,0,0,0,4.9,6.300000000000001,931,90.88,214,4.5,0.2,0,0,0
2017,3,27,3,30,0,0,0,5.5,6.1000000000000005,931,95.66,221,4.6000000000000005,0.2,0,0,0
2017,3,27,4,30,0,0,0,5.4,5.800000000000001,932,97.36,228,4.4,0.2,0,0,0
2017,3,27,5,30,0,0,0,5.300000000000001,5.6000000000000005,932,97.99000000000001,233,3.9000000000000004,0.2,0,0,0
2017,3,27,6,30,0,0,0,5.2,5.6000000000000005,933,97.52,234,3.5,0.2,0,0,0
2017,3,27,7,30,0,9,9,5.2,5.9,934,95.33,232,3.5,0.2,29,162,40
2017,3,27,8,30,532,81,223,5.2,6.7,935,90.31,229,3.6,0.2,81,532,223
2017,3,27,9,30,704,110,428,5.300000000000001,7.9,936,83.89,225,3.8000000000000003,0.2,110,704,428
2017,3,27,10,30,3,169,171,5.6000000000000005,9.3,936,77.55,223,3.9000000000000004,0.2,127,802,614
2017,3,27,11,30,1,140,141,5.9,10.5,936,73.22,229,4.1000000000000005,0.2,137,857,756
2017,3,27,12,30,4,157,160,6.300000000000001,11.600000000000001,936,69.87,236,4.1000000000000005,0.2,140,886,842
2017,3,27,13,30,12,227,236,6.5,12.700000000000001,936,65.76,239,3.9000000000000004,0.2,136,902,865
2017,3,27,14,30,95,375,448,6.300000000000001,13.600000000000001,936,61.52,240,3.6,0.2,131,889,819
2017,3,27,15,30,364,299,549,6.2,13.700000000000001,935,60.35,239,3.3000000000000003,0.2,126,849,709
2017,3,27,16,30,795,111,552,6.1000000000000005,13.4,936,61.44,240,3,0.2,111,795,552
2017,3,27,17,30,435,128,297,6.300000000000001,12.5,936,65.76,242,2.2,0.2,93,680,357
2017,3,27,18,30,119,74,97,7.4,10.700000000000001,937,80.05,246,1.3,0.2,62,447,151
2017,3,27,19,30,0,0,0,7.4,9.200000000000001,937,88.57000000000001,253,1,0.2,0,0,0
2017,3,27,20,30,0,0,0,7.1000000000000005,8.6,938,90.04,258,1,0.2,0,0,0
2017,3,27,21,30,0,0,0,6.9,8.1,939,92.43,263,1,0.2,0,0,0
2017,3,27,22,30,0,0,0,7,7.7,939,95.39,267,1,0.2,0,0,0
2017,3,27,23,30,0,0,0,7.2,7.300000000000001,939,99.15,271,0.9,0.2,0,0,0
2017,3,28,0,30,0,0,0,7.1000000000000005,7.1000000000000005,939,100,274,0.9,0.2,0,0,0
2017,3,28,1,30,0,0,0,7,7,939,100,296,0.8,0.2,0,0,0
2017,3,28,2,30,0,0,0,6.9,6.9,939,100,326,0.6000000000000001,0.2,0,0,0
2017,3,28,3,30,0,0,0,6.7,6.7,939,100,181,0.5,0.2,0,0,0
2017,3,28,4,30,0,0,0,6.4,6.4,939,100,27,0.5,0.2,0,0,0
2017,3,28,5,30,0,0,0,6.2,6.2,940,100,44,0.6000000000000001,0.2,0,0,0
2017,3,28,6,30,0,0,0,6.2,6.2,940,100,56,0.8,0.2,0,0,0
2017,3,28,7,30,205,29,44,6.1000000000000005,6.5,940,97.32000000000001,62,1,0.2,29,205,44
2017,3,28,8,30,0,17,17,6.2,7.9,941,88.98,58,1,0.2,71,590,232
2017,3,28,9,30,147,199,266,6.800000000000001,11,942,75.45,43,0.8,0.2,93,763,441
2017,3,28,10,30,857,103,627,6.9,14.100000000000001,942,61.79,165,0.8,0.2,103,857,627
2017,3,28,11,30,297,340,555,6.5,15.700000000000001,942,54.44,295,1,0.2,110,907,770
2017,3,28,12,30,321,376,632,6.4,16.7,942,50.69,291,1,0.2,112,933,855
2017,3,28,13,30,149,411,532,6.300000000000001,17.5,941,47.870000000000005,289,1,0.2,107,953,882
2017,3,28,14,30,193,388,537,6.2,17.900000000000002,941,46.19,286,1.1,0.2,104,945,837
2017,3,28,15,30,237,328,492,5.9,18,940,44.99,289,1.2000000000000002,0.2,98,917,731
2017,3,28,16,30,370,225,432,5.5,17.6,940,44.97,296,1.3,0.2,88,863,571
2017,3,28,17,30,764,74,373,5.300000000000001,16.5,941,47.46,305,1.1,0.2,74,764,373
2017,3,28,18,30,557,51,163,7.300000000000001,14.4,941,62.36,321,0.9,0.2,51,557,163
2017,3,28,19,30,0,0,0,6.4,12.3,941,67.31,339,1,0.2,0,0,0
2017,3,28,20,30,0,0,0,5.5,11,942,68.7,174,1.1,0.2,0,0,0
2017,3,28,21,30,0,0,0,5,10,942,71.2,11,1.1,0.2,0,0,0
2017,3,28,22,30,0,0,0,4.6000000000000005,9.200000000000001,942,73.03,28,1.1,0.2,0,0,0
2017,3,28,23,30,0,0,0,4.3,8.5,942,74.79,46,1.1,0.2,0,0,0
2017,3,29,0,30,0,0,0,4,8.1,942,75.45,55,1.2000000000000002,0.2,0,0,0
2017,3,29,1,30,0,0,0,3.8000000000000003,7.1000000000000005,942,79.77,73,1.2000000000000002,0.19,0,0,0
2017,3,29,2,30,0,0,0,3.7,6.6000000000000005,941,81.95,81,1.2000000000000002,0.19,0,0,0
2017,3,29,3,30,0,0,0,3.7,6.1000000000000005,941,84.56,87,1.2000000000000002,0.19,0,0,0
2017,3,29,4,30,0,0,0,3.6,5.5,941,87.81,92,1.2000000000000002,0.19,0,0,0
2017,3,29,5,30,0,0,0,3.6,5,941,90.4,96,1.3,0.19,0,0,0
2017,3,29,6,30,0,0,0,3.5,5.1000000000000005,941,89.2,99,1.2000000000000002,0.19,0,0,0
2017,3,29,7,30,334,26,52,3.8000000000000003,7.6000000000000005,942,76.8,103,1.6,0.19,26,334,52
2017,3,29,8,30,694,58,250,4.800000000000001,11.5,942,63.65,106,2,0.19,58,694,250
2017,3,29,9,30,840,75,463,5.1000000000000005,14.8,942,52.18,114,1.8,0.19,75,840,463
2017,3,29,10,30,914,87,650,4.6000000000000005,17.2,942,43.32,124,1.5,0.19,87,914,650
2017,3,29,11,30,952,96,792,4.6000000000000005,18.5,942,39.910000000000004,131,1.2000000000000002,0.19,96,952,792
2017,3,29,12,30,966,101,874,4.6000000000000005,19.6,941,37.11,142,0.9,0.19,101,966,874
2017,3,29,13,30,970,102,894,4.5,20.3,940,35.37,156,0.7000000000000001,0.19,102,970,894
2017,3,29,14,30,788,177,792,4.4,20.700000000000003,940,34.38,175,0.6000000000000001,0.19,100,958,848
2017,3,29,15,30,471,263,589,4.3,20.700000000000003,939,34.09,231,0.5,0.19,95,931,741
2017,3,29,16,30,884,82,579,4.2,20.3,939,34.56,316,0.6000000000000001,0.19,82,884,579
2017,3,29,17,30,793,68,381,4.3,19.1,939,37.51,184,0.6000000000000001,0.19,68,793,381
2017,3,29,18,30,595,48,169,7.6000000000000005,16.7,939,54.9,11,0.8,0.19,48,595,169
2017,3,29,19,30,0,0,0,6.1000000000000005,14.200000000000001,939,58.1,12,1,0.19,0,0,0
2017,3,29,20,30,0,0,0,5.300000000000001,12.600000000000001,940,61.230000000000004,16,1.1,0.19,0,0,0
2017,3,29,21,30,0,0,0,5,11.4,940,64.86,23,1.1,0.19,0,0,0
2017,3,29,22,30,0,0,0,4.7,10.600000000000001,940,66.93,36,1.1,0.19,0,0,0
2017,3,29,23,30,0,0,0,4.6000000000000005,10,940,68.93,61,1.1,0.19,0,0,0
2017,3,30,0,30,0,0,0,4.5,9.8,940,69.82000000000001,77,1,0.19,0,0,0
2017,3,30,1,30,0,0,0,4.5,8.9,939,74.13,136,1,0.2,0,0,0
2017,3,30,2,30,0,0,0,4.5,8.200000000000001,939,77.57000000000001,160,1.1,0.2,0,0,0
2017,3,30,3,30,0,0,0,4.5,7.4,938,82,172,1.2000000000000002,0.2,0,0,0
2017,3,30,4,30,0,0,0,4.6000000000000005,6.800000000000001,938,85.74,185,1.3,0.2,0,0,0
2017,3,30,5,30,0,0,0,4.6000000000000005,6.300000000000001,938,88.84,194,1.2000000000000002,0.2,0,0,0
2017,3,30,6,30,0,0,0,4.5,6.5,938,87.15,187,1.2000000000000002,0.2,0,0,0
2017,3,30,7,30,346,27,56,4.800000000000001,8.8,939,76.07000000000001,167,1.6,0.2,27,346,56
2017,3,30,8,30,683,60,253,5.5,12.3,939,63,173,1.8,0.2,60,683,253
2017,3,30,9,30,304,188,330,5.7,15.700000000000001,939,51.38,188,1.7000000000000002,0.2,83,815,463
2017,3,30,10,30,473,227,520,5.4,18.1,939,43.300000000000004,179,1.9000000000000001,0.2,99,884,648
2017,3,30,11,30,586,248,679,5.5,19.400000000000002,938,40.18,178,2.1,0.2,110,923,789
2017,3,30,12,30,502,316,720,5.7,20.200000000000003,938,38.61,194,2.3000000000000003,0.2,117,940,873
2017,3,30,13,30,347,384,669,5.7,20.5,937,37.97,213,2.5,0.2,126,928,887
2017,3,30,14,30,514,299,703,5.6000000000000005,20.5,937,37.82,225,2.7,0.2,127,911,841
2017,3,30,15,30,486,259,597,5.4,20,937,38.32,231,2.7,0.2,123,874,732
2017,3,30,16,30,133,259,334,5.300000000000001,19,936,40.67,236,2.4000000000000004,0.2,112,811,571
2017,3,30,17,30,471,125,313,6.800000000000001,17.400000000000002,937,49.870000000000005,241,1.8,0.2,92,705,373
2017,3,30,18,30,307,68,132,8.9,15,937,67.11,245,1.4000000000000001,0.2,61,499,165
2017,3,30,19,30,0,0,0,8,12.9,937,72.37,245,1.3,0.2,0,0,0
2017,3,30,20,30,0,0,0,7.4,12,938,73.45,243,1.3,0.2,0,0,0
2017,3,30,21,30,0,0,0,7,11.3,938,75,241,1.3,0.2,0,0,0
2017,3,30,22,30,0,0,0,6.6000000000000005,10.5,938,76.97,240,1.3,0.2,0,0,0
2017,3,30,23,30,0,0,0,6.300000000000001,9.8,938,78.57000000000001,240,1.3,0.2,0,0,0
2017,3,31,0,30,0,0,0,6.1000000000000005,9.600000000000001,938,78.71000000000001,241,1.3,0.2,0,0,0
2017,3,31,1,30,0,0,0,5.9,8.9,937,81.56,243,1.3,0.19,0,0,0
2017,3,31,2,30,0,0,0,5.9,8.5,937,83.72,245,1.2000000000000002,0.19,0,0,0
2017,3,31,3,30,0,0,0,5.9,8.1,937,86.25,245,1.2000000000000002,0.19,0,0,0
2017,3,31,4,30,0,0,0,6,7.800000000000001,937,88.59,242,1.1,0.19,0,0,0
2017,3,31,5,30,0,0,0,6.1000000000000005,7.4,937,91.67,237,1.1,0.19,0,0,0
2017,3,31,6,30,0,0,0,6.300000000000001,7.5,937,91.98,231,1.1,0.19,0,0,0
2017,3,31,7,30,0,14,14,6.800000000000001,8.9,938,86.48,223,1.7000000000000002,0.19,33,232,53
2017,3,31,8,30,0,68,68,7.1000000000000005,11.5,938,74.38,222,2.3000000000000003,0.19,73,589,242
2017,3,31,9,30,192,205,295,7.4,14.4,938,62.6,229,2.8000000000000003,0.19,90,768,451
2017,3,31,10,30,864,98,639,6.800000000000001,16.900000000000002,938,51.45,234,3.5,0.19,98,864,639
2017,3,31,11,30,913,104,780,6.6000000000000005,18.400000000000002,937,46.03,239,4.2,0.19,104,913,780
2017,3,31,12,30,933,111,866,6.800000000000001,19.3,937,44.14,244,4.800000000000001,0.19,111,933,866
2017,3,31,13,30,258,409,622,7.1000000000000005,19.5,936,44.45,251,5.2,0.19,110,942,886
2017,3,31,14,30,231,390,572,7.2,19.200000000000003,936,45.72,258,5.4,0.19,109,930,841
2017,3,31,15,30,736,168,683,7.1000000000000005,18.5,936,47.480000000000004,265,5.4,0.19,104,899,733
2017,3,31,16,30,779,119,562,6.9,17.6,935,49.61,271,5.1000000000000005,0.19,119,779,562
2017,3,31,17,30,687,95,371,7,16.3,935,54.17,276,4.4,0.19,95,687,371
2017,3,31,18,30,501,61,166,7.5,13.9,935,65.11,281,3.1,0.19,61,501,166
2017,3,31,19,30,0,0,0,8,11.600000000000001,935,78.47,290,2.2,0.19,0,0,0
2017,3,31,20,30,0,0,0,7.9,10.600000000000001,936,83.27,298,2.3000000000000003,0.19,0,0,0
2017,3,31,21,30,0,0,0,7.800000000000001,10.200000000000001,936,84.78,303,2.6,0.19,0,0,0
2017,3,31,22,30,0,0,0,7.5,9.600000000000001,936,86.52,306,2.7,0.19,0,0,0
2017,3,31,23,30,0,0,0,6.9,8.6,936,88.83,308,2.5,0.19,0,0,0
2017,4,1,0,30,0,0,0,6.1000000000000005,8,936,88.07000000000001,309,2.3000000000000003,0.19,0,0,0
2017,4,1,1,30,0,0,0,5.6000000000000005,6.4,936,94.65,308,2.1,0.19,0,0,0
2017,4,1,2,30,0,0,0,5.300000000000001,5.5,936,98.73,308,1.9000000000000001,0.19,0,0,0
2017,4,1,3,30,0,0,0,4.6000000000000005,4.6000000000000005,936,100,308,1.8,0.19,0,0,0
2017,4,1,4,30,0,0,0,3.9000000000000004,3.9000000000000004,935,100,305,1.6,0.19,0,0,0
2017,4,1,5,30,0,0,0,3.6,3.6,935,100,301,1.6,0.19,0,0,0
2017,4,1,6,30,0,0,0,4.2,4.2,935,100,297,2.1,0.19,0,0,0
2017,4,1,7,30,367,31,66,4.6000000000000005,5.5,936,93.73,296,2.7,0.19,31,367,66
2017,4,1,8,30,711,62,270,4.9,7.5,936,83.61,299,3.1,0.19,62,711,270
2017,4,1,9,30,864,76,487,5,10.200000000000001,936,70.03,302,3.5,0.19,76,864,487
2017,4,1,10,30,944,82,676,4.1000000000000005,12.700000000000001,936,55.65,302,3.8000000000000003,0.19,82,944,676
2017,4,1,11,30,984,87,819,2.9000000000000004,14.5,936,45.65,302,3.9000000000000004,0.19,87,984,819
2017,4,1,12,30,1003,89,904,2.1,15.8,936,39.64,302,4,0.19,89,1003,904
2017,4,1,13,30,1012,87,925,1.4000000000000001,16.8,935,35.49,302,4.1000000000000005,0.19,87,1012,925
2017,4,1,14,30,1003,85,878,0.9,17.400000000000002,935,32.79,304,4.3,0.19,85,1003,878
2017,4,1,15,30,976,81,768,0.4,17.400000000000002,935,31.73,307,4.3,0.19,81,976,768
2017,4,1,16,30,918,76,601,0.2,16.900000000000002,935,32.37,310,4.1000000000000005,0.19,76,918,601
2017,4,1,17,30,829,65,400,0.1,15.5,935,34.95,311,3.3000000000000003,0.19,65,829,400
2017,4,1,18,30,643,47,184,1.9000000000000001,12.4,935,48.84,309,2,0.19,47,643,184
2017,4,1,19,30,0,0,0,3.6,9.4,936,66.95,307,1.4000000000000001,0.19,0,0,0
2017,4,1,20,30,0,0,0,3.1,8.1,936,70.91,310,1.4000000000000001,0.19,0,0,0
2017,4,1,21,30,0,0,0,3,7.2,936,74.67,318,1.4000000000000001,0.19,0,0,0
2017,4,1,22,30,0,0,0,2.9000000000000004,6.5,937,77.61,328,1.3,0.19,0,0,0
2017,4,1,23,30,0,0,0,2.7,5.9,936,79.67,341,1.2000000000000002,0.19,0,0,0
2017,4,2,0,30,0,0,0,2.4000000000000004,5.6000000000000005,936,79.76,348,1.2000000000000002,0.19,0,0,0
2017,4,2,1,30,0,0,0,2.1,5,936,81.49,12,1.2000000000000002,0.19,0,0,0
2017,4,2,2,30,0,0,0,1.9000000000000001,4.6000000000000005,936,82.37,25,1.2000000000000002,0.19,0,0,0
2017,4,2,3,30,0,0,0,1.7000000000000002,4.2,935,83.7,35,1.2000000000000002,0.19,0,0,0
2017,4,2,4,30,0,0,0,1.6,3.8000000000000003,935,85.7,43,1.1,0.19,0,0,0
2017,4,2,5,30,0,0,0,1.6,3.3000000000000003,935,88.55,48,1.1,0.19,0,0,0
2017,4,2,6,30,0,0,0,1.6,3.6,936,86.46000000000001,50,1.1,0.19,0,0,0
2017,4,2,7,30,398,30,69,2.1,5.9,936,76.34,51,1.6,0.19,30,398,69
2017,4,2,8,30,720,58,272,2.5,9.600000000000001,936,61.27,54,2,0.19,58,720,272
2017,4,2,9,30,856,73,484,2.4000000000000004,13.100000000000001,936,48.32,44,1.6,0.19,73,856,484
2017,4,2,10,30,918,86,668,1.7000000000000002,15.4,936,39.4,195,1.6,0.19,86,918,668
2017,4,2,11,30,959,92,810,1.6,16.7,936,36.050000000000004,354,2,0.19,92,959,810
2017,4,2,12,30,980,94,894,1.6,17.7,936,34.01,350,2.4000000000000004,0.19,94,980,894
2017,4,2,13,30,995,88,916,1.7000000000000002,18.3,935,32.910000000000004,351,2.7,0.19,88,995,916
2017,4,2,14,30,982,86,866,1.6,18.5,934,32.36,352,2.9000000000000004,0.19,86,982,866
2017,4,2,15,30,956,82,758,1.5,18.400000000000002,934,32.2,356,3,0.19,82,956,758
2017,4,2,16,30,907,76,597,1.4000000000000001,17.900000000000002,934,32.94,183,3,0.19,76,907,597
2017,4,2,17,30,819,65,398,1.1,16.5,934,35.4,14,2.4000000000000004,0.19,65,819,398
2017,4,2,18,30,638,46,185,3.3000000000000003,13.4,934,50.42,27,1.6,0.19,46,638,185
2017,4,2,19,30,151,10,13,4.4,10.4,935,66.43,39,1.3,0.19,10,151,13
2017,4,2,20,30,0,0,0,3.1,9.1,935,66.26,47,1.4000000000000001,0.19,0,0,0
2017,4,2,21,30,0,0,0,2.4000000000000004,8.200000000000001,935,66.95,53,1.4000000000000001,0.19,0,0,0
2017,4,2,22,30,0,0,0,2,7.300000000000001,935,68.96000000000001,56,1.4000000000000001,0.19,0,0,0
2017,4,2,23,30,0,0,0,1.7000000000000002,6.6000000000000005,935,71.16,55,1.6,0.19,0,0,0
2017,4,3,0,30,0,0,0,1.6,6.300000000000001,935,71.99,54,1.7000000000000002,0.19,0,0,0
2017,4,3,1,30,0,0,0,1.5,5.5,936,75.61,57,2.3000000000000003,0.19,0,0,0
2017,4,3,2,30,0,0,0,1.6,4.9,936,78.96000000000001,60,2.5,0.19,0,0,0
2017,4,3,3,30,0,0,0,1.7000000000000002,4.2,936,83.83,63,2.5,0.19,0,0,0
2017,4,3,4,30,0,0,0,1.9000000000000001,3.6,936,88.67,64,2.3000000000000003,0.19,0,0,0
2017,4,3,5,30,0,0,0,2,3,936,93.47,64,2,0.19,0,0,0
2017,4,3,6,30,0,0,0,2.1,3.4000000000000004,936,91.24,65,1.9000000000000001,0.19,0,0,0
2017,4,3,7,30,425,31,75,2.4000000000000004,5.7,937,79.55,64,2.3000000000000003,0.19,31,425,75
2017,4,3,8,30,747,58,285,2.9000000000000004,9.5,937,63.27,57,2.3000000000000003,0.19,58,747,285
2017,4,3,9,30,879,74,500,2.3000000000000003,13,937,48.04,44,2,0.19,74,879,500
2017,4,3,10,30,954,84,693,0.2,15.200000000000001,937,35.88,34,2.1,0.19,84,954,693
2017,4,3,11,30,990,91,836,-0.9,16.6,937,30.34,28,2.1,0.19,91,990,836
2017,4,3,12,30,1007,95,921,-1.4000000000000001,17.8,937,27.16,23,2.1,0.19,95,1007,921
2017,4,3,13,30,1014,90,936,-1.6,18.6,937,25.48,16,2.1,0.19,90,1014,936
2017,4,3,14,30,1003,89,889,-1.6,19.1,936,24.560000000000002,10,2.2,0.19,89,1003,889
2017,4,3,15,30,977,85,778,-1.7000000000000002,19,936,24.57,5,2.4000000000000004,0.19,85,977,778
2017,4,3,16,30,932,77,615,-1.7000000000000002,18.5,936,25.46,3,2.5,0.19,77,932,615
2017,4,3,17,30,846,65,413,-1.9000000000000001,17,936,27.44,2,2.2,0.19,65,846,413
2017,4,3,18,30,667,47,194,1.9000000000000001,13.5,937,45.300000000000004,2,1.6,0.19,47,667,194
2017,4,3,19,30,178,11,15,2.8000000000000003,10.100000000000001,937,60.65,5,1.4000000000000001,0.19,11,178,15
2017,4,3,20,30,0,0,0,1.6,8.700000000000001,937,60.870000000000005,11,1.5,0.19,0,0,0
2017,4,3,21,30,0,0,0,1.1,7.9,938,61.980000000000004,19,1.4000000000000001,0.19,0,0,0
2017,4,3,22,30,0,0,0,0.8,7.300000000000001,938,63.230000000000004,28,1.4000000000000001,0.19,0,0,0
2017,4,3,23,30,0,0,0,0.7000000000000001,6.9,938,64.84,37,1.3,0.19,0,0,0
2017,4,4,0,30,0,0,0,1,6.800000000000001,938,66.57000000000001,41,1.3,0.19,0,0,0
2017,4,4,1,30,0,0,0,1.2000000000000002,6.5,937,68.99,44,1.2000000000000002,0.19,0,0,0
2017,4,4,2,30,0,0,0,1.1,5.9,937,71.5,44,1.3,0.19,0,0,0
2017,4,4,3,30,0,0,0,1,5.300000000000001,937,73.72,45,1.3,0.19,0,0,0
2017,4,4,4,30,0,0,0,1,4.9,937,75.73,47,1.3,0.19,0,0,0
2017,4,4,5,30,0,0,0,0.9,4.6000000000000005,937,76.7,49,1.3,0.19,0,0,0
2017,4,4,6,30,0,0,0,0.7000000000000001,5,937,73.51,53,1.3,0.19,0,0,0
2017,4,4,7,30,448,31,80,1.5,7.7,937,65.03,56,1.7000000000000002,0.19,31,448,80
2017,4,4,8,30,760,55,289,1.8,11.5,938,51.33,55,2.1,0.19,55,760,289
2017,4,4,9,30,891,68,504,1,15.200000000000001,938,38.2,51,2.4000000000000004,0.19,68,891,504
2017,4,4,10,30,952,76,688,-0.7000000000000001,18,938,28.23,47,2.6,0.19,76,952,688
2017,4,4,11,30,988,81,829,-0.4,19.5,937,26.3,40,2.4000000000000004,0.19,81,988,829
2017,4,4,12,30,1005,84,912,0.1,20.5,937,25.53,31,2.5,0.19,84,1005,912
2017,4,4,13,30,1004,85,927,0.2,21.1,937,24.84,24,2.6,0.19,85,1004,927
2017,4,4,14,30,997,82,881,0.1,21.400000000000002,936,24.2,20,2.7,0.19,82,997,881
2017,4,4,15,30,973,77,771,0,21.3,935,24.080000000000002,17,2.8000000000000003,0.19,77,973,771
2017,4,4,16,30,933,71,613,-0.4,20.700000000000003,935,24.37,15,2.8000000000000003,0.19,71,933,613
2017,4,4,17,30,849,61,412,-0.5,19.1,935,26.63,15,2.3000000000000003,0.19,61,849,412
2017,4,4,18,30,677,44,195,4.3,15.5,935,47.33,15,1.5,0.19,44,677,195
2017,4,4,19,30,200,12,17,4.5,12.3,935,59.07,16,1.3,0.19,12,200,17
2017,4,4,20,30,0,0,0,3.3000000000000003,10.9,936,59.370000000000005,19,1.4000000000000001,0.19,0,0,0
2017,4,4,21,30,0,0,0,2.8000000000000003,10,936,61.11,21,1.4000000000000001,0.19,0,0,0
2017,4,4,22,30,0,0,0,2.6,9.3,936,62.74,23,1.4000000000000001,0.19,0,0,0
2017,4,4,23,30,0,0,0,2.3000000000000003,8.700000000000001,935,64.21000000000001,25,1.4000000000000001,0.19,0,0,0
2017,4,5,0,30,0,0,0,2.2,8.4,935,64.84,27,1.4000000000000001,0.19,0,0,0
2017,4,5,1,30,0,0,0,2.1,7.4,935,69.22,32,1.4000000000000001,0.19,0,0,0
2017,4,5,2,30,0,0,0,2.1,6.7,934,72.68,34,1.4000000000000001,0.19,0,0,0
2017,4,5,3,30,0,0,0,2.2,6,934,76.79,35,1.6,0.19,0,0,0
2017,4,5,4,30,0,0,0,2.5,5.4,934,81.31,37,1.8,0.19,0,0,0
2017,4,5,5,30,0,0,0,2.7,4.800000000000001,934,86.18,39,2,0.19,0,0,0
2017,4,5,6,30,0,0,0,2.9000000000000004,5.1000000000000005,934,85.51,40,2.5,0.19,0,0,0
2017,4,5,7,30,435,32,82,3.4000000000000004,7.1000000000000005,935,77.31,38,3.3000000000000003,0.19,32,435,82
2017,4,5,8,30,735,59,289,3.6,10.3,935,63.34,38,4,0.19,59,735,289
2017,4,5,9,30,862,75,502,3.6,13.4,935,51.58,36,4.5,0.19,75,862,502
2017,4,5,10,30,929,85,687,3.5,15.600000000000001,935,44.300000000000004,29,4.7,0.19,85,929,687
2017,4,5,11,30,973,91,832,3,17,935,39.04,21,4.7,0.19,91,973,832
2017,4,5,12,30,1000,92,919,2.1,17.8,935,34.82,15,4.9,0.19,92,1000,919
2017,4,5,13,30,1009,89,939,0.8,18.2,934,31.13,13,5.1000000000000005,0.19,89,1009,939
2017,4,5,14,30,1009,85,897,-0.30000000000000004,18.3,934,28.38,15,5.2,0.19,85,1009,897
2017,4,5,15,30,986,80,787,-1.3,18.1,933,26.78,21,5.2,0.19,80,986,787
2017,4,5,16,30,931,77,621,-1.9000000000000001,17.6,933,26.48,30,4.9,0.19,77,931,621
2017,4,5,17,30,844,65,416,-2.1,16.400000000000002,933,28.16,37,4,0.19,65,844,416
2017,4,5,18,30,672,47,199,-0.30000000000000004,13.3,933,39.300000000000004,40,2.5,0.19,47,672,199
2017,4,5,19,30,187,13,18,2.2,10.100000000000001,934,57.94,43,1.7000000000000002,0.19,13,187,18
2017,4,5,20,30,0,0,0,1.8,8.9,934,61.13,49,1.9000000000000001,0.19,0,0,0
2017,4,5,21,30,0,0,0,1.7000000000000002,8.5,935,62.440000000000005,56,2.3000000000000003,0.19,0,0,0
2017,4,5,22,30,0,0,0,1.8,8.200000000000001,935,64.08,60,2.8000000000000003,0.19,0,0,0
2017,4,5,23,30,0,0,0,2.1,7.6000000000000005,935,68.32000000000001,60,2.9000000000000004,0.19,0,0,0
2017,4,6,0,30,0,0,0,2.6,7.2,935,72.55,59,2.9000000000000004,0.19,0,0,0
2017,4,6,1,30,0,0,0,2.9000000000000004,5.800000000000001,935,81.7,52,2.4000000000000004,0.19,0,0,0
2017,4,6,2,30,0,0,0,3.1,5.2,935,86.57000000000001,48,2.4000000000000004,0.19,0,0,0
2017,4,6,3,30,0,0,0,3.3000000000000003,4.6000000000000005,935,91.59,45,2.4000000000000004,0.19,0,0,0
2017,4,6,4,30,0,0,0,3.6,4.1000000000000005,935,96.26,43,2.4000000000000004,0.19,0,0,0
2017,4,6,5,30,0,0,0,3.7,3.7,935,100,44,2.4000000000000004,0.19,0,0,0
2017,4,6,6,30,0,0,0,3.9000000000000004,4.2,935,98,47,2.7,0.19,0,0,0
2017,4,6,7,30,416,36,86,4.1000000000000005,6.4,935,85.39,54,3.5,0.19,36,416,86
2017,4,6,8,30,720,64,293,4.5,9.9,935,69.07000000000001,66,4,0.19,64,720,293
2017,4,6,9,30,854,80,506,4.5,13.3,935,55.300000000000004,77,3.9000000000000004,0.19,80,854,506
2017,4,6,10,30,923,90,692,4,15.700000000000001,935,45.77,79,3.7,0.19,90,923,692
2017,4,6,11,30,962,96,832,3.5,17.3,935,39.82,74,3.5,0.19,96,962,832
2017,4,6,12,30,978,98,911,3,18.6,935,35.53,69,3.5,0.19,98,978,911
2017,4,6,13,30,991,93,932,2.7,19.5,934,32.71,62,3.4000000000000004,0.19,93,991,932
2017,4,6,14,30,983,91,884,2.4000000000000004,20,933,31.02,56,3.4000000000000004,0.19,91,983,884
2017,4,6,15,30,958,86,775,2.1,20,933,30.47,51,3.2,0.19,86,958,775
2017,4,6,16,30,911,78,613,1.9000000000000001,19.6,933,30.82,45,3,0.19,78,911,613
2017,4,6,17,30,824,67,413,1.5,18.400000000000002,933,32.12,40,2.3000000000000003,0.19,67,824,413
2017,4,6,18,30,649,49,197,4.6000000000000005,15.600000000000001,933,47.800000000000004,34,1.4000000000000001,0.19,49,649,197
2017,4,6,19,30,191,13,19,5,13.100000000000001,933,57.83,27,1.1,0.19,13,191,19
2017,4,6,20,30,0,0,0,3.3000000000000003,12.100000000000001,933,55.07,21,1.2000000000000002,0.19,0,0,0
2017,4,6,21,30,0,0,0,2.7,11.3,933,55.54,16,1.2000000000000002,0.19,0,0,0
2017,4,6,22,30,0,0,0,2.4000000000000004,10.200000000000001,933,58.56,18,1.2000000000000002,0.19,0,0,0
2017,4,6,23,30,0,0,0,2.4000000000000004,9.1,933,62.870000000000005,30,1.3,0.19,0,0,0
2017,4,7,0,30,0,0,0,2.5,8.6,933,65.54,37,1.4000000000000001,0.19,0,0,0
2017,4,7,1,30,0,0,0,2.5,7.1000000000000005,933,72.8,57,1.5,0.19,0,0,0
2017,4,7,2,30,0,0,0,2.5,6.300000000000001,932,76.4,73,1.4000000000000001,0.19,0,0,0
2017,4,7,3,30,0,0,0,2.3000000000000003,5.7,932,78.7,88,1.4000000000000001,0.19,0,0,0
2017,4,7,4,30,0,0,0,2.2,5.1000000000000005,932,81.27,96,1.4000000000000001,0.19,0,0,0
2017,4,7,5,30,0,0,0,2,4.7,932,82.9,98,1.5,0.19,0,0,0
2017,4,7,6,30,0,0,0,1.9000000000000001,5.4,932,78.14,99,1.6,0.19,0,0,0
2017,4,7,7,30,439,36,91,2.7,8.3,933,67.64,99,2.4000000000000004,0.19,36,439,91
2017,4,7,8,30,725,65,298,2.9000000000000004,12.4,933,52.480000000000004,103,3,0.19,65,725,298
2017,4,7,9,30,851,82,511,3.2,16.2,934,41.68,107,3.2,0.19,82,851,511
2017,4,7,10,30,928,89,698,2.3000000000000003,18.7,934,33.54,105,3.5,0.19,89,928,698
2017,4,7,11,30,964,96,838,2.3000000000000003,20,934,30.88,99,3.6,0.19,96,964,838
2017,4,7,12,30,980,101,920,2.4000000000000004,21,933,29.16,95,3.6,0.19,101,980,920
2017,4,7,13,30,987,97,935,2.3000000000000003,21.6,933,28.04,92,3.5,0.19,97,987,935
2017,4,7,14,30,975,96,887,2.2,21.900000000000002,933,27.21,88,3.5,0.19,96,975,887
2017,4,7,15,30,948,92,777,1.9000000000000001,21.700000000000003,933,27.060000000000002,85,3.5,0.19,92,948,777
2017,4,7,16,30,892,87,613,1.6,21.1,932,27.39,86,3.4000000000000004,0.19,87,892,613
2017,4,7,17,30,801,75,413,1.4000000000000001,19.6,933,29.71,89,2.8000000000000003,0.19,75,801,413
2017,4,7,18,30,619,54,198,3.9000000000000004,16.2,933,44.01,95,1.9000000000000001,0.19,54,619,198
2017,4,7,19,30,164,15,20,5.2,12.8,933,59.77,104,1.8,0.19,15,164,20
2017,4,7,20,30,0,0,0,4,11.4,934,60.480000000000004,116,2.1,0.19,0,0,0
2017,4,7,21,30,0,0,0,3.6,10.4,935,62.63,126,2.3000000000000003,0.19,0,0,0
2017,4,7,22,30,0,0,0,3.5,9.4,935,66.62,134,2.3000000000000003,0.19,0,0,0
2017,4,7,23,30,0,0,0,3.7,8.4,935,72.06,138,2,0.19,0,0,0
2017,4,8,0,30,0,0,0,3.8000000000000003,7.9,935,75.26,140,1.8,0.19,0,0,0
2017,4,8,1,30,0,0,0,3.8000000000000003,6.6000000000000005,935,82.2,133,1.5,0.19,0,0,0
2017,4,8,2,30,0,0,0,3.6,5.9,935,85.34,126,1.3,0.19,0,0,0
2017,4,8,3,30,0,0,0,3.4000000000000004,5.300000000000001,935,87.44,119,1.3,0.19,0,0,0
2017,4,8,4,30,0,0,0,3.1,4.7,935,89.16,113,1.3,0.19,0,0,0
2017,4,8,5,30,0,0,0,2.7,4.2,935,89.79,109,1.3,0.19,0,0,0
2017,4,8,6,30,0,0,0,2.2,4.9,935,82.71000000000001,105,1.5,0.19,0,0,0
2017,4,8,7,30,458,37,96,2.5,7.7,936,69.44,102,2.3000000000000003,0.19,37,458,96
2017,4,8,8,30,750,64,310,2.1,11.4,936,52.88,103,3.1,0.19,64,750,310
2017,4,8,9,30,879,79,525,0.30000000000000004,14.600000000000001,936,37.59,103,3.5,0.19,79,879,525
2017,4,8,10,30,947,87,713,-1.1,16.900000000000002,936,29.37,101,3.7,0.19,87,947,713
2017,4,8,11,30,985,92,853,-1.5,18.8,936,25.3,100,3.7,0.19,92,985,853
2017,4,8,12,30,1003,95,936,-1.6,20.3,935,22.91,100,3.6,0.19,95,1003,936
2017,4,8,13,30,1011,93,955,-1.5,21.3,935,21.66,99,3.5,0.19,93,1011,955
2017,4,8,14,30,996,91,901,-1.5,21.900000000000002,934,20.94,96,3.3000000000000003,0.19,91,996,901
2017,4,8,15,30,971,86,790,-1.4000000000000001,22,934,20.900000000000002,91,3.1,0.19,86,971,790
2017,4,8,16,30,921,81,626,-1.4000000000000001,21.5,934,21.490000000000002,87,2.9000000000000004,0.19,81,921,626
2017,4,8,17,30,834,70,425,-1.3,19.900000000000002,934,24.05,84,2.3000000000000003,0.19,70,834,425
2017,4,8,18,30,660,51,207,3.2,16.3,934,41.49,85,1.6,0.19,51,660,207
2017,4,8,19,30,202,16,23,4.6000000000000005,12.8,934,57.4,94,1.5,0.19,16,202,23
2017,4,8,20,30,0,0,0,3.3000000000000003,11.200000000000001,935,58.21,110,1.9000000000000001,0.19,0,0,0
2017,4,8,21,30,0,0,0,3.2,10.200000000000001,936,61.800000000000004,125,2.1,0.19,0,0,0
2017,4,8,22,30,0,0,0,3.6,9.200000000000001,936,68.22,135,2.1,0.19,0,0,0
2017,4,8,23,30,0,0,0,4.2,8.200000000000001,936,76,141,1.9000000000000001,0.19,0,0,0
2017,4,9,0,30,0,0,0,4.5,7.7,936,80.41,143,1.8,0.19,0,0,0
2017,4,9,1,30,0,0,0,4.6000000000000005,6.5,936,87.65,135,1.5,0.2,0,0,0
2017,4,9,2,30,0,0,0,4.6000000000000005,5.9,936,91.11,126,1.4000000000000001,0.2,0,0,0
2017,4,9,3,30,0,0,0,4.5,5.300000000000001,935,94.45,119,1.4000000000000001,0.2,0,0,0
2017,4,9,4,30,0,0,0,4.4,4.800000000000001,935,97.11,114,1.4000000000000001,0.2,0,0,0
2017,4,9,5,30,0,0,0,4.2,4.4,936,98.8,111,1.4000000000000001,0.2,0,0,0
2017,4,9,6,30,0,0,0,4,5.4,936,90.53,110,1.8,0.2,0,0,0
2017,4,9,7,30,484,37,102,4,8.200000000000001,936,74.84,109,2.7,0.2,37,484,102
2017,4,9,8,30,762,62,315,4.2,12,937,58.89,114,3.3000000000000003,0.2,62,762,315
2017,4,9,9,30,887,75,530,3.3000000000000003,15.700000000000001,937,43.33,119,3.5,0.2,75,887,530
2017,4,9,10,30,955,82,717,1.7000000000000002,18.400000000000002,937,32.59,117,3.5,0.2,82,955,717
2017,4,9,11,30,990,87,856,0.9,20.1,937,27.85,113,3.4000000000000004,0.2,87,990,856
2017,4,9,12,30,1007,90,938,0.9,21.400000000000002,937,25.63,111,3.3000000000000003,0.2,90,1007,938
2017,4,9,13,30,1014,88,956,1,22.3,936,24.46,110,3.2,0.2,88,1014,956
2017,4,9,14,30,998,87,902,1.1,22.700000000000003,936,24,109,3,0.2,87,998,902
2017,4,9,15,30,972,84,792,1.1,22.6,935,24.18,107,2.9000000000000004,0.2,84,972,792
2017,4,9,16,30,912,83,626,1.1,22.1,935,24.990000000000002,105,2.8000000000000003,0.2,83,912,626
2017,4,9,17,30,749,71,392,1.3,20.700000000000003,935,27.45,105,2.4000000000000004,0.2,73,816,422
2017,4,9,18,30,521,57,181,4.4,17.400000000000002,935,42.2,106,1.8,0.2,55,633,205
2017,4,9,19,30,180,17,24,6.1000000000000005,14.3,936,57.9,110,2,0.2,17,180,24
2017,4,9,20,30,0,0,0,5.1000000000000005,12.9,937,59.08,117,2.6,0.2,0,0,0
2017,4,9,21,30,0,0,0,5.1000000000000005,11.700000000000001,938,63.99,123,2.9000000000000004,0.2,0,0,0
2017,4,9,22,30,0,0,0,5.4,10.4,938,71.14,126,2.6,0.2,0,0,0
2017,4,9,23,30,0,0,0,5.6000000000000005,9.1,938,78.85000000000001,126,2.2,0.2,0,0,0
2017,4,10,0,30,0,0,0,5.7,8.5,938,82.31,126,2,0.2,0,0,0
2017,4,10,1,30,0,0,0,5.5,7,938,90.27,120,1.6,0.2,0,0,0
2017,4,10,2,30,0,0,0,5.300000000000001,6.1000000000000005,938,94.46000000000001,113,1.6,0.2,0,0,0
2017,4,10,3,30,0,0,0,4.9,5.300000000000001,938,97.52,107,1.5,0.2,0,0,0
2017,4,10,4,30,0,0,0,4.5,4.6000000000000005,938,98.96000000000001,100,1.5,0.2,0,0,0
2017,4,10,5,30,0,0,0,3.8000000000000003,4.1000000000000005,938,98.06,95,1.6,0.2,0,0,0
2017,4,10,6,30,0,0,0,3.2,4.9,938,88.54,91,2,0.2,0,0,0
2017,4,10,7,30,469,42,107,2.9000000000000004,7.5,938,72.53,87,2.7,0.2,42,469,107
2017,4,10,8,30,743,70,320,2.9000000000000004,11.100000000000001,939,57.14,89,3.1,0.2,70,743,320
2017,4,10,9,30,869,87,536,2.2,15.200000000000001,939,41.49,98,3.3000000000000003,0.2,87,869,536
2017,4,10,10,30,932,96,719,-0.2,18.5,939,28.27,99,3.5,0.2,96,932,719
2017,4,10,11,30,971,101,859,-1.4000000000000001,20.700000000000003,939,22.56,94,3.6,0.2,101,971,859
2017,4,10,12,30,991,103,941,-1.5,22.1,938,20.7,89,3.6,0.2,103,991,941
2017,4,10,13,30,1004,98,960,-1.3,23,937,19.79,85,3.5,0.2,98,1004,960
2017,4,10,14,30,989,95,906,-1.4000000000000001,23.400000000000002,937,19.23,82,3.4000000000000004,0.2,95,989,906
2017,4,10,15,30,963,91,795,-1.5,23.3,936,19.14,77,3.2,0.2,91,963,795
2017,4,10,16,30,849,89,598,-1.8,22.700000000000003,936,19.5,73,2.9000000000000004,0.2,86,909,630
2017,4,10,17,30,636,98,372,-1.3,21,936,22.36,69,2.1,0.2,74,821,428
2017,4,10,18,30,554,54,188,4.2,17.6,936,40.9,66,1.4000000000000001,0.2,55,638,209
2017,4,10,19,30,93,16,20,5.4,14.600000000000001,937,53.92,69,1.2000000000000002,0.2,17,200,26
2017,4,10,20,30,0,0,0,3.9000000000000004,13.3,937,53.06,82,1.3,0.2,0,0,0
2017,4,10,21,30,0,0,0,3.6,12.5,938,54.46,103,1.2000000000000002,0.2,0,0,0
2017,4,10,22,30,0,0,0,3.3000000000000003,11.700000000000001,938,56.39,125,1.2000000000000002,0.2,0,0,0
2017,4,10,23,30,0,0,0,3.1,11,938,58.160000000000004,145,1.2000000000000002,0.2,0,0,0
2017,4,11,0,30,0,0,0,2.8000000000000003,10.600000000000001,938,58.47,154,1.2000000000000002,0.2,0,0,0
2017,4,11,1,30,0,0,0,2.5,9.600000000000001,938,61.11,174,1.2000000000000002,0.2,0,0,0
2017,4,11,2,30,0,0,0,2.2,9.1,938,62.160000000000004,187,1.2000000000000002,0.2,0,0,0
2017,4,11,3,30,0,0,0,2.1,8.6,938,63.45,198,1.2000000000000002,0.2,0,0,0
2017,4,11,4,30,0,0,0,2,7.9,938,66.28,206,1.2000000000000002,0.2,0,0,0
2017,4,11,5,30,0,0,0,2,7.300000000000001,938,69.19,210,1.1,0.2,0,0,0
2017,4,11,6,30,0,0,0,2.1,7.7,938,67.5,208,1,0.2,0,0,0
2017,4,11,7,30,486,38,108,3.8000000000000003,10.200000000000001,938,64.32000000000001,201,1.4000000000000001,0.2,38,486,108
2017,4,11,8,30,741,65,317,3.3000000000000003,13.9,938,48.92,200,1.6,0.2,65,741,317
2017,4,11,9,30,858,81,528,3.4000000000000004,18,939,37.9,201,1.3,0.2,81,858,528
2017,4,11,10,30,921,91,711,1.4000000000000001,21.400000000000002,939,26.59,212,1.1,0.2,91,921,711
2017,4,11,11,30,956,98,848,1.4000000000000001,23.3,938,23.62,250,1.3,0.2,98,956,848
2017,4,11,12,30,974,102,928,1.8,24.400000000000002,938,22.73,290,1.6,0.2,102,974,928
2017,4,11,13,30,983,98,946,1.9000000000000001,25.1,937,22.05,311,1.9000000000000001,0.2,98,983,946
2017,4,11,14,30,974,95,897,2,25.400000000000002,937,21.76,322,2,0.2,95,974,897
2017,4,11,15,30,950,90,787,1.9000000000000001,25.3,936,21.740000000000002,331,2.1,0.2,90,950,787
2017,4,11,16,30,899,82,623,1.7000000000000002,24.700000000000003,935,22.2,339,2.1,0.2,82,899,623
2017,4,11,17,30,813,71,424,1.7000000000000002,23.3,935,24.13,345,1.6,0.2,71,813,424
2017,4,11,18,30,643,52,209,6,20.8,935,37.99,349,1,0.2,52,643,209
2017,4,11,19,30,226,17,27,6.7,18.900000000000002,935,44.87,341,0.8,0.2,17,226,27
2017,4,11,20,30,0,0,0,4,18.400000000000002,936,38.57,318,0.7000000000000001,0.2,0,0,0
2017,4,11,21,30,0,0,0,3,17.400000000000002,936,38.27,297,0.8,0.2,0,0,0
2017,4,11,22,30,0,0,0,3.3000000000000003,15.600000000000001,936,43.79,290,1,0.2,0,0,0
2017,4,11,23,30,0,0,0,3.9000000000000004,13.8,936,51.370000000000005,294,1.2000000000000002,0.2,0,0,0
2017,4,12,0,30,0,0,0,4.3,13,936,55.57,297,1.3,0.2,0,0,0
2017,4,12,1,30,0,0,0,4.6000000000000005,11.3,936,63.61,301,1.3,0.2,0,0,0
2017,4,12,2,30,0,0,0,4.9,10.600000000000001,936,67.9,303,1.2000000000000002,0.2,0,0,0
2017,4,12,3,30,0,0,0,5,10.4,935,69.44,306,1.2000000000000002,0.2,0,0,0
2017,4,12,4,30,0,0,0,5.1000000000000005,10.3,935,69.93,308,1.1,0.2,0,0,0
2017,4,12,5,30,0,0,0,5,10.100000000000001,935,70.79,303,1,0.2,0,0,0
2017,4,12,6,30,0,0,0,5.1000000000000005,10.5,935,69.05,289,0.9,0.2,0,0,0
2017,4,12,7,30,427,43,107,6.5,12.5,936,66.69,273,1.1,0.2,43,427,107
2017,4,12,8,30,684,75,311,6.5,15.700000000000001,936,54.38,263,1.6,0.2,75,684,311
2017,4,12,9,30,807,94,518,6.9,19.700000000000003,936,43.480000000000004,273,2,0.2,94,807,518
2017,4,12,10,30,874,108,699,5.7,23.200000000000003,936,32.17,290,2.4000000000000004,0.2,108,874,699
2017,4,12,11,30,911,117,835,5.1000000000000005,24.900000000000002,936,27.830000000000002,294,2.4000000000000004,0.2,117,911,835
2017,4,12,12,30,929,122,914,5,25.8,935,26.330000000000002,292,2.4000000000000004,0.2,122,929,914
2017,4,12,13,30,933,122,930,4.9,26.3,935,25.37,291,2.4000000000000004,0.2,122,933,930
2017,4,12,14,30,920,122,881,4.800000000000001,26.5,934,24.79,291,2.4000000000000004,0.2,122,920,881
2017,4,12,15,30,885,116,769,4.5,26.3,934,24.69,292,2.3000000000000003,0.2,116,885,769
2017,4,12,16,30,828,108,608,4.3,25.8,933,25.1,291,2.2,0.2,108,828,608
2017,4,12,17,30,730,92,411,4.5,24.400000000000002,933,27.5,289,1.7000000000000002,0.2,92,730,411
2017,4,12,18,30,542,67,201,8,21.8,933,41.11,284,1.2000000000000002,0.2,67,542,201
2017,4,12,19,30,143,19,26,9.4,19.200000000000003,934,53.18,282,1.1,0.2,19,143,26
2017,4,12,20,30,0,0,0,7.800000000000001,17.7,934,52.31,286,1.3,0.2,0,0,0
2017,4,12,21,30,0,0,0,7.7,16.3,935,56.76,293,1.4000000000000001,0.2,0,0,0
2017,4,12,22,30,0,0,0,7.800000000000001,14.8,935,62.86,302,1.5,0.2,0,0,0
2017,4,12,23,30,0,0,0,7.9,13.700000000000001,935,67.78,312,1.5,0.2,0,0,0
2017,4,13,0,30,0,0,0,7.9,13.3,935,69.68,317,1.5,0.2,0,0,0
2017,4,13,1,30,0,0,0,7.7,12.3,935,73.32000000000001,329,1.3,0.2,0,0,0
2017,4,13,2,30,0,0,0,7.4,12,934,73.36,338,1.2000000000000002,0.2,0,0,0
2017,4,13,3,30,0,0,0,7.1000000000000005,11.8,934,73.04,348,1,0.2,0,0,0
2017,4,13,4,30,0,0,0,6.9,11.8,934,72.06,185,0.8,0.2,0,0,0
2017,4,13,5,30,0,0,0,6.800000000000001,11.600000000000001,935,72.37,40,0.7000000000000001,0.2,0,0,0
2017,4,13,6,30,0,0,0,6.7,12,935,70.07000000000001,73,0.6000000000000001,0.2,0,0,0
2017,4,13,7,30,389,49,108,7.7,13.8,935,66.77,103,0.8,0.2,49,389,108
2017,4,13,8,30,648,86,312,7.800000000000001,16.8,935,55.230000000000004,140,1.1,0.2,86,648,312
2017,4,13,9,30,406,199,414,7.800000000000001,20.8,936,42.97,192,1.7000000000000002,0.2,112,766,517
2017,4,13,10,30,502,241,583,5.1000000000000005,23.8,936,29.79,232,2.5,0.2,135,821,694
2017,4,13,11,30,500,305,701,4.5,24.900000000000002,935,26.86,241,3,0.2,154,848,825
2017,4,13,12,30,306,415,677,4.5,25.400000000000002,935,25.94,249,3.4000000000000004,0.2,169,851,898
2017,4,13,13,30,102,433,522,4.4,25.5,934,25.7,256,3.7,0.2,163,864,913
2017,4,13,14,30,155,419,547,4.5,25.6,934,25.66,262,3.9000000000000004,0.2,163,842,861
2017,4,13,15,30,215,359,519,4.6000000000000005,25.6,933,25.92,267,3.9000000000000004,0.2,151,812,751
2017,4,13,16,30,268,271,434,4.800000000000001,25.1,933,26.97,270,3.7,0.2,134,757,593
2017,4,13,17,30,415,153,336,4.9,23.8,933,29.46,272,3,0.2,113,651,399
2017,4,13,18,30,340,81,166,7.5,20.8,933,42.09,273,1.9000000000000001,0.2,81,442,192
2017,4,13,19,30,47,19,21,9.3,17.6,934,58.120000000000005,276,1.4000000000000001,0.2,21,56,24
2017,4,13,20,30,0,0,0,8.4,16.1,934,60.29,279,1.4000000000000001,0.2,0,0,0
2017,4,13,21,30,0,0,0,8.1,15.100000000000001,935,63.160000000000004,283,1.4000000000000001,0.2,0,0,0
2017,4,13,22,30,0,0,0,8,14.3,935,65.81,286,1.3,0.2,0,0,0
2017,4,13,23,30,0,0,0,8,13.700000000000001,935,68.45,288,1.2000000000000002,0.2,0,0,0
2017,4,14,0,30,0,0,0,7.800000000000001,13.4,935,69.11,289,1.2000000000000002,0.2,0,0,0
2017,4,14,1,30,0,0,0,7.7,13.200000000000001,935,69.39,284,1.1,0.2,0,0,0
2017,4,14,2,30,0,0,0,7.7,13,934,70.26,276,1,0.2,0,0,0
2017,4,14,3,30,0,0,0,7.7,12.700000000000001,934,71.60000000000001,263,0.9,0.2,0,0,0
2017,4,14,4,30,0,0,0,7.800000000000001,12.200000000000001,934,74.25,243,0.8,0.2,0,0,0
2017,4,14,5,30,0,0,0,7.800000000000001,11.700000000000001,934,77.24,224,0.8,0.2,0,0,0
2017,4,14,6,30,0,0,0,8,11.9,934,76.98,215,0.8,0.2,0,0,0
2017,4,14,7,30,0,50,50,9,13.4,935,74.63,214,1.2000000000000002,0.2,65,215,99
2017,4,14,8,30,83,143,173,8.8,15.3,935,65.36,224,1.6,0.2,120,494,294
2017,4,14,9,30,648,151,497,9,17.5,935,57.28,242,1.9000000000000001,0.2,151,648,497
2017,4,14,10,30,422,275,564,8.200000000000001,19.400000000000002,935,48.17,253,2.3000000000000003,0.2,169,746,680
2017,4,14,11,30,489,310,698,7.7,20.200000000000003,935,44.4,256,2.6,0.2,183,794,814
2017,4,14,12,30,489,355,775,7.5,20.900000000000002,935,41.86,260,2.7,0.2,186,823,894
2017,4,14,13,30,209,444,627,7.300000000000001,21.5,935,39.92,264,2.9000000000000004,0.2,158,873,919
2017,4,14,14,30,203,419,588,7.1000000000000005,21.900000000000002,934,38.54,269,3.2,0.2,150,871,874
2017,4,14,15,30,302,345,569,7,21.900000000000002,934,38.26,277,3.3000000000000003,0.2,139,845,766
2017,4,14,16,30,771,132,601,6.9,21.5,934,38.78,284,3.2,0.2,132,771,601
2017,4,14,17,30,686,106,410,6.800000000000001,20.6,934,40.660000000000004,291,2.7,0.2,106,686,410
2017,4,14,18,30,512,73,203,7.6000000000000005,18,934,50.79,302,1.8,0.2,73,512,203
2017,4,14,19,30,118,22,29,8.8,14.8,934,67.36,314,1.3,0.2,22,118,29
2017,4,14,20,30,0,0,0,7.6000000000000005,13.100000000000001,934,69.23,322,1.3,0.2,0,0,0
2017,4,14,21,30,0,0,0,6.9,12.200000000000001,935,70.3,324,1.4000000000000001,0.2,0,0,0
2017,4,14,22,30,0,0,0,6.4,11.3,935,71.88,325,1.3,0.2,0,0,0
2017,4,14,23,30,0,0,0,6.1000000000000005,10.700000000000001,935,73.21000000000001,328,1.3,0.2,0,0,0
2017,4,15,0,30,0,0,0,6,10.4,935,74.32000000000001,330,1.3,0.2,0,0,0
2017,4,15,1,30,0,0,0,6.2,10,935,77.06,330,1.1,0.2,0,0,0
2017,4,15,2,30,0,0,0,6.5,9.8,935,79.78,331,1,0.2,0,0,0
2017,4,15,3,30,0,0,0,6.9,10,935,80.83,329,0.9,0.2,0,0,0
2017,4,15,4,30,0,0,0,7.2,10.200000000000001,935,81.48,320,0.8,0.2,0,0,0
2017,4,15,5,30,0,0,0,7.300000000000001,10.100000000000001,935,82.60000000000001,303,0.7000000000000001,0.2,0,0,0
2017,4,15,6,30,0,0,0,7.300000000000001,10.4,935,81.24,265,0.7000000000000001,0.2,0,0,0
2017,4,15,7,30,0,54,54,7.9,12,935,76.16,228,1,0.2,48,445,120
2017,4,15,8,30,52,140,159,8,15.200000000000001,935,62.1,240,1.5,0.2,75,703,328
2017,4,15,9,30,261,232,372,7.800000000000001,18.6,936,49.36,266,1.9000000000000001,0.2,91,827,536
2017,4,15,10,30,449,265,574,7,21,936,40.32,267,2.1,0.2,101,896,717
2017,4,15,11,30,350,366,645,6.6000000000000005,22.8,935,35.12,267,2.3000000000000003,0.2,105,937,854
2017,4,15,12,30,439,364,743,6.2,24.200000000000003,935,31.35,268,2.4000000000000004,0.2,107,957,933
2017,4,15,13,30,461,371,774,5.7,25.3,934,28.45,269,2.6,0.2,130,924,939
2017,4,15,14,30,527,327,767,5.300000000000001,25.8,934,26.85,270,2.7,0.2,131,909,889
2017,4,15,15,30,641,226,704,4.9,25.8,933,26.150000000000002,272,2.9000000000000004,0.2,125,874,776
2017,4,15,16,30,653,159,559,4.3,25.200000000000003,933,25.98,273,2.9000000000000004,0.2,115,818,615
2017,4,15,17,30,653,98,388,4.3,23.8,933,28.18,274,2.4000000000000004,0.2,97,722,419
2017,4,15,18,30,474,68,189,7.5,20.700000000000003,933,42.38,276,1.7000000000000002,0.2,70,540,208
2017,4,15,19,30,143,23,31,8.9,17.7,934,56.39,282,1.4000000000000001,0.2,23,143,31
2017,4,15,20,30,0,0,0,8,16.2,934,58.24,291,1.4000000000000001,0.2,0,0,0
2017,4,15,21,30,0,0,0,7.9,15.200000000000001,935,61.79,301,1.4000000000000001,0.2,0,0,0
2017,4,15,22,30,0,0,0,8,14.3,935,65.65,314,1.3,0.2,0,0,0
2017,4,15,23,30,0,0,0,8,13.600000000000001,936,69.08,330,1.2000000000000002,0.2,0,0,0
2017,4,16,0,30,0,0,0,8.1,13.4,936,70.48,339,1.2000000000000002,0.2,0,0,0
2017,4,16,1,30,0,0,0,8.200000000000001,12.5,936,74.98,188,1.1,0.2,0,0,0
2017,4,16,2,30,0,0,0,7.9,11.8,935,77.17,29,1.2000000000000002,0.2,0,0,0
2017,4,16,3,30,0,0,0,7.5,11.100000000000001,935,78.39,51,1.4000000000000001,0.2,0,0,0
2017,4,16,4,30,0,0,0,7.300000000000001,10.600000000000001,935,79.98,72,1.6,0.2,0,0,0
2017,4,16,5,30,0,0,0,7.300000000000001,10.100000000000001,935,82.99,90,1.7000000000000002,0.2,0,0,0
2017,4,16,6,30,0,0,0,7.5,10.9,935,79.34,104,2,0.2,0,0,0
2017,4,16,7,30,90,60,75,8.3,13.4,936,71.19,113,2.6,0.2,52,414,121
2017,4,16,8,30,80,147,176,8.4,16.900000000000002,936,57.47,128,2.8000000000000003,0.2,84,668,326
2017,4,16,9,30,240,237,367,8.3,20.5,936,45.52,156,2.4000000000000004,0.2,103,790,531
2017,4,16,10,30,460,262,580,7.300000000000001,23.1,936,36.17,186,1.8,0.2,114,863,711
2017,4,16,11,30,531,303,729,6.6000000000000005,24.5,936,31.63,213,1.6,0.2,124,895,842
2017,4,16,12,30,602,312,833,6.1000000000000005,25.3,935,29.26,230,1.8,0.2,131,910,919
2017,4,16,13,30,231,445,647,5.800000000000001,25.3,935,28.54,240,2.1,0.2,120,932,938
2017,4,16,14,30,500,336,755,5.300000000000001,24.900000000000002,935,28.310000000000002,248,2.4000000000000004,0.2,122,914,887
2017,4,16,15,30,541,266,670,4.9,24.200000000000003,935,28.71,254,2.6,0.2,116,889,780
2017,4,16,16,30,775,117,593,4.800000000000001,23.6,934,29.64,257,2.5,0.2,109,833,621
2017,4,16,17,30,744,92,425,5.4,22.6,934,32.83,258,2,0.2,92,744,425
2017,4,16,18,30,361,82,175,8.1,20.1,934,45.94,258,1.3,0.2,67,577,216
2017,4,16,19,30,190,23,34,9.9,17.400000000000002,934,61.27,258,1.1,0.2,23,190,34
2017,4,16,20,30,0,0,0,8.700000000000001,16.1,935,61.49,258,1.1,0.2,0,0,0
2017,4,16,21,30,0,0,0,8.4,15.3,935,63.230000000000004,255,1.1,0.2,0,0,0
2017,4,16,22,30,0,0,0,8.1,14.600000000000001,935,65.06,251,1.1,0.2,0,0,0
2017,4,16,23,30,0,0,0,8.1,14,935,67.75,248,1.1,0.2,0,0,0
2017,4,17,0,30,0,0,0,8.3,13.700000000000001,935,69.82000000000001,248,1.1,0.2,0,0,0
2017,4,17,1,30,0,0,0,8.4,13.100000000000001,934,73.13,246,1.1,0.2,0,0,0
2017,4,17,2,30,0,0,0,8.6,12.700000000000001,934,76.11,244,1.1,0.2,0,0,0
2017,4,17,3,30,0,0,0,8.8,12.3,934,79.46000000000001,242,1.1,0.2,0,0,0
2017,4,17,4,30,0,0,0,9.1,11.700000000000001,934,84.01,241,1.1,0.2,0,0,0
2017,4,17,5,30,0,0,0,9.3,10.9,934,89.60000000000001,239,1.1,0.2,0,0,0
2017,4,17,6,30,0,0,0,9.3,11.100000000000001,934,88.88,237,1.3,0.2,0,0,0
2017,4,17,7,30,326,61,117,9.600000000000001,12.9,934,80.52,235,1.7000000000000002,0.2,61,326,117
2017,4,17,8,30,592,101,319,9.600000000000001,15.8,934,66.66,240,1.7000000000000002,0.2,101,592,319
2017,4,17,9,30,732,125,525,9.200000000000001,19.6,934,51.1,257,1.6,0.2,125,732,525
2017,4,17,10,30,813,139,704,7.800000000000001,22.700000000000003,934,38.4,257,1.6,0.2,139,813,704
2017,4,17,11,30,862,145,840,7.300000000000001,24.5,934,33.33,241,1.6,0.2,145,862,840
2017,4,17,12,30,895,145,922,6.9,25.700000000000003,933,30.080000000000002,240,1.8,0.2,145,895,922
2017,4,17,13,30,918,133,942,6.4,26.5,932,27.73,247,2,0.2,133,918,942
2017,4,17,14,30,911,128,893,5.9,26.900000000000002,932,26.21,257,2.1,0.2,128,911,893
2017,4,17,15,30,885,120,784,5.4,26.8,931,25.560000000000002,267,2.2,0.2,120,885,784
2017,4,17,16,30,813,118,620,5,26.3,931,25.45,274,2.3000000000000003,0.2,118,813,620
2017,4,17,17,30,713,100,421,4.5,25.1,931,26.54,279,2.1,0.2,100,713,421
2017,4,17,18,30,529,73,212,6.1000000000000005,22,931,35.59,284,1.5,0.2,73,529,212
2017,4,17,19,30,135,25,34,9.700000000000001,18.6,932,56.26,290,1.2000000000000002,0.2,25,135,34
2017,4,17,20,30,0,0,0,8.1,16.7,932,56.730000000000004,300,1.3,0.2,0,0,0
2017,4,17,21,30,0,0,0,7.6000000000000005,15.5,933,59.36,312,1.3,0.2,0,0,0
2017,4,17,22,30,0,0,0,7.300000000000001,14.600000000000001,933,61.45,327,1.3,0.2,0,0,0
2017,4,17,23,30,0,0,0,7,13.9,932,63.32,344,1.2000000000000002,0.2,0,0,0
2017,4,18,0,30,0,0,0,6.9,13.600000000000001,932,63.84,353,1.1,0.2,0,0,0
2017,4,18,1,30,0,0,0,6.800000000000001,13,932,65.81,32,1.1,0.2,0,0,0
2017,4,18,2,30,0,0,0,6.6000000000000005,12.600000000000001,932,66.84,59,1.1,0.2,0,0,0
2017,4,18,3,30,0,0,0,6.4,12.100000000000001,931,68.17,79,1.1,0.2,0,0,0
2017,4,18,4,30,0,0,0,6.2,11.8,931,68.54,92,1.1,0.2,0,0,0
2017,4,18,5,30,0,0,0,6,11.5,931,68.84,101,1.1,0.2,0,0,0
2017,4,18,6,30,0,0,0,5.800000000000001,12.200000000000001,931,64.93,106,1,0.2,0,0,0
2017,4,18,7,30,363,60,123,7.7,14.700000000000001,931,62.93,107,1.4000000000000001,0.2,60,363,123
2017,4,18,8,30,227,148,232,6.7,18.6,931,45.97,108,1.7000000000000002,0.2,96,621,327
2017,4,18,9,30,297,232,396,6.2,22.6,931,34.67,115,1.4000000000000001,0.2,119,750,532
2017,4,18,10,30,354,305,552,4.9,25.200000000000003,931,27.07,125,1.2000000000000002,0.2,153,784,701
2017,4,18,11,30,542,304,742,4.9,26.6,931,24.87,129,0.9,0.2,164,825,832
2017,4,18,12,30,625,304,848,4.800000000000001,27.5,930,23.48,141,0.8,0.2,170,847,909
2017,4,18,13,30,545,353,835,4.7,28.1,929,22.56,221,0.8,0.2,141,897,933
2017,4,18,14,30,876,142,881,4.7,28.200000000000003,929,22.35,300,1,0.2,142,876,881
2017,4,18,15,30,840,137,769,4.7,28,928,22.59,322,1.2000000000000002,0.2,137,840,769
2017,4,18,16,30,778,127,609,4.5,27.400000000000002,928,23.11,343,1.4000000000000001,0.2,127,778,609
2017,4,18,17,30,677,108,415,4.6000000000000005,26.3,928,24.85,181,1.3,0.2,108,677,415
2017,4,18,18,30,495,78,209,6.9,23.6,928,34.21,13,1.1,0.2,78,495,209
2017,4,18,19,30,121,26,34,10.700000000000001,20.3,928,53.97,21,1.1,0.2,26,121,34
2017,4,18,20,30,0,0,0,9,18.3,929,54.54,35,1.3,0.2,0,0,0
2017,4,18,21,30,0,0,0,8.6,17.2,929,57.06,64,1.4000000000000001,0.2,0,0,0
2017,4,18,22,30,0,0,0,8.6,16.2,929,60.85,107,1.6,0.2,0,0,0
2017,4,18,23,30,0,0,0,8.6,15.100000000000001,929,65.11,148,1.9000000000000001,0.2,0,0,0
2017,4,19,0,30,0,0,0,8.6,14.600000000000001,929,67.08,164,2.1,0.2,0,0,0
2017,4,19,1,30,0,0,0,8.5,13.200000000000001,929,73.10000000000001,181,2.1,0.2,0,0,0
2017,4,19,2,30,0,0,0,8.3,12.5,929,75.43,172,2.2,0.2,0,0,0
2017,4,19,3,30,0,0,0,8,11.9,929,77.04,147,2.5,0.2,0,0,0
2017,4,19,4,30,0,0,0,7.800000000000001,11.3,929,78.96000000000001,122,2.7,0.2,0,0,0
2017,4,19,5,30,0,0,0,7.7,10.700000000000001,930,81.84,111,3,0.2,0,0,0
2017,4,19,6,30,0,0,0,7.800000000000001,11,930,80.42,106,3.5,0.2,0,0,0
2017,4,19,7,30,70,65,78,8,12.600000000000001,931,73.32000000000001,104,4.2,0.2,65,331,125
2017,4,19,8,30,583,107,325,7.7,15,931,61.480000000000004,105,4.5,0.2,107,583,325
2017,4,19,9,30,716,132,528,6.9,17.3,931,50.52,106,4.5,0.2,132,716,528
2017,4,19,10,30,503,251,605,6.4,19.3,931,43.07,107,4.3,0.2,149,788,703
2017,4,19,11,30,518,314,734,6.300000000000001,20.900000000000002,931,38.77,108,4.1000000000000005,0.2,162,828,834
2017,4,19,12,30,294,429,686,6.4,21.900000000000002,931,36.63,112,3.9000000000000004,0.2,169,847,910
2017,4,19,13,30,527,363,830,6.5,22.3,931,35.910000000000004,117,3.9000000000000004,0.2,200,801,909
2017,4,19,14,30,336,402,686,6.5,22.3,930,35.99,120,3.9000000000000004,0.2,197,783,859
2017,4,19,15,30,166,371,497,6.6000000000000005,21.8,930,37.28,120,4,0.2,191,739,749
2017,4,19,16,30,7,184,188,6.6000000000000005,20.8,930,39.75,115,4.1000000000000005,0.2,191,627,581
2017,4,19,17,30,0,36,36,6.6000000000000005,19.3,931,43.68,109,4.1000000000000005,0.2,166,494,391
2017,4,19,18,30,0,9,9,6.7,17.400000000000002,931,49.57,103,4,0.2,116,283,191
2017,4,19,19,30,0,4,4,6.9,15.3,932,57.21,97,4.1000000000000005,0.2,25,19,27
2017,4,19,20,30,0,0,0,6.7,13.700000000000001,932,62.47,94,4.4,0.2,0,0,0
2017,4,19,21,30,0,0,0,6.300000000000001,12.600000000000001,932,65.38,96,4.5,0.2,0,0,0
2017,4,19,22,30,0,0,0,6,11.700000000000001,933,68.05,101,4.5,0.2,0,0,0
2017,4,19,23,30,0,0,0,5.7,10.9,933,70.47,106,4.5,0.2,0,0,0
2017,4,20,0,30,0,0,0,5.4,10.600000000000001,933,70.35000000000001,108,4.6000000000000005,0.2,0,0,0
2017,4,20,1,30,0,0,0,5.1000000000000005,9.700000000000001,933,72.91,104,4.7,0.2,0,0,0
2017,4,20,2,30,0,0,0,4.7,9.200000000000001,933,73.47,101,4.800000000000001,0.2,0,0,0
2017,4,20,3,30,0,0,0,4.3,8.8,933,73.51,98,4.800000000000001,0.2,0,0,0
2017,4,20,4,30,0,0,0,3.9000000000000004,8.5,933,72.59,95,4.9,0.2,0,0,0
2017,4,20,5,30,0,0,0,3.2,8.200000000000001,933,70.83,93,5,0.2,0,0,0
2017,4,20,6,30,0,0,0,2.5,8.200000000000001,933,67.09,92,5.300000000000001,0.2,0,0,0
2017,4,20,7,30,0,8,8,1.6,8.9,933,60.39,93,6,0.2,77,248,123
2017,4,20,8,30,5,127,130,0.4,10.4,934,49.89,95,6.6000000000000005,0.2,127,514,322
2017,4,20,9,30,250,244,383,-0.8,12.200000000000001,934,40.65,98,6.9,0.2,156,661,525
2017,4,20,10,30,421,284,582,-1,14.100000000000001,934,35.49,100,6.9,0.2,176,745,701
2017,4,20,11,30,490,322,721,-0.5,15.8,934,32.96,103,6.9,0.2,185,794,832
2017,4,20,12,30,442,373,761,0.1,17.400000000000002,934,31.12,105,6.9,0.2,189,822,910
2017,4,20,13,30,350,417,728,0.7000000000000001,18.6,934,29.98,107,6.9,0.2,166,865,935
2017,4,20,14,30,96,417,498,1.1,18.8,934,30.5,107,6.800000000000001,0.2,163,851,885
2017,4,20,15,30,326,347,593,1.4000000000000001,18,934,32.74,107,6.6000000000000005,0.2,159,807,771
2017,4,20,16,30,45,260,288,1.6,16.8,934,35.82,108,6.4,0.2,147,742,611
2017,4,20,17,30,637,126,418,1.7000000000000002,15.600000000000001,934,39.17,107,6.300000000000001,0.2,126,637,418
2017,4,20,18,30,441,91,210,1.9000000000000001,13.9,934,44.09,106,6,0.2,91,441,210
2017,4,20,19,30,83,30,36,2.1,12.100000000000001,935,50.28,105,5.6000000000000005,0.2,30,83,36
2017,4,20,20,30,0,0,0,2.3000000000000003,10.5,936,56.82,102,5.5,0.2,0,0,0
2017,4,20,21,30,0,0,0,2.4000000000000004,9.3,936,62.09,100,5.6000000000000005,0.2,0,0,0
2017,4,20,22,30,0,0,0,2.5,8.3,937,66.63,99,5.6000000000000005,0.2,0,0,0
2017,4,20,23,30,0,0,0,2.4000000000000004,7.6000000000000005,937,69.64,101,5.7,0.2,0,0,0
2017,4,21,0,30,0,0,0,2.3000000000000003,7.2,937,70.95,101,5.7,0.2,0,0,0
2017,4,21,1,30,0,0,0,2.1,6.4,936,74.18,95,5.5,0.2,0,0,0
2017,4,21,2,30,0,0,0,2.1,5.9,936,76.79,89,5.300000000000001,0.2,0,0,0
2017,4,21,3,30,0,0,0,2.4000000000000004,5.4,935,80.74,84,5.1000000000000005,0.2,0,0,0
2017,4,21,4,30,0,0,0,2.7,5.1000000000000005,935,84.25,82,5,0.2,0,0,0
2017,4,21,5,30,0,0,0,2.8000000000000003,4.800000000000001,936,87.02,84,5,0.2,0,0,0
2017,4,21,6,30,0,0,0,2.8000000000000003,5.300000000000001,936,84.05,87,5.2,0.2,0,0,0
2017,4,21,7,30,335,70,133,2.8000000000000003,7,937,74.46000000000001,95,5.9,0.2,70,335,133
2017,4,21,8,30,596,110,338,2.2,9.600000000000001,937,59.88,104,6.4,0.2,110,596,338
2017,4,21,9,30,739,131,545,1,12.5,938,45.300000000000004,108,6.5,0.2,131,739,545
2017,4,21,10,30,825,142,728,-0.1,15.100000000000001,938,35.45,108,6.4,0.2,142,825,728
2017,4,21,11,30,876,146,862,-0.7000000000000001,17.400000000000002,937,29.18,107,6.2,0.2,146,876,862
2017,4,21,12,30,904,146,941,-1,19.1,937,25.650000000000002,106,6.2,0.2,146,904,941
2017,4,21,13,30,938,127,963,-1.2000000000000002,20.1,937,23.91,106,6.1000000000000005,0.2,127,938,963
2017,4,21,14,30,930,123,913,-1.3,20.6,936,23.03,106,6.1000000000000005,0.2,123,930,913
2017,4,21,15,30,902,117,803,-1.3,20.3,936,23.32,106,6.1000000000000005,0.2,117,902,803
2017,4,21,16,30,855,105,642,-1.3,19.400000000000002,936,24.66,107,6,0.2,105,855,642
2017,4,21,17,30,762,92,443,-1.3,17.8,937,27.42,108,5.800000000000001,0.2,92,762,443
2017,4,21,18,30,588,70,230,-1.2000000000000002,15.5,937,31.87,108,5,0.2,70,588,230
2017,4,21,19,30,201,29,44,-0.8,12.700000000000001,938,39.4,107,4.2,0.2,29,201,44
2017,4,21,20,30,0,0,0,-0.2,10.5,939,47.59,104,4,0.2,0,0,0
2017,4,21,21,30,0,0,0,0.1,9.1,939,53.44,102,4.1000000000000005,0.2,0,0,0
2017,4,21,22,30,0,0,0,0.6000000000000001,7.9,939,60.160000000000004,99,4,0.2,0,0,0
2017,4,21,23,30,0,0,0,1.2000000000000002,7,939,66.49,98,3.9000000000000004,0.2,0,0,0
2017,4,22,0,30,0,0,0,1.6,6.6000000000000005,939,70.66,97,3.8000000000000003,0.2,0,0,0
2017,4,22,1,30,0,0,0,2.1,5.6000000000000005,939,78.15,102,3.3000000000000003,0.2,0,0,0
2017,4,22,2,30,0,0,0,2.5,5.2,939,82.64,105,3,0.2,0,0,0
2017,4,22,3,30,0,0,0,2.8000000000000003,4.7,938,87.24,102,2.7,0.2,0,0,0
2017,4,22,4,30,0,0,0,2.9000000000000004,4.2,938,91.54,92,2.4000000000000004,0.2,0,0,0
2017,4,22,5,30,0,0,0,3.1,3.8000000000000003,938,95.04,80,2.3000000000000003,0.2,0,0,0
2017,4,22,6,30,0,0,0,3.1,4.5,938,90.85000000000001,72,2.9000000000000004,0.2,0,0,0
2017,4,22,7,30,51,70,80,3.2,6.7,938,78.33,77,3.6,0.2,68,383,142
2017,4,22,8,30,126,160,209,2.7,9.700000000000001,938,61.83,91,3.7,0.2,107,621,347
2017,4,22,9,30,394,218,441,1.6,12.9,938,46.07,100,3.5,0.2,133,738,549
2017,4,22,10,30,313,322,545,0.6000000000000001,15.600000000000001,937,36,107,3.3000000000000003,0.2,154,795,720
2017,4,22,11,30,70,385,443,0.8,17.7,937,32.06,117,3.3000000000000003,0.2,172,821,846
2017,4,22,12,30,272,438,678,2,19.1,936,31.98,125,3.5,0.2,185,826,914
2017,4,22,13,30,157,459,599,3.5,19.8,936,34.11,128,3.8000000000000003,0.2,168,855,932
2017,4,22,14,30,239,426,630,4.800000000000001,20,935,36.89,126,4,0.2,167,833,878
2017,4,22,15,30,801,159,769,5.7,19.900000000000002,935,39.36,122,4.1000000000000005,0.2,159,801,769
2017,4,22,16,30,445,237,518,6.1000000000000005,19.400000000000002,934,41.84,117,4,0.2,143,744,612
2017,4,22,17,30,524,138,381,6.300000000000001,18.5,934,44.85,112,3.7,0.2,122,642,420
2017,4,22,18,30,452,90,215,6.5,16.6,934,51.160000000000004,105,2.9000000000000004,0.2,90,452,215
2017,4,22,19,30,99,32,40,7.300000000000001,14.200000000000001,934,63.2,100,2.2,0.2,32,99,40
2017,4,22,20,30,0,0,0,7.300000000000001,12.600000000000001,935,70.37,102,2.3000000000000003,0.2,0,0,0
2017,4,22,21,30,0,0,0,7.2,11.600000000000001,935,74.25,110,2.3000000000000003,0.2,0,0,0
2017,4,22,22,30,0,0,0,7.1000000000000005,10.700000000000001,935,78.2,118,2.1,0.2,0,0,0
2017,4,22,23,30,0,0,0,6.9,9.9,934,81.4,123,1.8,0.2,0,0,0
2017,4,23,0,30,0,0,0,6.7,9.600000000000001,934,81.85000000000001,124,1.7000000000000002,0.2,0,0,0
2017,4,23,1,30,0,0,0,6.4,9,934,83.88,127,1.5,0.2,0,0,0
2017,4,23,2,30,0,0,0,6.2,8.6,933,84.67,131,1.3,0.2,0,0,0
2017,4,23,3,30,0,0,0,5.9,8.3,933,85.06,137,1.2000000000000002,0.2,0,0,0
2017,4,23,4,30,0,0,0,5.7,8,933,85.64,140,1.1,0.2,0,0,0
2017,4,23,5,30,0,0,0,5.6000000000000005,7.9,933,85.16,141,1,0.2,0,0,0
2017,4,23,6,30,0,0,0,5.4,9.200000000000001,933,77.33,137,1.2000000000000002,0.2,0,0,0
2017,4,23,7,30,241,81,128,5.6000000000000005,11.9,933,65.48,132,1.4000000000000001,0.2,81,241,128
2017,4,23,8,30,484,134,323,5.7,15.4,933,52.28,125,1.2000000000000002,0.2,134,484,323
2017,4,23,9,30,628,165,522,6.5,18.8,933,44.57,119,1,0.2,165,628,522
2017,4,23,10,30,714,185,695,7.2,21,933,40.84,124,1.1,0.2,185,714,695
2017,4,23,11,30,760,198,825,7.5,22.6,933,37.92,141,1.2000000000000002,0.2,198,760,825
2017,4,23,12,30,782,206,899,7.7,23.6,932,36.02,162,1.2000000000000002,0.2,206,782,899
2017,4,23,13,30,796,201,914,7.7,24,932,35.31,182,1.3,0.2,201,796,914
2017,4,23,14,30,772,202,862,7.7,24,931,35.32,198,1.3,0.2,202,772,862
2017,4,23,15,30,274,363,573,7.800000000000001,23.6,931,36.28,211,1.3,0.2,196,726,752
2017,4,23,16,30,385,258,501,7.9,23,931,37.86,224,1.3,0.2,249,499,564
2017,4,23,17,30,369,206,378,7.9,22.200000000000003,931,39.92,237,1.2000000000000002,0.2,206,369,378
2017,4,23,18,30,156,107,150,9.1,20.5,931,47.99,248,0.9,0.2,134,177,184
2017,4,23,19,30,5,23,23,11.5,18.400000000000002,931,64,256,0.8,0.2,23,5,23
2017,4,23,20,30,0,0,0,10.3,17.1,931,64.34,259,0.9,0.2,0,0,0
2017,4,23,21,30,0,0,0,10,16.3,932,66.3,258,1,0.2,0,0,0
2017,4,23,22,30,0,0,0,9.8,15.5,932,68.62,254,1,0.2,0,0,0
2017,4,23,23,30,0,0,0,9.700000000000001,14.700000000000001,932,71.78,249,1,0.2,0,0,0
2017,4,24,0,30,0,0,0,9.600000000000001,14.3,932,73.24,247,1.1,0.2,0,0,0
2017,4,24,1,30,0,0,0,9.5,13,931,79.39,243,1.2000000000000002,0.2,0,0,0
2017,4,24,2,30,0,0,0,9.5,12.3,931,83.24,241,1.2000000000000002,0.2,0,0,0
2017,4,24,3,30,0,0,0,9.600000000000001,11.600000000000001,932,87.53,240,1.3,0.2,0,0,0
2017,4,24,4,30,0,0,0,9.600000000000001,10.700000000000001,931,92.91,240,1.2000000000000002,0.2,0,0,0
2017,4,24,5,30,0,0,0,9.600000000000001,10,931,97.25,239,1.1,0.2,0,0,0
2017,4,24,6,30,0,0,0,9.600000000000001,10.5,932,93.87,235,1.4000000000000001,0.2,0,0,0
2017,4,24,7,30,106,95,116,9.600000000000001,12.4,932,83.24,227,1.6,0.2,95,106,116
2017,4,24,8,30,317,182,307,9.700000000000001,15.5,932,68.16,222,1.5,0.2,182,317,307
2017,4,24,9,30,465,235,501,9.3,19.1,932,53.050000000000004,220,1.4000000000000001,0.2,235,465,501
2017,4,24,10,30,558,269,670,9,21.6,932,44.410000000000004,217,1.5,0.2,269,558,670
2017,4,24,11,30,617,288,798,8.8,23.1,931,40.19,219,1.6,0.2,288,617,798
2017,4,24,12,30,500,374,818,8.700000000000001,24,931,37.74,223,1.7000000000000002,0.2,297,645,870
2017,4,24,13,30,491,385,826,8.700000000000001,24.400000000000002,930,36.77,225,1.9000000000000001,0.2,199,802,920
2017,4,24,14,30,452,358,745,8.700000000000001,24,930,37.81,228,2.1,0.2,205,768,864
2017,4,24,15,30,500,288,672,9,23.1,930,40.56,232,2.2,0.2,206,708,749
2017,4,24,16,30,417,251,515,9.3,22.200000000000003,929,43.76,238,2.1,0.2,205,599,585
2017,4,24,17,30,358,177,345,9.8,21.200000000000003,929,48.2,244,1.6,0.2,175,472,396
2017,4,24,18,30,0,10,10,11.8,19.6,929,60.7,245,1,0.2,123,269,199
2017,4,24,19,30,0,5,5,13,17.7,929,73.81,243,0.9,0.2,30,22,32
2017,4,24,20,30,0,0,0,12,16.6,930,74.3,242,1.1,0.2,0,0,0
2017,4,24,21,30,0,0,0,11.8,16,930,75.93,243,1.5,0.2,0,0,0
2017,4,24,22,30,0,0,0,11.600000000000001,15.3,930,78.56,244,1.9000000000000001,0.2,0,0,0
2017,4,24,23,30,0,0,0,11.5,14.5,930,81.96000000000001,244,2.2,0.2,0,0,0
2017,4,25,0,30,0,0,0,11.3,14.100000000000001,929,83.2,244,2.3000000000000003,0.2,0,0,0
2017,4,25,1,30,0,0,0,11.100000000000001,13,929,88.36,243,2.3000000000000003,0.2,0,0,0
2017,4,25,2,30,0,0,0,11,12.200000000000001,929,92.2,242,2,0.2,0,0,0
2017,4,25,3,30,0,0,0,10.8,11.5,928,95.29,240,1.7000000000000002,0.2,0,0,0
2017,4,25,4,30,0,0,0,10.600000000000001,10.9,928,97.9,236,1.6,0.2,0,0,0
2017,4,25,5,30,0,0,0,10.5,10.600000000000001,928,99.51,230,1.6,0.2,0,0,0
2017,4,25,6,30,0,0,0,10.600000000000001,11.200000000000001,928,96.23,225,2.2,0.2,0,0,0
2017,4,25,7,30,45,96,105,11.100000000000001,12.700000000000001,929,89.98,223,2.8000000000000003,0.2,96,45,105
2017,4,25,8,30,190,214,289,11.600000000000001,14.4,928,83.05,222,3,0.2,214,190,289
2017,4,25,9,30,332,290,481,11.700000000000001,16.5,928,73.22,219,3.3000000000000003,0.2,290,332,481
2017,4,25,10,30,113,345,426,11.5,18.6,928,63.370000000000005,218,3.7,0.2,289,516,661
2017,4,25,11,30,133,415,526,11.200000000000001,20.400000000000002,927,55.4,222,4.2,0.2,307,583,791
2017,4,25,12,30,142,456,583,10.9,21.700000000000003,926,50.25,229,4.7,0.2,313,621,866
2017,4,25,13,30,718,256,903,10.600000000000001,22.400000000000002,926,47.160000000000004,235,5.300000000000001,0.2,256,718,903
2017,4,25,14,30,212,435,617,10.100000000000001,22.400000000000002,926,45.64,241,5.7,0.2,252,699,852
2017,4,25,15,30,665,234,746,9.600000000000001,21.900000000000002,925,45.42,245,5.800000000000001,0.2,234,665,746
2017,4,25,16,30,611,205,595,9.1,21.3,925,45.53,247,5.6000000000000005,0.2,205,611,595
2017,4,25,17,30,534,160,412,8.5,20.6,924,45.7,249,5.1000000000000005,0.2,160,534,412
2017,4,25,18,30,22,102,108,7.9,19.1,924,48.230000000000004,252,4,0.2,110,371,215
2017,4,25,19,30,0,25,25,8.1,17.2,925,54.980000000000004,257,3.1,0.2,36,70,42
2017,4,25,20,30,0,0,0,8.3,16,925,60.29,261,2.9000000000000004,0.2,0,0,0
2017,4,25,21,30,0,0,0,8.4,15.200000000000001,925,63.86,265,2.9000000000000004,0.2,0,0,0
2017,4,25,22,30,0,0,0,8.6,14.3,925,68.66,269,2.7,0.2,0,0,0
2017,4,25,23,30,0,0,0,8.8,13.100000000000001,925,75.07000000000001,271,2.3000000000000003,0.2,0,0,0
2017,4,26,0,30,0,0,0,8.9,12.5,925,78.48,270,2.1,0.2,0,0,0
2017,4,26,1,30,0,0,0,8.9,10.8,925,87.85000000000001,267,1.7000000000000002,0.2,0,0,0
2017,4,26,2,30,0,0,0,8.9,9.9,925,93.34,266,1.7000000000000002,0.2,0,0,0
2017,4,26,3,30,0,0,0,8.9,9.200000000000001,924,97.88,263,1.6,0.2,0,0,0
2017,4,26,4,30,0,0,0,8.9,9,924,99.06,254,1.6,0.2,0,0,0
2017,4,26,5,30,0,0,0,8.8,9.1,924,97.99000000000001,244,1.9000000000000001,0.2,0,0,0
2017,4,26,6,30,0,0,0,8.700000000000001,9.700000000000001,924,93.64,237,2.4000000000000004,0.2,0,0,0
2017,4,26,7,30,462,63,159,8.6,11.3,925,83.32000000000001,241,3,0.2,63,462,159
2017,4,26,8,30,0,29,29,7.5,13.5,925,67.19,249,3.6,0.2,88,697,368
2017,4,26,9,30,0,50,50,6.300000000000001,15.8,925,53.050000000000004,252,4,0.2,101,820,575
2017,4,26,10,30,468,274,613,5,17.7,925,43.18,251,4.2,0.2,112,882,752
2017,4,26,11,30,407,356,695,4,19,925,37.19,250,4.3,0.2,118,919,883
2017,4,26,12,30,86,440,516,3.2,19.900000000000002,924,33.160000000000004,249,4.5,0.2,122,936,958
2017,4,26,13,30,250,457,683,2.6,20.200000000000003,924,31.060000000000002,247,4.6000000000000005,0.2,146,902,961
2017,4,26,14,30,273,425,660,2,20.200000000000003,924,29.96,245,4.800000000000001,0.2,139,893,909
2017,4,26,15,30,29,303,325,1.7000000000000002,19.900000000000002,923,29.77,243,4.9,0.2,130,869,800
2017,4,26,16,30,15,217,226,1.6,19.200000000000003,923,30.84,241,4.9,0.2,128,792,635
2017,4,26,17,30,4,150,152,1.7000000000000002,18,924,33.49,241,4.5,0.2,110,696,439
2017,4,26,18,30,300,100,185,2.4000000000000004,16.3,924,39.13,241,3.8000000000000003,0.2,81,528,232
2017,4,26,19,30,94,30,39,3.7,14.5,925,48.38,241,3,0.2,34,190,51
2017,4,26,20,30,0,0,0,5.2,13.200000000000001,925,58.53,239,2.4000000000000004,0.2,0,0,0
2017,4,26,21,30,0,0,0,6.300000000000001,12.3,926,66.79,235,2,0.2,0,0,0
2017,4,26,22,30,0,0,0,7.1000000000000005,11.600000000000001,926,73.9,230,1.8,0.2,0,0,0
2017,4,26,23,30,0,0,0,7.7,11.100000000000001,926,79.52,229,1.8,0.2,0,0,0
2017,4,27,0,30,0,0,0,8.1,10.9,926,83.10000000000001,229,1.8,0.2,0,0,0
2017,4,27,1,30,0,0,0,8.5,10.4,925,87.8,229,1.4000000000000001,0.2,0,0,0
2017,4,27,2,30,0,0,0,8.700000000000001,10.200000000000001,925,90.46000000000001,227,1.1,0.2,0,0,0
2017,4,27,3,30,0,0,0,8.8,9.9,924,92.69,230,1,0.2,0,0,0
2017,4,27,4,30,0,0,0,8.700000000000001,9.700000000000001,924,93.72,241,1.3,0.2,0,0,0
2017,4,27,5,30,0,0,0,8.5,9.3,924,94.61,265,1.5,0.2,0,0,0
2017,4,27,6,30,13,9,9,7.9,8.9,925,93.74,300,2,0.2,9,13,9
2017,4,27,7,30,8,73,75,7,8.8,925,88.68,331,2.6,0.2,82,332,152
2017,4,27,8,30,75,166,196,5.800000000000001,9.4,926,78.49,348,3,0.2,130,554,354
2017,4,27,9,30,128,264,339,4.800000000000001,11,926,65.67,354,3.1,0.2,151,705,561
2017,4,27,10,30,167,353,474,4.2,13.3,927,54.17,350,2.9000000000000004,0.2,158,804,743
2017,4,27,11,30,194,420,582,4,15.600000000000001,927,45.88,336,2.7,0.2,156,868,881
2017,4,27,12,30,207,458,644,3.5,17.2,927,39.980000000000004,319,2.6,0.2,149,905,960
2017,4,27,13,30,209,465,654,2.7,18.400000000000002,927,34.980000000000004,307,2.7,0.2,146,912,973
2017,4,27,14,30,200,439,611,1.8,19,926,31.63,301,2.8000000000000003,0.2,142,904,923
2017,4,27,15,30,391,332,635,1.1,18.900000000000002,926,30.330000000000002,302,2.8000000000000003,0.2,135,872,810
2017,4,27,16,30,2,153,154,0.5,18.3,926,30.29,314,2.5,0.2,123,819,648
2017,4,27,17,30,189,205,295,0.2,17.400000000000002,926,31.26,339,2.3000000000000003,0.2,103,733,452
2017,4,27,18,30,0,12,12,0,15.700000000000001,926,34.43,188,2.1,0.2,76,582,244
2017,4,27,19,30,0,5,5,2.5,13.600000000000001,927,47.11,30,2.2,0.2,35,233,56
2017,4,27,20,30,0,0,0,2.5,12.100000000000001,928,51.71,43,2.7,0.2,0,0,0
2017,4,27,21,30,0,0,0,1.7000000000000002,11.100000000000001,929,52.36,52,3,0.2,0,0,0
2017,4,27,22,30,0,0,0,1.8,10.3,929,55.53,58,3.1,0.2,0,0,0
2017,4,27,23,30,0,0,0,2.7,9.5,929,62.64,63,3.4000000000000004,0.2,0,0,0
2017,4,28,0,30,0,0,0,4.3,9.200000000000001,929,71.47,65,3.7,0.2,0,0,0
2017,4,28,1,30,0,0,0,5.6000000000000005,8.200000000000001,928,83.79,71,4.5,0.2,0,0,0
2017,4,28,2,30,0,0,0,5.7,7.2,928,90.32000000000001,74,5,0.2,0,0,0
2017,4,28,3,30,0,0,0,4.9,6,928,92.78,73,5.300000000000001,0.2,0,0,0
2017,4,28,4,30,0,0,0,3.9000000000000004,5.1000000000000005,928,92.02,70,5.300000000000001,0.2,0,0,0
2017,4,28,5,30,0,0,0,3.1,4.3,928,92.10000000000001,67,5.2,0.2,0,0,0
2017,4,28,6,30,0,2,2,2.5,3.8000000000000003,928,91.36,68,5,0.2,11,33,12
2017,4,28,7,30,0,9,9,2,3.7,929,88.8,74,5.1000000000000005,0.2,69,425,161
2017,4,28,8,30,0,18,18,1.7000000000000002,4.3,929,83.29,83,5.2,0.2,103,637,364
2017,4,28,9,30,0,75,75,1.8,5.5,930,77.33,92,5.300000000000001,0.2,122,757,565
2017,4,28,10,30,13,229,238,2.2,7,930,71.52,98,5.300000000000001,0.2,130,835,740
2017,4,28,11,30,11,212,222,2.6,8.200000000000001,930,68.03,104,5.1000000000000005,0.2,134,876,868
2017,4,28,12,30,20,317,335,3.1,8.9,930,67.1,108,4.9,0.2,133,901,943
2017,4,28,13,30,12,214,225,3.6,9.200000000000001,930,67.77,111,4.800000000000001,0.2,133,906,955
2017,4,28,14,30,0,93,93,3.9000000000000004,9.1,930,69.75,112,4.6000000000000005,0.2,128,897,906
2017,4,28,15,30,3,144,146,4.1000000000000005,9,929,71.2,112,4.4,0.2,122,870,797
2017,4,28,16,30,0,62,62,4.2,8.700000000000001,929,73.38,110,4.3,0.2,109,825,641
2017,4,28,17,30,0,22,22,4.3,8.200000000000001,929,76.5,107,4.1000000000000005,0.2,95,737,448
2017,4,28,18,30,0,72,72,4.4,7.5,929,80.82000000000001,102,3.9000000000000004,0.2,73,574,240
2017,4,28,19,30,0,16,16,4.6000000000000005,6.9,929,85.06,99,3.6,0.2,34,237,57
2017,4,28,20,30,0,0,0,4.7,6.4,929,88.94,99,3.4000000000000004,0.2,0,0,0
2017,4,28,21,30,0,0,0,4.800000000000001,6.300000000000001,929,89.9,103,3.3000000000000003,0.2,0,0,0
2017,4,28,22,30,0,0,0,4.9,6.300000000000001,929,90.49,106,3.2,0.2,0,0,0
2017,4,28,23,30,0,0,0,5,6.300000000000001,929,91.3,108,3.2,0.2,0,0,0
2017,4,29,0,30,0,0,0,5.1000000000000005,6.4,929,91.48,109,3.2,0.2,0,0,0
2017,4,29,1,30,0,0,0,5.2,6.5,928,91.71000000000001,111,3.2,0.2,0,0,0
2017,4,29,2,30,0,0,0,5.4,6.5,928,92.54,110,3,0.2,0,0,0
2017,4,29,3,30,0,0,0,5.5,6.5,928,93.21000000000001,108,2.7,0.2,0,0,0
2017,4,29,4,30,0,0,0,5.6000000000000005,6.5,928,93.82000000000001,103,2.5,0.2,0,0,0
2017,4,29,5,30,0,0,0,5.6000000000000005,6.5,928,94.07000000000001,101,2.4000000000000004,0.2,0,0,0
2017,4,29,6,30,0,2,2,5.7,6.800000000000001,928,92.4,104,2.5,0.2,13,76,15
2017,4,29,7,30,0,12,12,5.9,7.5,928,89.47,116,2.9000000000000004,0.2,55,529,171
2017,4,29,8,30,0,16,16,6.4,8.8,928,84.83,138,3.2,0.2,77,727,377
2017,4,29,9,30,0,30,30,7.1000000000000005,10.3,928,80.52,162,3.3000000000000003,0.2,92,828,578
2017,4,29,10,30,0,67,67,7.7,11.5,928,77.66,181,3.4000000000000004,0.2,103,882,750
2017,4,29,11,30,0,76,76,8.3,12.600000000000001,928,74.86,197,3.4000000000000004,0.2,113,909,877
2017,4,29,12,30,0,97,97,8.8,13.700000000000001,928,72.41,210,3.6,0.2,121,923,952
2017,4,29,13,30,0,81,81,9.4,14.9,928,69.55,221,3.9000000000000004,0.2,160,867,949
2017,4,29,14,30,0,102,102,9.600000000000001,15.700000000000001,927,67.06,229,4.2,0.2,166,837,893
2017,4,29,15,30,795,164,783,9.5,16.1,927,65.09,235,4.4,0.2,164,795,783
2017,4,29,16,30,743,148,628,9.5,16.1,927,64.74,236,4.5,0.2,148,743,628
2017,4,29,17,30,299,194,338,9.3,15.600000000000001,927,66.1,234,4.1000000000000005,0.2,123,657,439
2017,4,29,18,30,505,88,237,9.4,14.4,927,71.74,228,3.1,0.2,88,505,237
2017,4,29,19,30,188,38,57,9.9,12.8,928,82.47,223,2.5,0.2,38,188,57
2017,4,29,20,30,0,0,0,10,11.8,928,88.53,222,2.7,0.2,0,0,0
2017,4,29,21,30,0,0,0,10.100000000000001,11.200000000000001,929,93.05,223,3,0.2,0,0,0
2017,4,29,22,30,0,0,0,10.200000000000001,10.8,929,96.36,224,3.2,0.2,0,0,0
2017,4,29,23,30,0,0,0,10.4,10.600000000000001,929,98.39,226,3.4000000000000004,0.2,0,0,0
2017,4,30,0,30,0,0,0,10.3,10.5,929,98.98,227,3.4000000000000004,0.2,0,0,0
2017,4,30,1,30,0,0,0,10,10,928,100,230,3.4000000000000004,0.2,0,0,0
2017,4,30,2,30,0,0,0,9.700000000000001,9.700000000000001,928,100,232,3.4000000000000004,0.2,0,0,0
2017,4,30,3,30,0,0,0,9.5,9.5,928,100,233,3.4000000000000004,0.2,0,0,0
2017,4,30,4,30,0,0,0,9.200000000000001,9.200000000000001,928,100,234,3.5,0.2,0,0,0
2017,4,30,5,30,0,0,0,8.9,8.9,928,99.92,234,3.5,0.2,0,0,0
2017,4,30,6,30,49,14,16,8.5,8.700000000000001,929,98.9,233,3.7,0.2,14,49,16
2017,4,30,7,30,0,13,13,8.3,9.1,929,94.48,233,4.3,0.2,74,436,171
2017,4,30,8,30,0,31,31,8,10.100000000000001,930,86.87,234,5,0.2,110,642,377
2017,4,30,9,30,55,249,281,7.300000000000001,11.9,930,73.60000000000001,236,5.7,0.2,120,785,584
2017,4,30,10,30,142,356,461,5.7,14.100000000000001,930,56.99,238,6.1000000000000005,0.2,116,881,764
2017,4,30,11,30,312,401,664,4.2,16,930,45.410000000000004,240,6.5,0.2,115,924,894
2017,4,30,12,30,396,400,757,4.1000000000000005,17.2,929,41.65,242,6.800000000000001,0.2,118,938,965
2017,4,30,13,30,243,463,684,5.2,17.8,929,43.44,243,7.1000000000000005,0.2,161,876,960
2017,4,30,14,30,62,406,460,6.5,18.1,928,46.800000000000004,243,7.300000000000001,0.2,156,862,907
2017,4,30,15,30,15,251,263,7.7,18,928,50.79,245,7.4,0.2,143,836,796
2017,4,30,16,30,1,149,150,8.5,17.3,928,56.230000000000004,249,7.2,0.2,134,772,635
2017,4,30,17,30,0,124,124,9.200000000000001,15.9,928,64.27,257,6.6000000000000005,0.2,124,655,441
2017,4,30,18,30,458,99,235,9.700000000000001,14.200000000000001,928,74.41,268,5.5,0.2,99,458,235
2017,4,30,19,30,145,42,57,9.9,12.700000000000001,929,83.07000000000001,280,4.5,0.2,42,145,57
2017,4,30,20,30,0,0,0,9.3,11.3,931,87.38,291,3.7,0.2,0,0,0
2017,4,30,21,30,0,0,0,7.9,9.8,932,87.85000000000001,301,2.9000000000000004,0.2,0,0,0
2017,4,30,22,30,0,0,0,6.6000000000000005,8.5,932,87.8,309,2.1,0.2,0,0,0
2017,4,30,23,30,0,0,0,5.6000000000000005,7.5,933,88.01,315,1.7000000000000002,0.2,0,0,0
2017,5,1,0,30,0,0,0,4.9,7.1000000000000005,933,86.06,318,1.5,0.2,0,0,0
2017,5,1,1,30,0,0,0,4.3,6,933,89.10000000000001,327,1.4000000000000001,0.2,0,0,0
2017,5,1,2,30,0,0,0,3.7,5.300000000000001,933,89.65,335,1.3,0.2,0,0,0
2017,5,1,3,30,0,0,0,3.2,4.800000000000001,933,89.59,344,1.3,0.2,0,0,0
2017,5,1,4,30,0,0,0,2.8000000000000003,4.4,934,89.35000000000001,353,1.3,0.2,0,0,0
2017,5,1,5,30,0,0,0,2.4000000000000004,4.2,934,87.81,183,1.5,0.2,0,0,0
2017,5,1,6,30,128,15,20,2,4.9,935,81.72,15,2.1,0.2,15,128,20
2017,5,1,7,30,588,54,188,1.7000000000000002,6.800000000000001,935,69.82000000000001,28,3,0.2,54,588,188
2017,5,1,8,30,781,73,400,0.5,9.1,935,54.870000000000005,39,3,0.2,73,781,400
2017,5,1,9,30,876,84,604,-0.4,11.200000000000001,936,44.68,42,2.5,0.2,84,876,604
2017,5,1,10,30,933,90,780,-1.2000000000000002,13,936,37.49,39,2.1,0.2,90,933,780
2017,5,1,11,30,967,93,910,-1.8,14.700000000000001,936,32.160000000000004,32,1.9000000000000001,0.2,93,967,910
2017,5,1,12,30,979,95,981,-2.1,16.1,936,28.64,20,1.9000000000000001,0.2,95,979,981
2017,5,1,13,30,983,94,993,-2.2,17.3,935,26.48,9,2,0.2,94,983,993
2017,5,1,14,30,970,94,941,-2,18.1,935,25.54,181,2.1,0.2,94,970,941
2017,5,1,15,30,939,94,829,-1.7000000000000002,18.5,934,25.44,356,2.2,0.2,94,939,829
2017,5,1,16,30,884,92,668,-1.4000000000000001,18.400000000000002,934,26.18,355,2.2,0.2,92,884,668
2017,5,1,17,30,802,82,472,-1.1,17.6,934,28.18,357,2.1,0.2,82,802,472
2017,5,1,18,30,659,64,261,-0.8,15.700000000000001,935,32.32,184,1.5,0.2,64,659,261
2017,5,1,19,30,346,32,68,4.1000000000000005,13.100000000000001,935,54.46,22,1,0.2,32,346,68
2017,5,1,20,30,0,0,0,2.9000000000000004,11.3,936,56.18,45,1,0.2,0,0,0
2017,5,1,21,30,0,0,0,2.2,10.200000000000001,936,57.68,64,1.1,0.2,0,0,0
2017,5,1,22,30,0,0,0,1.7000000000000002,9.4,936,58.79,78,1.1,0.2,0,0,0
2017,5,1,23,30,0,0,0,1.3,8.700000000000001,936,59.83,88,1.1,0.2,0,0,0
2017,5,2,0,30,0,0,0,1,8.4,936,59.56,93,1.2000000000000002,0.2,0,0,0
2017,5,2,1,30,0,0,0,0.6000000000000001,7.9,935,60.14,100,1.2000000000000002,0.2,0,0,0
2017,5,2,2,30,0,0,0,0.4,7.6000000000000005,935,60.11,101,1.2000000000000002,0.2,0,0,0
2017,5,2,3,30,0,0,0,0.30000000000000004,7.4,935,60.67,100,1.1,0.2,0,0,0
2017,5,2,4,30,0,0,0,0.2,7,935,61.76,96,1.1,0.2,0,0,0
2017,5,2,5,30,0,0,0,-0.1,6.6000000000000005,935,62.300000000000004,94,1.1,0.2,0,0,0
2017,5,2,6,30,167,15,21,0.1,7.9,935,57.68,93,1.2000000000000002,0.2,15,167,21
2017,5,2,7,30,600,52,190,2.1,10.9,935,54.67,92,1.5,0.2,52,600,190
2017,5,2,8,30,775,72,399,0.6000000000000001,14.600000000000001,936,38.550000000000004,87,1.8,0.2,72,775,399
2017,5,2,9,30,864,87,602,0.4,17.7,935,31.01,82,1.7000000000000002,0.2,87,864,602
2017,5,2,10,30,923,93,778,0.8,19.700000000000003,935,28.16,79,1.6,0.2,93,923,778
2017,5,2,11,30,950,99,904,1.4000000000000001,21.200000000000003,934,26.98,77,1.3,0.2,99,950,904
2017,5,2,12,30,964,102,977,2,22.400000000000002,934,26.07,70,1,0.2,102,964,977
2017,5,2,13,30,977,95,991,2.4000000000000004,23.3,933,25.400000000000002,50,0.8,0.2,95,977,991
2017,5,2,14,30,965,93,937,2.7,23.8,933,25.21,20,0.8,0.2,93,965,937
2017,5,2,15,30,943,88,828,3,23.900000000000002,932,25.51,172,0.9,0.2,88,943,828
2017,5,2,16,30,878,91,665,3.1,23.6,932,26.240000000000002,336,1,0.2,91,878,665
2017,5,2,17,30,803,79,471,3.2,22.8,932,27.68,330,1,0.2,79,803,471
2017,5,2,18,30,665,61,262,3.8000000000000003,21,932,32.34,327,0.8,0.2,61,665,262
2017,5,2,19,30,358,32,70,7.9,18.6,932,49.59,326,0.7000000000000001,0.2,32,358,70
2017,5,2,20,30,0,0,0,5.6000000000000005,16.8,932,47.46,337,0.8,0.2,0,0,0
2017,5,2,21,30,0,0,0,5.1000000000000005,15.5,933,49.94,203,0.8,0.2,0,0,0
2017,5,2,22,30,0,0,0,5,14.200000000000001,933,53.97,92,0.9,0.2,0,0,0
2017,5,2,23,30,0,0,0,5.1000000000000005,13.3,932,57.53,143,1,0.2,0,0,0
2017,5,3,0,30,0,0,0,5,12.9,932,58.78,162,1,0.2,0,0,0
2017,5,3,1,30,0,0,0,4.9,12.100000000000001,932,61.6,206,1.1,0.2,0,0,0
2017,5,3,2,30,0,0,0,4.9,11.5,931,63.99,222,1.1,0.2,0,0,0
2017,5,3,3,30,0,0,0,4.9,10.9,931,66.58,218,1,0.2,0,0,0
2017,5,3,4,30,0,0,0,4.9,10.100000000000001,931,70.32000000000001,188,1,0.2,0,0,0
2017,5,3,5,30,0,0,0,5,9.3,931,74.37,151,1.2000000000000002,0.2,0,0,0
2017,5,3,6,30,149,16,22,5.1000000000000005,10.3,931,70.31,135,1.7000000000000002,0.2,16,149,22
2017,5,3,7,30,571,56,189,6.1000000000000005,13.200000000000001,932,61.940000000000005,133,2.2,0.2,56,571,189
2017,5,3,8,30,745,80,397,6,16.7,932,49.230000000000004,135,2.1,0.2,80,745,397
2017,5,3,9,30,832,99,597,5.5,20.200000000000003,932,38.26,141,1.7000000000000002,0.2,99,832,597
2017,5,3,10,30,884,111,769,4.9,22.400000000000002,931,32.02,157,1.4000000000000001,0.2,111,884,769
2017,5,3,11,30,920,116,898,5,24,931,29.19,183,1.2000000000000002,0.2,116,920,898
2017,5,3,12,30,940,117,972,5.1000000000000005,25.3,930,27.21,212,1.1,0.2,117,940,972
2017,5,3,13,30,964,106,991,5.1000000000000005,26.200000000000003,930,25.810000000000002,231,1.2000000000000002,0.2,106,964,991
2017,5,3,14,30,955,103,941,4.9,26.700000000000003,929,24.77,241,1.3,0.2,103,955,941
2017,5,3,15,30,931,99,831,4.7,26.8,929,24.3,243,1.5,0.2,99,931,831
2017,5,3,16,30,871,98,669,4.6000000000000005,26.400000000000002,928,24.63,239,1.6,0.2,98,871,669
2017,5,3,17,30,560,136,411,4.3,25.400000000000002,928,25.71,235,1.5,0.2,86,791,474
2017,5,3,18,30,640,68,263,5.4,23.200000000000003,928,31.52,232,1.2000000000000002,0.2,68,640,263
2017,5,3,19,30,317,36,71,9.8,20.400000000000002,928,50.44,232,0.9,0.2,36,317,71
2017,5,3,20,30,0,0,0,7.5,18.5,929,48.75,234,1,0.2,0,0,0
2017,5,3,21,30,0,0,0,7.300000000000001,16.8,929,53.480000000000004,237,1.1,0.2,0,0,0
2017,5,3,22,30,0,0,0,7.5,15.100000000000001,929,60.42,237,1.2000000000000002,0.2,0,0,0
2017,5,3,23,30,0,0,0,7.7,13.8,929,66.49,229,1.2000000000000002,0.2,0,0,0
2017,5,4,0,30,0,0,0,7.6000000000000005,13.200000000000001,929,68.79,222,1.1,0.2,0,0,0
2017,5,4,1,30,0,0,0,7.4,12.100000000000001,929,72.96000000000001,170,1.1,0.2,0,0,0
2017,5,4,2,30,0,0,0,7.2,11.5,928,74.87,138,1.2000000000000002,0.2,0,0,0
2017,5,4,3,30,0,0,0,7,11,928,76.21000000000001,123,1.3,0.2,0,0,0
2017,5,4,4,30,0,0,0,6.4,10.4,927,76.17,120,1.4000000000000001,0.2,0,0,0
2017,5,4,5,30,0,0,0,5.6000000000000005,9.8,927,75.05,121,1.4000000000000001,0.2,0,0,0
2017,5,4,6,30,8,16,16,4.9,11.4,927,64.34,123,1.9000000000000001,0.2,18,125,24
2017,5,4,7,30,537,64,191,4.7,14.600000000000001,927,51.54,124,2.4000000000000004,0.2,64,537,191
2017,5,4,8,30,706,94,396,4,18.3,927,38.68,129,2.3000000000000003,0.2,94,706,396
2017,5,4,9,30,773,123,588,4.2,22.400000000000002,927,30.48,164,1.9000000000000001,0.2,123,773,588
2017,5,4,10,30,327,337,581,3.5,25.200000000000003,927,24.6,203,1.9000000000000001,0.2,167,775,745
2017,5,4,11,30,232,424,622,4,26.3,927,23.85,212,2,0.2,196,783,863
2017,5,4,12,30,382,410,758,4.6000000000000005,26.8,926,24.07,208,2,0.2,212,785,927
2017,5,4,13,30,387,413,769,5.1000000000000005,26.900000000000002,926,24.87,204,1.9000000000000001,0.2,184,830,948
2017,5,4,14,30,306,425,693,5.6000000000000005,26.900000000000002,926,25.64,205,2,0.2,191,797,891
2017,5,4,15,30,436,318,662,6.1000000000000005,26.700000000000003,925,26.92,208,2,0.2,188,751,781
2017,5,4,16,30,530,217,565,6.9,26.400000000000002,925,28.900000000000002,208,1.9000000000000001,0.2,170,690,624
2017,5,4,17,30,525,148,406,7.800000000000001,25.8,925,31.95,208,1.6,0.2,145,592,436
2017,5,4,18,30,421,107,236,9.1,23.700000000000003,925,39.53,216,1.2000000000000002,0.2,107,421,236
2017,5,4,19,30,111,46,59,13,20.6,925,61.68,230,1,0.2,46,111,59
2017,5,4,20,30,0,0,0,11.100000000000001,18.5,925,62.25,236,1.1,0.2,0,0,0
2017,5,4,21,30,0,0,0,11.200000000000001,17.3,925,67.16,232,1.2000000000000002,0.2,0,0,0
2017,5,4,22,30,0,0,0,11.3,16.5,925,71.18,222,1.4000000000000001,0.2,0,0,0
2017,5,4,23,30,0,0,0,11.3,15.8,925,74.43,214,1.6,0.2,0,0,0
2017,5,5,0,30,0,0,0,11.200000000000001,15.5,925,75.58,211,1.7000000000000002,0.2,0,0,0
2017,5,5,1,30,0,0,0,11.200000000000001,14.600000000000001,925,79.83,214,1.8,0.2,0,0,0
2017,5,5,2,30,0,0,0,11.200000000000001,14.100000000000001,925,82.71000000000001,219,1.7000000000000002,0.2,0,0,0
2017,5,5,3,30,0,0,0,11.3,13.5,925,86.34,224,1.3,0.2,0,0,0
2017,5,5,4,30,0,0,0,11.3,12.5,925,92.29,229,1,0.2,0,0,0
2017,5,5,5,30,0,0,0,11.200000000000001,12,926,94.86,236,1,0.2,0,0,0
2017,5,5,6,30,0,9,9,11.3,13,926,89.59,240,1.6,0.2,14,6,15
2017,5,5,7,30,262,101,164,11.600000000000001,15,927,80.26,237,2.6,0.2,101,262,164
2017,5,5,8,30,28,161,173,11.4,17.1,927,69.32000000000001,226,3.1,0.2,145,508,364
2017,5,5,9,30,57,257,291,11.100000000000001,19,927,60.02,216,3.5,0.2,159,673,566
2017,5,5,10,30,77,346,403,10.700000000000001,20.700000000000003,927,52.79,212,4,0.2,161,779,744
2017,5,5,11,30,850,156,882,10.3,22.1,927,47.21,214,4.800000000000001,0.2,156,850,882
2017,5,5,12,30,156,470,613,9.4,23,926,42.14,218,5.5,0.2,144,896,962
2017,5,5,13,30,925,128,980,8.1,23.5,926,37.43,220,6,0.2,128,925,980
2017,5,5,14,30,3,137,140,7.2,23.5,926,35.07,223,6.300000000000001,0.2,123,916,930
2017,5,5,15,30,10,205,213,7.4,22.8,926,37.12,227,6.5,0.2,115,888,817
2017,5,5,16,30,381,272,523,8.5,21.6,926,43,232,6.5,0.2,114,821,655
2017,5,5,17,30,410,178,381,9.5,20.1,927,50.43,237,6.4,0.2,91,759,467
2017,5,5,18,30,446,90,228,9.5,18.3,927,56.47,239,5.800000000000001,0.2,68,636,265
2017,5,5,19,30,347,36,76,8.700000000000001,16.3,928,60.65,240,4.7,0.2,36,347,76
2017,5,5,20,30,0,0,0,7.9,14.5,929,64.65,240,3.7,0.2,0,0,0
2017,5,5,21,30,0,0,0,7.4,13.200000000000001,930,68.12,243,3.3000000000000003,0.2,0,0,0
2017,5,5,22,30,0,0,0,7.300000000000001,12.200000000000001,930,71.76,248,3.1,0.2,0,0,0
2017,5,5,23,30,0,0,0,7.6000000000000005,11.4,931,77.39,253,2.8000000000000003,0.2,0,0,0
2017,5,6,0,30,0,0,0,8.1,11.100000000000001,931,81.97,256,2.7,0.2,0,0,0
2017,5,6,1,30,0,0,0,8.6,9.8,931,92.17,258,1.8,0.2,0,0,0
2017,5,6,2,30,0,0,0,8.8,8.9,931,99.33,262,1.5,0.2,0,0,0
2017,5,6,3,30,0,0,0,8.3,8.3,932,100,270,1.4000000000000001,0.2,0,0,0
2017,5,6,4,30,0,0,0,8.200000000000001,8.200000000000001,932,100,280,1.5,0.2,0,0,0
2017,5,6,5,30,0,0,0,8.3,8.3,933,100,292,1.7000000000000002,0.2,0,0,0
2017,5,6,6,30,171,21,29,8.1,8.700000000000001,933,95.7,308,1.8,0.2,21,171,29
2017,5,6,7,30,596,59,204,7.6000000000000005,10.4,934,82.66,315,2,0.2,59,596,204
2017,5,6,8,30,784,78,418,6.1000000000000005,13,934,63.06,304,2.3000000000000003,0.2,78,784,418
2017,5,6,9,30,878,90,623,4.1000000000000005,15.4,934,46.81,287,2.4000000000000004,0.2,90,878,623
2017,5,6,10,30,933,98,798,2.7,17.400000000000002,935,37.34,277,2.6,0.2,98,933,798
2017,5,6,11,30,961,102,925,2.4000000000000004,19.1,935,32.84,271,2.6,0.2,102,961,925
2017,5,6,12,30,979,103,998,2.4000000000000004,20.5,934,30.060000000000002,267,2.5,0.2,103,979,998
2017,5,6,13,30,984,101,1010,2.3000000000000003,21.6,934,28.04,264,2.4000000000000004,0.2,101,984,1010
2017,5,6,14,30,967,101,955,2.3000000000000003,22.200000000000003,934,27.04,265,2.4000000000000004,0.2,101,967,955
2017,5,6,15,30,940,99,844,2.3000000000000003,22.5,933,26.51,268,2.4000000000000004,0.2,99,940,844
2017,5,6,16,30,896,92,684,2.3000000000000003,22.3,933,26.86,274,2.4000000000000004,0.2,92,896,684
2017,5,6,17,30,823,80,489,2.4000000000000004,21.6,933,28.16,282,2.2,0.2,80,823,489
2017,5,6,18,30,685,63,277,2.5,19.6,933,32.09,294,1.6,0.2,63,685,277
2017,5,6,19,30,392,35,81,7.4,16.5,934,54.86,309,1.1,0.2,35,392,81
2017,5,6,20,30,0,0,0,6.5,14.200000000000001,935,59.81,325,1.2000000000000002,0.2,0,0,0
2017,5,6,21,30,0,0,0,5.9,13,935,62.2,342,1.2000000000000002,0.2,0,0,0
2017,5,6,22,30,0,0,0,5.5,12,935,64.65,180,1.3,0.2,0,0,0
2017,5,6,23,30,0,0,0,5.2,11.200000000000001,935,66.52,16,1.4000000000000001,0.2,0,0,0
2017,5,7,0,30,0,0,0,4.9,10.8,935,66.84,23,1.4000000000000001,0.2,0,0,0
2017,5,7,1,30,0,0,0,4.6000000000000005,9.9,935,69.74,40,1.6,0.2,0,0,0
2017,5,7,2,30,0,0,0,4.4,9.4,935,71.16,49,1.8,0.2,0,0,0
2017,5,7,3,30,0,0,0,4.3,8.9,935,72.67,55,1.9000000000000001,0.2,0,0,0
2017,5,7,4,30,0,0,0,4,8.5,935,73.53,59,1.9000000000000001,0.2,0,0,0
2017,5,7,5,30,0,0,0,3.8000000000000003,8.4,935,72.67,62,2,0.2,0,0,0
2017,5,7,6,30,0,11,11,3.6,10.100000000000001,935,64.2,65,2.6,0.2,20,238,33
2017,5,7,7,30,0,79,79,3.7,13.3,935,52.02,66,3.2,0.2,54,631,210
2017,5,7,8,30,236,178,281,4,17,935,42.050000000000004,75,3.1,0.2,75,795,422
2017,5,7,9,30,872,90,622,3.6,20.5,936,32.89,88,2.7,0.2,90,872,622
2017,5,7,10,30,920,101,795,3.8000000000000003,22.8,936,28.89,93,2,0.2,101,920,795
2017,5,7,11,30,951,107,923,4.1000000000000005,24.400000000000002,935,26.77,93,1.6,0.2,107,951,923
2017,5,7,12,30,962,110,992,4.3,25.700000000000003,935,25.11,95,1.2000000000000002,0.2,110,962,992
2017,5,7,13,30,974,104,1005,4.4,26.700000000000003,934,23.900000000000002,151,1,0.2,104,974,1005
2017,5,7,14,30,960,102,950,4.5,27.200000000000003,934,23.44,226,1,0.2,102,960,950
2017,5,7,15,30,939,96,842,4.6000000000000005,27.3,933,23.43,252,1.1,0.2,96,939,842
2017,5,7,16,30,893,90,683,4.7,27,933,23.91,259,1.3,0.2,90,893,683
2017,5,7,17,30,824,76,488,4.7,26.200000000000003,933,25.060000000000002,262,1.5,0.2,76,824,488
2017,5,7,18,30,701,59,279,5.300000000000001,23.900000000000002,933,30.080000000000002,264,1.3,0.2,59,701,279
2017,5,7,19,30,426,33,84,10.200000000000001,20.5,933,51.52,266,1,0.2,33,426,84
2017,5,7,20,30,0,0,0,8.8,18.2,934,54.13,270,1.1,0.2,0,0,0
2017,5,7,21,30,0,0,0,8.3,17.2,934,55.77,279,1,0.2,0,0,0
2017,5,7,22,30,0,0,0,8,16.5,935,57.14,288,0.9,0.2,0,0,0
2017,5,7,23,30,0,0,0,7.7,15.8,934,58.480000000000004,292,0.9,0.2,0,0,0
2017,5,8,0,30,0,0,0,7.5,15.4,934,59.25,292,0.9,0.2,0,0,0
2017,5,8,1,30,0,0,0,7.4,14.700000000000001,934,61.49,290,0.8,0.2,0,0,0
2017,5,8,2,30,0,0,0,7.2,14.3,934,62.4,291,0.8,0.2,0,0,0
2017,5,8,3,30,0,0,0,7,13.9,934,62.93,295,0.8,0.2,0,0,0
2017,5,8,4,30,0,0,0,6.7,13.3,934,64.29,297,0.7000000000000001,0.2,0,0,0
2017,5,8,5,30,0,0,0,6.5,12.9,934,65.12,297,0.7000000000000001,0.2,0,0,0
2017,5,8,6,30,194,21,33,6.6000000000000005,13.600000000000001,934,62.61,284,0.7000000000000001,0.2,21,194,33
2017,5,8,7,30,578,61,205,7.800000000000001,15.8,934,59.13,257,0.8,0.2,61,578,205
2017,5,8,8,30,749,85,413,7.1000000000000005,19.3,934,45.2,233,1,0.2,85,749,413
2017,5,8,9,30,842,100,615,6,22.900000000000002,934,33.52,215,1.4000000000000001,0.2,100,842,615
2017,5,8,10,30,891,111,784,5.7,25,934,28.92,217,1.8,0.2,111,891,784
2017,5,8,11,30,422,362,725,6,26.5,933,26.97,234,2.1,0.2,118,921,910
2017,5,8,12,30,355,426,752,6.2,27.6,933,25.68,247,2.5,0.2,122,935,982
2017,5,8,13,30,943,117,992,6.300000000000001,28.3,932,24.89,253,2.7,0.2,117,943,992
2017,5,8,14,30,306,427,698,6.4,28.8,932,24.29,253,2.7,0.2,113,934,941
2017,5,8,15,30,782,175,798,6.4,28.8,931,24.37,253,2.7,0.2,106,912,833
2017,5,8,16,30,870,97,676,6.300000000000001,28.400000000000002,930,24.73,252,2.8000000000000003,0.2,97,870,676
2017,5,8,17,30,684,104,448,6.1000000000000005,27.5,930,25.73,252,2.7,0.2,86,793,484
2017,5,8,18,30,494,85,242,6.9,25.1,930,31.16,251,2,0.2,67,655,275
2017,5,8,19,30,361,38,83,10.8,21.5,930,50.65,250,1.4000000000000001,0.2,38,361,83
2017,5,8,20,30,0,0,0,9.8,18.900000000000002,931,55.58,251,1.4000000000000001,0.2,0,0,0
2017,5,8,21,30,0,0,0,9.4,17.7,931,58.26,251,1.4000000000000001,0.2,0,0,0
2017,5,8,22,30,0,0,0,9.200000000000001,16.6,931,61.58,250,1.4000000000000001,0.2,0,0,0
2017,5,8,23,30,0,0,0,9,15.600000000000001,930,64.6,246,1.3,0.2,0,0,0
2017,5,9,0,30,0,0,0,8.700000000000001,15.100000000000001,930,65.61,244,1.3,0.2,0,0,0
2017,5,9,1,30,0,0,0,8.4,13.9,929,69.66,236,1.2000000000000002,0.2,0,0,0
2017,5,9,2,30,0,0,0,8.200000000000001,13.200000000000001,929,71.88,229,1.2000000000000002,0.2,0,0,0
2017,5,9,3,30,0,0,0,8,12.600000000000001,928,73.74,218,1.1,0.2,0,0,0
2017,5,9,4,30,0,0,0,7.9,12.100000000000001,928,75.37,200,1.1,0.2,0,0,0
2017,5,9,5,30,0,0,0,7.7,11.9,927,75.48,175,1.1,0.2,0,0,0
2017,5,9,6,30,220,21,35,7.7,13.4,927,68.61,155,1.4000000000000001,0.2,21,220,35
2017,5,9,7,30,617,56,212,8.3,16.6,927,58.17,165,1.9000000000000001,0.2,56,617,212
2017,5,9,8,30,777,76,419,7.4,20.200000000000003,927,43.54,201,2.5,0.2,76,777,419
2017,5,9,9,30,858,92,619,5.9,23.3,927,32.49,226,3.3000000000000003,0.2,92,858,619
2017,5,9,10,30,905,103,788,5.9,25,927,29.3,230,3.9000000000000004,0.2,103,905,788
2017,5,9,11,30,920,116,910,6.1000000000000005,26.1,926,27.84,226,4.2,0.2,116,920,910
2017,5,9,12,30,916,130,974,5.800000000000001,26.700000000000003,925,26.43,223,4.6000000000000005,0.2,130,916,974
2017,5,9,13,30,936,120,989,5.300000000000001,27,924,24.94,225,5.1000000000000005,0.2,120,936,989
2017,5,9,14,30,925,120,940,4.7,27,924,23.93,231,5.5,0.2,120,925,940
2017,5,9,15,30,903,114,835,4.4,26.6,923,24.04,237,5.9,0.2,114,903,835
2017,5,9,16,30,659,177,617,4.5,25.5,923,25.87,242,6,0.2,109,849,676
2017,5,9,17,30,658,113,444,4.9,23.900000000000002,923,29.19,244,5.5,0.2,96,765,482
2017,5,9,18,30,620,76,274,5.4,21.900000000000002,923,34.12,246,4.5,0.2,76,620,274
2017,5,9,19,30,322,37,78,6.4,19.700000000000003,924,41.85,244,3.5,0.2,42,327,83
2017,5,9,20,30,0,0,0,7.4,18,924,49.96,241,3.3000000000000003,0.2,0,0,0
2017,5,9,21,30,0,0,0,8.1,17.1,925,55.34,239,3.6,0.2,0,0,0
2017,5,9,22,30,0,0,0,8.8,16.2,925,61.45,236,3.5,0.2,0,0,0
2017,5,9,23,30,0,0,0,9.5,15.3,924,68.23,232,3.2,0.2,0,0,0
2017,5,10,0,30,0,0,0,10.100000000000001,14.9,924,72.87,231,3.1,0.2,0,0,0
2017,5,10,1,30,0,0,0,10.5,13.9,924,80.23,233,3,0.2,0,0,0
2017,5,10,2,30,0,0,0,11,13.4,924,85.31,230,2.8000000000000003,0.2,0,0,0
2017,5,10,3,30,0,0,0,11.4,13,924,89.72,221,2.5,0.2,0,0,0
2017,5,10,4,30,0,0,0,11.600000000000001,12.700000000000001,923,92.99,211,2.4000000000000004,0.2,0,0,0
2017,5,10,5,30,0,0,0,11.8,12.5,923,95.37,207,2.4000000000000004,0.2,0,0,0
2017,5,10,6,30,0,16,16,11.9,12.9,923,93.74,214,2.7,0.2,26,116,33
2017,5,10,7,30,81,97,117,11.9,13.9,923,87.65,224,3.3000000000000003,0.2,72,512,203
2017,5,10,8,30,129,188,246,11.5,15.3,923,78.18,227,3.7,0.2,94,712,410
2017,5,10,9,30,126,283,360,10.9,17,923,67.22,228,4,0.2,105,821,611
2017,5,10,10,30,36,311,339,10.100000000000001,18.900000000000002,923,56.63,229,4.1000000000000005,0.2,109,886,782
2017,5,10,11,30,70,408,469,9.3,20.700000000000003,923,48.15,230,4.2,0.2,106,932,911
2017,5,10,12,30,0,82,82,8.6,22,922,42.21,230,4.2,0.2,106,949,981
2017,5,10,13,30,0,83,83,8.1,22.6,921,39.51,226,4.2,0.2,127,915,979
2017,5,10,14,30,15,262,275,8.4,22.700000000000003,921,39.93,220,4.2,0.2,132,892,925
2017,5,10,15,30,9,188,196,8.9,21.8,920,43.83,217,4.5,0.2,137,840,809
2017,5,10,16,30,0,130,130,9.8,20.1,920,51.51,220,5,0.2,139,756,645
2017,5,10,17,30,0,26,26,11,18.5,920,61.78,227,5.300000000000001,0.2,130,643,456
2017,5,10,18,30,338,110,218,12.200000000000001,17.2,920,72.42,231,5.2,0.2,98,491,256
2017,5,10,19,30,229,41,71,12.600000000000001,15.9,920,80.85000000000001,229,4.5,0.2,47,244,79
2017,5,10,20,30,0,0,0,12.4,14.600000000000001,920,86.9,224,3.8000000000000003,0.2,0,0,0
2017,5,10,21,30,0,0,0,12.100000000000001,13.600000000000001,920,90.63,222,3.7,0.2,0,0,0
2017,5,10,22,30,0,0,0,11.700000000000001,12.700000000000001,920,93.39,221,3.7,0.2,0,0,0
2017,5,10,23,30,0,0,0,11.3,12.100000000000001,920,94.74,216,3.6,0.2,0,0,0
2017,5,11,0,30,0,0,0,11.100000000000001,11.8,920,95.51,212,3.5,0.2,0,0,0
2017,5,11,1,30,0,0,0,11.100000000000001,11.5,919,97.25,204,3.5,0.2,0,0,0
2017,5,11,2,30,0,0,0,11.100000000000001,11.5,919,97.29,205,3.8000000000000003,0.2,0,0,0
2017,5,11,3,30,0,0,0,11.100000000000001,11.700000000000001,918,96.01,212,4.2,0.2,0,0,0
2017,5,11,4,30,0,0,0,11.3,11.8,919,96.66,224,4.6000000000000005,0.2,0,0,0
2017,5,11,5,30,0,0,0,11.200000000000001,11.4,919,98.53,233,4.7,0.2,0,0,0
2017,5,11,6,30,268,22,40,10.5,11,920,96.87,235,4.7,0.2,22,268,40
2017,5,11,7,30,643,53,219,9.9,11.700000000000001,920,88.52,236,5,0.2,53,643,219
2017,5,11,8,30,0,34,34,8.700000000000001,13.100000000000001,921,74.47,237,5.5,0.2,72,797,428
2017,5,11,9,30,2,155,157,7.6000000000000005,14.9,921,61.550000000000004,238,6,0.2,82,880,626
2017,5,11,10,30,17,256,269,7.300000000000001,16.6,921,54.1,238,6.300000000000001,0.2,92,926,796
2017,5,11,11,30,955,94,920,7,18,921,48.7,237,6.6000000000000005,0.2,94,955,920
2017,5,11,12,30,65,439,500,6.800000000000001,18.900000000000002,921,45.14,235,6.800000000000001,0.2,98,967,991
2017,5,11,13,30,900,143,983,6.6000000000000005,19.400000000000002,921,43.26,234,7,0.2,143,900,983
2017,5,11,14,30,113,447,548,6.6000000000000005,19.400000000000002,921,43.25,232,7.1000000000000005,0.2,160,857,924
2017,5,11,15,30,276,383,604,6.7,18.900000000000002,921,45.08,231,7.1000000000000005,0.2,166,806,813
2017,5,11,16,30,49,284,317,6.9,18.1,921,47.86,231,6.9,0.2,155,744,654
2017,5,11,17,30,135,223,291,7,17,921,51.82,230,6.5,0.2,128,670,468
2017,5,11,18,30,237,122,199,7.300000000000001,15.700000000000001,922,57.5,229,5.6000000000000005,0.2,90,558,271
2017,5,11,19,30,297,46,85,7.800000000000001,14.200000000000001,922,65.26,224,4.3,0.2,46,297,85
2017,5,11,20,30,0,0,0,8.3,12.9,923,73.65,220,3.4000000000000004,0.2,0,0,0
2017,5,11,21,30,0,0,0,8.8,11.9,923,81.06,217,3,0.2,0,0,0
2017,5,11,22,30,0,0,0,9.1,11,923,88.21000000000001,213,2.6,0.2,0,0,0
2017,5,11,23,30,0,0,0,9.4,10.4,923,93.31,213,2.3000000000000003,0.2,0,0,0
2017,5,12,0,30,0,0,0,9.5,10.100000000000001,923,96.28,214,2.3000000000000003,0.2,0,0,0
2017,5,12,1,30,0,0,0,9.700000000000001,10,923,97.85000000000001,217,2.5,0.21,0,0,0
2017,5,12,2,30,0,0,0,9.8,10,923,98.38,218,2.6,0.21,0,0,0
2017,5,12,3,30,0,0,0,9.8,10.200000000000001,923,97.21000000000001,220,2.8000000000000003,0.21,0,0,0
2017,5,12,4,30,0,0,0,9.8,10.200000000000001,923,97.14,222,2.9000000000000004,0.21,0,0,0
2017,5,12,5,30,0,0,0,9.700000000000001,10.200000000000001,924,96.97,222,3.1,0.21,0,0,0
2017,5,12,6,30,0,16,16,9.700000000000001,10.5,924,94.89,222,3.6,0.21,25,215,40
2017,5,12,7,30,601,59,215,9.600000000000001,11.5,925,88.08,226,4.2,0.21,59,601,215
2017,5,12,8,30,776,76,424,9.200000000000001,13,925,77.64,231,4.800000000000001,0.21,76,776,424
2017,5,12,9,30,95,280,339,8.8,14.600000000000001,926,68.23,233,5.300000000000001,0.21,87,863,623
2017,5,12,10,30,7,174,179,8.5,16,926,61.120000000000005,234,5.7,0.21,97,908,790
2017,5,12,11,30,234,432,635,8.200000000000001,17,926,56.2,234,5.9,0.21,104,934,914
2017,5,12,12,30,44,409,449,8.200000000000001,18,926,52.79,236,6.1000000000000005,0.21,108,944,982
2017,5,12,13,30,11,196,206,8.3,18.900000000000002,927,50.17,237,6.4,0.21,140,900,980
2017,5,12,14,30,875,144,925,8.200000000000001,19.3,927,48.61,239,6.5,0.21,144,875,925
2017,5,12,15,30,2,136,138,8.3,19.1,927,49.46,240,6.4,0.21,146,832,814
2017,5,12,16,30,0,66,66,8.4,18.5,927,51.68,240,6.2,0.21,132,784,660
2017,5,12,17,30,516,156,419,8.4,17.7,928,54.57,241,5.800000000000001,0.21,116,696,471
2017,5,12,18,30,337,112,222,8.5,16.7,928,58.5,241,4.9,0.21,90,551,270
2017,5,12,19,30,163,45,67,8.9,15.4,929,65.22,239,3.8000000000000003,0.21,49,263,84
2017,5,12,20,30,0,0,0,9.5,14.4,930,72.39,237,3.3000000000000003,0.21,0,0,0
2017,5,12,21,30,0,0,0,10,13.8,931,77.74,236,3.2,0.21,0,0,0
2017,5,12,22,30,0,0,0,10.4,13.3,931,82.57000000000001,235,3,0.21,0,0,0
2017,5,12,23,30,0,0,0,10.700000000000001,12.600000000000001,931,87.94,232,2.5,0.21,0,0,0
2017,5,13,0,30,0,0,0,10.8,12.200000000000001,931,90.94,230,2.2,0.21,0,0,0
2017,5,13,1,30,0,0,0,10.8,11.100000000000001,931,98.19,228,2,0.21,0,0,0
2017,5,13,2,30,0,0,0,10.700000000000001,10.700000000000001,931,100,227,2,0.21,0,0,0
2017,5,13,3,30,0,0,0,10.700000000000001,10.700000000000001,931,100,229,2.1,0.21,0,0,0
2017,5,13,4,30,0,0,0,10.8,10.8,931,100,231,2.1,0.21,0,0,0
2017,5,13,5,30,0,0,0,10.8,10.8,932,100,234,2.1,0.21,0,0,0
2017,5,13,6,30,0,4,4,10.700000000000001,11.600000000000001,932,94.46000000000001,236,2.6,0.21,27,178,40
2017,5,13,7,30,0,15,15,11,13.200000000000001,933,86.56,241,3.2,0.21,65,563,213
2017,5,13,8,30,0,123,123,10.5,15.100000000000001,933,74.15,245,3.6,0.21,79,763,423
2017,5,13,9,30,1,151,152,9.200000000000001,16.900000000000002,933,60.54,244,3.9000000000000004,0.21,89,857,622
2017,5,13,10,30,13,232,242,8.4,18.5,934,51.620000000000005,241,4,0.21,97,911,794
2017,5,13,11,30,75,413,478,7.800000000000001,19.8,934,45.94,239,4,0.21,103,940,919
2017,5,13,12,30,45,412,454,7.5,21,934,41.59,239,4,0.21,105,954,990
2017,5,13,13,30,98,468,559,7.1000000000000005,21.8,933,38.63,241,4,0.21,135,913,989
2017,5,13,14,30,903,132,939,6.800000000000001,22.200000000000003,933,36.94,243,4.1000000000000005,0.21,132,903,939
2017,5,13,15,30,282,382,609,6.5,22.200000000000003,933,36.08,245,4.1000000000000005,0.21,124,880,832
2017,5,13,16,30,513,229,575,6.300000000000001,21.6,933,36.99,247,4.2,0.21,115,832,676
2017,5,13,17,30,466,172,411,6.300000000000001,20.700000000000003,934,39.01,250,4.2,0.21,101,747,484
2017,5,13,18,30,433,99,241,6.300000000000001,19.200000000000003,934,42.84,255,3.5,0.21,81,602,279
2017,5,13,19,30,232,44,76,7,17.2,935,51.17,260,2.4000000000000004,0.21,48,300,89
2017,5,13,20,30,0,0,0,8.3,15.8,936,60.86,268,1.8,0.21,0,0,0
2017,5,13,21,30,0,0,0,8.5,15.100000000000001,936,64.92,279,1.7000000000000002,0.21,0,0,0
2017,5,13,22,30,0,0,0,8.9,14.3,937,69.84,292,1.5,0.21,0,0,0
2017,5,13,23,30,0,0,0,9,13.4,937,74.94,307,1.2000000000000002,0.21,0,0,0
2017,5,14,0,30,0,0,0,9,13,937,76.45,314,1.1,0.21,0,0,0
2017,5,14,1,30,0,0,0,8.6,11.4,937,82.87,342,1,0.21,0,0,0
2017,5,14,2,30,0,0,0,8.200000000000001,10.600000000000001,938,85.32000000000001,179,1,0.21,0,0,0
2017,5,14,3,30,0,0,0,8,10.100000000000001,938,86.89,17,1,0.21,0,0,0
2017,5,14,4,30,0,0,0,7.9,9.8,938,87.81,39,0.9,0.21,0,0,0
2017,5,14,5,30,0,0,0,7.800000000000001,9.8,938,87.26,60,0.9,0.21,0,0,0
2017,5,14,6,30,230,26,43,7.9,11.3,939,79.5,76,1.1,0.21,26,230,43
2017,5,14,7,30,587,63,219,8.1,14.3,939,66.33,78,1.1,0.21,63,587,219
2017,5,14,8,30,751,85,425,7.6000000000000005,17.1,940,53.730000000000004,84,0.8,0.21,85,751,425
2017,5,14,9,30,841,99,624,7.1000000000000005,19.200000000000003,940,45.31,151,0.9,0.21,99,841,624
2017,5,14,10,30,243,365,551,6.4,20.900000000000002,940,38.97,225,1.1,0.21,105,899,794
2017,5,14,11,30,414,368,729,5.9,22.400000000000002,940,34.22,251,1.2000000000000002,0.21,109,933,921
2017,5,14,12,30,949,111,992,5.7,23.700000000000003,940,31.2,260,1.5,0.21,111,949,992
2017,5,14,13,30,949,113,1002,5.800000000000001,24.6,939,29.79,262,1.7000000000000002,0.21,113,949,1002
2017,5,14,14,30,940,110,952,6,25.1,939,29.29,267,2,0.21,110,940,952
2017,5,14,15,30,917,105,844,6,25.1,938,29.45,275,2.1,0.21,105,917,844
2017,5,14,16,30,854,105,682,6,24.8,938,29.98,283,2.1,0.21,105,854,682
2017,5,14,17,30,776,93,492,6.1000000000000005,24.1,939,31.330000000000002,292,2,0.21,93,776,492
2017,5,14,18,30,629,76,284,6,22.400000000000002,939,34.61,302,1.5,0.21,76,629,284
2017,5,14,19,30,345,45,93,9.700000000000001,19.700000000000003,940,52.38,311,1,0.21,45,345,93
2017,5,14,20,30,0,0,0,10,17.3,940,62.07,322,1,0.21,0,0,0
2017,5,14,21,30,0,0,0,9.1,16,941,63.57,339,1.1,0.21,0,0,0
2017,5,14,22,30,0,0,0,8.700000000000001,15,941,66,183,1.2000000000000002,0.21,0,0,0
2017,5,14,23,30,0,0,0,8.3,14.200000000000001,941,67.84,31,1.2000000000000002,0.21,0,0,0
2017,5,15,0,30,0,0,0,7.9,13.700000000000001,941,68.21000000000001,45,1.3,0.21,0,0,0
2017,5,15,1,30,0,0,0,7.6000000000000005,12.8,941,70.83,64,1.3,0.2,0,0,0
2017,5,15,2,30,0,0,0,7.4,12.200000000000001,941,72.68,71,1.3,0.2,0,0,0
2017,5,15,3,30,0,0,0,7.2,11.700000000000001,941,74.12,78,1.4000000000000001,0.2,0,0,0
2017,5,15,4,30,0,0,0,7,11.4,941,74.60000000000001,80,1.5,0.2,0,0,0
2017,5,15,5,30,0,0,0,6.9,11.4,941,73.87,79,1.5,0.2,0,0,0
2017,5,15,6,30,237,26,45,7,13.4,941,65.4,78,2.2,0.2,26,237,45
2017,5,15,7,30,595,61,220,7.2,16.8,942,53.120000000000005,79,2.8000000000000003,0.2,61,595,220
2017,5,15,8,30,755,81,425,7.4,20.6,942,42.53,97,2.9000000000000004,0.2,81,755,425
2017,5,15,9,30,841,95,621,6.9,23.900000000000002,942,33.53,121,2.8000000000000003,0.2,95,841,621
2017,5,15,10,30,887,105,787,6.800000000000001,25.8,942,29.79,133,2.3000000000000003,0.2,105,887,787
2017,5,15,11,30,530,341,803,6.800000000000001,27.200000000000003,942,27.37,141,2,0.2,114,915,911
2017,5,15,12,30,429,407,805,6.6000000000000005,28.200000000000003,941,25.47,151,1.9000000000000001,0.2,119,924,978
2017,5,15,13,30,330,449,758,6.5,28.900000000000002,941,24.25,164,1.8,0.2,113,934,989
2017,5,15,14,30,189,455,624,6.4,29,940,24.02,177,1.7000000000000002,0.2,114,916,936
2017,5,15,15,30,617,261,760,6.4,28.8,940,24.34,189,1.6,0.2,111,885,827
2017,5,15,16,30,620,194,614,6.5,28.6,939,24.69,196,1.5,0.2,100,846,674
2017,5,15,17,30,357,198,383,6.5,27.900000000000002,939,25.78,201,1.3,0.2,86,780,489
2017,5,15,18,30,158,131,184,6.800000000000001,26.200000000000003,939,29.07,213,0.9,0.2,69,651,286
2017,5,15,19,30,296,43,85,11.4,23.400000000000002,940,46.83,227,0.7000000000000001,0.2,42,378,95
2017,5,15,20,30,0,0,0,10.600000000000001,21.3,940,50.46,232,0.8,0.2,0,0,0
2017,5,15,21,30,0,0,0,10.100000000000001,20.1,941,52.47,223,1,0.2,0,0,0
2017,5,15,22,30,0,0,0,10,19.1,941,55.6,203,1.3,0.2,0,0,0
2017,5,15,23,30,0,0,0,10.100000000000001,18,941,59.800000000000004,178,1.4000000000000001,0.2,0,0,0
2017,5,16,0,30,0,0,0,9.8,17.5,941,60.47,166,1.5,0.2,0,0,0
2017,5,16,1,30,0,0,0,9.3,16.1,941,64.03,151,1.5,0.21,0,0,0
2017,5,16,2,30,0,0,0,9,15.200000000000001,940,66.37,148,1.4000000000000001,0.21,0,0,0
2017,5,16,3,30,0,0,0,8.8,14.600000000000001,940,68.08,143,1.3,0.21,0,0,0
2017,5,16,4,30,0,0,0,8.5,14,940,69.37,137,1.2000000000000002,0.21,0,0,0
2017,5,16,5,30,0,0,0,8.1,13.8,940,68.46000000000001,131,1.2000000000000002,0.21,0,0,0
2017,5,16,6,30,0,19,19,8,15.200000000000001,941,62.15,126,1.7000000000000002,0.21,27,218,45
2017,5,16,7,30,22,96,102,7.1000000000000005,17.5,941,50.6,121,2.3000000000000003,0.21,65,564,217
2017,5,16,8,30,59,185,212,6.300000000000001,20.200000000000003,941,40.45,119,2.5,0.21,88,725,419
2017,5,16,9,30,356,258,481,4.9,22.8,941,31.32,116,2.8000000000000003,0.21,105,809,613
2017,5,16,10,30,269,361,568,4.9,24.6,941,27.98,109,3.1,0.21,114,865,780
2017,5,16,11,30,283,423,670,5.1000000000000005,26,940,26.13,106,3.2,0.21,121,895,903
2017,5,16,12,30,218,474,676,5.2,27,940,24.76,105,3.1,0.21,125,909,972
2017,5,16,13,30,437,418,829,5,27.3,939,24.04,103,2.9000000000000004,0.21,124,914,983
2017,5,16,14,30,902,122,933,4.7,27.200000000000003,938,23.76,99,2.7,0.21,122,902,933
2017,5,16,15,30,637,252,768,4.6000000000000005,27.1,938,23.650000000000002,94,2.6,0.21,115,880,828
2017,5,16,16,30,527,226,584,4.6000000000000005,27.3,938,23.32,90,2.7,0.21,119,806,668
2017,5,16,17,30,580,138,439,4.4,26.8,938,23.75,90,2.6,0.21,100,740,484
2017,5,16,18,30,610,78,282,4.800000000000001,24.8,938,27.46,94,2,0.21,78,610,282
2017,5,16,19,30,0,42,42,9.3,21.400000000000002,938,45.96,100,1.4000000000000001,0.21,45,350,95
2017,5,16,20,30,0,0,0,8.6,19,939,50.89,107,1.5,0.21,0,0,0
2017,5,16,21,30,0,0,0,7.7,18.3,939,49.99,114,1.8,0.21,0,0,0
2017,5,16,22,30,0,0,0,7,17.7,939,49.480000000000004,122,2,0.21,0,0,0
2017,5,16,23,30,0,0,0,6.6000000000000005,16.900000000000002,939,50.76,131,1.9000000000000001,0.21,0,0,0
2017,5,17,0,30,0,0,0,6.6000000000000005,16.5,938,52.09,134,1.9000000000000001,0.21,0,0,0
2017,5,17,1,30,0,0,0,6.800000000000001,15.3,937,56.99,132,1.6,0.21,0,0,0
2017,5,17,2,30,0,0,0,6.800000000000001,14.200000000000001,937,60.95,128,1.5,0.21,0,0,0
2017,5,17,3,30,0,0,0,6.5,13.4,936,63.07,125,1.5,0.21,0,0,0
2017,5,17,4,30,0,0,0,6.5,12.9,936,64.94,122,1.3,0.21,0,0,0
2017,5,17,5,30,0,0,0,6.5,13,936,64.5,118,1.3,0.21,0,0,0
2017,5,17,6,30,0,23,23,6.5,14.3,936,59.24,115,1.9000000000000001,0.21,28,258,49
2017,5,17,7,30,0,33,33,5.300000000000001,16.900000000000002,936,46.2,122,2.7,0.21,62,607,227
2017,5,17,8,30,119,195,249,3.8000000000000003,20,936,34.300000000000004,140,2.9000000000000004,0.21,82,768,434
2017,5,17,9,30,142,290,379,1.8,22.900000000000002,935,24.98,161,2.8000000000000003,0.21,96,851,632
2017,5,17,10,30,233,369,549,0.8,25.1,935,20.28,185,2.5,0.21,108,901,803
2017,5,17,11,30,474,363,777,0.8,26.900000000000002,935,18.27,207,2.5,0.21,118,925,927
2017,5,17,12,30,301,456,737,1.3,28.1,934,17.62,225,2.6,0.21,123,937,997
2017,5,17,13,30,308,460,749,2.1,29,934,17.75,237,2.8000000000000003,0.21,119,945,1008
2017,5,17,14,30,937,116,959,2.9000000000000004,29.5,933,18.27,245,3.1,0.21,116,937,959
2017,5,17,15,30,901,116,847,3.6,29.200000000000003,932,19.580000000000002,249,3.2,0.21,116,901,847
2017,5,17,16,30,464,249,565,4.3,28.200000000000003,932,21.79,251,3.1,0.21,114,839,686
2017,5,17,17,30,303,211,369,5.1000000000000005,26.900000000000002,931,24.8,254,3,0.21,106,745,494
2017,5,17,18,30,307,120,224,6.800000000000001,24.900000000000002,931,31.35,256,2.3000000000000003,0.21,88,589,287
2017,5,17,19,30,310,50,96,9.9,22,932,46.1,260,1.7000000000000002,0.21,50,310,96
2017,5,17,20,30,0,0,0,10.4,19.700000000000003,932,55.08,266,1.6,0.21,0,0,0
2017,5,17,21,30,0,0,0,10.600000000000001,18.3,932,60.63,272,1.4000000000000001,0.21,0,0,0
2017,5,17,22,30,0,0,0,10.8,17.2,932,66.15,272,1.2000000000000002,0.21,0,0,0
2017,5,17,23,30,0,0,0,11,16.7,932,69.02,262,1,0.21,0,0,0
2017,5,18,0,30,0,0,0,10.9,16.7,932,68.77,254,1,0.21,0,0,0
2017,5,18,1,30,0,0,0,10.9,15.700000000000001,931,73.04,226,0.9,0.22,0,0,0
2017,5,18,2,30,0,0,0,10.8,14.600000000000001,930,77.99,221,1.1,0.22,0,0,0
2017,5,18,3,30,0,0,0,10.600000000000001,13.8,930,81.25,223,1.3,0.22,0,0,0
2017,5,18,4,30,0,0,0,10.4,13.4,929,82.06,227,1.7000000000000002,0.22,0,0,0
2017,5,18,5,30,0,0,0,10.200000000000001,13.3,929,81.28,231,2.3000000000000003,0.22,0,0,0
2017,5,18,6,30,168,31,45,10.100000000000001,14.100000000000001,929,76.76,236,3.2,0.22,31,168,45
2017,5,18,7,30,0,11,11,10.200000000000001,16,930,68.56,246,4.1000000000000005,0.22,82,479,213
2017,5,18,8,30,312,179,323,11,17.7,930,64.77,259,4.7,0.22,123,619,408
2017,5,18,9,30,0,110,110,11.600000000000001,18.8,930,63.17,266,5,0.22,159,694,597
2017,5,18,10,30,69,353,406,11.100000000000001,20.1,930,56.18,267,5.2,0.22,234,664,746
2017,5,18,11,30,347,404,708,9.5,21.8,930,45.35,263,5.6000000000000005,0.22,197,792,891
2017,5,18,12,30,912,142,994,7.2,23.200000000000003,930,35.78,263,6.1000000000000005,0.22,142,912,994
2017,5,18,13,30,974,110,1028,4.2,24,930,27.72,269,6.4,0.22,110,974,1028
2017,5,18,14,30,993,96,991,1.3,24.200000000000003,930,22.23,279,6.4,0.22,96,993,991
2017,5,18,15,30,979,88,884,-0.5,23.8,930,20.01,289,6.1000000000000005,0.22,88,979,884
2017,5,18,16,30,902,98,715,-0.7000000000000001,23.3,930,20.35,298,5.7,0.22,98,902,715
2017,5,18,17,30,835,84,520,0,22.400000000000002,930,22.62,306,5.2,0.22,84,835,520
2017,5,18,18,30,717,67,310,0.8,20.8,931,26.43,315,4.3,0.22,67,717,310
2017,5,18,19,30,465,41,110,2.2,17.8,932,35.19,322,3,0.22,41,465,110
2017,5,18,20,30,0,0,0,4.2,14.9,933,48.83,333,2.3000000000000003,0.22,0,0,0
2017,5,18,21,30,0,0,0,4.4,13.4,933,54.58,348,2,0.22,0,0,0
2017,5,18,22,30,0,0,0,4.7,12.100000000000001,934,60.72,184,1.6,0.22,0,0,0
2017,5,18,23,30,0,0,0,5,11.100000000000001,934,65.86,21,1.3,0.22,0,0,0
2017,5,19,0,30,0,0,0,4.9,10.700000000000001,934,67.44,29,1.1,0.22,0,0,0
2017,5,19,1,30,0,0,0,4.7,10.100000000000001,934,69.16,51,1,0.22,0,0,0
2017,5,19,2,30,0,0,0,4.5,9.700000000000001,933,69.93,65,1,0.22,0,0,0
2017,5,19,3,30,0,0,0,4.3,9.4,933,70.56,77,1,0.22,0,0,0
2017,5,19,4,30,0,0,0,4.2,9.1,934,71.52,89,0.9,0.22,0,0,0
2017,5,19,5,30,0,0,0,4.1000000000000005,9.200000000000001,934,70.45,96,0.9,0.22,0,0,0
2017,5,19,6,30,334,27,56,4.5,10.9,935,64.52,95,1,0.22,27,334,56
2017,5,19,7,30,670,58,243,4.800000000000001,14.100000000000001,935,53.53,90,1,0.22,58,670,243
2017,5,19,8,30,817,76,454,3.5,17.400000000000002,935,39.56,129,0.6000000000000001,0.22,76,817,454
2017,5,19,9,30,896,88,655,1.4000000000000001,19.900000000000002,935,29.07,220,0.8,0.22,88,896,655
2017,5,19,10,30,943,97,827,0.6000000000000001,21.700000000000003,935,24.580000000000002,271,1.4000000000000001,0.22,97,943,827
2017,5,19,11,30,971,102,953,0.2,23.200000000000003,935,21.830000000000002,270,1.8,0.22,102,971,953
2017,5,19,12,30,984,105,1025,-0.30000000000000004,24.5,935,19.52,267,2.2,0.22,105,984,1025
2017,5,19,13,30,986,103,1033,-0.7000000000000001,25.5,934,17.82,266,2.6,0.22,103,986,1033
2017,5,19,14,30,976,101,982,-1.1,26,934,16.85,269,2.9000000000000004,0.22,101,976,982
2017,5,19,15,30,954,97,873,-1.4000000000000001,26.200000000000003,933,16.240000000000002,273,3.2,0.22,97,954,873
2017,5,19,16,30,916,89,717,-2,25.8,933,15.88,279,3.3000000000000003,0.22,89,916,717
2017,5,19,17,30,850,79,525,-2.5,24.8,933,16.240000000000002,285,3.2,0.22,79,850,525
2017,5,19,18,30,733,64,314,-2.6,22.6,934,18.490000000000002,292,2.3000000000000003,0.22,64,733,314
2017,5,19,19,30,497,39,115,3.2,18.8,934,35.45,301,1.4000000000000001,0.22,39,497,115
2017,5,19,20,30,0,0,0,4.2,15.8,934,45.95,313,1.3,0.22,0,0,0
2017,5,19,21,30,0,0,0,3.6,14.4,935,48.17,328,1.2000000000000002,0.22,0,0,0
2017,5,19,22,30,0,0,0,3.3000000000000003,13.4,935,50.53,346,1.2000000000000002,0.22,0,0,0
2017,5,19,23,30,0,0,0,3.2,12.4,935,53.35,189,1.2000000000000002,0.22,0,0,0
2017,5,20,0,30,0,0,0,3.1,12,935,54.370000000000005,21,1.2000000000000002,0.22,0,0,0
2017,5,20,1,30,0,0,0,3,10.9,935,58.13,57,1.2000000000000002,0.22,0,0,0
2017,5,20,2,30,0,0,0,2.9000000000000004,10.3,936,60.22,78,1.2000000000000002,0.22,0,0,0
2017,5,20,3,30,0,0,0,2.9000000000000004,9.8,936,62.17,92,1.2000000000000002,0.22,0,0,0
2017,5,20,4,30,0,0,0,2.9000000000000004,9.4,936,63.910000000000004,98,1.2000000000000002,0.22,0,0,0
2017,5,20,5,30,0,0,0,3.1,9.4,936,64.61,98,1.3,0.22,0,0,0
2017,5,20,6,30,383,26,60,3.9000000000000004,11.700000000000001,936,58.660000000000004,97,1.9000000000000001,0.22,26,383,60
2017,5,20,7,30,705,53,249,4.6000000000000005,15.5,937,48.25,97,2.6,0.22,53,705,249
2017,5,20,8,30,850,70,464,4.3,19.400000000000002,937,36.910000000000004,105,2.6,0.22,70,850,464
2017,5,20,9,30,924,81,667,1.5,22.8,937,24.650000000000002,116,2.4000000000000004,0.22,81,924,667
2017,5,20,10,30,948,97,832,0.4,24.900000000000002,937,19.97,122,2.1,0.22,97,948,832
2017,5,20,11,30,977,101,959,0.1,26.700000000000003,937,17.580000000000002,128,1.8,0.22,101,977,959
2017,5,20,12,30,992,103,1031,0,28.200000000000003,936,16.01,138,1.5,0.22,103,992,1031
2017,5,20,13,30,999,100,1044,-0.2,29.3,936,14.780000000000001,154,1.2000000000000002,0.22,100,999,1044
2017,5,20,14,30,991,98,993,-0.6000000000000001,29.900000000000002,935,13.89,182,0.9,0.22,98,991,993
2017,5,20,15,30,965,93,880,-0.9,30.1,935,13.4,229,0.7000000000000001,0.22,93,965,880
2017,5,20,16,30,927,86,723,-1.2000000000000002,29.8,935,13.33,261,0.8,0.22,86,927,723
2017,5,20,17,30,862,76,530,-1.4000000000000001,29,934,13.75,264,0.7000000000000001,0.22,76,862,530
2017,5,20,18,30,748,62,319,-0.5,27,934,16.6,147,0.6000000000000001,0.22,62,748,319
2017,5,20,19,30,513,39,118,7.4,23.5,934,35.6,48,0.8,0.22,39,513,118
2017,5,20,20,30,0,0,0,5.7,20.6,935,37.75,95,1.2000000000000002,0.22,0,0,0
2017,5,20,21,30,0,0,0,5.7,18.8,935,42.17,128,1.8,0.22,0,0,0
2017,5,20,22,30,0,0,0,6.5,17.1,936,49.53,131,2.5,0.22,0,0,0
2017,5,20,23,30,0,0,0,6.7,15.600000000000001,936,55.44,128,2.9000000000000004,0.22,0,0,0
2017,5,21,0,30,0,0,0,6.800000000000001,14.9,936,58.26,127,3.1,0.22,0,0,0
2017,5,21,1,30,0,0,0,6.7,13.9,935,62.01,120,3.7,0.22,0,0,0
2017,5,21,2,30,0,0,0,6.5,13.600000000000001,934,62.230000000000004,117,3.8000000000000003,0.22,0,0,0
2017,5,21,3,30,0,0,0,6,13.4,934,60.82,118,3.7,0.22,0,0,0
2017,5,21,4,30,0,0,0,5.300000000000001,13.3,934,58.2,121,3.5,0.22,0,0,0
2017,5,21,5,30,0,0,0,4.5,13.700000000000001,934,53.870000000000005,123,3.5,0.22,0,0,0
2017,5,21,6,30,25,29,32,3.4000000000000004,14.8,934,46.21,119,3.7,0.22,37,57,42
2017,5,21,7,30,0,10,10,3.2,16.6,935,40.69,109,4,0.22,106,368,209
2017,5,21,8,30,67,191,222,3.3000000000000003,18.900000000000002,934,35.43,106,4.3,0.22,145,566,409
2017,5,21,9,30,300,275,466,3.1,21.3,934,30.13,113,4.5,0.22,174,671,600
2017,5,21,10,30,343,346,612,2.5,23.3,934,25.57,126,4.4,0.22,200,720,759
2017,5,21,11,30,307,420,690,1.9000000000000001,24.6,934,22.62,133,4.2,0.22,231,726,870
2017,5,21,12,30,191,481,660,1.6,25.1,934,21.59,135,4.3,0.22,257,716,928
2017,5,21,13,30,17,296,312,2.2,25.3,934,22.23,139,4.4,0.22,277,688,928
2017,5,21,14,30,43,395,433,4,25.1,933,25.55,143,4.1000000000000005,0.22,291,641,871
2017,5,21,15,30,246,396,596,6.4,24.200000000000003,933,31.8,145,3.8000000000000003,0.22,289,574,759
2017,5,21,16,30,15,229,240,8.6,22.700000000000003,933,40.53,138,4.1000000000000005,0.22,277,476,605
2017,5,21,17,30,0,45,45,10.600000000000001,21.200000000000003,933,50.71,126,4.9,0.22,239,355,426
2017,5,21,18,30,0,32,32,11.700000000000001,20.1,932,58.5,124,4.9,0.22,164,233,244
2017,5,21,19,30,0,23,23,12.3,19.200000000000003,932,64.13,125,4.3,0.22,69,64,79
2017,5,21,20,30,0,0,0,12.4,18.2,931,69.13,129,3.6,0.22,0,0,0
2017,5,21,21,30,0,0,0,12.5,17.5,931,72.48,140,2.7,0.22,0,0,0
2017,5,21,22,30,0,0,0,12.5,17,932,75,160,2,0.22,0,0,0
2017,5,21,23,30,0,0,0,12.4,16.7,932,75.87,186,1.8,0.22,0,0,0
2017,5,22,0,30,0,0,0,12.3,16.5,933,76.16,200,1.7000000000000002,0.22,0,0,0
2017,5,22,1,30,0,0,0,12.200000000000001,15.8,933,79.05,237,1.1,0.22,0,0,0
2017,5,22,2,30,0,0,0,12,15.3,933,80.9,278,0.8,0.22,0,0,0
2017,5,22,3,30,0,0,0,11.700000000000001,14.8,933,81.84,329,0.8,0.22,0,0,0
2017,5,22,4,30,0,0,0,11.4,14,933,84.45,178,0.8,0.22,0,0,0
2017,5,22,5,30,0,0,0,11.200000000000001,13.4,933,86.77,11,0.8,0.22,0,0,0
2017,5,22,6,30,99,36,46,11.3,14.600000000000001,933,80.67,21,1.5,0.22,36,99,46
2017,5,22,7,30,430,93,215,11.200000000000001,17.3,933,67.19,31,2.4000000000000004,0.22,93,430,215
2017,5,22,8,30,624,124,416,9.3,19.900000000000002,933,50.49,39,2.5,0.22,124,624,416
2017,5,22,9,30,738,144,613,8.1,22.400000000000002,933,39.78,40,2.3000000000000003,0.22,144,738,613
2017,5,22,10,30,804,156,781,7.5,24.6,933,33.46,35,2,0.22,156,804,781
2017,5,22,11,30,845,164,908,7.300000000000001,26.400000000000002,933,29.82,26,1.7000000000000002,0.22,164,845,908
2017,5,22,12,30,865,168,979,7.1000000000000005,28,933,26.78,182,1.4000000000000001,0.22,168,865,979
2017,5,22,13,30,914,137,1003,6.7,29.1,932,24.330000000000002,322,1.4000000000000001,0.22,137,914,1003
2017,5,22,14,30,904,134,953,6.1000000000000005,29.8,932,22.46,295,1.6,0.22,134,904,953
2017,5,22,15,30,881,126,848,5.6000000000000005,30,931,21.43,288,1.8,0.22,126,881,848
2017,5,22,16,30,838,116,694,5.2,29.6,931,21.27,288,1.9000000000000001,0.22,116,838,694
2017,5,22,17,30,767,102,508,4.7,28.8,931,21.63,295,1.9000000000000001,0.22,102,767,508
2017,5,22,18,30,637,81,303,4.7,26.8,931,24.28,308,1.4000000000000001,0.22,81,637,303
2017,5,22,19,30,378,50,110,10.200000000000001,23.3,931,43.62,326,1,0.22,50,378,110
2017,5,22,20,30,0,0,0,9.700000000000001,20.6,931,49.74,343,1.1,0.22,0,0,0
2017,5,22,21,30,0,0,0,8.8,19.3,932,50.46,185,1.1,0.22,0,0,0
2017,5,22,22,30,0,0,0,8.3,18.400000000000002,932,51.870000000000005,40,1.1,0.22,0,0,0
2017,5,22,23,30,0,0,0,8.1,17.400000000000002,932,54.43,82,1.1,0.22,0,0,0
2017,5,23,0,30,0,0,0,8,16.900000000000002,932,55.870000000000005,103,1.2000000000000002,0.22,0,0,0
2017,5,23,1,30,0,0,0,8,15.8,932,59.64,123,1.3,0.22,0,0,0
2017,5,23,2,30,0,0,0,7.800000000000001,15.3,932,61.04,122,1.4000000000000001,0.22,0,0,0
2017,5,23,3,30,0,0,0,7.7,14.700000000000001,932,62.910000000000004,118,1.6,0.22,0,0,0
2017,5,23,4,30,0,0,0,7.7,13.9,932,66.08,117,1.9000000000000001,0.22,0,0,0
2017,5,23,5,30,0,0,0,7.7,13.5,933,68.07000000000001,115,2.1,0.22,0,0,0
2017,5,23,6,30,240,33,55,8,14.700000000000001,933,64.15,106,2.9000000000000004,0.22,33,240,55
2017,5,23,7,30,575,70,233,8,17.7,933,53.15,100,3.7,0.22,70,575,233
2017,5,23,8,30,739,93,440,7.300000000000001,21.3,934,40.52,104,4.2,0.22,93,739,440
2017,5,23,9,30,827,109,637,5.5,24.6,934,29.3,112,4.5,0.22,109,827,637
2017,5,23,10,30,876,122,804,4.2,27.200000000000003,934,22.88,118,4.5,0.22,122,876,804
2017,5,23,11,30,899,132,924,3.7,29.1,934,19.81,119,4.4,0.22,132,899,924
2017,5,23,12,30,909,140,993,3.6,30.6,933,18.06,119,4.3,0.22,140,909,993
2017,5,23,13,30,936,124,1011,3.7,31.5,933,17.26,117,4.2,0.22,124,936,1011
2017,5,23,14,30,922,124,960,3.8000000000000003,31.900000000000002,932,17.02,116,4.2,0.22,124,922,960
2017,5,23,15,30,895,121,854,3.9000000000000004,31.8,932,17.23,115,4.1000000000000005,0.22,121,895,854
2017,5,23,16,30,854,108,699,4,31.200000000000003,932,17.88,114,4.1000000000000005,0.22,108,854,699
2017,5,23,17,30,781,96,511,4.1000000000000005,30,932,19.28,113,4.1000000000000005,0.22,96,781,511
2017,5,23,18,30,654,77,307,4.4,27.700000000000003,932,22.61,111,3.7,0.22,77,654,307
2017,5,23,19,30,407,48,113,6.300000000000001,24.200000000000003,933,31.67,111,3.1,0.22,48,407,113
2017,5,23,20,30,0,0,0,7,21.3,934,39.69,113,3,0.22,0,0,0
2017,5,23,21,30,0,0,0,6.800000000000001,19.5,934,43.660000000000004,114,3,0.22,0,0,0
2017,5,23,22,30,0,0,0,7,17.900000000000002,935,48.95,112,2.6,0.22,0,0,0
2017,5,23,23,30,0,0,0,7.300000000000001,16.6,935,54.01,110,2.4000000000000004,0.22,0,0,0
2017,5,24,0,30,0,0,0,7.4,16,935,56.68,109,2.3000000000000003,0.22,0,0,0
2017,5,24,1,30,0,0,0,7.6000000000000005,14.600000000000001,935,62.78,107,2.1,0.22,0,0,0
2017,5,24,2,30,0,0,0,7.7,13.8,935,66.79,103,2,0.22,0,0,0
2017,5,24,3,30,0,0,0,7.800000000000001,13.100000000000001,935,70.27,97,2,0.22,0,0,0
2017,5,24,4,30,0,0,0,7.800000000000001,12.5,935,72.91,91,2,0.22,0,0,0
2017,5,24,5,30,0,0,0,7.6000000000000005,12.600000000000001,935,71.75,86,2.3000000000000003,0.22,0,0,0
2017,5,24,6,30,257,33,58,7.5,14.200000000000001,935,64.23,81,3,0.22,33,257,58
2017,5,24,7,30,585,70,237,7.4,17.400000000000002,935,51.82,79,3.6,0.22,70,585,237
2017,5,24,8,30,744,93,442,6.6000000000000005,21.5,935,38.07,88,4,0.22,93,744,442
2017,5,24,9,30,829,108,637,4.7,25.3,934,26.54,101,4.3,0.22,108,829,637
2017,5,24,10,30,880,119,805,4.2,28,934,21.91,110,4.2,0.22,119,880,805
2017,5,24,11,30,908,127,929,4.4,30,934,19.8,119,3.9000000000000004,0.22,127,908,929
2017,5,24,12,30,916,134,995,4.6000000000000005,31.400000000000002,933,18.53,128,3.6,0.22,134,916,995
2017,5,24,13,30,936,122,1011,4.6000000000000005,32.2,933,17.69,134,3.2,0.22,122,936,1011
2017,5,24,14,30,918,123,957,4.5,32.6,932,17.13,138,2.9000000000000004,0.22,123,918,957
2017,5,24,15,30,887,122,850,4.4,32.5,932,17.12,140,2.7,0.22,122,887,850
2017,5,24,16,30,548,226,606,4.3,32.1,931,17.38,144,2.7,0.22,117,831,693
2017,5,24,17,30,623,131,463,4.3,31,931,18.55,151,2.8000000000000003,0.22,108,743,504
2017,5,24,18,30,590,91,299,4.9,28.8,931,21.93,165,2.6,0.22,91,590,299
2017,5,24,19,30,309,57,107,8.5,25.3,931,34.35,179,2.3000000000000003,0.22,57,309,107
2017,5,24,20,30,0,0,0,9.3,22.6,932,42.71,185,2.4000000000000004,0.22,0,0,0
2017,5,24,21,30,0,0,0,9.600000000000001,21.200000000000003,933,47.39,182,2.4000000000000004,0.22,0,0,0
2017,5,24,22,30,0,0,0,9.8,20.200000000000003,933,51.28,167,2.1,0.22,0,0,0
2017,5,24,23,30,0,0,0,9.9,19.400000000000002,933,54.050000000000004,153,2,0.22,0,0,0
2017,5,25,0,30,0,0,0,9.600000000000001,19.1,933,54.27,149,2,0.22,0,0,0
2017,5,25,1,30,0,0,0,9.3,18.3,933,55.86,140,1.9000000000000001,0.22,0,0,0
2017,5,25,2,30,0,0,0,9.1,17.7,933,57.15,132,1.7000000000000002,0.22,0,0,0
2017,5,25,3,30,0,0,0,8.8,17.2,933,57.83,125,1.6,0.22,0,0,0
2017,5,25,4,30,0,0,0,8.5,16.7,932,58.26,120,1.4000000000000001,0.22,0,0,0
2017,5,25,5,30,0,0,0,8.1,16.5,932,57.52,117,1.3,0.22,0,0,0
2017,5,25,6,30,0,29,29,8,17.900000000000002,932,52.33,113,1.8,0.22,39,82,47
2017,5,25,7,30,384,103,213,6.6000000000000005,20.700000000000003,932,40.08,110,2.2,0.22,103,384,213
2017,5,25,8,30,574,139,410,5.9,24.3,932,30.6,116,2,0.22,139,574,410
2017,5,25,9,30,686,162,601,5.800000000000001,27.700000000000003,932,24.900000000000002,123,1.7000000000000002,0.22,162,686,601
2017,5,25,10,30,792,158,776,6.9,29.900000000000002,932,23.55,124,1.5,0.22,158,792,776
2017,5,25,11,30,822,169,895,7.4,31.400000000000002,931,22.42,122,1.5,0.22,169,822,895
2017,5,25,12,30,837,175,963,7.800000000000001,32.5,931,21.650000000000002,121,1.6,0.22,175,837,963
2017,5,25,13,30,869,155,980,8,33.2,930,21.150000000000002,124,1.7000000000000002,0.22,155,869,980
2017,5,25,14,30,400,396,760,8.200000000000001,33.6,930,20.94,133,1.7000000000000002,0.22,154,855,932
2017,5,25,15,30,588,284,767,8.3,33.6,929,21.080000000000002,153,1.6,0.22,151,819,824
2017,5,25,16,30,462,255,576,8.3,33,928,21.78,186,1.5,0.22,174,695,657
2017,5,25,17,30,0,31,31,8.4,31.900000000000002,928,23.37,207,1.5,0.22,157,589,472
2017,5,25,18,30,43,134,150,9.700000000000001,30.1,928,28.14,213,1.3,0.22,126,417,274
2017,5,25,19,30,0,46,46,13.700000000000001,27.6,929,42.42,219,1.2000000000000002,0.22,69,151,94
2017,5,25,20,30,0,0,0,14.700000000000001,25.6,929,51.02,229,1.3,0.22,0,0,0
2017,5,25,21,30,0,0,0,14.3,24.400000000000002,930,53.26,237,1.6,0.22,0,0,0
2017,5,25,22,30,0,0,0,14.200000000000001,23.200000000000003,930,57,237,1.7000000000000002,0.22,0,0,0
2017,5,25,23,30,0,0,0,13.9,22,930,60.2,234,2,0.22,0,0,0
2017,5,26,0,30,0,0,0,13.8,21.400000000000002,930,61.83,232,2.2,0.22,0,0,0
2017,5,26,1,30,0,0,0,13.9,19.700000000000003,930,69.09,229,2.4000000000000004,0.22,0,0,0
2017,5,26,2,30,0,0,0,14,18.7,930,74.18,223,2.2,0.22,0,0,0
2017,5,26,3,30,0,0,0,14.100000000000001,17.7,930,79.65,213,1.8,0.22,0,0,0
2017,5,26,4,30,0,0,0,14.200000000000001,16.8,930,84.43,201,1.5,0.22,0,0,0
2017,5,26,5,30,0,0,0,14.100000000000001,16.6,930,84.95,188,1.5,0.22,0,0,0
2017,5,26,6,30,50,39,44,14.100000000000001,17.8,930,78.89,180,1.8,0.22,39,50,44
2017,5,26,7,30,310,115,204,13.600000000000001,20.5,931,64.75,192,2,0.22,115,310,204
2017,5,26,8,30,256,193,314,12.8,23.900000000000002,931,49.88,205,2,0.22,162,499,397
2017,5,26,9,30,618,191,587,11.600000000000001,26.8,931,38.81,203,2,0.22,191,618,587
2017,5,26,10,30,420,316,644,10.8,29,930,32.43,199,2,0.22,209,693,750
2017,5,26,11,30,743,216,873,10.3,30.8,930,28.18,202,2.1,0.22,216,743,873
2017,5,26,12,30,771,218,944,9.700000000000001,32.2,929,25.04,210,2.2,0.22,218,771,944
2017,5,26,13,30,847,170,975,9.3,33.1,929,23.11,222,2.2,0.22,170,847,975
2017,5,26,14,30,831,168,925,9,33.6,928,22.09,234,2.1,0.22,168,831,925
2017,5,26,15,30,795,165,820,8.9,33.5,928,21.98,245,2.1,0.22,165,795,820
2017,5,26,16,30,738,155,669,8.8,33,928,22.51,255,2,0.22,155,738,669
2017,5,26,17,30,159,237,322,8.9,32.1,927,23.84,263,2,0.22,136,647,484
2017,5,26,18,30,0,113,113,9.4,30.400000000000002,928,27.25,269,1.7000000000000002,0.22,109,497,286
2017,5,26,19,30,0,27,27,12.8,28,928,39.09,275,1.5,0.22,63,236,103
2017,5,26,20,30,0,0,0,13.600000000000001,25.900000000000002,929,46.74,281,1.6,0.22,0,0,0
2017,5,26,21,30,0,0,0,13.600000000000001,24.5,930,50.7,285,1.6,0.22,0,0,0
2017,5,26,22,30,0,0,0,13.5,23.400000000000002,930,53.92,277,1.3,0.22,0,0,0
2017,5,26,23,30,0,0,0,13.8,22.3,930,58.58,256,1.1,0.22,0,0,0
2017,5,27,0,30,0,0,0,13.9,21.700000000000003,930,61.1,243,1,0.22,0,0,0
2017,5,27,1,30,0,0,0,13.600000000000001,20,930,66.62,221,1.2000000000000002,0.22,0,0,0
2017,5,27,2,30,0,0,0,13.3,19,930,69.64,215,1.3,0.22,0,0,0
2017,5,27,3,30,0,0,0,13,18.2,931,71.86,208,1.3,0.22,0,0,0
2017,5,27,4,30,0,0,0,12.600000000000001,17.400000000000002,931,73.58,197,1.2000000000000002,0.22,0,0,0
2017,5,27,5,30,0,0,0,12.100000000000001,17.2,931,71.94,171,1.1,0.22,0,0,0
2017,5,27,6,30,105,40,51,11.5,18.3,931,64.55,137,1.4000000000000001,0.22,40,105,51
2017,5,27,7,30,400,101,216,10.5,21,932,51.230000000000004,118,1.6,0.22,101,400,216
2017,5,27,8,30,585,136,413,10,24.1,932,40.800000000000004,116,2.1,0.22,136,585,413
2017,5,27,9,30,704,155,608,9,26.6,932,33,123,2.8000000000000003,0.22,155,704,608
2017,5,27,10,30,782,165,777,7.9,28.900000000000002,932,26.85,133,3.3000000000000003,0.22,165,782,777
2017,5,27,11,30,823,173,901,7.1000000000000005,30.900000000000002,931,22.66,145,3.6,0.22,173,823,901
2017,5,27,12,30,842,177,971,6.6000000000000005,32.5,931,19.98,157,3.8000000000000003,0.22,177,842,971
2017,5,27,13,30,876,155,989,6.5,33.6,930,18.580000000000002,168,3.9000000000000004,0.22,155,876,989
2017,5,27,14,30,859,155,938,6.6000000000000005,34,930,18.31,178,4,0.22,155,859,938
2017,5,27,15,30,465,327,711,6.800000000000001,33.7,929,18.95,187,4,0.22,152,820,829
2017,5,27,16,30,579,218,622,7.2,32.800000000000004,929,20.37,197,4,0.22,146,757,674
2017,5,27,17,30,466,182,433,7.5,31.5,929,22.42,208,3.9000000000000004,0.22,131,663,488
2017,5,27,18,30,56,139,159,8.200000000000001,29.400000000000002,929,26.62,220,3.4000000000000004,0.22,106,512,290
2017,5,27,19,30,0,6,6,10.4,26.5,930,36.37,229,2.7,0.22,63,258,106
2017,5,27,20,30,0,0,0,11.3,23.8,931,45.5,229,2.1,0.22,0,0,0
2017,5,27,21,30,0,0,0,11.3,22,932,50.550000000000004,219,1.9000000000000001,0.22,0,0,0
2017,5,27,22,30,0,0,0,10.9,20.6,933,53.94,202,1.8,0.22,0,0,0
2017,5,27,23,30,0,0,0,10.4,19.6,933,55.4,190,1.8,0.22,0,0,0
2017,5,28,0,30,0,0,0,10,19.200000000000003,933,55.24,188,1.7000000000000002,0.22,0,0,0
2017,5,28,1,30,0,0,0,9.8,17.900000000000002,933,58.910000000000004,205,1.4000000000000001,0.22,0,0,0
2017,5,28,2,30,0,0,0,9.600000000000001,17,933,61.85,217,1.1,0.22,0,0,0
2017,5,28,3,30,0,0,0,9.5,16.400000000000002,933,63.81,224,0.8,0.22,0,0,0
2017,5,28,4,30,0,0,0,9.4,16.1,933,64.64,177,0.7000000000000001,0.22,0,0,0
2017,5,28,5,30,0,0,0,9.5,16.2,933,64.38,97,0.8,0.22,0,0,0
2017,5,28,6,30,163,38,55,9.3,17.2,933,59.56,75,1.3,0.22,38,163,55
2017,5,28,7,30,472,87,224,7.6000000000000005,19,934,47.43,107,2.2,0.22,87,472,224
2017,5,28,8,30,310,185,332,5.6000000000000005,21.200000000000003,934,36.29,137,3,0.22,117,644,422
2017,5,28,9,30,87,288,343,4.4,23.700000000000003,934,28.63,154,3.5,0.22,136,742,614
2017,5,28,10,30,55,345,388,4,26,933,24.29,168,3.7,0.22,151,801,778
2017,5,28,11,30,328,418,708,4.3,28,933,21.95,184,3.7,0.22,161,833,899
2017,5,28,12,30,493,409,875,4.7,29.1,932,21.2,203,3.6,0.22,169,847,968
2017,5,28,13,30,382,428,792,5.2,29.400000000000002,932,21.52,221,3.5,0.22,165,855,980
2017,5,28,14,30,246,456,680,5.6000000000000005,29.3,931,22.38,236,3.6,0.22,166,837,931
2017,5,28,15,30,200,407,573,6.2,28.900000000000002,931,23.87,246,3.6,0.22,162,804,826
2017,5,28,16,30,63,307,351,6.9,28.400000000000002,931,25.71,249,3.6,0.22,148,755,675
2017,5,28,17,30,337,214,396,7.5,27.400000000000002,931,28.5,249,3.4000000000000004,0.22,129,676,494
2017,5,28,18,30,400,116,260,8.4,25.8,931,33.14,249,2.8000000000000003,0.22,102,536,295
2017,5,28,19,30,10,58,59,10.4,23.5,931,43.6,250,2,0.22,62,286,111
2017,5,28,20,30,0,0,0,11.700000000000001,21.700000000000003,932,53.01,251,1.6,0.22,0,0,0
2017,5,28,21,30,0,0,0,12.200000000000001,20.700000000000003,933,58.230000000000004,251,1.6,0.22,0,0,0
2017,5,28,22,30,0,0,0,12.600000000000001,20,933,62.22,249,1.5,0.22,0,0,0
2017,5,28,23,30,0,0,0,12.700000000000001,19.200000000000003,933,65.91,247,1.5,0.22,0,0,0
2017,5,29,0,30,0,0,0,12.700000000000001,18.900000000000002,933,67.17,246,1.6,0.22,0,0,0
2017,5,29,1,30,0,0,0,12.600000000000001,17.6,932,72.41,249,1.6,0.22,0,0,0
2017,5,29,2,30,0,0,0,12.4,16.6,932,76.47,250,1.6,0.22,0,0,0
2017,5,29,3,30,0,0,0,12.4,15.9,932,79.54,252,1.7000000000000002,0.22,0,0,0
2017,5,29,4,30,0,0,0,12.3,15.3,932,82.14,255,1.7000000000000002,0.22,0,0,0
2017,5,29,5,30,0,0,0,12.100000000000001,15,932,82.79,257,1.7000000000000002,0.22,0,0,0
2017,5,29,6,30,151,40,56,11.9,15.700000000000001,932,77.95,260,2,0.22,40,151,56
2017,5,29,7,30,0,18,18,11.3,17.5,932,67.02,254,2.1,0.22,90,470,227
2017,5,29,8,30,0,37,37,11.200000000000001,19.5,932,58.550000000000004,241,2,0.22,116,656,428
2017,5,29,9,30,0,80,80,11,21.3,932,51.82,235,2.2,0.22,132,763,624
2017,5,29,10,30,0,103,103,10.600000000000001,23,932,45.61,237,2.5,0.22,140,833,793
2017,5,29,11,30,31,356,384,10.100000000000001,24.6,932,40.1,240,2.9000000000000004,0.22,140,877,917
2017,5,29,12,30,908,136,993,9.5,25.8,931,35.7,244,3.2,0.22,136,908,993
2017,5,29,13,30,926,124,1008,8.700000000000001,26.8,931,31.87,248,3.5,0.22,124,926,1008
2017,5,29,14,30,921,121,963,7.800000000000001,27.200000000000003,930,29.36,253,3.7,0.22,121,921,963
2017,5,29,15,30,417,341,686,7,27.200000000000003,930,27.88,259,3.8000000000000003,0.22,116,898,858
2017,5,29,16,30,288,315,516,6.4,26.8,930,27.27,264,3.8000000000000003,0.22,110,849,705
2017,5,29,17,30,492,174,441,5.9,25.8,930,28.04,269,3.6,0.22,100,769,517
2017,5,29,18,30,605,79,298,5.800000000000001,24.3,930,30.44,274,3.2,0.22,85,627,312
2017,5,29,19,30,14,59,61,6.5,22.3,930,35.910000000000004,282,2.5,0.22,55,371,120
2017,5,29,20,30,0,0,0,8.1,20.5,931,44.76,292,2.2,0.22,0,0,0
2017,5,29,21,30,0,0,0,8.5,19.200000000000003,931,49.81,302,2.1,0.22,0,0,0
2017,5,29,22,30,0,0,0,8.8,18,932,54.94,309,1.9000000000000001,0.22,0,0,0
2017,5,29,23,30,0,0,0,9.1,16.900000000000002,932,60.25,314,1.5,0.22,0,0,0
2017,5,30,0,30,0,0,0,9.3,16.400000000000002,932,62.92,316,1.4000000000000001,0.22,0,0,0
2017,5,30,1,30,0,0,0,9.4,15.200000000000001,931,68.28,323,1.2000000000000002,0.22,0,0,0
2017,5,30,2,30,0,0,0,9.5,14.600000000000001,931,71.48,327,1.1,0.22,0,0,0
2017,5,30,3,30,0,0,0,9.5,14,930,74.54,331,1,0.22,0,0,0
2017,5,30,4,30,0,0,0,9.600000000000001,13.5,930,77.22,335,0.9,0.22,0,0,0
2017,5,30,5,30,0,0,0,9.600000000000001,13.600000000000001,931,76.93,343,0.9,0.22,0,0,0
2017,5,30,6,30,262,35,62,10,15.200000000000001,931,70.92,353,1.1,0.22,35,262,62
2017,5,30,7,30,580,70,239,9.8,18.400000000000002,931,57.13,355,1.3,0.22,70,580,239
2017,5,30,8,30,736,91,441,8.6,21.6,931,43.26,337,1,0.22,91,736,441
2017,5,30,9,30,822,105,635,7.9,23.700000000000003,932,36.32,281,0.7000000000000001,0.22,105,822,635
2017,5,30,10,30,96,372,447,7.5,25.400000000000002,932,31.970000000000002,237,0.8,0.22,115,873,800
2017,5,30,11,30,108,439,535,7.2,26.8,931,28.88,237,1.1,0.22,123,902,923
2017,5,30,12,30,29,375,403,7,27.700000000000003,931,26.990000000000002,245,1.2000000000000002,0.22,128,915,993
2017,5,30,13,30,56,442,495,6.7,28.400000000000002,931,25.42,256,1.4000000000000001,0.22,166,860,987
2017,5,30,14,30,269,452,697,6.6000000000000005,28.8,930,24.62,267,1.5,0.22,164,848,939
2017,5,30,15,30,821,156,836,6.4,28.8,930,24.35,277,1.6,0.22,156,821,836
2017,5,30,16,30,803,129,693,6.300000000000001,28.400000000000002,930,24.67,285,1.5,0.22,129,803,693
2017,5,30,17,30,519,166,448,6.300000000000001,27.6,930,25.830000000000002,294,1.4000000000000001,0.22,115,721,506
2017,5,30,18,30,556,90,292,6.5,26.3,930,28.22,307,1.4000000000000001,0.22,94,585,307
2017,5,30,19,30,327,52,110,8.1,24.3,931,35.660000000000004,330,1.3,0.22,59,334,118
2017,5,30,20,30,0,0,0,10.9,22.5,931,47.88,203,1.6,0.22,0,0,0
2017,5,30,21,30,0,0,0,11,21.5,932,51.35,90,2.1,0.22,0,0,0
2017,5,30,22,30,0,0,0,11.4,20.5,933,56.07,131,2.3000000000000003,0.22,0,0,0
2017,5,30,23,30,0,0,0,11.600000000000001,19.5,933,60.21,156,2.3000000000000003,0.22,0,0,0
2017,5,31,0,30,0,0,0,11.600000000000001,19.1,933,61.76,167,2.2,0.22,0,0,0
2017,5,31,1,30,0,0,0,11.600000000000001,17.900000000000002,933,66.66,195,1.9000000000000001,0.22,0,0,0
2017,5,31,2,30,0,0,0,11.700000000000001,17.1,933,70.35000000000001,209,1.6,0.22,0,0,0
2017,5,31,3,30,0,0,0,11.700000000000001,16.3,933,74.2,222,1.4000000000000001,0.22,0,0,0
2017,5,31,4,30,0,0,0,11.700000000000001,15.600000000000001,933,77.68,231,1.2000000000000002,0.22,0,0,0
2017,5,31,5,30,0,0,0,11.700000000000001,15.5,933,78.3,236,1.3,0.22,0,0,0
2017,5,31,6,30,207,38,60,11.9,16.900000000000002,934,72.49,236,1.8,0.22,38,207,60
2017,5,31,7,30,522,81,234,11.700000000000001,19.5,934,60.660000000000004,243,1.9000000000000001,0.22,81,522,234
2017,5,31,8,30,686,105,432,10.9,22.400000000000002,934,48.300000000000004,253,1.5,0.22,105,686,432
2017,5,31,9,30,780,122,625,10.100000000000001,24.900000000000002,934,39.25,244,1.2000000000000002,0.22,122,780,625
2017,5,31,10,30,836,134,790,9.5,27,934,33.28,214,1,0.22,134,836,790
2017,5,31,11,30,867,143,912,9,28.400000000000002,934,29.72,196,1,0.22,143,867,912
2017,5,31,12,30,206,483,678,8.6,29.400000000000002,933,27.2,199,1,0.22,149,880,981
2017,5,31,13,30,33,395,426,8.1,30.1,933,25.39,211,0.9,0.22,123,918,1001
2017,5,31,14,30,431,396,791,7.800000000000001,30.6,932,24.03,225,0.8,0.22,124,904,952
2017,5,31,15,30,876,122,849,7.4,30.700000000000003,932,23.39,243,0.8,0.22,122,876,849
2017,5,31,16,30,548,230,615,7.1000000000000005,30.3,932,23.400000000000002,262,1,0.22,117,826,698
2017,5,31,17,30,483,178,442,6.9,29.400000000000002,931,24.3,282,1.3,0.22,109,736,511
2017,5,31,18,30,597,93,311,7,28,932,26.53,304,1.4000000000000001,0.22,93,597,311
2017,5,31,19,30,353,59,122,8.8,25.900000000000002,932,33.99,327,1.3,0.22,59,353,122
2017,5,31,20,30,0,0,0,11.100000000000001,24.1,933,44.1,176,1.5,0.22,0,0,0
2017,5,31,21,30,0,0,0,10.8,23.1,933,45.92,51,1.9000000000000001,0.22,0,0,0
2017,5,31,22,30,0,0,0,11.100000000000001,21.900000000000002,934,50.17,113,2.1,0.22,0,0,0
2017,5,31,23,30,0,0,0,11.200000000000001,20.8,934,54.03,148,2.3000000000000003,0.22,0,0,0
2017,6,1,0,30,0,0,0,11.100000000000001,20.3,934,55.58,160,2.3000000000000003,0.22,0,0,0
2017,6,1,1,30,0,0,0,11.200000000000001,18.8,934,61.31,177,2.3000000000000003,0.23,0,0,0
2017,6,1,2,30,0,0,0,11.3,17.8,934,65.71000000000001,183,2.1,0.23,0,0,0
2017,6,1,3,30,0,0,0,11.4,17,934,69.5,188,1.8,0.23,0,0,0
2017,6,1,4,30,0,0,0,11.4,16.1,934,73.83,192,1.4000000000000001,0.23,0,0,0
2017,6,1,5,30,0,0,0,11.5,16,935,74.43,195,1.4000000000000001,0.23,0,0,0
2017,6,1,6,30,243,37,63,11.5,17.400000000000002,935,68.14,199,1.8,0.23,37,243,63
2017,6,1,7,30,538,78,236,11,20.200000000000003,935,55.53,214,1.9000000000000001,0.23,78,538,236
2017,6,1,8,30,693,104,435,9.9,23.400000000000002,935,42.52,226,1.6,0.23,104,693,435
2017,6,1,9,30,781,122,626,9.700000000000001,26,935,35.72,220,1.3,0.23,122,781,626
2017,6,1,10,30,827,138,788,9.5,28.1,935,31.17,208,1.2000000000000002,0.23,138,827,788
2017,6,1,11,30,860,146,910,9.200000000000001,29.8,934,27.77,204,1.1,0.23,146,860,910
2017,6,1,12,30,876,151,979,8.9,31.1,934,25.26,211,1,0.23,151,876,979
2017,6,1,13,30,195,491,677,8.5,31.8,933,23.64,222,0.9,0.23,138,897,996
2017,6,1,14,30,246,457,682,8.1,32.300000000000004,933,22.28,233,0.9,0.23,136,887,949
2017,6,1,15,30,215,408,586,7.6000000000000005,32.4,932,21.5,243,1,0.23,130,861,846
2017,6,1,16,30,309,311,529,7.2,32,932,21.41,251,1,0.23,133,794,692
2017,6,1,17,30,369,210,411,7,31.200000000000003,932,22.02,258,1,0.23,120,709,508
2017,6,1,18,30,538,94,292,7,29.900000000000002,932,23.69,264,1,0.23,101,564,308
2017,6,1,19,30,309,55,110,9.3,27.900000000000002,932,31.09,270,0.8,0.23,63,321,120
2017,6,1,20,30,0,0,0,12.100000000000001,25.900000000000002,932,42.29,273,0.8,0.23,0,0,0
2017,6,1,21,30,0,0,0,11.600000000000001,24.8,933,43.59,271,1,0.23,0,0,0
2017,6,1,22,30,0,0,0,11,24,933,44.08,260,1.1,0.23,0,0,0
2017,6,1,23,30,0,0,0,11.200000000000001,23.1,933,46.96,248,1.2000000000000002,0.23,0,0,0
2017,6,2,0,30,0,0,0,11.5,22.5,933,49.67,243,1.3,0.23,0,0,0
2017,6,2,1,30,0,0,0,11.700000000000001,20.8,933,56.120000000000005,235,1.4000000000000001,0.23,0,0,0
2017,6,2,2,30,0,0,0,12,19.8,933,60.75,233,1.5,0.23,0,0,0
2017,6,2,3,30,0,0,0,12.200000000000001,19,933,64.79,233,1.6,0.23,0,0,0
2017,6,2,4,30,0,0,0,12.5,18.3,933,68.96000000000001,232,1.5,0.23,0,0,0
2017,6,2,5,30,0,0,0,12.8,18.1,933,71.12,226,1.7000000000000002,0.23,0,0,0
2017,6,2,6,30,153,41,58,13.100000000000001,19.400000000000002,934,66.91,218,2.1,0.23,41,153,58
2017,6,2,7,30,53,110,126,13,21.900000000000002,934,57.18,216,2.3000000000000003,0.23,94,447,226
2017,6,2,8,30,613,127,420,12.5,24.8,934,46.29,213,2.3000000000000003,0.23,127,613,420
2017,6,2,9,30,711,150,609,11.700000000000001,27.3,934,37.910000000000004,207,2.1,0.23,150,711,609
2017,6,2,10,30,770,166,772,11.100000000000001,29.400000000000002,934,32.18,205,2.1,0.23,166,770,772
2017,6,2,11,30,803,178,892,10.600000000000001,31.200000000000003,933,28.18,212,2.1,0.23,178,803,892
2017,6,2,12,30,815,188,960,10.3,32.5,933,25.55,222,2.3000000000000003,0.23,188,815,960
2017,6,2,13,30,860,161,984,10,33.2,932,24.11,232,2.5,0.23,161,860,984
2017,6,2,14,30,227,461,669,9.8,33.300000000000004,932,23.61,242,2.7,0.23,169,832,933
2017,6,2,15,30,789,170,826,9.600000000000001,33.1,931,23.61,249,3,0.23,170,789,826
2017,6,2,16,30,719,167,674,9.4,32.5,931,24.11,255,3.3000000000000003,0.23,167,719,674
2017,6,2,17,30,618,153,491,9.3,31.400000000000002,931,25.5,259,3.5,0.23,153,618,491
2017,6,2,18,30,466,124,296,9.600000000000001,29.900000000000002,931,28.310000000000002,263,3.2,0.23,124,466,296
2017,6,2,19,30,223,73,113,10.9,27.700000000000003,931,35.07,268,2.3000000000000003,0.23,73,223,113
2017,6,2,20,30,0,0,0,12.3,25.700000000000003,931,43.29,274,1.7000000000000002,0.23,0,0,0
2017,6,2,21,30,0,0,0,12.600000000000001,24.5,932,47.38,281,1.6,0.23,0,0,0
2017,6,2,22,30,0,0,0,12.700000000000001,23.400000000000002,932,51.15,286,1.4000000000000001,0.23,0,0,0
2017,6,2,23,30,0,0,0,13.100000000000001,22.400000000000002,932,55.480000000000004,290,1,0.23,0,0,0
2017,6,3,0,30,0,0,0,13.3,22,932,57.88,291,0.9,0.23,0,0,0
2017,6,3,1,30,0,0,0,13.5,21.200000000000003,931,61.39,267,0.6000000000000001,0.24,0,0,0
2017,6,3,2,30,0,0,0,13.4,20.6,931,63.34,234,0.7000000000000001,0.24,0,0,0
2017,6,3,3,30,0,0,0,13.5,20,931,66.03,214,0.9,0.24,0,0,0
2017,6,3,4,30,0,0,0,13.8,19.5,931,69.76,211,1.1,0.24,0,0,0
2017,6,3,5,30,0,0,0,14.100000000000001,19.400000000000002,932,71.28,211,1.4000000000000001,0.24,0,0,0
2017,6,3,6,30,75,44,52,14.3,20.1,932,69.38,213,1.9000000000000001,0.24,44,75,52
2017,6,3,7,30,352,113,217,14,22.1,932,60.14,219,2.3000000000000003,0.24,113,352,217
2017,6,3,8,30,554,147,413,12.5,24.8,932,46.17,232,2.5,0.24,147,554,413
2017,6,3,9,30,155,298,399,11.5,27.1,932,37.800000000000004,246,2.8000000000000003,0.24,164,684,607
2017,6,3,10,30,812,147,786,11,28.700000000000003,932,33.36,255,3,0.24,147,812,786
2017,6,3,11,30,856,151,912,10.3,29.900000000000002,932,29.66,260,3.2,0.24,151,856,912
2017,6,3,12,30,884,149,987,9.4,30.900000000000002,931,26.36,262,3.3000000000000003,0.24,149,884,987
2017,6,3,13,30,232,487,709,8.6,31.700000000000003,931,23.84,266,3.5,0.24,126,923,1010
2017,6,3,14,30,922,119,966,7.800000000000001,32,931,22.19,270,3.7,0.24,119,922,966
2017,6,3,15,30,907,110,865,6.9,31.900000000000002,930,20.990000000000002,275,3.9000000000000004,0.24,110,907,865
2017,6,3,16,30,825,124,707,5.9,31.3,930,20.39,280,4,0.24,124,825,707
2017,6,3,17,30,685,117,493,5.1000000000000005,30.200000000000003,930,20.54,285,4.1000000000000005,0.24,107,759,524
2017,6,3,18,30,641,86,323,4.6000000000000005,28.5,930,21.85,291,3.7,0.24,86,641,323
2017,6,3,19,30,156,64,93,5,25.3,931,27.12,298,2.5,0.24,55,416,131
2017,6,3,20,30,0,0,0,7.2,22.3,931,37.65,309,1.5,0.24,0,0,0
2017,6,3,21,30,0,0,0,7.6000000000000005,20.900000000000002,932,42.38,320,1.2000000000000002,0.24,0,0,0
2017,6,3,22,30,0,0,0,7.9,20.3,932,44.88,327,1.1,0.24,0,0,0
2017,6,3,23,30,0,0,0,8.1,19.700000000000003,932,47.14,333,1,0.24,0,0,0
2017,6,4,0,30,0,0,0,8.5,19.5,932,48.84,336,0.9,0.24,0,0,0
2017,6,4,1,30,0,0,0,8.8,18.7,931,52.5,349,0.8,0.23,0,0,0
2017,6,4,2,30,0,0,0,9.3,18.5,931,55.22,353,0.7000000000000001,0.23,0,0,0
2017,6,4,3,30,0,0,0,10.200000000000001,18.2,931,59.7,348,0.7000000000000001,0.23,0,0,0
2017,6,4,4,30,0,0,0,10.5,17.900000000000002,931,62.02,331,0.7000000000000001,0.23,0,0,0
2017,6,4,5,30,0,0,0,10.600000000000001,17.7,931,63.300000000000004,311,0.7000000000000001,0.23,0,0,0
2017,6,4,6,30,0,16,16,11.3,18.5,931,63.06,291,0.9,0.23,42,196,63
2017,6,4,7,30,0,62,62,10.9,20.6,931,53.61,275,1.5,0.23,87,501,235
2017,6,4,8,30,317,186,338,8.8,23.1,931,40,265,2.3000000000000003,0.23,113,674,437
2017,6,4,9,30,403,255,516,6.9,25.200000000000003,931,31.13,256,3.2,0.23,129,779,633
2017,6,4,10,30,841,138,800,6,26.900000000000002,931,26.35,249,3.9000000000000004,0.23,138,841,800
2017,6,4,11,30,876,147,926,5.300000000000001,27.8,930,23.85,245,4.4,0.23,147,876,926
2017,6,4,12,30,430,428,835,4.5,27.8,930,22.53,249,5.1000000000000005,0.23,157,885,996
2017,6,4,13,30,388,429,801,3.6,27,930,22.28,256,5.4,0.23,176,862,1002
2017,6,4,14,30,269,454,700,3,25.900000000000002,930,22.740000000000002,265,5.300000000000001,0.23,171,853,955
2017,6,4,15,30,601,281,783,2.7,25.3,930,23,275,4.9,0.23,156,837,854
2017,6,4,16,30,606,212,641,2.7,25,930,23.51,286,4.5,0.23,123,827,709
2017,6,4,17,30,766,105,527,3.3000000000000003,24.700000000000003,930,24.87,295,4,0.23,105,766,527
2017,6,4,18,30,658,82,327,4,23.8,930,27.67,300,3.3000000000000003,0.23,82,658,327
2017,6,4,19,30,379,52,122,5.6000000000000005,21.700000000000003,930,35.12,301,2.2,0.23,52,448,134
2017,6,4,20,30,0,0,0,7.7,19.700000000000003,930,45.82,304,2,0.23,0,0,0
2017,6,4,21,30,0,0,0,8,19,931,48.99,317,2.9000000000000004,0.23,0,0,0
2017,6,4,22,30,0,0,0,8.6,18.1,932,53.68,336,3.7,0.23,0,0,0
2017,6,4,23,30,0,0,0,8.9,16.8,932,59.800000000000004,174,4,0.23,0,0,0
2017,6,5,0,30,0,0,0,8.8,16,933,62.45,2,4,0.23,0,0,0
2017,6,5,1,30,0,0,0,8.5,14.200000000000001,933,68.52,14,3.1,0.23,0,0,0
2017,6,5,2,30,0,0,0,8.3,13.100000000000001,933,72.66,12,2.4000000000000004,0.23,0,0,0
2017,6,5,3,30,0,0,0,8.200000000000001,12.200000000000001,933,76.54,10,2,0.23,0,0,0
2017,6,5,4,30,0,0,0,8.200000000000001,11.5,933,80.08,8,1.8,0.23,0,0,0
2017,6,5,5,30,0,0,0,8.200000000000001,11.3,933,81.26,6,2,0.23,0,0,0
2017,6,5,6,30,326,35,71,8.200000000000001,12.600000000000001,933,74.45,10,2.5,0.23,35,326,71
2017,6,5,7,30,635,66,255,7.7,15.100000000000001,934,61.230000000000004,10,2.9000000000000004,0.23,66,635,255
2017,6,5,8,30,784,83,460,6.4,17.900000000000002,934,47.07,179,3.1,0.23,83,784,460
2017,6,5,9,30,869,94,657,4.9,20.3,934,36.480000000000004,346,3.4000000000000004,0.23,94,869,657
2017,6,5,10,30,911,106,823,3.9000000000000004,22.200000000000003,934,30.19,339,3.8000000000000003,0.23,106,911,823
2017,6,5,11,30,937,111,945,3.1,23.8,934,25.88,337,3.9000000000000004,0.23,111,937,945
2017,6,5,12,30,954,112,1017,2.4000000000000004,25.200000000000003,933,22.63,332,3.5,0.23,112,954,1017
2017,6,5,13,30,969,103,1033,1.7000000000000002,26.400000000000002,932,20.09,323,3,0.23,103,969,1033
2017,6,5,14,30,962,101,986,1.1,27.200000000000003,932,18.35,312,2.9000000000000004,0.23,101,962,986
2017,6,5,15,30,941,98,883,0.6000000000000001,27.6,931,17.27,304,2.9000000000000004,0.23,98,941,883
2017,6,5,16,30,905,91,733,0.2,27.5,931,16.92,298,3,0.23,91,905,733
2017,6,5,17,30,844,80,546,0,27,931,17.2,295,3,0.23,80,844,546
2017,6,5,18,30,744,65,343,0.2,25.700000000000003,931,18.79,292,2.6,0.23,65,744,343
2017,6,5,19,30,544,44,145,3.1,23,931,27.22,290,1.7000000000000002,0.23,44,544,145
2017,6,5,20,30,0,0,0,4.9,20.5,931,35.92,290,1.2000000000000002,0.23,0,0,0
2017,6,5,21,30,0,0,0,4.3,19.3,931,37.04,292,1.2000000000000002,0.23,0,0,0
2017,6,5,22,30,0,0,0,4.4,18,931,40.660000000000004,295,1.3,0.23,0,0,0
2017,6,5,23,30,0,0,0,4.800000000000001,16.900000000000002,931,44.65,298,1.5,0.23,0,0,0
2017,6,6,0,30,0,0,0,5.1000000000000005,16.400000000000002,931,47.1,299,1.5,0.23,0,0,0
2017,6,6,1,30,0,0,0,5.7,15.100000000000001,931,53.34,304,1.5,0.23,0,0,0
2017,6,6,2,30,0,0,0,6.4,14.4,931,58.800000000000004,309,1.4000000000000001,0.23,0,0,0
2017,6,6,3,30,0,0,0,7.2,13.700000000000001,931,64.86,315,1.2000000000000002,0.23,0,0,0
2017,6,6,4,30,0,0,0,7.9,13.200000000000001,931,70.01,320,1,0.23,0,0,0
2017,6,6,5,30,0,0,0,8.3,13.4,932,71.26,330,0.9,0.23,0,0,0
2017,6,6,6,30,256,34,62,8.8,15.3,932,65.38,172,1,0.23,32,369,73
2017,6,6,7,30,654,60,254,8.9,18.3,932,54.300000000000004,5,1.1,0.23,60,654,254
2017,6,6,8,30,793,77,458,8.9,21.400000000000002,932,44.72,136,1.3,0.23,77,793,458
2017,6,6,9,30,871,88,652,8.3,23.900000000000002,932,36.910000000000004,265,2.1,0.23,88,871,652
2017,6,6,10,30,917,96,818,8.1,26,932,32.18,262,2.6,0.23,96,917,818
2017,6,6,11,30,945,100,941,7.9,27.700000000000003,932,28.71,261,2.9000000000000004,0.23,100,945,941
2017,6,6,12,30,958,103,1012,7.300000000000001,29.200000000000003,932,25.3,262,3,0.23,103,958,1012
2017,6,6,13,30,958,105,1024,6.6000000000000005,30.200000000000003,932,22.69,264,3.1,0.23,105,958,1024
2017,6,6,14,30,950,103,977,5.9,30.8,931,20.94,265,3.1,0.23,103,950,977
2017,6,6,15,30,930,98,875,5.300000000000001,31,931,19.88,266,3.1,0.23,98,930,875
2017,6,6,16,30,890,93,725,4.7,30.8,931,19.23,269,3.1,0.23,93,890,725
2017,6,6,17,30,833,82,543,4.1000000000000005,30.1,931,19.2,272,3.1,0.23,82,833,543
2017,6,6,18,30,727,68,341,3.7,28.5,931,20.53,277,2.5,0.23,68,727,341
2017,6,6,19,30,519,46,144,6,25.200000000000003,931,29.150000000000002,281,1.7000000000000002,0.23,46,519,144
2017,6,6,20,30,0,0,0,7.300000000000001,22.1,932,38.47,288,1.3,0.23,0,0,0
2017,6,6,21,30,0,0,0,6.7,20.6,932,40.42,298,1.3,0.23,0,0,0
2017,6,6,22,30,0,0,0,6.5,19.5,933,42.84,310,1.3,0.23,0,0,0
2017,6,6,23,30,0,0,0,6.4,18.6,933,45.01,322,1.2000000000000002,0.23,0,0,0
2017,6,7,0,30,0,0,0,6.4,18.2,933,46.02,329,1.2000000000000002,0.23,0,0,0
2017,6,7,1,30,0,0,0,6.4,17.2,933,49.11,173,1.2000000000000002,0.23,0,0,0
2017,6,7,2,30,0,0,0,6.6000000000000005,16.5,933,51.95,12,1.2000000000000002,0.23,0,0,0
2017,6,7,3,30,0,0,0,7,15.8,933,55.74,35,1.4000000000000001,0.23,0,0,0
2017,6,7,4,30,0,0,0,7.6000000000000005,15.200000000000001,933,60.64,63,1.6,0.23,0,0,0
2017,6,7,5,30,0,0,0,8.6,15.3,934,64.21000000000001,90,2,0.23,0,0,0
2017,6,7,6,30,360,33,73,9.5,17.1,934,61.04,109,2.8000000000000003,0.23,33,360,73
2017,6,7,7,30,646,62,254,10,20.5,935,51.04,125,3.3000000000000003,0.23,62,646,254
2017,6,7,8,30,785,80,458,9.200000000000001,24.400000000000002,935,38.2,147,3.1,0.23,80,785,458
2017,6,7,9,30,863,93,652,7.300000000000001,27.5,935,27.87,164,2.6,0.23,93,863,652
2017,6,7,10,30,909,102,818,6.1000000000000005,29.6,935,22.64,172,2.2,0.23,102,909,818
2017,6,7,11,30,937,108,943,5.300000000000001,31.3,935,19.44,179,2,0.23,108,937,943
2017,6,7,12,30,951,111,1014,4.5,32.6,934,17.150000000000002,188,1.8,0.23,111,951,1014
2017,6,7,13,30,962,106,1029,3.9000000000000004,33.6,934,15.55,199,1.7000000000000002,0.23,106,962,1029
2017,6,7,14,30,953,105,982,3.4000000000000004,34.1,933,14.57,214,1.5,0.23,105,953,982
2017,6,7,15,30,930,101,879,2.9000000000000004,34.300000000000004,932,13.950000000000001,229,1.4000000000000001,0.23,101,930,879
2017,6,7,16,30,889,96,729,2.6,34,932,13.85,242,1.4000000000000001,0.23,96,889,729
2017,6,7,17,30,821,88,544,2.5,33.300000000000004,932,14.27,251,1.5,0.23,88,821,544
2017,6,7,18,30,706,73,339,2.6,31.6,931,15.870000000000001,255,1.4000000000000001,0.23,73,706,339
2017,6,7,19,30,493,49,143,6.800000000000001,28.400000000000002,932,25.51,252,1.2000000000000002,0.23,49,493,143
2017,6,7,20,30,0,0,0,7.300000000000001,25.3,932,31.82,243,1.5,0.23,0,0,0
2017,6,7,21,30,0,0,0,7.4,23.400000000000002,933,35.78,229,2.2,0.23,0,0,0
2017,6,7,22,30,0,0,0,8,21.700000000000003,933,41.31,210,2.5,0.23,0,0,0
2017,6,7,23,30,0,0,0,8.5,20.200000000000003,933,46.83,186,2.5,0.23,0,0,0
2017,6,8,0,30,0,0,0,8.9,19.5,933,50.230000000000004,172,2.5,0.23,0,0,0
2017,6,8,1,30,0,0,0,9.3,18.3,933,55.660000000000004,147,2.6,0.23,0,0,0
2017,6,8,2,30,0,0,0,9.600000000000001,17.5,933,59.82,139,2.4000000000000004,0.23,0,0,0
2017,6,8,3,30,0,0,0,9.9,16.7,933,64.02,129,2.1,0.23,0,0,0
2017,6,8,4,30,0,0,0,9.8,16,933,66.83,120,2,0.23,0,0,0
2017,6,8,5,30,0,0,0,9.5,16.1,933,64.84,113,2.3000000000000003,0.23,0,0,0
2017,6,8,6,30,341,34,72,8.8,17.6,933,56.28,107,2.9000000000000004,0.23,34,341,72
2017,6,8,7,30,639,63,253,7.9,20.900000000000002,933,43.26,107,3,0.23,63,639,253
2017,6,8,8,30,787,80,458,5.800000000000001,24.900000000000002,933,29.400000000000002,108,2.7,0.23,80,787,458
2017,6,8,9,30,867,91,652,4.5,28.3,933,21.98,108,2.5,0.23,91,867,652
2017,6,8,10,30,914,98,819,4.5,30.5,932,19.35,121,2.6,0.23,98,914,819
2017,6,8,11,30,942,104,942,4.5,32.300000000000004,932,17.38,146,2.6,0.23,104,942,942
2017,6,8,12,30,955,107,1013,4.3,33.7,931,15.85,178,2.6,0.23,107,955,1013
2017,6,8,13,30,952,110,1025,3.9000000000000004,34.7,930,14.6,208,2.8000000000000003,0.23,110,952,1025
2017,6,8,14,30,940,111,977,3.5,35.2,930,13.82,227,3.1,0.23,111,940,977
2017,6,8,15,30,701,229,816,3.2,35.300000000000004,929,13.46,237,3.7,0.23,110,912,874
2017,6,8,16,30,344,307,552,3,34.6,929,13.81,242,4.2,0.23,112,855,721
2017,6,8,17,30,762,95,518,3.1,33.1,929,15.040000000000001,246,4.6000000000000005,0.23,104,771,533
2017,6,8,18,30,337,133,261,3.6,30.8,929,17.87,250,4.3,0.23,90,633,329
2017,6,8,19,30,91,69,86,5,28.200000000000003,930,22.75,251,3.5,0.23,61,381,134
2017,6,8,20,30,0,0,0,6.1000000000000005,25.8,930,28.37,247,2.7,0.23,0,0,0
2017,6,8,21,30,0,0,0,6.9,24.400000000000002,931,32.52,241,2.6,0.23,0,0,0
2017,6,8,22,30,0,0,0,7.6000000000000005,23.700000000000003,931,35.58,235,2.7,0.23,0,0,0
2017,6,8,23,30,0,0,0,8.3,23.1,931,38.88,233,2.9000000000000004,0.23,0,0,0
2017,6,9,0,30,0,0,0,9.1,22.700000000000003,931,41.96,231,3,0.23,0,0,0
2017,6,9,1,30,0,0,0,9.9,21.3,931,48.050000000000004,229,3.2,0.23,0,0,0
2017,6,9,2,30,0,0,0,10.5,20.200000000000003,931,53.65,228,3.2,0.23,0,0,0
2017,6,9,3,30,0,0,0,10.9,19.3,931,58.18,227,3,0.23,0,0,0
2017,6,9,4,30,0,0,0,11.100000000000001,18.5,931,62.11,226,2.7,0.23,0,0,0
2017,6,9,5,30,0,0,0,11.3,18,931,64.8,219,2.7,0.23,0,0,0
2017,6,9,6,30,0,29,29,11.4,18.5,931,63.43,218,2.9000000000000004,0.23,37,282,68
2017,6,9,7,30,1,98,98,11.3,20.1,932,56.86,229,3.1,0.23,70,585,244
2017,6,9,8,30,174,204,288,10.700000000000001,22.8,933,46.410000000000004,237,2.9000000000000004,0.23,90,735,444
2017,6,9,9,30,213,295,433,9.4,25.900000000000002,933,35.28,241,2.6,0.23,103,822,636
2017,6,9,10,30,404,324,642,7.800000000000001,28.700000000000003,933,26.96,245,2.5,0.23,111,876,801
2017,6,9,11,30,432,375,760,7,30.8,933,22.56,242,2.5,0.23,115,905,921
2017,6,9,12,30,454,427,858,6.300000000000001,32.300000000000004,932,19.73,236,2.6,0.23,116,921,991
2017,6,9,13,30,459,435,876,5.6000000000000005,33.300000000000004,932,17.76,236,2.8000000000000003,0.23,129,903,996
2017,6,9,14,30,514,382,856,4.9,33.7,931,16.56,241,3,0.23,125,894,950
2017,6,9,15,30,540,312,765,4.3,33.6,931,15.950000000000001,247,3.2,0.23,120,870,849
2017,6,9,16,30,585,222,639,3.8000000000000003,33,931,15.9,253,3.4000000000000004,0.23,110,831,703
2017,6,9,17,30,588,149,476,3.5,32.1,931,16.39,260,3.5,0.23,97,763,523
2017,6,9,18,30,535,99,302,3.5,30.200000000000003,931,18.35,273,3.7,0.23,80,652,327
2017,6,9,19,30,382,54,127,5.2,26.900000000000002,932,24.92,294,4.5,0.23,54,430,137
2017,6,9,20,30,0,0,0,6.7,22.8,933,35.34,312,5.6000000000000005,0.23,0,0,0
2017,6,9,21,30,0,0,0,9.200000000000001,19.700000000000003,934,50.75,318,5.4,0.23,0,0,0
2017,6,9,22,30,0,0,0,11.3,18.5,935,62.85,316,4.1000000000000005,0.23,0,0,0
2017,6,9,23,30,0,0,0,12.3,18.5,935,67.19,311,2.7,0.23,0,0,0
2017,6,10,0,30,0,0,0,12.600000000000001,18.6,934,68.17,309,2,0.23,0,0,0
2017,6,10,1,30,0,0,0,12.700000000000001,18.5,934,68.99,299,0.7000000000000001,0.23,0,0,0
2017,6,10,2,30,0,0,0,12.700000000000001,18.2,934,70.34,217,0.5,0.23,0,0,0
2017,6,10,3,30,0,0,0,12.700000000000001,17.7,934,72.42,140,0.6000000000000001,0.23,0,0,0
2017,6,10,4,30,0,0,0,12.600000000000001,17.1,934,74.75,142,0.7000000000000001,0.23,0,0,0
2017,6,10,5,30,0,0,0,12.4,17.400000000000002,934,72.64,142,1,0.23,0,0,0
2017,6,10,6,30,291,35,67,12.3,19.1,934,64.67,145,1.5,0.23,35,291,67
2017,6,10,7,30,59,112,130,11.8,22,934,52.54,162,1.9000000000000001,0.23,65,588,241
2017,6,10,8,30,346,181,347,11,25.1,934,41.160000000000004,180,2.1,0.23,83,736,438
2017,6,10,9,30,419,248,519,10.100000000000001,27.900000000000002,934,32.910000000000004,189,2.4000000000000004,0.23,96,818,626
2017,6,10,10,30,483,296,677,9.4,30.1,934,27.7,193,2.6,0.23,112,852,783
2017,6,10,11,30,497,366,808,8.9,32.1,933,23.87,197,2.6,0.23,119,880,903
2017,6,10,12,30,465,423,865,8.6,33.6,933,21.47,203,2.7,0.23,124,891,971
2017,6,10,13,30,898,120,983,8.5,34.6,933,20.23,210,2.7,0.23,120,898,983
2017,6,10,14,30,882,123,937,8.700000000000001,35,932,19.96,218,2.6,0.23,123,882,937
2017,6,10,15,30,648,258,802,8.9,34.800000000000004,932,20.52,225,2.6,0.23,122,849,835
2017,6,10,16,30,666,189,665,9.200000000000001,34.300000000000004,932,21.52,233,2.5,0.23,155,724,673
2017,6,10,17,30,596,147,479,9.5,33.6,931,22.78,240,2.4000000000000004,0.23,138,641,496
2017,6,10,18,30,279,142,248,9.8,32.2,931,25.18,245,2.1,0.23,112,506,305
2017,6,10,19,30,276,70,124,12,29.8,932,33.33,249,1.6,0.23,70,276,124
2017,6,10,20,30,0,0,0,13,27.3,932,41.24,248,1.3,0.23,0,0,0
2017,6,10,21,30,0,0,0,12.4,25.900000000000002,933,42.980000000000004,245,1.3,0.23,0,0,0
2017,6,10,22,30,0,0,0,11.9,24.8,933,44.62,242,1.3,0.23,0,0,0
2017,6,10,23,30,0,0,0,11.600000000000001,23.8,933,46.32,241,1.3,0.23,0,0,0
2017,6,11,0,30,0,0,0,11.4,23.3,933,46.99,241,1.3,0.23,0,0,0
2017,6,11,1,30,0,0,0,11.200000000000001,22,933,50.36,240,1.2000000000000002,0.23,0,0,0
2017,6,11,2,30,0,0,0,11.100000000000001,21.200000000000003,933,52.49,235,1.1,0.23,0,0,0
2017,6,11,3,30,0,0,0,11,20.6,933,54.08,229,1,0.23,0,0,0
2017,6,11,4,30,0,0,0,10.8,20.1,933,55.17,222,0.9,0.23,0,0,0
2017,6,11,5,30,0,0,0,10.600000000000001,20.200000000000003,933,53.980000000000004,213,0.8,0.23,0,0,0
2017,6,11,6,30,164,42,61,10.700000000000001,21.900000000000002,933,49.13,205,0.9,0.23,42,164,61
2017,6,11,7,30,464,89,227,9.700000000000001,25.3,934,37.37,217,0.9,0.23,89,464,227
2017,6,11,8,30,632,118,422,8.6,28.8,934,28.150000000000002,218,0.7000000000000001,0.23,118,632,422
2017,6,11,9,30,731,136,610,8,31.400000000000002,934,23.34,197,0.7000000000000001,0.23,136,731,610
2017,6,11,10,30,791,148,771,7.5,33.300000000000004,934,20.330000000000002,184,0.6000000000000001,0.23,148,791,771
2017,6,11,11,30,831,156,896,7.2,34.800000000000004,933,18.28,177,0.6000000000000001,0.23,156,831,896
2017,6,11,12,30,851,158,967,7,35.9,933,16.98,173,0.8,0.23,158,851,967
2017,6,11,13,30,876,144,986,6.9,36.7,932,16.080000000000002,169,0.9,0.23,144,876,986
2017,6,11,14,30,868,140,942,6.7,37.2,932,15.48,134,1.1,0.23,140,868,942
2017,6,11,15,30,847,133,845,6.5,37.2,931,15.27,55,1.4000000000000001,0.23,133,847,845
2017,6,11,16,30,808,122,700,6.2,36.9,931,15.200000000000001,183,1.7000000000000002,0.23,122,808,700
2017,6,11,17,30,335,224,411,5.800000000000001,36,930,15.52,359,2,0.23,108,739,521
2017,6,11,18,30,590,87,313,5.4,34.4,931,16.55,187,1.9000000000000001,0.23,88,625,327
2017,6,11,19,30,409,58,138,6.6000000000000005,31.400000000000002,931,21.22,39,1.6,0.23,58,409,138
2017,6,11,20,30,0,0,0,7.4,28.5,932,26.5,93,1.9000000000000001,0.23,0,0,0
2017,6,11,21,30,0,0,0,5.800000000000001,26.700000000000003,932,26.39,131,2.5,0.23,0,0,0
2017,6,11,22,30,0,0,0,5,25.200000000000003,933,27.240000000000002,144,2.7,0.23,0,0,0
2017,6,11,23,30,0,0,0,4.800000000000001,23.8,933,29.3,154,2.6,0.23,0,0,0
2017,6,12,0,30,0,0,0,5.1000000000000005,23.200000000000003,933,30.98,158,2.6,0.23,0,0,0
2017,6,12,1,30,0,0,0,5.6000000000000005,21.700000000000003,933,35.08,170,2,0.23,0,0,0
2017,6,12,2,30,0,0,0,6.2,21,932,38.06,173,1.8,0.23,0,0,0
2017,6,12,3,30,0,0,0,6.7,20.200000000000003,932,41.480000000000004,170,1.5,0.23,0,0,0
2017,6,12,4,30,0,0,0,6.9,19.5,932,44,157,1.3,0.23,0,0,0
2017,6,12,5,30,0,0,0,6.7,19.700000000000003,932,42.78,141,1.4000000000000001,0.23,0,0,0
2017,6,12,6,30,295,36,69,6.1000000000000005,21.700000000000003,933,36.22,133,2.2,0.23,36,295,69
2017,6,12,7,30,597,68,246,4.3,25.200000000000003,933,25.94,133,2.8000000000000003,0.23,68,597,246
2017,6,12,8,30,754,85,447,2.8000000000000003,28.8,933,18.94,132,2.9000000000000004,0.23,85,754,447
2017,6,12,9,30,843,94,640,1.3,31.6,933,14.43,124,3.2,0.23,94,843,640
2017,6,12,10,30,896,101,807,1.3,33.5,933,13.01,119,3.4000000000000004,0.23,101,896,807
2017,6,12,11,30,929,105,932,1.7000000000000002,35,933,12.27,115,3.5,0.23,105,929,932
2017,6,12,12,30,943,107,1003,1.9000000000000001,36.1,932,11.74,114,3.6,0.23,107,943,1003
2017,6,12,13,30,959,100,1022,2,36.800000000000004,932,11.36,113,3.6,0.23,100,959,1022
2017,6,12,14,30,949,99,976,2,37.1,931,11.18,111,3.7,0.23,99,949,976
2017,6,12,15,30,926,97,876,2,37,930,11.27,110,3.8000000000000003,0.23,97,926,876
2017,6,12,16,30,874,97,723,2.1,36.4,930,11.71,109,4,0.23,97,874,723
2017,6,12,17,30,808,88,541,2.3000000000000003,35.300000000000004,930,12.6,109,4.1000000000000005,0.23,88,808,541
2017,6,12,18,30,697,74,341,2.7,33.5,930,14.38,110,4.1000000000000005,0.23,74,697,341
2017,6,12,19,30,488,51,147,4,30.5,930,18.7,112,3.5,0.23,51,488,147
2017,6,12,20,30,58,10,11,5.9,27.5,930,25.330000000000002,116,3.4000000000000004,0.23,10,58,11
2017,6,12,21,30,0,0,0,7.1000000000000005,25.6,931,30.69,122,3.4000000000000004,0.23,0,0,0
2017,6,12,22,30,0,0,0,8.200000000000001,23.900000000000002,931,36.660000000000004,129,2.9000000000000004,0.23,0,0,0
2017,6,12,23,30,0,0,0,9,22.5,931,42.04,132,2.3000000000000003,0.23,0,0,0
2017,6,13,0,30,0,0,0,9.5,21.900000000000002,931,45.1,133,2,0.23,0,0,0
2017,6,13,1,30,0,0,0,9.8,20.400000000000002,930,50.47,123,1.7000000000000002,0.23,0,0,0
2017,6,13,2,30,0,0,0,9.9,19.5,930,53.81,115,1.6,0.23,0,0,0
2017,6,13,3,30,0,0,0,9.8,18.7,930,56.34,106,1.5,0.23,0,0,0
2017,6,13,4,30,0,0,0,9.700000000000001,18,930,58.160000000000004,97,1.4000000000000001,0.23,0,0,0
2017,6,13,5,30,0,0,0,9.4,18.1,930,56.88,89,1.7000000000000002,0.23,0,0,0
2017,6,13,6,30,344,34,72,9.1,19.900000000000002,930,49.93,84,2.3000000000000003,0.23,34,344,72
2017,6,13,7,30,627,63,250,8.700000000000001,23.400000000000002,930,38.99,96,2.4000000000000004,0.23,63,627,250
2017,6,13,8,30,765,82,450,5.9,27.700000000000003,931,25.07,119,1.8,0.23,82,765,450
2017,6,13,9,30,842,96,641,4,31,930,18.06,149,1.3,0.23,96,842,641
2017,6,13,10,30,887,106,805,4.1000000000000005,33.300000000000004,930,16.04,186,1.3,0.23,106,887,805
2017,6,13,11,30,913,114,928,4.4,35.1,930,14.84,211,1.6,0.23,114,913,928
2017,6,13,12,30,925,120,999,4.7,36.5,930,13.950000000000001,223,1.9000000000000001,0.23,120,925,999
2017,6,13,13,30,932,117,1014,4.7,37.5,929,13.290000000000001,230,2.2,0.23,117,932,1014
2017,6,13,14,30,916,118,964,4.800000000000001,38,929,12.98,237,2.3000000000000003,0.23,118,916,964
2017,6,13,15,30,891,115,864,4.800000000000001,38.1,928,12.9,242,2.3000000000000003,0.23,115,891,864
2017,6,13,16,30,847,109,716,4.7,37.7,928,13.08,245,2.2,0.23,109,847,716
2017,6,13,17,30,780,98,536,4.5,36.800000000000004,928,13.55,247,2.2,0.23,98,780,536
2017,6,13,18,30,665,81,337,4.4,35.2,928,14.73,249,1.8,0.23,81,665,337
2017,6,13,19,30,450,55,144,7.9,32.300000000000004,928,22.04,249,1.2000000000000002,0.23,55,450,144
2017,6,13,20,30,34,10,10,8.200000000000001,29.3,929,26.73,250,1.1,0.23,10,34,10
2017,6,13,21,30,0,0,0,8.1,27.1,929,30.18,248,1.3,0.23,0,0,0
2017,6,13,22,30,0,0,0,8.3,25.400000000000002,930,33.82,245,1.3,0.23,0,0,0
2017,6,13,23,30,0,0,0,8.4,24.1,930,36.68,240,1.3,0.23,0,0,0
2017,6,14,0,30,0,0,0,8.5,23.5,930,38.45,236,1.4000000000000001,0.23,0,0,0
2017,6,14,1,30,0,0,0,8.9,21.900000000000002,930,43.35,229,1.4000000000000001,0.23,0,0,0
2017,6,14,2,30,0,0,0,9.3,21,931,47.21,228,1.4000000000000001,0.23,0,0,0
2017,6,14,3,30,0,0,0,9.8,20.1,931,51.5,229,1.4000000000000001,0.23,0,0,0
2017,6,14,4,30,0,0,0,10.3,19.200000000000003,931,56.24,231,1.3,0.23,0,0,0
2017,6,14,5,30,0,0,0,10.700000000000001,19.200000000000003,931,57.89,235,1.4000000000000001,0.23,0,0,0
2017,6,14,6,30,216,40,64,11.200000000000001,20.6,932,54.84,239,1.7000000000000002,0.23,40,216,64
2017,6,14,7,30,516,82,235,11.3,23.3,932,46.69,240,1.6,0.23,82,516,235
2017,6,14,8,30,674,108,432,10.700000000000001,26.400000000000002,932,37.31,224,1.3,0.23,108,674,432
2017,6,14,9,30,765,126,622,10,29.3,932,30.16,204,1.2000000000000002,0.23,126,765,622
2017,6,14,10,30,819,140,785,9.4,32.2,932,24.54,206,1.4000000000000001,0.23,140,819,785
2017,6,14,11,30,850,149,907,8.9,34.800000000000004,932,20.45,221,1.8,0.23,149,850,907
2017,6,14,12,30,865,155,977,8.3,36.800000000000004,931,17.67,232,2.1,0.23,155,865,977
2017,6,14,13,30,896,137,999,8,38.1,931,16.05,240,2.4000000000000004,0.23,137,896,999
2017,6,14,14,30,883,135,952,7.800000000000001,38.800000000000004,931,15.24,247,2.6,0.23,135,883,952
2017,6,14,15,30,859,130,853,7.6000000000000005,39,930,14.94,252,2.8000000000000003,0.23,130,859,853
2017,6,14,16,30,813,121,705,7.6000000000000005,38.7,930,15.120000000000001,256,3,0.23,121,813,705
2017,6,14,17,30,496,180,459,7.6000000000000005,37.800000000000004,930,15.93,259,3.1,0.23,109,738,524
2017,6,14,18,30,158,156,216,7.800000000000001,36.2,930,17.67,262,2.7,0.23,90,614,327
2017,6,14,19,30,0,46,46,10.100000000000001,33,930,24.560000000000002,264,1.9000000000000001,0.23,61,390,138
2017,6,14,20,30,17,9,9,11,30,931,30.970000000000002,266,1.5,0.23,9,17,9
2017,6,14,21,30,0,0,0,10.8,28.400000000000002,931,33.4,270,1.5,0.23,0,0,0
2017,6,14,22,30,0,0,0,10.8,27.3,932,35.82,273,1.4000000000000001,0.23,0,0,0
2017,6,14,23,30,0,0,0,10.9,26.200000000000003,932,38.38,275,1.2000000000000002,0.23,0,0,0
2017,6,15,0,30,0,0,0,10.9,25.700000000000003,932,39.6,277,1.2000000000000002,0.23,0,0,0
2017,6,15,1,30,0,0,0,10.9,24.700000000000003,932,41.97,272,1.1,0.23,0,0,0
2017,6,15,2,30,0,0,0,11,24.3,932,43.14,263,1,0.23,0,0,0
2017,6,15,3,30,0,0,0,11.3,23.700000000000003,932,45.78,252,1,0.23,0,0,0
2017,6,15,4,30,0,0,0,11.8,22.6,932,50.42,245,1,0.23,0,0,0
2017,6,15,5,30,0,0,0,12.4,22,933,54.4,243,1.2000000000000002,0.23,0,0,0
2017,6,15,6,30,26,37,40,13.200000000000001,22.900000000000002,933,54.26,242,1.6,0.23,40,203,63
2017,6,15,7,30,143,114,157,13.100000000000001,25.400000000000002,933,46.36,242,1.9000000000000001,0.23,83,502,232
2017,6,15,8,30,665,109,429,12.200000000000001,28.900000000000002,934,35.59,235,1.8,0.23,109,665,429
2017,6,15,9,30,758,127,618,10.9,32.5,934,26.71,218,1.8,0.23,127,758,618
2017,6,15,10,30,342,350,619,10,35.5,934,21.28,201,2,0.23,139,814,781
2017,6,15,11,30,847,148,903,9.700000000000001,37.4,933,18.79,199,2.2,0.23,148,847,903
2017,6,15,12,30,862,152,972,9.600000000000001,38.800000000000004,933,17.27,209,2.2,0.23,152,862,972
2017,6,15,13,30,852,162,982,9.4,39.7,933,16.240000000000002,226,2.1,0.23,162,852,982
2017,6,15,14,30,841,160,938,9.1,40.1,932,15.59,244,2,0.23,160,841,938
2017,6,15,15,30,187,416,574,8.8,40.1,932,15.26,259,1.8,0.23,155,812,839
2017,6,15,16,30,30,278,299,8.5,39.6,932,15.31,271,1.7000000000000002,0.23,149,752,690
2017,6,15,17,30,0,32,32,8.200000000000001,38.6,932,15.9,277,1.8,0.23,136,664,510
2017,6,15,18,30,0,14,14,8.3,36.800000000000004,932,17.66,271,1.7000000000000002,0.23,114,519,314
2017,6,15,19,30,0,7,7,10.5,33.800000000000004,933,24.11,229,1.5,0.23,75,277,131
2017,6,15,20,30,0,1,1,12.5,30.8,934,32.68,189,1.8,0.23,7,4,7
2017,6,15,21,30,0,0,0,13.4,29.200000000000003,935,37.99,185,2.4000000000000004,0.23,0,0,0
2017,6,15,22,30,0,0,0,13.9,28.1,936,41.82,189,2.9000000000000004,0.23,0,0,0
2017,6,15,23,30,0,0,0,14.5,26.900000000000002,936,46.63,193,3,0.23,0,0,0
2017,6,16,0,30,0,0,0,15.100000000000001,26.3,936,50.07,194,2.9000000000000004,0.23,0,0,0
2017,6,16,1,30,0,0,0,15.5,25.1,936,55.24,167,1.2000000000000002,0.23,0,0,0
2017,6,16,2,30,0,0,0,15.9,24.3,936,59.34,117,0.7000000000000001,0.23,0,0,0
2017,6,16,3,30,0,0,0,16,23.6,936,62.57,87,0.8,0.23,0,0,0
2017,6,16,4,30,0,0,0,16.1,22.8,936,65.86,80,0.9,0.23,0,0,0
2017,6,16,5,30,0,0,0,15.9,22.8,936,65.09,77,1.1,0.23,0,0,0
2017,6,16,6,30,0,6,6,15.600000000000001,24.3,936,58.27,75,1.7000000000000002,0.23,42,160,60
2017,6,16,7,30,0,14,14,14,27.200000000000003,936,44.410000000000004,76,2.2,0.23,93,445,225
2017,6,16,8,30,72,198,232,12.200000000000001,30.8,936,31.95,81,2,0.23,126,607,417
2017,6,16,9,30,275,284,462,10.5,33.6,936,24.42,78,1.8,0.23,149,702,604
2017,6,16,10,30,436,309,652,9.8,35.5,936,20.92,63,1.6,0.23,166,761,765
2017,6,16,11,30,797,177,886,9.3,36.9,936,18.79,44,1.6,0.23,177,797,886
2017,6,16,12,30,816,182,957,8.9,38,936,17.240000000000002,30,1.9000000000000001,0.23,182,816,957
2017,6,16,13,30,586,365,928,8.6,38.7,935,16.22,25,2.2,0.23,135,890,992
2017,6,16,14,30,885,130,949,8.3,38.900000000000006,935,15.700000000000001,24,2.6,0.23,130,885,949
2017,6,16,15,30,868,122,854,7.9,38.800000000000004,934,15.39,24,2.9000000000000004,0.23,122,868,854
2017,6,16,16,30,714,169,682,7.5,38.400000000000006,934,15.3,26,3.2,0.23,111,836,712
2017,6,16,17,30,5,165,168,7.1000000000000005,37.5,934,15.620000000000001,27,3.3000000000000003,0.23,96,780,536
2017,6,16,18,30,0,15,15,6.800000000000001,35.800000000000004,934,16.8,30,2.9000000000000004,0.23,77,680,340
2017,6,16,19,30,0,7,7,8.5,32.4,934,22.87,35,2,0.23,51,488,150
2017,6,16,20,30,0,1,1,10.600000000000001,29.200000000000003,935,31.470000000000002,49,1.7000000000000002,0.23,11,75,12
2017,6,16,21,30,0,0,0,10,27.6,935,33.18,71,1.9000000000000001,0.23,0,0,0
2017,6,16,22,30,0,0,0,9.600000000000001,26.400000000000002,936,34.74,95,2.1,0.23,0,0,0
2017,6,16,23,30,0,0,0,9.5,25.200000000000003,936,36.980000000000004,114,2,0.23,0,0,0
2017,6,17,0,30,0,0,0,9.5,24.6,936,38.44,121,1.9000000000000001,0.23,0,0,0
2017,6,17,1,30,0,0,0,9.600000000000001,23.3,936,41.730000000000004,136,1.6,0.24,0,0,0
2017,6,17,2,30,0,0,0,9.600000000000001,22.6,935,43.51,145,1.5,0.24,0,0,0
2017,6,17,3,30,0,0,0,9.600000000000001,22,935,45.21,156,1.3,0.24,0,0,0
2017,6,17,4,30,0,0,0,9.700000000000001,21.5,935,46.94,170,1.2000000000000002,0.24,0,0,0
2017,6,17,5,30,0,0,0,9.8,21.8,935,46.43,181,1,0.24,0,0,0
2017,6,17,6,30,32,37,40,10.5,23.8,935,43.01,190,1.4000000000000001,0.24,37,270,67
2017,6,17,7,30,74,113,135,9.4,27,936,33,209,1.6,0.24,73,558,239
2017,6,17,8,30,246,196,314,8.9,30.6,936,25.91,215,1.4000000000000001,0.24,98,705,436
2017,6,17,9,30,392,256,509,7.9,33.800000000000004,935,20.25,193,1,0.24,115,788,625
2017,6,17,10,30,262,370,577,7.800000000000001,35.9,935,17.86,165,0.8,0.24,123,847,790
2017,6,17,11,30,84,428,503,8.1,37.5,935,16.69,142,0.8,0.24,132,873,910
2017,6,17,12,30,427,427,833,8.3,38.5,934,16.11,110,0.9,0.24,137,888,981
2017,6,17,13,30,873,150,991,8.4,39.2,933,15.58,63,1.1,0.24,150,873,991
2017,6,17,14,30,362,418,753,8.200000000000001,39.5,933,15.16,27,1.4000000000000001,0.24,148,863,947
2017,6,17,15,30,304,395,651,7.9,39.5,932,14.86,10,1.6,0.24,141,839,849
2017,6,17,16,30,754,151,694,7.5,39,931,14.84,182,1.8,0.24,151,754,694
2017,6,17,17,30,676,134,516,7.1000000000000005,38.2,931,15.07,356,1.7000000000000002,0.24,134,676,516
2017,6,17,18,30,553,109,324,6.9,36.6,930,16.16,345,1.1,0.24,109,553,324
2017,6,17,19,30,330,71,138,10.600000000000001,34.300000000000004,930,23.650000000000002,285,0.7000000000000001,0.24,71,330,138
2017,6,17,20,30,12,9,9,13.4,32,931,32.230000000000004,236,0.7000000000000001,0.24,9,12,9
2017,6,17,21,30,0,0,0,13.3,30.200000000000003,931,35.68,242,1.1,0.24,0,0,0
2017,6,17,22,30,0,0,0,14,28.3,931,41.5,248,1.6,0.24,0,0,0
2017,6,17,23,30,0,0,0,14.100000000000001,26.8,931,45.59,249,2.2,0.24,0,0,0
2017,6,18,0,30,0,0,0,13.9,26.1,931,46.9,249,2.4000000000000004,0.24,0,0,0
2017,6,18,1,30,0,0,0,13.4,24.5,931,50.08,248,2.8000000000000003,0.24,0,0,0
2017,6,18,2,30,0,0,0,13.100000000000001,23.400000000000002,931,52.36,247,2.8000000000000003,0.24,0,0,0
2017,6,18,3,30,0,0,0,13,22.3,931,55.46,246,2.4000000000000004,0.24,0,0,0
2017,6,18,4,30,0,0,0,12.9,21.400000000000002,931,58.46,244,1.8,0.24,0,0,0
2017,6,18,5,30,0,0,0,12.9,21.400000000000002,931,58.58,240,1.6,0.24,0,0,0
2017,6,18,6,30,143,43,59,12.9,22.8,932,53.54,233,1.8,0.24,43,143,59
2017,6,18,7,30,429,98,225,12,25.6,932,42.69,235,2,0.24,98,429,225
2017,6,18,8,30,602,131,419,10.8,29.200000000000003,932,31.91,250,2.3000000000000003,0.24,131,602,419
2017,6,18,9,30,706,152,608,9.1,32.5,932,23.71,263,2.7,0.24,152,706,608
2017,6,18,10,30,770,166,772,8.4,34.7,932,19.96,269,3,0.24,166,770,772
2017,6,18,11,30,807,176,895,7.9,36.300000000000004,931,17.69,274,3.3000000000000003,0.24,176,807,895
2017,6,18,12,30,823,184,966,7.6000000000000005,37.5,931,16.13,278,3.6,0.24,184,823,966
2017,6,18,13,30,840,174,983,7.2,38.2,931,15.19,281,3.7,0.24,174,840,983
2017,6,18,14,30,826,174,940,6.9,38.400000000000006,930,14.71,283,3.8000000000000003,0.24,174,826,940
2017,6,18,15,30,450,340,720,6.7,38.2,930,14.66,284,3.7,0.24,167,796,839
2017,6,18,16,30,7,178,183,6.6000000000000005,37.6,930,15.02,284,3.5,0.24,162,736,692
2017,6,18,17,30,0,92,92,6.6000000000000005,36.7,930,15.75,283,3.2,0.24,145,655,516
2017,6,18,18,30,0,58,58,6.7,34.9,930,17.56,276,2.2,0.24,119,519,321
2017,6,18,19,30,0,8,8,11.5,32,930,28.47,259,1.3,0.24,76,291,135
2017,6,18,20,30,0,2,2,12.8,29.6,930,35.6,241,1.3,0.24,8,7,8
2017,6,18,21,30,0,0,0,12.100000000000001,28.1,931,37.050000000000004,233,1.7000000000000002,0.24,0,0,0
2017,6,18,22,30,0,0,0,12,26.8,932,39.75,231,2.2,0.24,0,0,0
2017,6,18,23,30,0,0,0,11.8,25.8,932,41.72,231,2.3000000000000003,0.24,0,0,0
2017,6,19,0,30,0,0,0,12,25.200000000000003,932,43.800000000000004,231,2.2,0.24,0,0,0
2017,6,19,1,30,0,0,0,12.4,23.900000000000002,933,48.68,231,1.9000000000000001,0.23,0,0,0
2017,6,19,2,30,0,0,0,12.9,23.200000000000003,933,52.38,229,1.7000000000000002,0.23,0,0,0
2017,6,19,3,30,0,0,0,13.200000000000001,22.6,933,55.44,221,1.5,0.23,0,0,0
2017,6,19,4,30,0,0,0,13.5,22.200000000000003,933,57.870000000000005,209,1.4000000000000001,0.23,0,0,0
2017,6,19,5,30,0,0,0,13.8,22.3,934,58.76,192,1.5,0.23,0,0,0
2017,6,19,6,30,0,5,5,14.200000000000001,23.200000000000003,934,57.07,172,2,0.23,28,39,33
2017,6,19,7,30,0,18,18,14.4,24.8,934,52.53,156,2.2,0.23,129,151,173
2017,6,19,8,30,0,37,37,14,26.8,935,45.34,149,1.9000000000000001,0.23,228,251,348
2017,6,19,9,30,0,56,56,13.200000000000001,29,935,37.81,139,1.4000000000000001,0.23,308,329,521
2017,6,19,10,30,0,88,88,12.4,31.400000000000002,935,31.29,106,1,0.23,213,671,741
2017,6,19,11,30,95,433,518,11.5,33.5,934,26.13,57,0.7000000000000001,0.23,226,716,863
2017,6,19,12,30,15,253,267,10.700000000000001,35.2,934,22.59,19,0.6000000000000001,0.23,229,743,935
2017,6,19,13,30,58,448,505,10.200000000000001,36.2,933,20.63,177,0.8,0.23,164,843,975
2017,6,19,14,30,567,354,879,9.8,36.6,933,19.76,344,1,0.23,166,825,931
2017,6,19,15,30,51,372,414,9.600000000000001,36.4,933,19.73,344,1.3,0.23,164,790,831
2017,6,19,16,30,60,316,359,9.5,35.7,932,20.35,180,1.6,0.23,164,723,686
2017,6,19,17,30,132,251,326,9.600000000000001,34.5,932,21.91,37,1.9000000000000001,0.23,151,631,508
2017,6,19,18,30,0,101,101,10,33,933,24.37,78,2.3000000000000003,0.23,122,500,317
2017,6,19,19,30,88,74,92,10.8,30.900000000000002,933,28.91,105,2.5,0.23,80,263,134
2017,6,19,20,30,11,8,9,12.3,28.8,933,36.06,125,2.6,0.23,8,11,9
2017,6,19,21,30,0,0,0,12.700000000000001,27.3,934,40.43,146,2.8000000000000003,0.23,0,0,0
2017,6,19,22,30,0,0,0,12.9,26.1,935,44.1,164,2.5,0.23,0,0,0
2017,6,19,23,30,0,0,0,13.200000000000001,25.1,935,47.52,178,2,0.23,0,0,0
2017,6,20,0,30,0,0,0,13.4,24.6,935,49.6,184,1.6,0.23,0,0,0
2017,6,20,1,30,0,0,0,13.5,23.1,935,54.660000000000004,172,1,0.24,0,0,0
2017,6,20,2,30,0,0,0,13.4,22.3,935,57.13,145,0.9,0.24,0,0,0
2017,6,20,3,30,0,0,0,13.3,21.6,935,59.39,121,1,0.24,0,0,0
2017,6,20,4,30,0,0,0,13.4,21,935,61.77,113,1,0.24,0,0,0
2017,6,20,5,30,0,0,0,13.5,21.200000000000003,935,61.36,113,1.3,0.24,0,0,0
2017,6,20,6,30,159,42,60,13.700000000000001,23,935,55.64,112,1.9000000000000001,0.24,42,159,60
2017,6,20,7,30,438,95,224,13.100000000000001,25.8,935,45.25,108,1.9000000000000001,0.24,95,438,224
2017,6,20,8,30,604,128,417,11.700000000000001,28.700000000000003,935,34.99,111,1.7000000000000002,0.24,128,604,417
2017,6,20,9,30,704,150,604,11.3,30.900000000000002,935,29.88,122,1.4000000000000001,0.24,150,704,604
2017,6,20,10,30,152,381,500,11,32.7,935,26.59,137,1,0.24,165,766,767
2017,6,20,11,30,197,446,621,10.700000000000001,34.2,934,23.96,218,0.6000000000000001,0.24,175,802,889
2017,6,20,12,30,819,183,961,10.5,35.300000000000004,934,22.19,294,0.6000000000000001,0.24,183,819,961
2017,6,20,13,30,858,157,983,10.3,36,933,21.09,296,1,0.24,157,858,983
2017,6,20,14,30,408,402,780,10.100000000000001,36,933,20.85,291,1.4000000000000001,0.24,161,838,938
2017,6,20,15,30,436,342,711,10,35.6,932,21.05,291,1.8,0.24,159,803,838
2017,6,20,16,30,778,137,699,9.8,35.1,932,21.48,297,2.2,0.24,137,778,699
2017,6,20,17,30,705,122,522,9.700000000000001,34.5,932,22.01,305,2.4000000000000004,0.24,122,705,522
2017,6,20,18,30,0,58,58,9.700000000000001,33.5,932,23.19,313,2.2,0.24,98,592,329
2017,6,20,19,30,0,8,8,10.100000000000001,31.3,933,26.96,328,1.6,0.24,65,381,143
2017,6,20,20,30,26,6,6,12.4,29,933,35.92,348,1.1,0.24,11,30,12
2017,6,20,21,30,0,0,0,12.3,27.8,934,38.34,189,1.1,0.24,0,0,0
2017,6,20,22,30,0,0,0,12.200000000000001,26.8,934,40.29,33,1.1,0.24,0,0,0
2017,6,20,23,30,0,0,0,12.200000000000001,25.6,934,43.21,79,1,0.24,0,0,0
2017,6,21,0,30,0,0,0,12.100000000000001,25,934,44.54,111,1,0.24,0,0,0
2017,6,21,1,30,0,0,0,11.9,23.5,933,48.050000000000004,215,1,0.24,0,0,0
2017,6,21,2,30,0,0,0,11.8,22.6,933,50.49,240,1,0.24,0,0,0
2017,6,21,3,30,0,0,0,11.8,21.900000000000002,933,52.6,253,1.1,0.24,0,0,0
2017,6,21,4,30,0,0,0,11.8,21.3,933,54.74,262,1.1,0.24,0,0,0
2017,6,21,5,30,0,0,0,11.9,21.400000000000002,933,54.75,270,1.3,0.24,0,0,0
2017,6,21,6,30,234,39,64,12.3,23.1,934,50.53,278,1.9000000000000001,0.24,39,234,64
2017,6,21,7,30,526,80,235,12.100000000000001,26.1,934,41.660000000000004,283,2.1,0.24,80,526,235
2017,6,21,8,30,679,106,431,11.4,29.5,934,32.77,286,1.8,0.24,106,679,431
2017,6,21,9,30,767,124,619,10.700000000000001,32,934,27.080000000000002,283,1.4000000000000001,0.24,124,767,619
2017,6,21,10,30,791,154,776,9.9,33.9,934,22.990000000000002,275,1.2000000000000002,0.24,154,791,776
2017,6,21,11,30,828,163,899,9.1,35.4,934,20.11,262,1.1,0.24,163,828,899
2017,6,21,12,30,850,167,974,8.6,36.5,933,18.28,252,1.1,0.24,167,850,974
2017,6,21,13,30,896,138,1001,8.200000000000001,37.300000000000004,933,17.02,247,1.2000000000000002,0.24,138,896,1001
2017,6,21,14,30,888,135,959,7.7,37.7,932,16.15,245,1.3,0.24,135,888,959
2017,6,21,15,30,866,129,861,7.300000000000001,37.7,932,15.64,246,1.5,0.24,129,866,861
2017,6,21,16,30,438,275,591,6.800000000000001,37.4,931,15.4,249,1.6,0.24,120,825,716
2017,6,21,17,30,314,232,410,6.5,36.6,931,15.8,251,1.7000000000000002,0.24,107,757,537
2017,6,21,18,30,398,128,284,6.5,35.2,931,17.02,253,1.6,0.24,89,642,340
2017,6,21,19,30,305,64,127,8.4,32.5,932,22.48,255,1.2000000000000002,0.24,62,421,148
2017,6,21,20,30,37,12,12,10.9,30,932,30.77,259,1.1,0.24,12,37,12
2017,6,21,21,30,0,0,0,10.600000000000001,28.900000000000002,933,32.15,262,1.2000000000000002,0.24,0,0,0
2017,6,21,22,30,0,0,0,10.8,27.900000000000002,933,34.54,262,1.2000000000000002,0.24,0,0,0
2017,6,21,23,30,0,0,0,11.200000000000001,26.6,934,38.24,260,1.4000000000000001,0.24,0,0,0
2017,6,22,0,30,0,0,0,11.700000000000001,25.900000000000002,934,41.09,258,1.5,0.24,0,0,0
2017,6,22,1,30,0,0,0,12.100000000000001,24.3,934,46.47,250,1.7000000000000002,0.24,0,0,0
2017,6,22,2,30,0,0,0,12.5,23.3,934,50.78,246,1.9000000000000001,0.24,0,0,0
2017,6,22,3,30,0,0,0,13,22.400000000000002,934,55.32,245,1.9000000000000001,0.24,0,0,0
2017,6,22,4,30,0,0,0,13.5,21.6,935,60.120000000000005,249,1.8,0.24,0,0,0
2017,6,22,5,30,0,0,0,13.9,21.400000000000002,935,62.27,253,1.9000000000000001,0.24,0,0,0
2017,6,22,6,30,251,37,65,14,22.8,935,57.64,257,2.3000000000000003,0.24,37,251,65
2017,6,22,7,30,548,74,236,13.700000000000001,25.5,936,47.92,257,2.2,0.24,74,548,236
2017,6,22,8,30,704,97,432,13.200000000000001,28.400000000000002,936,39.1,246,2,0.24,97,704,432
2017,6,22,9,30,792,112,622,12.4,30.900000000000002,936,32.13,230,1.8,0.24,112,792,622
2017,6,22,10,30,843,125,787,11.700000000000001,33.1,936,27.13,218,1.9000000000000001,0.24,125,843,787
2017,6,22,11,30,499,362,806,11.200000000000001,34.6,935,24.11,216,2,0.24,134,871,909
2017,6,22,12,30,543,382,898,10.8,35.6,935,22.31,221,2,0.24,139,886,981
2017,6,22,13,30,494,419,895,10.5,36.5,935,20.830000000000002,227,2.1,0.24,152,874,993
2017,6,22,14,30,270,456,706,10.3,37.1,934,19.77,232,2.1,0.24,146,869,952
2017,6,22,15,30,259,407,626,10,37.4,934,19.09,238,2.2,0.24,137,850,855
2017,6,22,16,30,809,126,712,9.5,37.1,934,18.84,243,2.5,0.24,126,809,712
2017,6,22,17,30,743,111,534,9.1,36.300000000000004,934,19.09,247,2.9000000000000004,0.24,111,743,534
2017,6,22,18,30,632,91,339,8.700000000000001,34.9,934,20.13,250,3,0.24,91,632,339
2017,6,22,19,30,420,61,148,9.3,32.2,934,24.38,253,2.6,0.24,61,420,148
2017,6,22,20,30,38,11,12,10,29.5,935,29.71,255,2.4000000000000004,0.24,11,38,12
2017,6,22,21,30,0,0,0,8.9,28,936,30.23,256,2.8000000000000003,0.24,0,0,0
2017,6,22,22,30,0,0,0,7.9,26.8,936,30.330000000000002,256,3.1,0.24,0,0,0
2017,6,22,23,30,0,0,0,7.2,25.5,936,31.04,256,3,0.24,0,0,0
2017,6,23,0,30,0,0,0,6.7,24.900000000000002,937,31.19,256,3,0.24,0,0,0
2017,6,23,1,30,0,0,0,6.5,23.1,937,34.2,262,2.6,0.24,0,0,0
2017,6,23,2,30,0,0,0,6.4,22,937,36.480000000000004,268,2.1,0.24,0,0,0
2017,6,23,3,30,0,0,0,6.6000000000000005,21,937,39.09,273,1.6,0.24,0,0,0
2017,6,23,4,30,0,0,0,6.800000000000001,20.200000000000003,938,41.87,275,1.2000000000000002,0.24,0,0,0
2017,6,23,5,30,0,0,0,7.2,20.200000000000003,938,42.95,268,1.1,0.24,0,0,0
2017,6,23,6,30,241,38,64,7.5,21.700000000000003,938,39.88,249,1.2000000000000002,0.24,38,241,64
2017,6,23,7,30,562,75,240,7.300000000000001,24.900000000000002,938,32.42,251,1.4000000000000001,0.24,75,562,240
2017,6,23,8,30,733,95,444,5.9,28.6,939,23.77,255,1.8,0.24,95,733,444
2017,6,23,9,30,830,108,642,4.9,31.200000000000003,939,19.080000000000002,239,2.3000000000000003,0.24,108,830,642
2017,6,23,10,30,889,116,814,4.6000000000000005,33.1,938,16.740000000000002,235,2.8000000000000003,0.24,116,889,814
2017,6,23,11,30,921,121,941,4,34.6,938,14.790000000000001,238,3.2,0.24,121,921,941
2017,6,23,12,30,938,124,1015,2.9000000000000004,35.9,938,12.77,244,3.4000000000000004,0.24,124,938,1015
2017,6,23,13,30,946,121,1032,1.6,36.800000000000004,938,11.02,252,3.6,0.24,121,946,1032
2017,6,23,14,30,929,123,985,0.30000000000000004,37.2,937,9.82,260,3.7,0.24,123,929,985
2017,6,23,15,30,893,125,881,-0.6000000000000001,37.300000000000004,937,9.16,266,3.9000000000000004,0.24,125,893,881
2017,6,23,16,30,838,122,729,-0.9,36.800000000000004,936,9.24,270,4,0.24,122,838,729
2017,6,23,17,30,756,113,543,-0.5,35.9,936,9.97,274,4,0.24,113,756,543
2017,6,23,18,30,628,96,342,0.2,34.2,936,11.5,278,3.5,0.24,96,628,342
2017,6,23,19,30,402,66,149,2.1,30.900000000000002,936,15.94,283,2.3000000000000003,0.24,66,402,149
2017,6,23,20,30,20,12,12,4.2,27.5,937,22.44,290,1.6,0.24,12,20,12
2017,6,23,21,30,0,0,0,4,25.8,937,24.47,297,1.5,0.24,0,0,0
2017,6,23,22,30,0,0,0,3.7,24.6,938,25.7,302,1.5,0.24,0,0,0
2017,6,23,23,30,0,0,0,3.5,23.700000000000003,938,26.77,305,1.4000000000000001,0.24,0,0,0
2017,6,24,0,30,0,0,0,3.5,23.3,938,27.57,307,1.4000000000000001,0.24,0,0,0
2017,6,24,1,30,0,0,0,3.8000000000000003,22.400000000000002,938,29.69,312,1.3,0.24,0,0,0
2017,6,24,2,30,0,0,0,4.2,21.8,937,31.53,314,1.2000000000000002,0.24,0,0,0
2017,6,24,3,30,0,0,0,4.5,21.1,937,33.75,314,1.1,0.24,0,0,0
2017,6,24,4,30,0,0,0,4.9,20.6,937,35.67,313,1.1,0.24,0,0,0
2017,6,24,5,30,0,0,0,5.1000000000000005,20.8,937,35.82,311,1,0.24,0,0,0
2017,6,24,6,30,25,35,38,5.7,22.400000000000002,938,33.95,301,1.3,0.24,43,42,48
2017,6,24,7,30,108,112,143,5.1000000000000005,25.5,938,26.87,292,2.1,0.24,125,274,204
2017,6,24,8,30,0,24,24,4.5,29.3,938,20.63,293,3.1,0.24,177,452,392
2017,6,24,9,30,369,259,496,3.6,31.900000000000002,938,16.73,296,3.8000000000000003,0.24,216,557,574
2017,6,24,10,30,390,327,632,4.6000000000000005,32.9,937,16.91,292,3.8000000000000003,0.24,254,606,729
2017,6,24,11,30,620,291,842,5.5,33.7,937,17.26,281,3.6,0.24,291,620,842
2017,6,24,12,30,628,313,910,6,34.800000000000004,936,16.76,270,3.5,0.24,313,628,910
2017,6,24,13,30,403,429,817,6.1000000000000005,36,936,15.860000000000001,263,3.7,0.24,270,699,943
2017,6,24,14,30,309,445,732,6.1000000000000005,36.800000000000004,935,15.16,262,3.9000000000000004,0.24,262,693,904
2017,6,24,15,30,294,398,647,6,37,935,14.9,264,4.2,0.24,249,661,808
2017,6,24,16,30,600,233,667,5.800000000000001,36.5,934,15.1,269,4.3,0.24,233,600,667
2017,6,24,17,30,508,203,492,5.6000000000000005,35.5,934,15.68,277,4.2,0.24,203,508,492
2017,6,24,18,30,364,160,303,5.300000000000001,33.800000000000004,934,16.94,290,3.8000000000000003,0.24,160,364,303
2017,6,24,19,30,151,92,124,5.5,31.1,934,20.04,309,2.9000000000000004,0.24,92,151,124
2017,6,24,20,30,0,4,4,6.1000000000000005,28.5,934,24.22,328,2.6,0.24,4,0,4
2017,6,24,21,30,0,0,0,5.6000000000000005,27.1,935,25.42,341,2.8000000000000003,0.24,0,0,0
2017,6,24,22,30,0,0,0,5.5,25.900000000000002,935,26.97,174,2.6,0.24,0,0,0
2017,6,24,23,30,0,0,0,5.7,25.1,934,28.8,10,2.2,0.24,0,0,0
2017,6,25,0,30,0,0,0,6.1000000000000005,24.700000000000003,934,30.25,19,2,0.24,0,0,0
2017,6,25,1,30,0,0,0,6.2,22.900000000000002,933,33.93,38,1.5,0.24,0,0,0
2017,6,25,2,30,0,0,0,6.2,22.400000000000002,933,34.97,47,1.3,0.24,0,0,0
2017,6,25,3,30,0,0,0,6.300000000000001,22.200000000000003,933,35.62,54,1.1,0.24,0,0,0
2017,6,25,4,30,0,0,0,6.300000000000001,22.1,933,35.9,61,1.1,0.24,0,0,0
2017,6,25,5,30,0,0,0,6.2,22.200000000000003,932,35.480000000000004,68,1.3,0.24,0,0,0
2017,6,25,6,30,0,6,6,6.1000000000000005,23.5,932,32.55,71,1.7000000000000002,0.24,43,58,49
2017,6,25,7,30,0,12,12,5.800000000000001,25.5,932,28.38,72,2,0.24,112,339,211
2017,6,25,8,30,0,23,23,5.6000000000000005,28.200000000000003,932,23.830000000000002,127,1.9000000000000001,0.24,156,522,404
2017,6,25,9,30,0,46,46,4.9,30.3,932,20.13,191,2.4000000000000004,0.24,185,626,587
2017,6,25,10,30,240,372,560,5.2,30.200000000000003,933,20.61,196,3.3000000000000003,0.24,208,684,743
2017,6,25,11,30,712,226,859,7.1000000000000005,29.6,933,24.310000000000002,165,3.2,0.24,226,712,859
2017,6,25,12,30,352,436,770,8.6,31.1,932,24.78,150,2.7,0.24,235,734,932
2017,6,25,13,30,86,474,556,8.700000000000001,34,930,21.1,157,2.8000000000000003,0.24,179,822,971
2017,6,25,14,30,18,305,322,8,35.5,929,18.54,194,3.5,0.24,184,803,929
2017,6,25,15,30,723,205,817,7.9,32.800000000000004,929,21.42,242,5.300000000000001,0.24,205,723,817
2017,6,25,16,30,473,262,605,11.100000000000001,27.700000000000003,931,35.53,207,4.9,0.24,212,625,664
2017,6,25,17,30,511,198,489,13.700000000000001,25.400000000000002,931,48.34,144,2.9000000000000004,0.24,198,511,489
2017,6,25,18,30,96,159,196,13.5,25.5,930,47.46,133,2.6,0.24,165,337,298
2017,6,25,19,30,115,95,118,13.200000000000001,25.1,930,47.62,146,2.2,0.24,95,115,118
2017,6,25,20,30,0,3,3,13.700000000000001,24.3,930,51.550000000000004,138,1.2000000000000002,0.24,3,0,3
2017,6,25,21,30,0,0,0,14.200000000000001,23.700000000000003,931,55.31,80,0.8,0.24,0,0,0
2017,6,25,22,30,0,0,0,14.600000000000001,23.1,931,58.800000000000004,36,0.8,0.24,0,0,0
2017,6,25,23,30,0,0,0,15,22.5,931,62.51,42,0.9,0.24,0,0,0
2017,6,26,0,30,0,0,0,15.100000000000001,22.1,930,64.39,46,0.9,0.24,0,0,0
2017,6,26,1,30,0,0,0,15,20.700000000000003,930,69.82000000000001,60,0.9,0.24,0,0,0
2017,6,26,2,30,0,0,0,14.9,20.1,929,72.16,75,0.8,0.24,0,0,0
2017,6,26,3,30,0,0,0,14.8,19.700000000000003,929,73.52,111,0.7000000000000001,0.24,0,0,0
2017,6,26,4,30,0,0,0,14.700000000000001,19.200000000000003,929,75.31,165,0.7000000000000001,0.24,0,0,0
2017,6,26,5,30,0,0,0,14.700000000000001,19.200000000000003,929,75.11,203,1,0.24,0,0,0
2017,6,26,6,30,124,42,55,14.9,20.6,929,69.72,216,1.9000000000000001,0.24,42,124,55
2017,6,26,7,30,440,94,222,14.8,22.900000000000002,930,60.120000000000005,224,3,0.24,94,440,222
2017,6,26,8,30,633,121,421,13.8,25.3,930,49.03,233,3.8000000000000003,0.24,121,633,421
2017,6,26,9,30,753,135,618,12.3,27.5,930,38.980000000000004,240,4.4,0.24,135,753,618
2017,6,26,10,30,857,125,796,10.3,29.3,930,30.71,243,4.800000000000001,0.24,125,857,796
2017,6,26,11,30,896,130,926,8.3,30.900000000000002,930,24.560000000000002,246,5,0.24,130,896,926
2017,6,26,12,30,917,132,1002,6.6000000000000005,32.2,930,20.25,249,5,0.24,132,917,1002
2017,6,26,13,30,952,114,1030,5,33,929,17.400000000000002,251,5,0.24,114,952,1030
2017,6,26,14,30,949,111,991,3.8000000000000003,33.5,929,15.55,251,4.9,0.24,111,949,991
2017,6,26,15,30,931,106,894,2.8000000000000003,33.5,928,14.42,250,4.800000000000001,0.24,106,931,894
2017,6,26,16,30,868,112,741,1.8,33.2,928,13.67,248,4.6000000000000005,0.24,112,868,741
2017,6,26,17,30,791,104,555,1,32.4,928,13.5,246,4.3,0.24,104,791,555
2017,6,26,18,30,666,90,352,0.4,30.8,928,14.23,243,3.3000000000000003,0.24,90,666,352
2017,6,26,19,30,441,63,155,2,27.5,928,19.22,239,1.9000000000000001,0.24,63,441,155
2017,6,26,20,30,33,13,14,4.9,24.5,928,28.14,234,1.3,0.24,13,33,14
2017,6,26,21,30,0,0,0,4.6000000000000005,23.200000000000003,929,29.8,231,1.3,0.24,0,0,0
2017,6,26,22,30,0,0,0,4.4,22.200000000000003,929,31.19,231,1.4000000000000001,0.24,0,0,0
2017,6,26,23,30,0,0,0,4.3,21,929,33.410000000000004,232,1.7000000000000002,0.24,0,0,0
2017,6,27,0,30,0,0,0,4.1000000000000005,20.5,929,34.1,233,1.8,0.24,0,0,0
2017,6,27,1,30,0,0,0,4.1000000000000005,19.1,928,37.11,234,2.1,0.24,0,0,0
2017,6,27,2,30,0,0,0,4.4,18.1,928,40.33,232,2,0.24,0,0,0
2017,6,27,3,30,0,0,0,4.800000000000001,17.3,928,43.76,231,2,0.24,0,0,0
2017,6,27,4,30,0,0,0,5.300000000000001,16.5,928,47.64,232,1.9000000000000001,0.24,0,0,0
2017,6,27,5,30,0,0,0,5.800000000000001,16.6,928,48.96,233,2,0.24,0,0,0
2017,6,27,6,30,296,34,65,6.4,18.2,929,46.050000000000004,238,2.6,0.24,34,296,65
2017,6,27,7,30,606,66,242,7.2,21,929,40.85,245,3.2,0.24,66,606,242
2017,6,27,8,30,752,87,443,7.7,23.400000000000002,929,36.54,248,3.8000000000000003,0.24,87,752,443
2017,6,27,9,30,423,242,513,7.1000000000000005,24.6,929,32.7,251,4.4,0.24,102,835,638
2017,6,27,10,30,502,288,681,6.800000000000001,25.700000000000003,929,29.87,256,4.800000000000001,0.24,113,888,807
2017,6,27,11,30,376,389,723,6.300000000000001,27.400000000000002,929,26.17,259,5.2,0.24,116,921,934
2017,6,27,12,30,462,424,862,5.300000000000001,29,929,22.28,262,5.6000000000000005,0.24,115,946,1013
2017,6,27,13,30,420,440,844,3.9000000000000004,30.1,928,18.990000000000002,266,5.9,0.24,104,966,1034
2017,6,27,14,30,954,105,991,2.8000000000000003,30.5,928,17.17,270,6.1000000000000005,0.24,105,954,991
2017,6,27,15,30,931,103,891,2.5,30.3,928,16.91,274,6.2,0.24,103,931,891
2017,6,27,16,30,877,104,740,2.8000000000000003,29.700000000000003,927,17.95,278,6.2,0.24,104,877,740
2017,6,27,17,30,811,93,555,3.6,28.6,927,20.19,282,6.2,0.24,93,811,555
2017,6,27,18,30,709,76,356,4.4,27,928,23.48,286,5.9,0.24,76,709,356
2017,6,27,19,30,511,52,159,5.1000000000000005,25,928,27.82,289,5.1000000000000005,0.24,52,511,159
2017,6,27,20,30,83,13,15,6,23.1,929,33.01,292,4.2,0.24,13,83,15
2017,6,27,21,30,0,0,0,6.800000000000001,21.8,929,37.78,293,3.8000000000000003,0.24,0,0,0
2017,6,27,22,30,0,0,0,7.4,20.700000000000003,930,42.29,293,3.6,0.24,0,0,0
2017,6,27,23,30,0,0,0,7.9,19.700000000000003,930,46.46,291,3.4000000000000004,0.24,0,0,0
2017,6,28,0,30,0,0,0,8.200000000000001,19.200000000000003,930,49.06,290,3.3000000000000003,0.24,0,0,0
2017,6,28,1,30,0,0,0,8.6,17.7,930,55.13,285,3.2,0.24,0,0,0
2017,6,28,2,30,0,0,0,9,16.8,930,60.08,281,3,0.24,0,0,0
2017,6,28,3,30,0,0,0,9.5,15.9,930,65.89,276,2.9000000000000004,0.24,0,0,0
2017,6,28,4,30,0,0,0,10.100000000000001,15,930,72.32000000000001,275,2.8000000000000003,0.24,0,0,0
2017,6,28,5,30,0,0,0,10.600000000000001,14.600000000000001,930,76.72,277,3.2,0.24,0,0,0
2017,6,28,6,30,386,29,69,11,15.3,930,75.67,282,4,0.24,29,386,69
2017,6,28,7,30,675,54,249,11,17,930,67.61,285,4.6000000000000005,0.24,54,675,249
2017,6,28,8,30,811,69,451,9.9,19.200000000000003,930,54.68,283,5.1000000000000005,0.24,69,811,451
2017,6,28,9,30,883,79,644,8.5,21.5,930,43.230000000000004,278,5.5,0.24,79,883,644
2017,6,28,10,30,10,209,217,7.9,23.6,930,36.63,272,6,0.24,101,897,802
2017,6,28,11,30,36,368,400,8.4,25.3,929,34.31,268,6.6000000000000005,0.24,102,930,927
2017,6,28,12,30,32,388,419,9.1,26.400000000000002,929,33.5,267,7.2,0.24,102,946,1000
2017,6,28,13,30,892,143,1002,9.3,26.900000000000002,929,33.09,267,7.7,0.24,143,892,1002
2017,6,28,14,30,16,269,284,9.3,27,928,32.92,268,8,0.24,137,886,959
2017,6,28,15,30,98,409,492,9.3,26.8,928,33.36,270,8.1,0.24,121,880,866
2017,6,28,16,30,419,284,587,9.5,26.3,928,34.72,271,8.1,0.24,104,858,726
2017,6,28,17,30,651,134,505,9.700000000000001,25.5,927,36.81,273,7.800000000000001,0.24,90,806,549
2017,6,28,18,30,712,73,354,9.4,24.6,927,38.24,275,7.2,0.24,73,712,354
2017,6,28,19,30,535,50,161,8.700000000000001,23.3,927,39.39,279,6.300000000000001,0.24,50,535,161
2017,6,28,20,30,118,13,16,7.5,21.8,928,39.83,286,5.300000000000001,0.24,13,118,16
2017,6,28,21,30,0,0,0,6.4,20.200000000000003,929,40.730000000000004,292,4.5,0.24,0,0,0
2017,6,28,22,30,0,0,0,5.800000000000001,18.7,929,42.74,294,3.8000000000000003,0.24,0,0,0
2017,6,28,23,30,0,0,0,5.7,17.400000000000002,929,46.19,291,3.1,0.24,0,0,0
2017,6,29,0,30,0,0,0,5.9,16.8,929,48.480000000000004,290,2.8000000000000003,0.24,0,0,0
2017,6,29,1,30,0,0,0,5.9,15.200000000000001,929,53.89,287,2.4000000000000004,0.24,0,0,0
2017,6,29,2,30,0,0,0,5.9,14.200000000000001,929,57.39,288,2.2,0.24,0,0,0
2017,6,29,3,30,0,0,0,5.800000000000001,13.3,929,60.6,290,2,0.24,0,0,0
2017,6,29,4,30,0,0,0,5.800000000000001,12.4,929,64.27,292,1.9000000000000001,0.24,0,0,0
2017,6,29,5,30,0,0,0,5.9,12.3,929,65.11,294,2.2,0.24,0,0,0
2017,6,29,6,30,362,31,68,6.1000000000000005,13.600000000000001,930,60.4,302,2.8000000000000003,0.24,31,362,68
2017,6,29,7,30,664,60,250,5.7,15.9,930,50.870000000000005,302,3.1,0.24,60,664,250
2017,6,29,8,30,806,77,456,5.2,17.900000000000002,930,43.230000000000004,289,3.4000000000000004,0.24,77,806,456
2017,6,29,9,30,888,87,654,4.4,19.8,930,36.39,282,3.9000000000000004,0.24,87,888,654
2017,6,29,10,30,938,93,825,3.2,21.6,930,29.740000000000002,282,4.3,0.24,93,938,825
2017,6,29,11,30,972,95,957,1.7000000000000002,23.200000000000003,930,24.37,284,4.800000000000001,0.24,95,972,957
2017,6,29,12,30,988,96,1033,0.4,24.5,929,20.55,286,5.2,0.24,96,988,1033
2017,6,29,13,30,992,95,1051,-0.5,25.400000000000002,929,18.21,287,5.6000000000000005,0.24,95,992,1051
2017,6,29,14,30,982,96,1008,-1,25.700000000000003,928,17.240000000000002,288,5.800000000000001,0.24,96,982,1008
2017,6,29,15,30,958,94,905,-0.9,25.5,928,17.580000000000002,288,5.9,0.24,94,958,905
2017,6,29,16,30,920,90,757,-0.4,24.900000000000002,928,18.900000000000002,289,6,0.24,90,920,757
2017,6,29,17,30,856,82,570,0.4,23.700000000000003,928,21.48,291,6,0.24,82,856,570
2017,6,29,18,30,281,148,259,1.2000000000000002,22.1,928,25.150000000000002,293,5.800000000000001,0.24,70,750,365
2017,6,29,19,30,377,59,137,2,20.3,929,29.67,296,5.1000000000000005,0.24,50,549,164
2017,6,29,20,30,105,13,16,2.7,18.6,929,34.72,299,4.4,0.24,13,105,16
2017,6,29,21,30,0,0,0,3.4000000000000004,17.6,930,38.660000000000004,302,4,0.24,0,0,0
2017,6,29,22,30,0,0,0,3.7,16.7,931,42.07,302,3.7,0.24,0,0,0
2017,6,29,23,30,0,0,0,3.9000000000000004,15.8,931,45.07,302,3.5,0.24,0,0,0
2017,6,30,0,30,0,0,0,3.9000000000000004,15.4,931,46.19,302,3.4000000000000004,0.24,0,0,0
2017,6,30,1,30,0,0,0,3.8000000000000003,13.8,931,50.75,307,3.1,0.24,0,0,0
2017,6,30,2,30,0,0,0,3.6,12.8,931,53.71,309,2.8000000000000003,0.24,0,0,0
2017,6,30,3,30,0,0,0,3.6,11.8,931,57.2,309,2.2,0.24,0,0,0
2017,6,30,4,30,0,0,0,3.6,10.8,931,61.25,308,1.7000000000000002,0.24,0,0,0
2017,6,30,5,30,0,0,0,3.7,10.700000000000001,932,62.15,310,1.9000000000000001,0.24,0,0,0
2017,6,30,6,30,353,30,66,3.9000000000000004,12,932,57.78,328,2.7,0.24,30,353,66
2017,6,30,7,30,662,58,247,4.2,14.200000000000001,933,50.82,347,2.9000000000000004,0.24,58,662,247
2017,6,30,8,30,803,74,451,4,16.400000000000002,933,43.61,349,2.6,0.24,74,803,451
2017,6,30,9,30,884,83,648,3.6,18.5,933,37.07,344,2.5,0.24,83,884,648
2017,6,30,10,30,935,89,818,2.9000000000000004,20.400000000000002,933,31.39,340,2.5,0.24,89,935,818
2017,6,30,11,30,963,92,945,2,22.1,933,26.63,336,2.7,0.24,92,963,945
2017,6,30,12,30,978,94,1020,1.2000000000000002,23.5,933,23.06,333,2.8000000000000003,0.24,94,978,1020
2017,6,30,13,30,978,96,1037,0.5,24.5,933,20.61,333,3,0.24,96,978,1037
2017,6,30,14,30,969,94,993,-0.1,25.200000000000003,932,18.98,334,3.1,0.24,94,969,993
2017,6,30,15,30,952,89,895,-0.4,25.400000000000002,932,18.27,336,3.2,0.24,89,952,895
2017,6,30,16,30,919,83,749,-0.6000000000000001,25.1,932,18.37,338,3.3000000000000003,0.24,83,919,749
2017,6,30,17,30,865,74,568,-0.6000000000000001,24.5,932,18.990000000000002,341,3.3000000000000003,0.24,74,865,568
2017,6,30,18,30,767,62,364,-0.5,23.400000000000002,933,20.46,345,3.1,0.24,62,767,364
2017,6,30,19,30,501,48,152,-0.2,21.1,933,24.080000000000002,350,2.1,0.24,44,583,166
2017,6,30,20,30,111,8,11,1.6,18.5,934,32.26,178,1.3,0.24,12,149,16
2017,6,30,21,30,0,0,0,2.1,17.2,934,36.160000000000004,7,1.4000000000000001,0.24,0,0,0
2017,6,30,22,30,0,0,0,2.4000000000000004,16.5,935,38.72,16,1.7000000000000002,0.24,0,0,0
2017,6,30,23,30,0,0,0,2.9000000000000004,15.9,935,41.74,26,2,0.24,0,0,0
2017,7,1,0,30,0,0,0,3.5,15.600000000000001,934,44.33,31,2.1,0.24,0,0,0
2017,7,1,1,30,0,0,0,4,14.600000000000001,934,49.03,40,2.2,0.24,0,0,0
2017,7,1,2,30,0,0,0,4.4,13.9,934,52.800000000000004,41,2.1,0.24,0,0,0
2017,7,1,3,30,0,0,0,4.800000000000001,13.5,935,55.61,38,2.2,0.24,0,0,0
2017,7,1,4,30,0,0,0,5.2,13.100000000000001,935,58.61,34,2.4000000000000004,0.24,0,0,0
2017,7,1,5,30,0,0,0,5.6000000000000005,13.3,936,59.58,32,3,0.24,0,0,0
2017,7,1,6,30,348,29,64,6,14.8,936,55.72,29,3.9000000000000004,0.24,29,348,64
2017,7,1,7,30,110,109,140,6.7,17.400000000000002,936,49.28,30,4.5,0.24,58,644,241
2017,7,1,8,30,785,76,443,6.800000000000001,19.900000000000002,937,42.63,32,4.5,0.24,76,785,443
2017,7,1,9,30,863,88,638,6.300000000000001,21.700000000000003,937,36.86,32,4.1000000000000005,0.24,88,863,638
2017,7,1,10,30,910,97,806,5.7,23.1,937,32.36,29,3.7,0.24,97,910,806
2017,7,1,11,30,942,102,936,4.800000000000001,24.400000000000002,937,28.23,27,3.5,0.24,102,942,936
2017,7,1,12,30,957,105,1011,3.9000000000000004,25.5,937,24.77,25,3.4000000000000004,0.24,105,957,1011
2017,7,1,13,30,962,104,1030,2.9000000000000004,26.3,937,22.01,23,3.4000000000000004,0.24,104,962,1030
2017,7,1,14,30,961,100,992,1.9000000000000001,26.700000000000003,936,20.03,20,3.5,0.24,100,961,992
2017,7,1,15,30,945,94,895,0.9,26.700000000000003,936,18.71,18,3.6,0.24,94,945,895
2017,7,1,16,30,917,87,752,0,26.3,936,17.84,17,3.7,0.24,87,917,752
2017,7,1,17,30,871,76,573,-1,25.5,936,17.46,18,3.8000000000000003,0.24,76,871,573
2017,7,1,18,30,782,62,371,-1.7000000000000002,24.200000000000003,936,17.86,19,3.7,0.24,62,782,371
2017,7,1,19,30,606,44,170,-2,21.6,937,20.52,20,2.6,0.24,44,606,170
2017,7,1,20,30,172,12,17,-0.5,18.7,937,27.45,22,1.6,0.24,12,172,17
2017,7,1,21,30,0,0,0,0,17.3,938,31.1,25,1.6,0.24,0,0,0
2017,7,1,22,30,0,0,0,0.6000000000000001,16.5,938,34.07,29,1.6,0.24,0,0,0
2017,7,1,23,30,0,0,0,1.4000000000000001,15.9,939,37.61,33,1.9000000000000001,0.24,0,0,0
2017,7,2,0,30,0,0,0,2.4000000000000004,15.700000000000001,939,40.65,35,2,0.24,0,0,0
2017,7,2,1,30,0,0,0,3.3000000000000003,14.9,939,45.63,41,2.5,0.24,0,0,0
2017,7,2,2,30,0,0,0,4.1000000000000005,14.4,938,49.910000000000004,47,2.8000000000000003,0.24,0,0,0
2017,7,2,3,30,0,0,0,4.800000000000001,13.8,938,54.75,51,2.9000000000000004,0.24,0,0,0
2017,7,2,4,30,0,0,0,5.5,13.200000000000001,938,59.52,53,2.9000000000000004,0.24,0,0,0
2017,7,2,5,30,0,0,0,6.1000000000000005,13.100000000000001,939,62.32,53,3.2,0.24,0,0,0
2017,7,2,6,30,382,28,65,6.6000000000000005,14.700000000000001,939,58.18,52,3.7,0.24,28,382,65
2017,7,2,7,30,679,53,246,7.1000000000000005,18,939,48.77,52,3.9000000000000004,0.24,53,679,246
2017,7,2,8,30,816,68,450,6.7,21.700000000000003,939,37.72,53,3.9000000000000004,0.24,68,816,450
2017,7,2,9,30,891,79,646,5,24.5,939,28.400000000000002,53,3.7,0.24,79,891,646
2017,7,2,10,30,935,86,814,3.9000000000000004,26.5,939,23.43,53,3.5,0.24,86,935,814
2017,7,2,11,30,958,91,939,3.2,28.200000000000003,938,20.18,51,3.4000000000000004,0.24,91,958,939
2017,7,2,12,30,972,94,1014,2.8000000000000003,29.6,938,18.03,48,3.3000000000000003,0.24,94,972,1014
2017,7,2,13,30,974,95,1032,2.5,30.700000000000003,937,16.57,44,3.4000000000000004,0.24,95,974,1032
2017,7,2,14,30,968,93,991,2.3000000000000003,31.400000000000002,937,15.72,41,3.5,0.24,93,968,991
2017,7,2,15,30,949,88,891,2.2,31.700000000000003,936,15.290000000000001,39,3.6,0.24,88,949,891
2017,7,2,16,30,917,82,747,2.1,31.5,936,15.38,37,3.8000000000000003,0.24,82,917,747
2017,7,2,17,30,864,73,566,2.1,30.8,936,16.01,37,3.8000000000000003,0.24,73,864,566
2017,7,2,18,30,773,61,366,2.1,29.400000000000002,936,17.39,38,3.3000000000000003,0.24,61,773,366
2017,7,2,19,30,597,43,167,2.8000000000000003,26.3,936,21.84,39,2.2,0.24,43,597,167
2017,7,2,20,30,171,12,17,4.2,23.200000000000003,936,29.09,43,1.5,0.24,12,171,17
2017,7,2,21,30,0,0,0,4.3,21.6,937,32.25,54,1.5,0.24,0,0,0
2017,7,2,22,30,0,0,0,4.7,20.6,937,35.21,69,1.5,0.24,0,0,0
2017,7,2,23,30,0,0,0,5.4,19.6,937,39.39,87,1.5,0.24,0,0,0
2017,7,3,0,30,0,0,0,6.4,19.1,937,43.49,96,1.5,0.24,0,0,0
2017,7,3,1,30,0,0,0,7.4,17.7,937,50.86,108,1.4000000000000001,0.24,0,0,0
2017,7,3,2,30,0,0,0,8.200000000000001,16.900000000000002,937,56.56,106,1.4000000000000001,0.24,0,0,0
2017,7,3,3,30,0,0,0,8.8,16.3,937,60.97,100,1.5,0.24,0,0,0
2017,7,3,4,30,0,0,0,9.1,15.8,937,64.45,94,1.6,0.24,0,0,0
2017,7,3,5,30,0,0,0,9.4,16.2,937,63.96,92,2.2,0.24,0,0,0
2017,7,3,6,30,378,27,64,9.600000000000001,18.2,938,57.19,89,3,0.24,27,378,64
2017,7,3,7,30,676,52,243,9.700000000000001,21.700000000000003,938,46.35,96,3.6,0.24,52,676,243
2017,7,3,8,30,813,67,446,8.5,25.5,938,34.03,104,3.9000000000000004,0.24,67,813,446
2017,7,3,9,30,892,77,643,6.4,28.400000000000002,937,24.900000000000002,102,3.9000000000000004,0.24,77,892,643
2017,7,3,10,30,937,83,812,5.2,30.400000000000002,937,20.41,99,3.9000000000000004,0.24,83,937,812
2017,7,3,11,30,964,87,939,4.3,32.2,937,17.34,99,3.8000000000000003,0.24,87,964,939
2017,7,3,12,30,977,90,1015,3.6,33.5,936,15.27,100,3.7,0.24,90,977,1015
2017,7,3,13,30,970,100,1033,2.9000000000000004,34.5,935,13.77,102,3.6,0.24,100,970,1033
2017,7,3,14,30,962,100,992,2.4000000000000004,35.1,935,12.82,106,3.7,0.24,100,962,992
2017,7,3,15,30,942,96,894,2,35.1,934,12.46,109,3.7,0.24,96,942,894
2017,7,3,16,30,897,95,746,1.8,34.6,934,12.69,112,3.8000000000000003,0.24,95,897,746
2017,7,3,17,30,835,85,562,1.9000000000000001,33.6,934,13.530000000000001,114,3.9000000000000004,0.24,85,835,562
2017,7,3,18,30,734,71,360,2.3000000000000003,31.8,934,15.34,116,3.9000000000000004,0.24,71,734,360
2017,7,3,19,30,539,50,162,3.2,28.700000000000003,934,19.56,117,3.5,0.24,50,539,162
2017,7,3,20,30,93,13,15,4.6000000000000005,25.6,935,25.89,122,3.4000000000000004,0.24,13,93,15
2017,7,3,21,30,0,0,0,5.6000000000000005,23.6,935,31.26,128,3.5,0.24,0,0,0
2017,7,3,22,30,0,0,0,6.4,22,935,36.43,136,2.9000000000000004,0.24,0,0,0
2017,7,3,23,30,0,0,0,6.9,20.5,935,41.27,142,2.3000000000000003,0.24,0,0,0
2017,7,4,0,30,0,0,0,7.2,19.8,935,44,144,2,0.24,0,0,0
2017,7,4,1,30,0,0,0,7.4,18,935,49.910000000000004,134,1.5,0.24,0,0,0
2017,7,4,2,30,0,0,0,7.4,17.1,934,52.97,123,1.5,0.24,0,0,0
2017,7,4,3,30,0,0,0,7.300000000000001,16.3,934,55.06,114,1.5,0.24,0,0,0
2017,7,4,4,30,0,0,0,6.800000000000001,15.600000000000001,934,55.76,108,1.7000000000000002,0.24,0,0,0
2017,7,4,5,30,0,0,0,6.2,15.9,934,52.42,107,2.2,0.24,0,0,0
2017,7,4,6,30,340,29,61,5.5,17.7,934,44.64,108,3,0.24,29,340,61
2017,7,4,7,30,657,57,242,4.9,21.200000000000003,934,34.42,119,3.6,0.24,57,657,242
2017,7,4,8,30,801,75,447,3.8000000000000003,25.400000000000002,934,24.69,138,3.9000000000000004,0.24,75,801,447
2017,7,4,9,30,879,87,644,2.2,28.900000000000002,934,18.04,156,3.7,0.24,87,879,644
2017,7,4,10,30,921,96,811,1.4000000000000001,31.5,933,14.66,173,3.3000000000000003,0.24,96,921,811
2017,7,4,11,30,948,103,939,1.1,33.5,933,12.8,190,3,0.24,103,948,939
2017,7,4,12,30,961,106,1016,0.9,35.1,933,11.56,208,2.8000000000000003,0.24,106,961,1016
2017,7,4,13,30,961,109,1033,0.7000000000000001,36.1,932,10.77,223,2.7,0.24,109,961,1033
2017,7,4,14,30,947,111,988,0.5,36.7,932,10.24,235,2.8000000000000003,0.24,111,947,988
2017,7,4,15,30,922,109,889,0.30000000000000004,36.800000000000004,931,10.06,241,3,0.24,109,922,889
2017,7,4,16,30,876,105,740,0.30000000000000004,36.4,931,10.28,242,3.3000000000000003,0.24,105,876,740
2017,7,4,17,30,805,97,556,0.4,35.4,930,10.98,242,3.4000000000000004,0.24,97,805,556
2017,7,4,18,30,684,83,353,0.7000000000000001,33.5,930,12.450000000000001,241,2.9000000000000004,0.24,83,684,353
2017,7,4,19,30,466,58,155,2.9000000000000004,30,931,17.77,239,1.9000000000000001,0.24,58,466,155
2017,7,4,20,30,42,12,13,4.2,26.700000000000003,931,23.56,235,1.5,0.24,12,42,13
2017,7,4,21,30,0,0,0,4.6000000000000005,25.1,932,26.73,232,1.7000000000000002,0.24,0,0,0
2017,7,4,22,30,0,0,0,5.7,23.8,932,31.04,230,1.8,0.24,0,0,0
2017,7,4,23,30,0,0,0,7.1000000000000005,22.6,933,36.86,229,1.8,0.24,0,0,0
2017,7,5,0,30,0,0,0,8.6,22.1,933,41.99,230,1.8,0.24,0,0,0
2017,7,5,1,30,0,0,0,9.700000000000001,20.5,933,49.99,240,1.4000000000000001,0.24,0,0,0
2017,7,5,2,30,0,0,0,10.5,19.5,933,56.03,248,1.1,0.24,0,0,0
2017,7,5,3,30,0,0,0,11.100000000000001,18.900000000000002,933,60.480000000000004,253,0.8,0.24,0,0,0
2017,7,5,4,30,0,0,0,11.5,18.5,933,63.59,156,0.6000000000000001,0.24,0,0,0
2017,7,5,5,30,0,0,0,11.700000000000001,18.6,933,63.99,63,0.6000000000000001,0.24,0,0,0
2017,7,5,6,30,159,35,50,11.700000000000001,20,933,58.84,66,1,0.24,35,159,50
2017,7,5,7,30,493,80,218,11.5,22.700000000000003,933,49.22,67,1.3,0.24,80,493,218
2017,7,5,8,30,665,107,415,10.700000000000001,25.8,933,38.660000000000004,91,1.5,0.24,107,665,415
2017,7,5,9,30,754,129,607,9.600000000000001,28.8,932,30.16,141,1.7000000000000002,0.24,129,754,607
2017,7,5,10,30,774,163,763,8.9,31.400000000000002,932,24.79,191,2.1,0.24,163,774,763
2017,7,5,11,30,780,192,880,8.5,33.5,932,21.46,217,2.7,0.24,192,780,880
2017,7,5,12,30,769,217,943,8.200000000000001,34.9,931,19.41,225,3.5,0.24,217,769,943
2017,7,5,13,30,479,425,885,8.1,35.9,931,18.21,229,4.1000000000000005,0.24,156,859,981
2017,7,5,14,30,823,171,934,8.200000000000001,36.2,930,18.11,231,4.5,0.24,171,823,934
2017,7,5,15,30,756,187,826,8.6,35.9,930,18.91,233,4.7,0.24,187,756,826
2017,7,5,16,30,652,199,671,9.1,35.1,930,20.490000000000002,234,4.7,0.24,199,652,671
2017,7,5,17,30,0,142,142,9.700000000000001,33.6,930,23.06,234,4.9,0.24,192,519,488
2017,7,5,18,30,126,160,210,10.4,31.5,931,27.330000000000002,232,4.3,0.24,167,318,292
2017,7,5,19,30,0,16,16,11.4,29.400000000000002,931,32.8,219,2.8000000000000003,0.24,93,99,114
2017,7,5,20,30,0,2,2,12.600000000000001,27.6,932,39.550000000000004,197,2.2,0.24,2,0,2
2017,7,5,21,30,0,0,0,13.4,26.400000000000002,932,44.800000000000004,182,2.8000000000000003,0.24,0,0,0
2017,7,5,22,30,0,0,0,14,25.3,933,49.53,181,3.2,0.24,0,0,0
2017,7,5,23,30,0,0,0,14.5,24.1,933,55.15,176,2.6,0.24,0,0,0
2017,7,6,0,30,0,0,0,15.200000000000001,23.400000000000002,933,59.99,169,2,0.24,0,0,0
2017,7,6,1,30,0,0,0,15.700000000000001,22,933,67.34,156,2.1,0.24,0,0,0
2017,7,6,2,30,0,0,0,16.2,21.3,934,72.48,156,3,0.24,0,0,0
2017,7,6,3,30,0,0,0,16.6,20.8,934,76.66,123,3.1,0.24,0,0,0
2017,7,6,4,30,0,0,0,16.7,20.700000000000003,933,77.66,104,3.1,0.24,0,0,0
2017,7,6,5,30,0,0,0,16.5,20.8,932,76.54,104,3.3000000000000003,0.24,0,0,0
2017,7,6,6,30,0,4,4,16.2,21.3,932,72.60000000000001,110,3.5,0.24,27,8,28
2017,7,6,7,30,45,102,115,15.700000000000001,22.900000000000002,932,64.01,137,4,0.24,127,175,176
2017,7,6,8,30,0,22,22,14.600000000000001,25.200000000000003,932,51.75,179,4.9,0.24,189,366,359
2017,7,6,9,30,0,84,84,13.8,27,932,44.24,206,5.4,0.24,226,503,543
2017,7,6,10,30,44,327,361,13.8,28.1,932,41.5,217,5.6000000000000005,0.24,253,582,704
2017,7,6,11,30,30,350,377,14.100000000000001,28.900000000000002,932,40.51,221,5.5,0.24,277,626,829
2017,7,6,12,30,408,416,802,14.200000000000001,29,932,40.480000000000004,223,5.1000000000000005,0.24,291,639,895
2017,7,6,13,30,260,479,729,14,29.200000000000003,932,39.35,223,4.4,0.24,371,539,889
2017,7,6,14,30,276,454,709,13.600000000000001,29.8,932,37.17,220,3.7,0.24,368,520,850
2017,7,6,15,30,30,333,358,13.200000000000001,30.700000000000003,931,34.35,218,3.3000000000000003,0.24,340,498,761
2017,7,6,16,30,34,288,313,12.600000000000001,31.1,931,32.35,220,3.2,0.24,295,464,631
2017,7,6,17,30,70,242,282,12.100000000000001,30.8,930,31.71,228,3.2,0.24,243,392,466
2017,7,6,18,30,0,113,113,12,29.5,931,33.94,238,2.9000000000000004,0.24,179,270,285
2017,7,6,19,30,10,70,72,13.100000000000001,27.400000000000002,931,41.28,248,2.1,0.24,93,99,113
2017,7,6,20,30,0,2,2,14.100000000000001,25.3,932,50.050000000000004,254,1.6,0.24,2,0,2
2017,7,6,21,30,0,0,0,14.3,24.1,932,54.230000000000004,253,1.6,0.24,0,0,0
2017,7,6,22,30,0,0,0,14.200000000000001,23,933,57.74,250,1.6,0.24,0,0,0
2017,7,6,23,30,0,0,0,14.100000000000001,22,933,60.81,246,1.6,0.24,0,0,0
2017,7,7,0,30,0,0,0,13.9,21.5,933,62.13,244,1.6,0.24,0,0,0
2017,7,7,1,30,0,0,0,13.700000000000001,20.400000000000002,933,65.32000000000001,246,1.2000000000000002,0.24,0,0,0
2017,7,7,2,30,0,0,0,13.3,19.700000000000003,933,66.72,260,1,0.24,0,0,0
2017,7,7,3,30,0,0,0,12.9,19,933,67.92,273,0.9,0.24,0,0,0
2017,7,7,4,30,0,0,0,12.5,18.3,932,68.99,283,0.9,0.24,0,0,0
2017,7,7,5,30,0,0,0,12.100000000000001,18.3,932,67.25,294,1.1,0.24,0,0,0
2017,7,7,6,30,0,16,16,11.8,19.400000000000002,932,61.45,297,1.6,0.24,35,49,39
2017,7,7,7,30,0,57,57,11.4,21.5,932,52.47,273,1.9000000000000001,0.24,108,303,192
2017,7,7,8,30,0,23,23,11.100000000000001,23.5,933,45.51,241,2.3000000000000003,0.24,158,478,378
2017,7,7,9,30,138,287,374,10.8,25.1,932,40.76,226,3.1,0.24,190,591,563
2017,7,7,10,30,427,305,635,10.8,26.3,932,37.77,222,3.7,0.24,217,662,729
2017,7,7,11,30,15,260,273,10.9,26.900000000000002,932,36.78,224,3.9000000000000004,0.24,232,706,853
2017,7,7,12,30,26,362,386,11.100000000000001,27,932,37.09,230,3.9000000000000004,0.24,237,738,934
2017,7,7,13,30,347,444,777,11.3,27.1,931,37.22,237,4,0.24,212,777,958
2017,7,7,14,30,418,402,789,11.200000000000001,27,931,37.4,241,4.1000000000000005,0.24,218,755,917
2017,7,7,15,30,397,356,692,10.8,26.8,931,36.660000000000004,242,4.1000000000000005,0.24,196,744,826
2017,7,7,16,30,292,325,536,9.600000000000001,26.700000000000003,931,34.13,242,4,0.24,167,726,693
2017,7,7,17,30,369,220,430,8,26.5,931,30.970000000000002,243,3.8000000000000003,0.24,132,692,526
2017,7,7,18,30,619,95,337,6.4,25.400000000000002,931,29.71,247,3.3000000000000003,0.24,95,619,337
2017,7,7,19,30,452,57,150,7.2,23,931,36.24,255,2.2,0.24,57,452,150
2017,7,7,20,30,65,11,13,9.200000000000001,20.3,932,48.84,272,1.4000000000000001,0.24,11,65,13
2017,7,7,21,30,0,0,0,9,18.900000000000002,933,52.78,289,1.4000000000000001,0.24,0,0,0
2017,7,7,22,30,0,0,0,9.3,17.900000000000002,933,56.99,300,1.2000000000000002,0.24,0,0,0
2017,7,7,23,30,0,0,0,9.5,17,933,61.26,306,1.1,0.24,0,0,0
2017,7,8,0,30,0,0,0,9.600000000000001,16.6,933,63.4,308,1,0.24,0,0,0
2017,7,8,1,30,0,0,0,9.5,15.700000000000001,933,66.66,306,0.9,0.24,0,0,0
2017,7,8,2,30,0,0,0,9.200000000000001,15.3,932,67.03,301,0.9,0.24,0,0,0
2017,7,8,3,30,0,0,0,8.8,15,932,66.58,289,0.8,0.24,0,0,0
2017,7,8,4,30,0,0,0,8.3,14.8,932,65.24,267,0.8,0.24,0,0,0
2017,7,8,5,30,0,0,0,7.9,15,932,62.45,240,0.8,0.24,0,0,0
2017,7,8,6,30,222,30,50,8.3,16.400000000000002,933,58.64,229,1.3,0.24,30,222,50
2017,7,8,7,30,524,72,216,7.9,19.3,933,47.59,237,2.2,0.24,72,524,216
2017,7,8,8,30,665,104,409,7.800000000000001,22.3,933,39.42,246,2.8000000000000003,0.24,104,665,409
2017,7,8,9,30,231,281,426,8.200000000000001,24.3,933,35.88,246,3.2,0.24,129,740,595
2017,7,8,10,30,32,305,330,9.1,25.6,933,35.15,247,3.6,0.24,151,784,757
2017,7,8,11,30,36,365,398,9.8,26.3,933,35.49,250,4,0.24,170,806,878
2017,7,8,12,30,92,465,551,10.600000000000001,26.6,933,36.730000000000004,256,4.3,0.24,185,810,948
2017,7,8,13,30,15,264,278,11.4,26.8,933,38.22,263,4.6000000000000005,0.24,145,871,981
2017,7,8,14,30,15,260,274,12.100000000000001,26.8,932,40.06,270,4.800000000000001,0.24,142,864,941
2017,7,8,15,30,106,410,499,12.5,26.700000000000003,932,41.49,275,4.7,0.24,138,839,846
2017,7,8,16,30,149,342,450,12.8,26.5,932,42.65,279,4.5,0.24,138,778,701
2017,7,8,17,30,393,214,438,12.9,25.900000000000002,932,44.42,285,4.2,0.24,118,716,526
2017,7,8,18,30,520,106,309,12.8,25,932,46.79,292,3.4000000000000004,0.24,94,614,334
2017,7,8,19,30,335,61,130,13,23.400000000000002,932,51.980000000000004,299,2.1,0.24,61,418,146
2017,7,8,20,30,44,11,12,14.200000000000001,21.700000000000003,933,62.27,303,1.1,0.24,11,44,12
2017,7,8,21,30,0,0,0,14,20.900000000000002,933,64.63,304,0.9,0.24,0,0,0
2017,7,8,22,30,0,0,0,13.5,20.5,933,64.31,300,0.9,0.24,0,0,0
2017,7,8,23,30,0,0,0,12.9,20.1,933,63.27,295,0.9,0.24,0,0,0
2017,7,9,0,30,0,0,0,12.5,19.900000000000002,933,62.24,293,1,0.24,0,0,0
2017,7,9,1,30,0,0,0,12.100000000000001,19.200000000000003,933,63.49,293,1,0.24,0,0,0
2017,7,9,2,30,0,0,0,11.8,18.8,932,63.7,295,1,0.24,0,0,0
2017,7,9,3,30,0,0,0,11.600000000000001,18.400000000000002,932,64.5,294,0.9,0.24,0,0,0
2017,7,9,4,30,0,0,0,11.5,17.900000000000002,932,66.16,288,0.9,0.24,0,0,0
2017,7,9,5,30,0,0,0,11.5,17.8,933,66.57000000000001,278,0.8,0.24,0,0,0
2017,7,9,6,30,226,30,49,11.9,19,933,63.440000000000005,264,1,0.24,30,226,49
2017,7,9,7,30,558,66,219,12,21.8,933,53.620000000000005,261,1.4000000000000001,0.24,66,558,219
2017,7,9,8,30,719,88,417,11.700000000000001,24.900000000000002,933,43.660000000000004,264,1.7000000000000002,0.24,88,719,417
2017,7,9,9,30,808,103,610,11,27.200000000000003,933,36.4,262,1.8,0.24,103,808,610
2017,7,9,10,30,861,113,778,10.5,28.900000000000002,933,31.94,261,1.9000000000000001,0.24,113,861,778
2017,7,9,11,30,893,121,905,10.100000000000001,30.5,933,28.37,261,2,0.24,121,893,905
2017,7,9,12,30,908,125,981,9.8,31.8,932,25.740000000000002,262,2.2,0.24,125,908,981
2017,7,9,13,30,923,118,1003,9.600000000000001,32.7,932,24.12,264,2.4000000000000004,0.24,118,923,1003
2017,7,9,14,30,389,405,765,9.4,33.300000000000004,931,23.06,265,2.6,0.24,117,914,962
2017,7,9,15,30,305,395,652,9.3,33.4,931,22.73,266,2.7,0.24,113,892,866
2017,7,9,16,30,854,106,723,9.1,33.2,930,22.740000000000002,267,2.9000000000000004,0.24,106,854,723
2017,7,9,17,30,791,94,544,9,32.5,930,23.46,268,3,0.24,94,791,544
2017,7,9,18,30,683,78,345,8.9,31,930,25.47,270,2.6,0.24,78,683,345
2017,7,9,19,30,117,74,97,10.4,28.1,930,33.230000000000004,273,1.8,0.24,53,480,151
2017,7,9,20,30,61,11,12,12,25.200000000000003,930,43.63,278,1.3,0.24,11,61,12
2017,7,9,21,30,0,0,0,11.600000000000001,23.8,931,46.21,285,1.3,0.24,0,0,0
2017,7,9,22,30,0,0,0,11.4,22.700000000000003,931,48.72,292,1.3,0.24,0,0,0
2017,7,9,23,30,0,0,0,11.200000000000001,21.900000000000002,931,50.72,299,1.3,0.24,0,0,0
2017,7,10,0,30,0,0,0,11.100000000000001,21.400000000000002,931,51.76,303,1.3,0.24,0,0,0
2017,7,10,1,30,0,0,0,10.8,20.3,931,54.550000000000004,314,1.2000000000000002,0.24,0,0,0
2017,7,10,2,30,0,0,0,10.600000000000001,19.700000000000003,931,55.730000000000004,320,1,0.24,0,0,0
2017,7,10,3,30,0,0,0,10.4,19.200000000000003,931,56.660000000000004,324,0.8,0.24,0,0,0
2017,7,10,4,30,0,0,0,10.4,18.7,931,58.32,327,0.7000000000000001,0.24,0,0,0
2017,7,10,5,30,0,0,0,10.4,18.5,931,59.300000000000004,333,0.7000000000000001,0.24,0,0,0
2017,7,10,6,30,252,28,50,10.9,19.6,931,57.11,347,0.7000000000000001,0.24,28,252,50
2017,7,10,7,30,582,63,221,10.700000000000001,22.8,931,46.480000000000004,300,0.9,0.24,63,582,221
2017,7,10,8,30,745,83,423,9.700000000000001,26.700000000000003,931,34.39,233,1.6,0.24,83,745,423
2017,7,10,9,30,837,96,620,9.1,29.400000000000002,931,28.27,220,2.5,0.24,96,837,620
2017,7,10,10,30,891,104,791,8.9,31.200000000000003,931,25.09,215,3,0.24,104,891,791
2017,7,10,11,30,927,108,922,8.3,32.800000000000004,930,21.94,215,3.3000000000000003,0.24,108,927,922
2017,7,10,12,30,945,110,1000,7.300000000000001,34.2,930,19.05,221,3.4000000000000004,0.24,110,945,1000
2017,7,10,13,30,946,113,1019,6.300000000000001,35.1,929,16.93,231,3.5,0.24,113,946,1019
2017,7,10,14,30,937,111,978,5.4,35.7,929,15.370000000000001,239,3.6,0.24,111,937,978
2017,7,10,15,30,920,107,884,4.6000000000000005,35.7,929,14.530000000000001,245,3.7,0.24,107,920,884
2017,7,10,16,30,876,104,737,3.9000000000000004,35.300000000000004,928,14.13,249,3.7,0.24,104,876,737
2017,7,10,17,30,816,92,555,3.4000000000000004,34.300000000000004,928,14.46,253,3.6,0.24,92,816,555
2017,7,10,18,30,712,76,353,3.2,32.4,928,15.8,257,2.8000000000000003,0.24,76,712,353
2017,7,10,19,30,510,52,155,5.5,28.700000000000003,929,22.92,267,1.7000000000000002,0.24,52,510,155
2017,7,10,20,30,69,11,12,7.2,25.400000000000002,929,31.38,284,1.4000000000000001,0.24,11,69,12
2017,7,10,21,30,0,0,0,6.9,23.8,930,33.77,307,1.4000000000000001,0.24,0,0,0
2017,7,10,22,30,0,0,0,6.800000000000001,22.5,931,36.22,330,1.3,0.24,0,0,0
2017,7,10,23,30,0,0,0,6.7,21.5,931,38.29,171,1.2000000000000002,0.24,0,0,0
2017,7,11,0,30,0,0,0,6.7,21,931,39.52,1,1.1,0.24,0,0,0
2017,7,11,1,30,0,0,0,6.800000000000001,20.400000000000002,931,41.2,32,1,0.24,0,0,0
2017,7,11,2,30,0,0,0,6.7,20.5,931,40.6,60,0.8,0.24,0,0,0
2017,7,11,3,30,0,0,0,6.6000000000000005,20.5,931,40.37,96,0.7000000000000001,0.24,0,0,0
2017,7,11,4,30,0,0,0,6.6000000000000005,20.200000000000003,931,41.22,125,0.6000000000000001,0.24,0,0,0
2017,7,11,5,30,0,0,0,6.6000000000000005,19.900000000000002,931,41.88,138,0.6000000000000001,0.24,0,0,0
2017,7,11,6,30,281,27,50,7.2,20.900000000000002,932,41.21,131,0.7000000000000001,0.24,27,281,50
2017,7,11,7,30,617,59,225,6.9,23.700000000000003,932,33.89,116,0.6000000000000001,0.24,59,617,225
2017,7,11,8,30,771,78,429,5.4,27.700000000000003,933,24.25,169,0.8,0.24,78,771,429
2017,7,11,9,30,855,92,626,4,30.900000000000002,933,18.18,231,1.5,0.24,92,855,626
2017,7,11,10,30,904,102,797,4.4,32.9,933,16.76,234,2,0.24,102,904,797
2017,7,11,11,30,932,109,926,4.4,34.5,932,15.33,240,2.5,0.24,109,932,926
2017,7,11,12,30,942,114,1000,4.1000000000000005,35.9,932,13.9,245,2.9000000000000004,0.24,114,942,1000
2017,7,11,13,30,946,115,1020,3.6,36.9,932,12.71,248,3.3000000000000003,0.24,115,946,1020
2017,7,11,14,30,927,118,975,3.1,37.5,932,11.870000000000001,251,3.6,0.24,118,927,975
2017,7,11,15,30,901,117,877,2.7,37.7,931,11.38,253,3.8000000000000003,0.24,117,901,877
2017,7,11,16,30,862,111,733,2.3000000000000003,37.300000000000004,931,11.28,257,3.9000000000000004,0.24,111,862,733
2017,7,11,17,30,797,99,551,1.9000000000000001,36.300000000000004,931,11.63,261,3.7,0.24,99,797,551
2017,7,11,18,30,689,81,350,1.8,34.2,932,12.92,267,2.8000000000000003,0.24,81,689,350
2017,7,11,19,30,484,55,152,4.7,30.3,932,19.740000000000002,278,1.6,0.24,55,484,152
2017,7,11,20,30,49,10,11,6.1000000000000005,27,933,26.490000000000002,293,1.2000000000000002,0.24,10,49,11
2017,7,11,21,30,0,0,0,5.6000000000000005,25.8,934,27.36,311,1.2000000000000002,0.24,0,0,0
2017,7,11,22,30,0,0,0,5.1000000000000005,25.3,934,27.27,334,1.1,0.24,0,0,0
2017,7,11,23,30,0,0,0,4.6000000000000005,24.900000000000002,934,26.88,182,1.1,0.24,0,0,0
2017,7,12,0,30,0,0,0,4.1000000000000005,24.700000000000003,934,26.29,17,1,0.24,0,0,0
2017,7,12,1,30,0,0,0,3.8000000000000003,24,934,26.95,61,0.9,0.24,0,0,0
2017,7,12,2,30,0,0,0,3.7,23.6,934,27.3,85,0.9,0.24,0,0,0
2017,7,12,3,30,0,0,0,3.7,22.900000000000002,934,28.490000000000002,106,0.9,0.24,0,0,0
2017,7,12,4,30,0,0,0,4,22.1,934,30.53,125,1,0.24,0,0,0
2017,7,12,5,30,0,0,0,4.3,21.700000000000003,935,31.94,140,1,0.24,0,0,0
2017,7,12,6,30,160,32,45,5.300000000000001,23.1,935,31.51,150,1.2000000000000002,0.24,32,160,45
2017,7,12,7,30,493,80,212,6.2,26.1,935,27.97,159,1.4000000000000001,0.24,80,493,212
2017,7,12,8,30,661,111,411,4.4,30.1,936,19.68,199,1.6,0.24,111,661,411
2017,7,12,9,30,761,132,607,1.9000000000000001,33.7,936,13.39,242,2.3000000000000003,0.24,132,761,607
2017,7,12,10,30,856,128,786,2.3000000000000003,36,936,12.13,252,3,0.24,128,856,786
2017,7,12,11,30,883,141,914,2.7,37.800000000000004,936,11.32,255,3.4000000000000004,0.24,141,883,914
2017,7,12,12,30,888,152,987,2.7,39.2,936,10.52,258,3.9000000000000004,0.24,152,888,987
2017,7,12,13,30,915,137,1012,2.4000000000000004,40.2,935,9.73,261,4.3,0.24,137,915,1012
2017,7,12,14,30,893,142,966,1.8,40.800000000000004,935,9.06,264,4.5,0.24,142,893,966
2017,7,12,15,30,857,142,864,1.2000000000000002,40.800000000000004,935,8.66,268,4.6000000000000005,0.24,142,857,864
2017,7,12,16,30,774,152,710,0.7000000000000001,40.400000000000006,934,8.52,271,4.5,0.24,152,774,710
2017,7,12,17,30,678,141,525,0.4,39.400000000000006,934,8.83,274,4.1000000000000005,0.24,141,678,525
2017,7,12,18,30,528,119,324,0.6000000000000001,36.9,934,10.23,279,2.7,0.24,119,528,324
2017,7,12,19,30,275,77,133,4.800000000000001,32.800000000000004,935,17.34,292,1.4000000000000001,0.24,77,275,133
2017,7,12,20,30,1,6,6,6.2,29.900000000000002,935,22.48,311,1.2000000000000002,0.24,6,1,6
2017,7,12,21,30,0,0,0,5.9,28.900000000000002,935,23.400000000000002,335,1.2000000000000002,0.24,0,0,0
2017,7,12,22,30,0,0,0,5.7,28.200000000000003,936,24.02,181,1.1,0.24,0,0,0
2017,7,12,23,30,0,0,0,5.5,27.5,936,24.7,30,1.1,0.24,0,0,0
2017,7,13,0,30,0,0,0,5.5,27,936,25.38,46,1.1,0.24,0,0,0
2017,7,13,1,30,0,0,0,5.6000000000000005,25.700000000000003,935,27.48,81,1.2000000000000002,0.24,0,0,0
2017,7,13,2,30,0,0,0,5.6000000000000005,25,935,28.69,95,1.2000000000000002,0.24,0,0,0
2017,7,13,3,30,0,0,0,5.6000000000000005,24.6,935,29.39,104,1.2000000000000002,0.24,0,0,0
2017,7,13,4,30,0,0,0,5.6000000000000005,24.200000000000003,935,30.04,111,1.2000000000000002,0.24,0,0,0
2017,7,13,5,30,0,0,0,5.5,24,935,30.28,117,1.2000000000000002,0.24,0,0,0
2017,7,13,6,30,22,28,30,6.1000000000000005,25.700000000000003,935,28.46,125,1.2000000000000002,0.24,28,22,30
2017,7,13,7,30,267,112,183,6.800000000000001,28.900000000000002,936,24.75,138,1.6,0.24,112,267,183
2017,7,13,8,30,464,167,376,5.1000000000000005,32.800000000000004,936,17.68,177,1.9000000000000001,0.24,167,464,376
2017,7,13,9,30,588,200,566,4.6000000000000005,36.5,936,13.85,219,2.4000000000000004,0.24,200,588,566
2017,7,13,10,30,671,220,735,4.3,38.900000000000006,936,11.98,233,3.2,0.24,220,671,735
2017,7,13,11,30,725,227,862,4.2,40.7,935,10.76,238,3.9000000000000004,0.24,227,725,862
2017,7,13,12,30,759,229,942,3.7,41.900000000000006,935,9.76,240,4.6000000000000005,0.24,229,759,942
2017,7,13,13,30,843,177,982,3.2,42.6,934,9.11,240,5.1000000000000005,0.24,177,843,982
2017,7,13,14,30,11,202,212,2.9000000000000004,42.800000000000004,934,8.790000000000001,241,5.6000000000000005,0.24,173,837,945
2017,7,13,15,30,443,339,712,2.6,42.5,934,8.71,241,5.9,0.24,165,812,849
2017,7,13,16,30,758,157,703,2.2,41.800000000000004,933,8.82,241,5.9,0.24,157,758,703
2017,7,13,17,30,345,224,419,1.8,40.6,933,9.15,241,5.6000000000000005,0.24,140,676,523
2017,7,13,18,30,539,115,324,1.6,38.5,933,10.11,239,4.3,0.24,115,539,324
2017,7,13,19,30,301,74,134,3,34.6,933,13.81,236,2.7,0.24,74,301,134
2017,7,13,20,30,3,6,6,4.5,31.200000000000003,934,18.52,234,2,0.24,6,3,6
2017,7,13,21,30,0,0,0,4.4,29.5,934,20.31,239,1.9000000000000001,0.24,0,0,0
2017,7,13,22,30,0,0,0,4.3,28.1,934,21.92,248,1.7000000000000002,0.24,0,0,0
2017,7,13,23,30,0,0,0,4.5,26.8,934,23.89,259,1.5,0.24,0,0,0
2017,7,14,0,30,0,0,0,4.800000000000001,26.200000000000003,934,25.25,264,1.4000000000000001,0.24,0,0,0
2017,7,14,1,30,0,0,0,5.1000000000000005,25.200000000000003,934,27.36,267,1.2000000000000002,0.24,0,0,0
2017,7,14,2,30,0,0,0,5.300000000000001,24.8,934,28.42,254,1.1,0.24,0,0,0
2017,7,14,3,30,0,0,0,5.300000000000001,24.1,933,29.7,232,1,0.24,0,0,0
2017,7,14,4,30,0,0,0,5.2,23.3,933,30.94,213,1,0.24,0,0,0
2017,7,14,5,30,0,0,0,4.9,23,934,30.91,202,1.1,0.24,0,0,0
2017,7,14,6,30,71,30,35,5,24.6,934,28.2,195,1.5,0.24,30,71,35
2017,7,14,7,30,404,90,197,4.3,27.700000000000003,934,22.36,189,1.8,0.24,90,404,197
2017,7,14,8,30,606,123,396,3.8000000000000003,31.5,934,17.31,204,1.8,0.24,123,606,396
2017,7,14,9,30,727,143,594,3.1,35.9,934,12.91,228,2.2,0.24,143,727,594
2017,7,14,10,30,804,152,768,1.5,39.1,933,9.69,236,3,0.24,152,804,768
2017,7,14,11,30,844,161,899,0.7000000000000001,40.900000000000006,933,8.31,238,3.5,0.24,161,844,899
2017,7,14,12,30,865,166,977,0.1,41.900000000000006,933,7.54,241,4,0.24,166,865,977
2017,7,14,13,30,898,148,1005,-0.4,42.5,932,7.04,244,4.3,0.24,148,898,1005
2017,7,14,14,30,888,146,965,-0.8,42.7,932,6.7700000000000005,247,4.6000000000000005,0.24,146,888,965
2017,7,14,15,30,864,141,867,-1.1,42.400000000000006,931,6.72,250,4.6000000000000005,0.24,141,864,867
2017,7,14,16,30,362,304,565,-1.3,41.7,931,6.9,254,4.5,0.24,131,820,721
2017,7,14,17,30,605,146,487,-1.1,40.5,931,7.43,257,4.2,0.24,118,741,536
2017,7,14,18,30,610,99,334,-0.7000000000000001,38.2,931,8.67,259,3.1,0.24,99,610,334
2017,7,14,19,30,365,66,138,2.1,34,931,13.33,258,1.8,0.24,66,365,138
2017,7,14,20,30,0,0,0,3.4000000000000004,30.5,932,17.93,256,1.5,0.24,0,0,0
2017,7,14,21,30,0,0,0,3.8000000000000003,28.8,932,20.26,255,1.4000000000000001,0.24,0,0,0
2017,7,14,22,30,0,0,0,4.5,27.6,933,22.85,255,1.3,0.24,0,0,0
2017,7,14,23,30,0,0,0,5.1000000000000005,26.700000000000003,933,25.03,258,1.2000000000000002,0.24,0,0,0
2017,7,15,0,30,0,0,0,5.300000000000001,26.200000000000003,933,26.19,259,1.1,0.24,0,0,0
2017,7,15,1,30,0,0,0,5.6000000000000005,24.400000000000002,933,29.830000000000002,265,1.1,0.24,0,0,0
2017,7,15,2,30,0,0,0,6.2,23.200000000000003,933,33.49,262,1.1,0.24,0,0,0
2017,7,15,3,30,0,0,0,6.9,22.200000000000003,933,37.27,256,1.1,0.24,0,0,0
2017,7,15,4,30,0,0,0,7.6000000000000005,21.400000000000002,933,40.86,246,1,0.24,0,0,0
2017,7,15,5,30,0,0,0,8,21.200000000000003,933,42.68,235,1,0.24,0,0,0
2017,7,15,6,30,105,29,37,8.5,22.8,934,40.04,225,1.6,0.24,29,105,37
2017,7,15,7,30,464,80,202,8.8,25.700000000000003,934,34.33,219,2.3000000000000003,0.24,80,464,202
2017,7,15,8,30,663,107,404,8.5,29,934,27.76,221,2.6,0.24,107,663,404
2017,7,15,9,30,774,123,603,7.2,32.6,934,20.66,232,3,0.24,123,774,603
2017,7,15,10,30,840,133,775,4.7,35.5,934,14.75,240,3.5,0.24,133,840,775
2017,7,15,11,30,878,140,906,3.4000000000000004,37.5,934,12.07,245,4.1000000000000005,0.24,140,878,906
2017,7,15,12,30,897,144,985,3,38.800000000000004,933,10.96,249,4.7,0.24,144,897,985
2017,7,15,13,30,889,154,1003,2.6,39.5,933,10.290000000000001,253,5.1000000000000005,0.24,154,889,1003
2017,7,15,14,30,880,154,965,2.3000000000000003,39.800000000000004,933,9.9,255,5.4,0.24,154,880,965
2017,7,15,15,30,854,149,867,1.9000000000000001,39.6,932,9.74,258,5.4,0.24,149,854,867
2017,7,15,16,30,793,148,719,1.4000000000000001,39,932,9.67,260,5.2,0.24,148,793,719
2017,7,15,17,30,729,127,538,0.6000000000000001,38,932,9.620000000000001,262,4.7,0.24,127,729,538
2017,7,15,18,30,622,100,339,-0.5,35.9,932,9.98,263,3.4000000000000004,0.24,100,622,339
2017,7,15,19,30,409,64,145,0.5,31.900000000000002,932,13.44,261,1.9000000000000001,0.24,64,409,145
2017,7,15,20,30,0,0,0,1.5,28.5,933,17.5,256,1.4000000000000001,0.24,0,0,0
2017,7,15,21,30,0,0,0,1.5,27.200000000000003,934,18.92,252,1.4000000000000001,0.24,0,0,0
2017,7,15,22,30,0,0,0,1.7000000000000002,26.5,934,20.05,247,1.3,0.24,0,0,0
2017,7,15,23,30,0,0,0,2.2,25.5,934,21.990000000000002,241,1.2000000000000002,0.24,0,0,0
2017,7,16,0,30,0,0,0,3.3000000000000003,24.900000000000002,934,24.61,238,1.3,0.24,0,0,0
2017,7,16,1,30,0,0,0,5.1000000000000005,22.900000000000002,934,31.6,230,1.3,0.24,0,0,0
2017,7,16,2,30,0,0,0,7.1000000000000005,21.700000000000003,934,38.92,226,1.3,0.24,0,0,0
2017,7,16,3,30,0,0,0,9,20.5,935,47.64,223,1.2000000000000002,0.24,0,0,0
2017,7,16,4,30,0,0,0,10.600000000000001,19.5,935,56.44,222,1.1,0.24,0,0,0
2017,7,16,5,30,0,0,0,12,19.1,935,63.26,220,1.1,0.24,0,0,0
2017,7,16,6,30,200,27,42,13.100000000000001,20.700000000000003,935,61.690000000000005,218,1.6,0.24,27,200,42
2017,7,16,7,30,570,65,214,13.700000000000001,23.8,935,53.1,221,2.2,0.24,65,570,214
2017,7,16,8,30,745,86,419,12.8,27.400000000000002,935,40.410000000000004,224,2.2,0.24,86,745,419
2017,7,16,9,30,837,100,617,9.4,31.200000000000003,935,25.88,224,2.1,0.24,100,837,617
2017,7,16,10,30,891,110,790,5.1000000000000005,34,935,16.490000000000002,223,2,0.24,110,891,790
2017,7,16,11,30,923,116,921,3.7,35.800000000000004,935,13.56,227,1.9000000000000001,0.24,116,923,921
2017,7,16,12,30,940,120,1000,3,37.1,935,12.02,236,2,0.24,120,940,1000
2017,7,16,13,30,948,118,1022,2.4000000000000004,38,934,10.94,245,2.1,0.24,118,948,1022
2017,7,16,14,30,939,117,981,1.8,38.5,934,10.22,252,2.3000000000000003,0.24,117,939,981
2017,7,16,15,30,914,113,880,1.2000000000000002,38.6,933,9.75,257,2.4000000000000004,0.24,113,914,880
2017,7,16,16,30,874,106,733,0.7000000000000001,38.300000000000004,933,9.540000000000001,260,2.5,0.24,106,874,733
2017,7,16,17,30,807,96,550,0.30000000000000004,37.5,933,9.68,260,2.5,0.24,96,807,550
2017,7,16,18,30,694,79,346,0,35.7,933,10.47,259,2,0.24,79,694,346
2017,7,16,19,30,472,54,146,2.8000000000000003,32.6,933,15.25,255,1.2000000000000002,0.24,54,472,146
2017,7,16,20,30,0,0,0,2.9000000000000004,29.8,933,17.94,250,1.1,0.24,0,0,0
2017,7,16,21,30,0,0,0,3.2,28.200000000000003,934,20.09,247,1.2000000000000002,0.24,0,0,0
2017,7,16,22,30,0,0,0,3.7,26.700000000000003,934,22.82,243,1.3,0.24,0,0,0
2017,7,16,23,30,0,0,0,4.4,25.3,934,25.990000000000002,236,1.4000000000000001,0.24,0,0,0
2017,7,17,0,30,0,0,0,5.300000000000001,24.6,934,28.830000000000002,232,1.4000000000000001,0.24,0,0,0
2017,7,17,1,30,0,0,0,6.5,22.700000000000003,934,35.2,218,1.5,0.24,0,0,0
2017,7,17,2,30,0,0,0,7.800000000000001,21.900000000000002,933,40.37,207,1.6,0.24,0,0,0
2017,7,17,3,30,0,0,0,9.1,21.3,934,45.57,196,1.8,0.24,0,0,0
2017,7,17,4,30,0,0,0,10.100000000000001,20.900000000000002,934,50.14,193,2,0.24,0,0,0
2017,7,17,5,30,0,0,0,10.8,20.900000000000002,934,52.480000000000004,199,2.3000000000000003,0.24,0,0,0
2017,7,17,6,30,0,20,20,11.3,21.900000000000002,935,50.86,209,2.6,0.24,26,27,28
2017,7,17,7,30,83,97,118,11.8,24,935,46.44,202,2.5,0.24,106,283,179
2017,7,17,8,30,269,175,295,12,26.6,935,40.160000000000004,175,2.2,0.24,160,466,368
2017,7,17,9,30,573,204,557,10.9,29.1,935,32.28,163,2.1,0.24,204,573,557
2017,7,17,10,30,634,234,717,9.200000000000001,31.3,934,25.44,186,2.1,0.24,234,634,717
2017,7,17,11,30,557,323,808,8.4,33.1,934,21.830000000000002,218,2.2,0.24,256,671,841
2017,7,17,12,30,418,409,800,7.9,34.7,934,19.32,242,2.2,0.24,267,691,915
2017,7,17,13,30,214,484,688,7.5,36,933,17.400000000000002,260,2.2,0.24,219,768,950
2017,7,17,14,30,192,465,642,7.1000000000000005,36.6,933,16.39,274,2.4000000000000004,0.24,228,741,909
2017,7,17,15,30,289,396,638,6.800000000000001,36.4,932,16.31,281,2.8000000000000003,0.24,239,675,805
2017,7,17,16,30,66,317,365,6.6000000000000005,35.6,932,16.82,282,3.1,0.24,255,553,652
2017,7,17,17,30,438,229,475,6.300000000000001,34.6,932,17.400000000000002,278,2.9000000000000004,0.24,229,438,475
2017,7,17,18,30,281,177,284,6.4,33.1,932,19.07,275,2.1,0.24,177,281,284
2017,7,17,19,30,0,7,7,7.6000000000000005,31,932,23.23,279,1.2000000000000002,0.24,90,77,105
2017,7,17,20,30,0,0,0,7.9,29.400000000000002,932,25.98,294,1,0.24,0,0,0
2017,7,17,21,30,0,0,0,8.1,28.6,933,27.57,323,0.9,0.24,0,0,0
2017,7,17,22,30,0,0,0,8.3,28.1,933,28.79,201,0.8,0.24,0,0,0
2017,7,17,23,30,0,0,0,8.4,27.5,933,30.01,124,0.8,0.24,0,0,0
2017,7,18,0,30,0,0,0,8.6,27,933,31.44,186,1,0.24,0,0,0
2017,7,18,1,30,0,0,0,9.200000000000001,25,933,36.76,214,1.6,0.24,0,0,0
2017,7,18,2,30,0,0,0,9.8,23.900000000000002,933,40.85,216,1.8,0.24,0,0,0
2017,7,18,3,30,0,0,0,10.3,22.900000000000002,933,44.79,205,1.9000000000000001,0.24,0,0,0
2017,7,18,4,30,0,0,0,10.700000000000001,21.900000000000002,933,48.870000000000005,178,1.8,0.24,0,0,0
2017,7,18,5,30,0,0,0,10.9,21.5,933,50.97,146,1.7000000000000002,0.24,0,0,0
2017,7,18,6,30,15,23,24,10.9,22.6,933,47.63,123,2.1,0.24,23,15,24
2017,7,18,7,30,0,75,75,10.5,25.5,933,38.81,126,2.3000000000000003,0.24,105,268,174
2017,7,18,8,30,474,154,364,9.3,28.900000000000002,933,29.47,160,2.2,0.24,154,474,364
2017,7,18,9,30,599,187,555,8.8,31.8,932,24.080000000000002,196,2.4000000000000004,0.24,187,599,555
2017,7,18,10,30,671,212,722,8.5,34.1,932,20.71,211,2.8000000000000003,0.24,212,671,722
2017,7,18,11,30,77,411,478,8.3,36,931,18.37,216,3.1,0.24,231,709,848
2017,7,18,12,30,721,246,921,8,37.5,931,16.67,222,3.5,0.24,246,721,921
2017,7,18,13,30,843,168,970,7.800000000000001,38.300000000000004,930,15.68,226,4.1000000000000005,0.24,168,843,970
2017,7,18,14,30,804,185,923,7.5,38.400000000000006,930,15.34,228,4.7,0.24,185,804,923
2017,7,18,15,30,71,388,448,7.1000000000000005,37.800000000000004,929,15.370000000000001,224,5.300000000000001,0.24,200,737,818
2017,7,18,16,30,155,339,450,6.300000000000001,36.9,929,15.26,217,5.4,0.24,207,644,669
2017,7,18,17,30,430,202,443,5.7,35.800000000000004,929,15.56,212,5.300000000000001,0.24,198,514,486
2017,7,18,18,30,337,162,291,5.4,34.300000000000004,929,16.59,210,5,0.24,162,337,291
2017,7,18,19,30,111,86,108,5.6000000000000005,32.1,930,19.05,202,4.2,0.24,86,111,108
2017,7,18,20,30,0,0,0,6.2,29.900000000000002,930,22.44,191,3.3000000000000003,0.24,0,0,0
2017,7,18,21,30,0,0,0,6.800000000000001,28.400000000000002,931,25.48,185,2.8000000000000003,0.24,0,0,0
2017,7,18,22,30,0,0,0,7.4,27.3,931,28.490000000000002,191,2.5,0.24,0,0,0
2017,7,18,23,30,0,0,0,8.200000000000001,26.6,931,31.29,203,2.4000000000000004,0.24,0,0,0
2017,7,19,0,30,0,0,0,8.8,26.200000000000003,931,33.39,210,2.3000000000000003,0.24,0,0,0
2017,7,19,1,30,0,0,0,9.3,25.1,931,36.69,223,2.4000000000000004,0.24,0,0,0
2017,7,19,2,30,0,0,0,9.600000000000001,23.900000000000002,931,40.35,229,2.2,0.24,0,0,0
2017,7,19,3,30,0,0,0,9.9,22.8,931,44.11,232,2,0.24,0,0,0
2017,7,19,4,30,0,0,0,10.3,21.8,931,47.910000000000004,236,1.9000000000000001,0.24,0,0,0
2017,7,19,5,30,0,0,0,10.600000000000001,21.200000000000003,931,50.78,241,2,0.24,0,0,0
2017,7,19,6,30,49,26,29,10.9,22,931,49.33,244,2.6,0.24,26,49,29
2017,7,19,7,30,357,92,183,10.600000000000001,24.1,932,42.57,245,3.3000000000000003,0.24,92,357,183
2017,7,19,8,30,557,132,378,10.200000000000001,26.400000000000002,932,36.12,244,3.8000000000000003,0.24,132,557,378
2017,7,19,9,30,685,154,575,9.700000000000001,28.5,932,30.87,243,4.1000000000000005,0.24,154,685,575
2017,7,19,10,30,766,166,747,9,30.3,931,26.6,242,4.3,0.24,166,766,747
2017,7,19,11,30,813,172,878,8.3,31.900000000000002,931,23.12,242,4.6000000000000005,0.24,172,813,878
2017,7,19,12,30,843,168,956,7.5,33.2,931,20.35,243,4.800000000000001,0.24,168,843,956
2017,7,19,13,30,889,142,987,6.7,34,930,18.47,245,4.9,0.24,142,889,987
2017,7,19,14,30,891,133,950,6.1000000000000005,34.5,930,17.2,248,5,0.24,133,891,950
2017,7,19,15,30,876,122,854,5.7,34.4,930,16.82,253,5,0.24,122,876,854
2017,7,19,16,30,850,106,713,5.5,33.9,929,17.06,260,4.9,0.24,106,850,713
2017,7,19,17,30,641,133,491,5.4,32.9,929,17.96,268,4.7,0.24,93,790,535
2017,7,19,18,30,643,75,319,5.5,31.400000000000002,929,19.62,277,4.3,0.24,77,680,335
2017,7,19,19,30,337,56,121,5.6000000000000005,28.8,930,22.98,290,3.1,0.24,51,469,140
2017,7,19,20,30,0,0,0,5.9,26.3,930,27.13,305,2.2,0.24,0,0,0
2017,7,19,21,30,0,0,0,5.9,24.8,931,29.7,317,2.2,0.24,0,0,0
2017,7,19,22,30,0,0,0,6.1000000000000005,23.8,931,31.86,322,2,0.24,0,0,0
2017,7,19,23,30,0,0,0,6.4,22.8,931,34.74,324,1.8,0.24,0,0,0
2017,7,20,0,30,0,0,0,7,22.400000000000002,931,36.89,325,1.7000000000000002,0.24,0,0,0
2017,7,20,1,30,0,0,0,7.4,21.1,930,41.230000000000004,323,1.6,0.24,0,0,0
2017,7,20,2,30,0,0,0,7.800000000000001,20.400000000000002,930,44.14,321,1.5,0.24,0,0,0
2017,7,20,3,30,0,0,0,8,19.700000000000003,930,46.87,319,1.3,0.24,0,0,0
2017,7,20,4,30,0,0,0,8.200000000000001,19,930,49.660000000000004,318,1.1,0.24,0,0,0
2017,7,20,5,30,0,0,0,8.4,18.8,931,50.99,321,1,0.24,0,0,0
2017,7,20,6,30,196,23,36,8.6,19.900000000000002,931,48.19,325,1.2000000000000002,0.24,23,196,36
2017,7,20,7,30,564,60,202,8.8,22.700000000000003,931,41,311,1.5,0.24,60,564,202
2017,7,20,8,30,734,82,405,8.5,25.8,931,33.49,278,1.9000000000000001,0.24,82,734,405
2017,7,20,9,30,825,97,602,8.3,28,931,28.94,258,2.3000000000000003,0.24,97,825,602
2017,7,20,10,30,883,107,776,7.7,29.700000000000003,930,25.17,252,2.6,0.24,107,883,776
2017,7,20,11,30,917,112,907,6.7,31.3,930,21.45,248,2.7,0.24,112,917,907
2017,7,20,12,30,935,114,986,5.6000000000000005,32.6,930,18.43,248,2.9000000000000004,0.24,114,935,986
2017,7,20,13,30,953,105,1010,4.5,33.6,929,16.16,250,3.2,0.24,105,953,1010
2017,7,20,14,30,945,104,970,3.5,34.1,929,14.67,252,3.4000000000000004,0.24,104,945,970
2017,7,20,15,30,924,100,873,2.6,34.1,928,13.790000000000001,255,3.6,0.24,100,924,873
2017,7,20,16,30,890,94,729,1.8,33.7,928,13.35,258,3.7,0.24,94,890,729
2017,7,20,17,30,825,86,546,1.2000000000000002,32.7,928,13.49,261,3.6,0.24,86,825,546
2017,7,20,18,30,711,73,342,0.7000000000000001,31.200000000000003,927,14.15,266,3.2,0.24,73,711,342
2017,7,20,19,30,491,50,143,0.6000000000000001,28.700000000000003,928,16.29,275,2.3000000000000003,0.24,50,491,143
2017,7,20,20,30,0,0,0,1.2000000000000002,26.6,928,19.21,288,1.9000000000000001,0.24,0,0,0
2017,7,20,21,30,0,0,0,1,25.400000000000002,928,20.26,299,1.8,0.24,0,0,0
2017,7,20,22,30,0,0,0,1,24.3,928,21.71,304,1.5,0.24,0,0,0
2017,7,20,23,30,0,0,0,1.2000000000000002,23.3,928,23.41,300,1.3,0.24,0,0,0
2017,7,21,0,30,0,0,0,1.4000000000000001,22.8,928,24.46,296,1.2000000000000002,0.24,0,0,0
2017,7,21,1,30,0,0,0,1.6,21.700000000000003,928,26.47,276,1.2000000000000002,0.24,0,0,0
2017,7,21,2,30,0,0,0,1.9000000000000001,21,928,28.22,267,1.2000000000000002,0.24,0,0,0
2017,7,21,3,30,0,0,0,2.3000000000000003,20.200000000000003,928,30.57,264,1.1,0.24,0,0,0
2017,7,21,4,30,0,0,0,2.8000000000000003,19,928,34.07,261,1,0.24,0,0,0
2017,7,21,5,30,0,0,0,3.3000000000000003,18.2,928,37.1,254,1,0.24,0,0,0
2017,7,21,6,30,222,22,35,3.9000000000000004,19,929,36.75,242,1.6,0.24,22,222,35
2017,7,21,7,30,588,58,205,4.4,21.6,929,32.480000000000004,233,1.9000000000000001,0.24,58,588,205
2017,7,21,8,30,752,80,409,4.1000000000000005,25,929,25.86,229,1.9000000000000001,0.24,80,752,409
2017,7,21,9,30,844,95,611,2.7,27.700000000000003,929,20.01,230,2.4000000000000004,0.24,95,844,611
2017,7,21,10,30,877,117,780,2.4000000000000004,29.6,929,17.490000000000002,235,2.8000000000000003,0.24,117,877,780
2017,7,21,11,30,908,126,912,2,31,929,15.780000000000001,240,3.2,0.24,126,908,912
2017,7,21,12,30,924,130,991,1.5,32.2,929,14.200000000000001,246,3.5,0.24,130,924,991
2017,7,21,13,30,959,110,1019,1,33,929,13.06,251,3.8000000000000003,0.24,110,959,1019
2017,7,21,14,30,951,109,979,0.5,33.4,928,12.32,256,4,0.24,109,951,979
2017,7,21,15,30,931,105,882,0.1,33.300000000000004,928,12.030000000000001,259,4,0.24,105,931,882
2017,7,21,16,30,873,107,730,-0.30000000000000004,32.7,928,12.07,262,3.9000000000000004,0.24,107,873,730
2017,7,21,17,30,806,96,544,-0.7000000000000001,31.700000000000003,928,12.41,265,3.7,0.24,96,806,544
2017,7,21,18,30,689,79,339,-1.1,30.1,928,13.280000000000001,269,3,0.24,79,689,339
2017,7,21,19,30,468,52,140,-0.9,26.900000000000002,928,16.2,277,1.9000000000000001,0.24,52,468,140
2017,7,21,20,30,0,0,0,-0.2,23.900000000000002,929,20.41,286,1.3,0.24,0,0,0
2017,7,21,21,30,0,0,0,-0.5,22.400000000000002,929,21.8,296,1.3,0.24,0,0,0
2017,7,21,22,30,0,0,0,-0.6000000000000001,21.400000000000002,930,22.97,302,1.2000000000000002,0.24,0,0,0
2017,7,21,23,30,0,0,0,-0.6000000000000001,20.6,930,24.21,306,1.2000000000000002,0.24,0,0,0
2017,7,22,0,30,0,0,0,-0.4,20.3,930,24.92,308,1.1,0.24,0,0,0
2017,7,22,1,30,0,0,0,-0.30000000000000004,19.900000000000002,930,25.8,305,1,0.24,0,0,0
2017,7,22,2,30,0,0,0,-0.1,19.700000000000003,930,26.39,293,0.8,0.24,0,0,0
2017,7,22,3,30,0,0,0,0,19.400000000000002,930,27.25,272,0.7000000000000001,0.24,0,0,0
2017,7,22,4,30,0,0,0,0.2,18.8,931,28.64,247,0.6000000000000001,0.24,0,0,0
2017,7,22,5,30,0,0,0,0.5,18.3,931,30.18,218,0.6000000000000001,0.24,0,0,0
2017,7,22,6,30,218,21,34,0.7000000000000001,19,931,29.39,188,0.8,0.24,21,218,34
2017,7,22,7,30,600,57,206,0.7000000000000001,21.700000000000003,931,24.79,168,1,0.24,57,600,206
2017,7,22,8,30,770,78,414,0.7000000000000001,25.400000000000002,932,19.82,169,1.2000000000000002,0.24,78,770,414
2017,7,22,9,30,861,92,616,-0.30000000000000004,28.400000000000002,932,15.43,185,1.7000000000000002,0.24,92,861,616
2017,7,22,10,30,914,102,792,-1.2000000000000002,30.3,932,12.950000000000001,202,2.1,0.24,102,914,792
2017,7,22,11,30,945,108,925,-2.1,31.900000000000002,932,11.11,216,2.4000000000000004,0.24,108,945,925
2017,7,22,12,30,961,111,1005,-2.9000000000000004,33.300000000000004,931,9.69,226,2.8000000000000003,0.24,111,961,1005
2017,7,22,13,30,965,112,1027,-3.4000000000000004,34.300000000000004,931,8.77,235,3.2,0.24,112,965,1027
2017,7,22,14,30,691,271,903,-3.8000000000000003,34.800000000000004,931,8.34,240,3.5,0.24,113,955,986
2017,7,22,15,30,930,111,886,-3.9000000000000004,35,931,8.18,245,3.6,0.24,111,930,886
2017,7,22,16,30,802,128,699,-4,34.6,930,8.290000000000001,249,3.7,0.24,109,880,735
2017,7,22,17,30,821,94,550,-4.1000000000000005,33.7,930,8.65,254,3.5,0.24,94,821,550
2017,7,22,18,30,720,75,345,-4,31.8,931,9.69,261,2.7,0.24,75,720,345
2017,7,22,19,30,432,47,127,-2.4000000000000004,28.200000000000003,931,13.44,272,1.6,0.24,48,505,142
2017,7,22,20,30,0,0,0,-1.2000000000000002,25.200000000000003,932,17.44,287,1.3,0.24,0,0,0
2017,7,22,21,30,0,0,0,-1,23.900000000000002,933,19.17,303,1.2000000000000002,0.24,0,0,0
2017,7,22,22,30,0,0,0,-0.6000000000000001,23.1,933,20.67,318,1.2000000000000002,0.24,0,0,0
2017,7,22,23,30,0,0,0,-0.30000000000000004,22.5,933,21.94,333,1,0.24,0,0,0
2017,7,23,0,30,0,0,0,-0.2,22.3,933,22.44,341,1,0.24,0,0,0
2017,7,23,1,30,0,0,0,0,21.900000000000002,933,23.240000000000002,187,0.7000000000000001,0.24,0,0,0
2017,7,23,2,30,0,0,0,0,21.5,933,23.8,59,0.6000000000000001,0.24,0,0,0
2017,7,23,3,30,0,0,0,-0.1,20.8,933,24.650000000000002,117,0.6000000000000001,0.24,0,0,0
2017,7,23,4,30,0,0,0,-0.1,20,933,26,131,0.6000000000000001,0.24,0,0,0
2017,7,23,5,30,0,0,0,-0.1,19.5,934,26.91,125,0.7000000000000001,0.24,0,0,0
2017,7,23,6,30,148,21,30,0.1,20.5,934,25.62,129,0.8,0.24,21,148,30
2017,7,23,7,30,540,62,195,0.2,23.400000000000002,934,21.51,143,0.8,0.24,62,540,195
2017,7,23,8,30,731,83,401,-0.30000000000000004,27,935,16.8,203,1,0.24,83,731,401
2017,7,23,9,30,838,95,604,-0.5,29.900000000000002,935,14.02,250,1.4000000000000001,0.24,95,838,604
2017,7,23,10,30,893,107,780,0.1,31.8,935,13.07,245,1.9000000000000001,0.24,107,893,780
2017,7,23,11,30,932,110,915,0.2,33.5,935,12.02,245,2.4000000000000004,0.24,110,932,915
2017,7,23,12,30,955,111,998,-0.2,34.9,934,10.76,248,2.8000000000000003,0.24,111,955,998
2017,7,23,13,30,971,104,1022,-0.9,35.9,934,9.68,251,3.1,0.24,104,971,1022
2017,7,23,14,30,962,104,982,-1.7000000000000002,36.4,934,8.91,253,3.3000000000000003,0.24,104,962,982
2017,7,23,15,30,940,100,883,-2.3000000000000003,36.5,933,8.45,256,3.5,0.24,100,940,883
2017,7,23,16,30,902,95,735,-2.9000000000000004,36,933,8.35,261,3.7,0.24,95,902,735
2017,7,23,17,30,837,86,548,-3.2,35.1,933,8.57,268,3.9000000000000004,0.24,86,837,548
2017,7,23,18,30,729,70,342,-3.2,33.1,933,9.52,276,3.3000000000000003,0.24,70,729,342
2017,7,23,19,30,521,45,141,-2.4000000000000004,29.3,933,12.64,285,2.2,0.24,45,521,141
2017,7,23,20,30,0,0,0,-1.5,26,934,16.28,295,1.7000000000000002,0.24,0,0,0
2017,7,23,21,30,0,0,0,-1.4000000000000001,24.5,935,17.95,303,1.7000000000000002,0.24,0,0,0
2017,7,23,22,30,0,0,0,-1.2000000000000002,23.200000000000003,935,19.78,306,1.6,0.24,0,0,0
2017,7,23,23,30,0,0,0,-0.7000000000000001,22.3,935,21.59,303,1.4000000000000001,0.24,0,0,0
2017,7,24,0,30,0,0,0,0,21.8,935,23.41,300,1.4000000000000001,0.24,0,0,0
2017,7,24,1,30,0,0,0,0.8,20.900000000000002,934,26.22,294,1.3,0.24,0,0,0
2017,7,24,2,30,0,0,0,1.6,20.3,934,28.8,295,1.2000000000000002,0.24,0,0,0
2017,7,24,3,30,0,0,0,2.3000000000000003,19.8,934,31.21,298,1.1,0.24,0,0,0
2017,7,24,4,30,0,0,0,2.8000000000000003,19.3,934,33.480000000000004,302,1.1,0.24,0,0,0
2017,7,24,5,30,0,0,0,3.3000000000000003,18.900000000000002,934,35.52,311,1,0.24,0,0,0
2017,7,24,6,30,240,18,32,3.9000000000000004,20.3,935,33.910000000000004,326,1.5,0.24,18,240,32
2017,7,24,7,30,609,51,199,4.4,23.200000000000003,935,29.55,340,2,0.24,51,609,199
2017,7,24,8,30,771,69,402,5,26.900000000000002,935,24.72,337,2.4000000000000004,0.24,69,771,402
2017,7,24,9,30,856,81,600,5.300000000000001,30.1,935,20.85,325,2.9000000000000004,0.24,81,856,600
2017,7,24,10,30,906,91,772,5.6000000000000005,32.2,935,18.97,318,3,0.24,91,906,772
2017,7,24,11,30,933,96,901,5.800000000000001,33.6,935,17.7,314,3,0.24,96,933,901
2017,7,24,12,30,949,99,980,5.7,34.800000000000004,934,16.45,310,3.1,0.24,99,949,980
2017,7,24,13,30,945,105,999,5.5,35.6,934,15.57,308,3.2,0.24,105,945,999
2017,7,24,14,30,936,105,959,5.300000000000001,36,933,14.99,308,3.3000000000000003,0.24,105,936,959
2017,7,24,15,30,913,101,860,4.9,36.1,933,14.55,309,3.5,0.24,101,913,860
2017,7,24,16,30,848,108,708,4.6000000000000005,35.7,932,14.49,313,3.7,0.24,108,848,708
2017,7,24,17,30,783,95,527,4.3,34.800000000000004,932,14.950000000000001,318,3.8000000000000003,0.24,95,783,527
2017,7,24,18,30,670,77,326,4.1000000000000005,33.2,932,16.09,325,3.4000000000000004,0.24,77,670,326
2017,7,24,19,30,449,49,131,4.1000000000000005,30.1,933,19.18,336,2.4000000000000004,0.24,49,449,131
2017,7,24,20,30,0,0,0,4.3,27.3,933,22.97,173,2,0.24,0,0,0
2017,7,24,21,30,0,0,0,4.3,25.900000000000002,933,24.82,11,2.4000000000000004,0.24,0,0,0
2017,7,24,22,30,0,0,0,4.3,24.8,933,26.48,25,2.6,0.24,0,0,0
2017,7,24,23,30,0,0,0,4.4,23.6,933,28.67,35,2.6,0.24,0,0,0
2017,7,25,0,30,0,0,0,4.7,23.1,933,30.2,39,2.6,0.24,0,0,0
2017,7,25,1,30,0,0,0,5.2,21.6,933,34.44,47,2.6,0.24,0,0,0
2017,7,25,2,30,0,0,0,6.300000000000001,20.700000000000003,933,39.09,51,2.6,0.24,0,0,0
2017,7,25,3,30,0,0,0,7.7,20,932,44.85,53,2.5,0.24,0,0,0
2017,7,25,4,30,0,0,0,9.3,19.400000000000002,932,51.92,51,2.5,0.24,0,0,0
2017,7,25,5,30,0,0,0,10.9,19,932,59.46,47,2.8000000000000003,0.24,0,0,0
2017,7,25,6,30,158,19,28,12.4,20,933,61.53,44,3.4000000000000004,0.24,19,158,28
2017,7,25,7,30,536,58,188,13.600000000000001,22.6,933,56.75,44,3.8000000000000003,0.24,58,536,188
2017,7,25,8,30,713,81,388,13.5,25.8,933,46.660000000000004,41,3.7,0.24,81,713,388
2017,7,25,9,30,811,94,584,12.100000000000001,28.6,932,36.01,33,3.6,0.24,94,811,584
2017,7,25,10,30,872,103,758,10.3,30.8,932,28.16,22,3.4000000000000004,0.24,103,872,758
2017,7,25,11,30,908,108,889,9.1,32.4,932,23.7,9,3.2,0.24,108,908,889
2017,7,25,12,30,931,109,971,8.1,33.6,931,20.71,174,3.3000000000000003,0.24,109,931,971
2017,7,25,13,30,950,101,997,7,34.4,931,18.42,343,3.8000000000000003,0.24,101,950,997
2017,7,25,14,30,948,98,961,5.7,34.6,930,16.7,339,4.3,0.24,98,948,961
2017,7,25,15,30,930,93,864,4.3,34.4,930,15.33,340,4.6000000000000005,0.24,93,930,864
2017,7,25,16,30,899,86,721,3,33.7,930,14.46,343,4.6000000000000005,0.24,86,899,721
2017,7,25,17,30,842,76,539,1.9000000000000001,32.6,930,14.27,348,4.4,0.24,76,842,539
2017,7,25,18,30,744,62,337,1.3,31,930,14.97,355,3.8000000000000003,0.24,62,744,337
2017,7,25,19,30,539,41,137,1.2000000000000002,28,930,17.7,185,2.5,0.24,41,539,137
2017,7,25,20,30,0,0,0,1.6,25.1,931,21.580000000000002,19,1.6,0.24,0,0,0
2017,7,25,21,30,0,0,0,1.5,23.700000000000003,931,23.28,30,1.4000000000000001,0.24,0,0,0
2017,7,25,22,30,0,0,0,1.4000000000000001,22.8,931,24.39,37,1.4000000000000001,0.24,0,0,0
2017,7,25,23,30,0,0,0,1.3,21.900000000000002,931,25.64,40,1.5,0.24,0,0,0
2017,7,26,0,30,0,0,0,1.5,21.5,931,26.6,41,1.6,0.24,0,0,0
2017,7,26,1,30,0,0,0,2.1,20.400000000000002,931,29.7,44,1.8,0.24,0,0,0
2017,7,26,2,30,0,0,0,3.4000000000000004,19.8,931,33.88,47,1.8,0.24,0,0,0
2017,7,26,3,30,0,0,0,5.300000000000001,19.1,931,40.38,48,1.8,0.24,0,0,0
2017,7,26,4,30,0,0,0,7.2,18.400000000000002,931,48.14,48,1.7000000000000002,0.24,0,0,0
2017,7,26,5,30,0,0,0,8.9,18.1,932,54.92,49,1.8,0.24,0,0,0
2017,7,26,6,30,200,18,28,10.200000000000001,19.400000000000002,932,55.42,50,2.3000000000000003,0.24,18,200,28
2017,7,26,7,30,568,54,190,11.100000000000001,22.6,933,48.35,45,2.2,0.24,54,568,190
2017,7,26,8,30,739,74,390,10.100000000000001,26.3,933,36.160000000000004,25,1.9000000000000001,0.24,74,739,390
2017,7,26,9,30,833,86,587,8.200000000000001,29.1,933,26.97,175,2.1,0.24,86,833,587
2017,7,26,10,30,889,93,760,7.2,31.200000000000003,933,22.35,335,2.4000000000000004,0.24,93,889,760
2017,7,26,11,30,919,98,888,6.5,32.800000000000004,933,19.43,327,2.7,0.24,98,919,888
2017,7,26,12,30,936,101,968,5.800000000000001,34,932,17.38,325,2.9000000000000004,0.24,101,936,968
2017,7,26,13,30,914,119,981,5.300000000000001,34.800000000000004,932,16.02,327,3,0.24,119,914,981
2017,7,26,14,30,906,118,941,4.800000000000001,35.300000000000004,931,15.08,330,3,0.24,118,906,941
2017,7,26,15,30,884,113,845,4.4,35.4,931,14.6,335,3,0.24,113,884,845
2017,7,26,16,30,855,99,701,4.1000000000000005,35,931,14.620000000000001,342,2.8000000000000003,0.24,99,855,701
2017,7,26,17,30,792,87,521,4,34.1,930,15.18,352,2.6,0.24,87,792,521
2017,7,26,18,30,683,70,321,3.9000000000000004,32.6,931,16.45,184,2.1,0.24,70,683,321
2017,7,26,19,30,468,45,128,4.4,29.700000000000003,931,20.080000000000002,20,1.3,0.24,45,468,128
2017,7,26,20,30,0,0,0,4.7,27.1,931,23.87,40,1.1,0.24,0,0,0
2017,7,26,21,30,0,0,0,4.6000000000000005,26,932,25.28,63,1.1,0.24,0,0,0
2017,7,26,22,30,0,0,0,4.6000000000000005,25.1,932,26.68,89,1.1,0.24,0,0,0
2017,7,26,23,30,0,0,0,4.7,24.1,932,28.45,119,1.1,0.24,0,0,0
2017,7,27,0,30,0,0,0,4.9,23.6,932,29.68,134,1.1,0.24,0,0,0
2017,7,27,1,30,0,0,0,5.2,22.400000000000002,932,32.61,175,1.1,0.24,0,0,0
2017,7,27,2,30,0,0,0,5.6000000000000005,21.6,932,35.27,197,1.2000000000000002,0.24,0,0,0
2017,7,27,3,30,0,0,0,6.1000000000000005,20.900000000000002,932,38.26,212,1.2000000000000002,0.24,0,0,0
2017,7,27,4,30,0,0,0,6.800000000000001,20.1,932,42.1,220,1.2000000000000002,0.24,0,0,0
2017,7,27,5,30,0,0,0,7.6000000000000005,19.700000000000003,932,45.47,222,1.1,0.24,0,0,0
2017,7,27,6,30,108,17,22,8.4,21,932,44.37,219,1.7000000000000002,0.24,17,108,22
2017,7,27,7,30,454,67,174,9.3,23.8,933,39.68,218,2.4000000000000004,0.24,67,454,174
2017,7,27,8,30,628,101,368,9.5,27.3,933,32.84,223,2.7,0.24,101,628,368
2017,7,27,9,30,726,127,563,7.9,30.900000000000002,933,23.86,228,3,0.24,127,726,563
2017,7,27,10,30,782,147,731,6.5,33.300000000000004,933,18.86,232,3.2,0.24,147,782,731
2017,7,27,11,30,815,161,860,5.800000000000001,35.1,933,16.26,237,3.5,0.24,161,815,860
2017,7,27,12,30,835,169,941,5.300000000000001,36.4,932,14.620000000000001,240,3.6,0.24,169,835,941
2017,7,27,13,30,910,128,985,4.800000000000001,37.4,932,13.44,243,3.8000000000000003,0.24,128,910,985
2017,7,27,14,30,896,129,943,4.4,37.9,931,12.73,245,3.8000000000000003,0.24,129,896,943
2017,7,27,15,30,871,127,847,4,37.9,931,12.35,246,3.9000000000000004,0.24,127,871,847
2017,7,27,16,30,823,120,699,3.6,37.4,930,12.31,246,3.8000000000000003,0.24,120,823,699
2017,7,27,17,30,744,108,514,3.3000000000000003,36.5,930,12.71,247,3.7,0.24,108,744,514
2017,7,27,18,30,610,88,311,3.2,34.5,930,14.05,246,2.9000000000000004,0.24,88,610,311
2017,7,27,19,30,366,53,117,3.6,31,931,17.580000000000002,243,1.9000000000000001,0.24,53,366,117
2017,7,27,20,30,0,0,0,3.7,28.200000000000003,931,20.900000000000002,241,1.6,0.24,0,0,0
2017,7,27,21,30,0,0,0,3.8000000000000003,26.900000000000002,932,22.57,242,1.7000000000000002,0.24,0,0,0
2017,7,27,22,30,0,0,0,3.9000000000000004,25.8,932,24.38,244,1.7000000000000002,0.24,0,0,0
2017,7,27,23,30,0,0,0,4.2,24.8,932,26.400000000000002,246,1.7000000000000002,0.24,0,0,0
2017,7,28,0,30,0,0,0,4.5,24.3,932,27.8,247,1.7000000000000002,0.24,0,0,0
2017,7,28,1,30,0,0,0,4.800000000000001,22.8,932,30.92,249,1.5,0.24,0,0,0
2017,7,28,2,30,0,0,0,4.800000000000001,21.900000000000002,932,32.83,250,1.4000000000000001,0.24,0,0,0
2017,7,28,3,30,0,0,0,4.7,21.1,932,34.29,250,1.3,0.24,0,0,0
2017,7,28,4,30,0,0,0,4.6000000000000005,20.3,933,35.68,248,1.2000000000000002,0.24,0,0,0
2017,7,28,5,30,0,0,0,4.5,20,933,36.02,244,1.1,0.24,0,0,0
2017,7,28,6,30,104,16,20,4.5,21.400000000000002,933,33.13,235,1.4000000000000001,0.24,16,104,20
2017,7,28,7,30,472,67,178,4.7,24.3,933,28.14,225,1.8,0.24,67,472,178
2017,7,28,8,30,671,96,380,4.4,28.1,934,22.05,232,2,0.24,96,671,380
2017,7,28,9,30,787,113,584,2.7,32.300000000000004,934,15.4,248,2.5,0.24,113,787,584
2017,7,28,10,30,788,157,745,2.2,35,934,12.71,253,2.7,0.24,157,788,745
2017,7,28,11,30,833,166,879,2.3000000000000003,36.4,933,11.89,252,2.7,0.24,166,833,879
2017,7,28,12,30,857,169,960,2,37.6,933,10.9,254,2.7,0.24,169,857,960
2017,7,28,13,30,880,159,987,1.6,38.400000000000006,933,10.1,258,2.7,0.24,159,880,987
2017,7,28,14,30,874,158,950,1,38.800000000000004,932,9.5,263,2.8000000000000003,0.24,158,874,950
2017,7,28,15,30,852,149,852,0.5,38.800000000000004,932,9.16,268,2.9000000000000004,0.24,149,852,852
2017,7,28,16,30,798,141,702,-0.1,38.300000000000004,931,9.03,273,3,0.24,141,798,702
2017,7,28,17,30,725,123,517,-0.7000000000000001,37.4,931,9.08,278,3.1,0.24,123,725,517
2017,7,28,18,30,593,97,313,-1.2000000000000002,35.2,931,9.84,284,2.4000000000000004,0.24,97,593,313
2017,7,28,19,30,339,59,117,-0.4,31.3,932,13,291,1.7000000000000002,0.24,59,339,117
2017,7,28,20,30,0,0,0,-0.9,28.200000000000003,932,15.02,301,1.6,0.24,0,0,0
2017,7,28,21,30,0,0,0,-1.5,26.700000000000003,933,15.67,309,1.7000000000000002,0.24,0,0,0
2017,7,28,22,30,0,0,0,-1.5,25.400000000000002,933,16.91,316,1.6,0.24,0,0,0
2017,7,28,23,30,0,0,0,-1,24.3,933,18.78,321,1.5,0.24,0,0,0
2017,7,29,0,30,0,0,0,-0.4,23.8,933,20.19,323,1.4000000000000001,0.24,0,0,0
2017,7,29,1,30,0,0,0,0,23.3,933,21.34,329,1.2000000000000002,0.24,0,0,0
2017,7,29,2,30,0,0,0,0,23.400000000000002,933,21.34,335,1,0.24,0,0,0
2017,7,29,3,30,0,0,0,0,23.5,933,21.11,190,0.7000000000000001,0.24,0,0,0
2017,7,29,4,30,0,0,0,0,22.8,933,22.01,102,0.7000000000000001,0.24,0,0,0
2017,7,29,5,30,0,0,0,0,21.6,933,23.67,167,0.9,0.24,0,0,0
2017,7,29,6,30,89,18,22,0.1,22.3,933,22.84,177,1.3,0.24,18,89,22
2017,7,29,7,30,503,65,182,0.30000000000000004,25.200000000000003,934,19.490000000000002,187,1.9000000000000001,0.24,65,503,182
2017,7,29,8,30,696,93,387,0.2,29.200000000000003,934,15.32,212,2.4000000000000004,0.24,93,696,387
2017,7,29,9,30,791,113,585,-0.1,32.7,934,12.26,235,3.1,0.24,113,791,585
2017,7,29,10,30,841,130,756,-0.30000000000000004,34.6,934,10.92,241,3.6,0.24,130,841,756
2017,7,29,11,30,868,146,888,-0.5,36.2,934,9.85,244,3.9000000000000004,0.24,146,868,888
2017,7,29,12,30,875,157,963,-0.9,37.4,933,8.93,248,4.2,0.24,157,875,963
2017,7,29,13,30,904,140,988,-1.4000000000000001,38.2,933,8.26,253,4.6000000000000005,0.24,140,904,988
2017,7,29,14,30,893,139,947,-1.7000000000000002,38.5,932,7.94,260,4.800000000000001,0.24,139,893,947
2017,7,29,15,30,867,133,846,-1.5,38.300000000000004,932,8.120000000000001,270,4.9,0.24,133,867,846
2017,7,29,16,30,829,120,700,-1,37.6,932,8.790000000000001,279,4.7,0.24,120,829,700
2017,7,29,17,30,751,107,514,0.1,36.4,932,10.14,288,4.4,0.24,107,751,514
2017,7,29,18,30,609,88,307,1.7000000000000002,34.300000000000004,932,12.82,298,3.4000000000000004,0.24,88,609,307
2017,7,29,19,30,283,52,100,3.9000000000000004,31,932,17.94,307,2.1,0.24,56,336,113
2017,7,29,20,30,0,0,0,5.800000000000001,28.200000000000003,933,24.18,315,1.5,0.24,0,0,0
2017,7,29,21,30,0,0,0,7.1000000000000005,26.900000000000002,933,28.53,324,1.3,0.24,0,0,0
2017,7,29,22,30,0,0,0,7.800000000000001,26,933,31.54,333,1.2000000000000002,0.24,0,0,0
2017,7,29,23,30,0,0,0,8,25.5,933,32.95,343,1.1,0.24,0,0,0
2017,7,30,0,30,0,0,0,8.1,25.400000000000002,933,33.21,348,1.1,0.24,0,0,0
2017,7,30,1,30,0,0,0,8,25.5,932,32.89,14,0.8,0.25,0,0,0
2017,7,30,2,30,0,0,0,7.9,25.3,932,33.17,49,0.7000000000000001,0.25,0,0,0
2017,7,30,3,30,0,0,0,7.9,24.700000000000003,932,34.27,99,0.7000000000000001,0.25,0,0,0
2017,7,30,4,30,0,0,0,7.9,23.6,931,36.54,142,0.9,0.25,0,0,0
2017,7,30,5,30,0,0,0,7.9,22.700000000000003,931,38.6,165,1,0.25,0,0,0
2017,7,30,6,30,38,16,18,7.9,23.8,931,36.11,175,1.3,0.25,16,38,18
2017,7,30,7,30,412,72,167,7.9,26.8,932,30.23,184,1.8,0.25,72,412,167
2017,7,30,8,30,623,105,366,7.800000000000001,30.5,932,24.21,198,2.3000000000000003,0.25,105,623,366
2017,7,30,9,30,734,126,563,7,33.5,931,19.400000000000002,211,2.8000000000000003,0.25,126,734,563
2017,7,30,10,30,769,158,730,6.5,35.300000000000004,931,16.9,220,3.2,0.25,158,769,730
2017,7,30,11,30,809,172,863,5.800000000000001,36.800000000000004,931,14.85,227,3.6,0.25,172,809,863
2017,7,30,12,30,829,180,942,5,38,930,13.16,232,4,0.25,180,829,942
2017,7,30,13,30,903,137,983,4.2,38.7,930,12.030000000000001,235,4.3,0.25,137,903,983
2017,7,30,14,30,889,138,941,3.6,39,929,11.28,237,4.5,0.25,138,889,941
2017,7,30,15,30,860,135,842,3.1,38.900000000000006,929,10.94,238,4.6000000000000005,0.25,135,860,842
2017,7,30,16,30,813,126,694,2.7,38.300000000000004,928,11,239,4.6000000000000005,0.25,126,813,694
2017,7,30,17,30,735,112,509,2.6,37.300000000000004,928,11.52,240,4.5,0.25,112,735,509
2017,7,30,18,30,601,90,306,2.6,35.300000000000004,928,12.92,242,3.5,0.25,90,601,306
2017,7,30,19,30,346,55,113,3.1,31.8,928,16.25,246,2,0.25,55,346,113
2017,7,30,20,30,0,0,0,3.7,28.700000000000003,928,20.23,253,1.5,0.25,0,0,0
2017,7,30,21,30,0,0,0,4,27.3,928,22.46,260,1.4000000000000001,0.25,0,0,0
2017,7,30,22,30,0,0,0,4.3,26.1,929,24.59,265,1.3,0.25,0,0,0
2017,7,30,23,30,0,0,0,4.5,25.1,929,26.400000000000002,267,1.2000000000000002,0.25,0,0,0
2017,7,31,0,30,0,0,0,4.6000000000000005,24.700000000000003,929,27.25,267,1.2000000000000002,0.25,0,0,0
2017,7,31,1,30,0,0,0,4.7,23.3,929,29.96,256,1.1,0.25,0,0,0
2017,7,31,2,30,0,0,0,4.9,22.200000000000003,928,32.47,247,1.1,0.25,0,0,0
2017,7,31,3,30,0,0,0,5.2,21.200000000000003,928,35.230000000000004,238,1.1,0.25,0,0,0
2017,7,31,4,30,0,0,0,5.5,20.3,928,38.02,229,1.1,0.25,0,0,0
2017,7,31,5,30,0,0,0,5.800000000000001,19.8,928,39.96,223,1.1,0.25,0,0,0
2017,7,31,6,30,67,16,19,6,21.1,928,37.51,217,1.6,0.25,16,67,19
2017,7,31,7,30,469,67,173,6.2,24.200000000000003,929,31.470000000000002,218,2,0.25,67,469,173
2017,7,31,8,30,666,97,375,5.6000000000000005,27.8,929,24.42,225,2.3000000000000003,0.25,97,666,375
2017,7,31,9,30,771,117,574,4.9,30.700000000000003,929,19.62,228,2.8000000000000003,0.25,117,771,574
2017,7,31,10,30,833,131,749,4.1000000000000005,32.7,929,16.6,228,3.4000000000000004,0.25,131,833,749
2017,7,31,11,30,871,140,882,3.4000000000000004,34.300000000000004,928,14.4,230,4,0.25,140,871,882
2017,7,31,12,30,892,144,963,2.7,35.6,928,12.8,232,4.5,0.25,144,892,963
2017,7,31,13,30,914,134,989,2.1,36.4,927,11.71,234,4.9,0.25,134,914,989
2017,7,31,14,30,894,138,945,1.6,36.7,927,11.09,235,5.2,0.25,138,894,945
2017,7,31,15,30,860,139,844,1.2000000000000002,36.5,927,10.94,236,5.4,0.25,139,860,844
2017,7,31,16,30,834,119,700,1,35.9,926,11.15,238,5.5,0.25,119,834,700
2017,7,31,17,30,759,106,514,1,34.7,926,11.9,240,5.2,0.25,106,759,514
2017,7,31,18,30,614,88,307,1.1,32.800000000000004,927,13.33,241,4.2,0.25,88,614,307
2017,7,31,19,30,346,54,111,1.4000000000000001,29.5,927,16.4,242,2.5,0.25,54,346,111
2017,7,31,20,30,0,0,0,1.9000000000000001,26.5,928,20.21,245,1.6,0.25,0,0,0
2017,7,31,21,30,0,0,0,2,25,928,22.330000000000002,248,1.6,0.25,0,0,0
2017,7,31,22,30,0,0,0,2,23.8,928,24.05,252,1.5,0.25,0,0,0
2017,7,31,23,30,0,0,0,2,22.700000000000003,929,25.580000000000002,255,1.5,0.25,0,0,0
2017,8,1,0,30,0,0,0,1.9000000000000001,22.1,929,26.35,256,1.5,0.25,0,0,0
2017,8,1,1,30,0,0,0,1.9000000000000001,20.8,929,28.54,257,1.2000000000000002,0.25,0,0,0
2017,8,1,2,30,0,0,0,2.2,20.3,929,30.080000000000002,252,1.1,0.25,0,0,0
2017,8,1,3,30,0,0,0,3,20,929,32.57,245,1,0.25,0,0,0
2017,8,1,4,30,0,0,0,3.8000000000000003,19.6,929,35.26,240,0.9,0.25,0,0,0
2017,8,1,5,30,0,0,0,4.4,19.400000000000002,929,37.08,241,0.8,0.25,0,0,0
2017,8,1,6,30,46,16,17,4.7,20.1,930,36.34,248,1.1,0.25,16,46,17
2017,8,1,7,30,395,64,153,4.800000000000001,21.700000000000003,930,33.12,245,1.4000000000000001,0.25,74,415,168
2017,8,1,8,30,602,95,345,4,24.200000000000003,931,26.900000000000002,222,1.3,0.25,111,606,363
2017,8,1,9,30,710,140,560,2.3000000000000003,26.900000000000002,931,20.38,211,1.5,0.25,140,710,560
2017,8,1,10,30,776,159,732,1,29.1,932,16.37,216,2.1,0.25,159,776,732
2017,8,1,11,30,778,193,854,0.1,30.6,932,14.01,217,2.6,0.25,169,818,865
2017,8,1,12,30,751,238,926,-0.7000000000000001,31.5,931,12.58,221,2.9000000000000004,0.25,170,845,945
2017,8,1,13,30,716,267,936,-1.2000000000000002,32.1,931,11.72,230,3.2,0.25,191,821,958
2017,8,1,14,30,242,447,665,-1.5,32.6,931,11.13,240,3.4000000000000004,0.25,183,818,919
2017,8,1,15,30,329,373,643,-1.7000000000000002,32.800000000000004,931,10.85,246,3.4000000000000004,0.25,167,806,826
2017,8,1,16,30,360,292,541,-1.8,32.5,931,10.97,244,3.3000000000000003,0.25,149,762,678
2017,8,1,17,30,72,225,264,-1.6,31.6,931,11.73,237,3,0.25,130,682,495
2017,8,1,18,30,477,100,268,-1.2000000000000002,29.900000000000002,932,13.32,234,2,0.25,101,543,293
2017,8,1,19,30,291,57,103,0,27.200000000000003,932,17.01,238,1.1,0.25,57,291,103
2017,8,1,20,30,0,0,0,0.6000000000000001,25.200000000000003,932,19.89,242,1,0.25,0,0,0
2017,8,1,21,30,0,0,0,0.8,24.200000000000003,933,21.5,233,1,0.25,0,0,0
2017,8,1,22,30,0,0,0,1,23.400000000000002,933,22.92,216,1.1,0.25,0,0,0
2017,8,1,23,30,0,0,0,1.3,22.5,934,24.75,202,1.1,0.25,0,0,0
2017,8,2,0,30,0,0,0,2,22,934,26.67,198,1.2000000000000002,0.25,0,0,0
2017,8,2,1,30,0,0,0,3.1,20.8,934,31.14,180,1.2000000000000002,0.25,0,0,0
2017,8,2,2,30,0,0,0,4.4,20.200000000000003,934,35.49,164,1,0.25,0,0,0
2017,8,2,3,30,0,0,0,5.800000000000001,19.8,933,39.86,139,0.8,0.25,0,0,0
2017,8,2,4,30,0,0,0,6.800000000000001,19.700000000000003,933,43.09,102,0.6000000000000001,0.25,0,0,0
2017,8,2,5,30,0,0,0,7.5,19.700000000000003,933,45.1,66,0.6000000000000001,0.25,0,0,0
2017,8,2,6,30,16,12,12,8.200000000000001,20.700000000000003,934,44.54,56,1.2000000000000002,0.25,12,16,12
2017,8,2,7,30,357,77,157,9.3,23.5,934,40.42,72,1.6,0.25,77,357,157
2017,8,2,8,30,579,114,354,10.100000000000001,27,934,34.64,109,1.5,0.25,114,579,354
2017,8,2,9,30,707,137,553,9.600000000000001,30,934,28.25,174,1.3,0.25,137,707,553
2017,8,2,10,30,783,150,728,8.9,32.1,934,23.900000000000002,230,1.3,0.25,150,783,728
2017,8,2,11,30,832,157,864,8.200000000000001,33.6,934,20.85,248,1.6,0.25,157,832,864
2017,8,2,12,30,861,158,946,7.2,34.7,934,18.400000000000002,250,2.1,0.25,158,861,946
2017,8,2,13,30,890,145,975,6,35.5,933,16.21,251,2.5,0.25,145,890,975
2017,8,2,14,30,889,139,937,4.7,35.800000000000004,933,14.540000000000001,253,2.7,0.25,139,889,937
2017,8,2,15,30,875,128,843,3.4000000000000004,35.9,933,13.21,257,2.8000000000000003,0.25,128,875,843
2017,8,2,16,30,852,110,700,2.3000000000000003,35.5,933,12.44,265,2.7,0.25,110,852,700
2017,8,2,17,30,784,96,514,1.4000000000000001,34.7,932,12.27,276,2.5,0.25,96,784,514
2017,8,2,18,30,663,76,309,1,32.7,933,13.3,289,1.7000000000000002,0.25,76,663,309
2017,8,2,19,30,412,46,111,1.8,29.6,933,16.8,302,1.1,0.25,46,412,111
2017,8,2,20,30,0,0,0,1.6,27.200000000000003,933,19.04,314,1.1,0.25,0,0,0
2017,8,2,21,30,0,0,0,1.3,25.900000000000002,934,20.17,328,1.2000000000000002,0.25,0,0,0
2017,8,2,22,30,0,0,0,1.3,24.900000000000002,934,21.29,340,1.2000000000000002,0.25,0,0,0
2017,8,2,23,30,0,0,0,1.4000000000000001,23.900000000000002,935,22.900000000000002,352,1.2000000000000002,0.25,0,0,0
2017,8,3,0,30,0,0,0,2,23.400000000000002,935,24.5,357,1.2000000000000002,0.25,0,0,0
2017,8,3,1,30,0,0,0,2.8000000000000003,22.1,935,28.2,9,1.1,0.25,0,0,0
2017,8,3,2,30,0,0,0,3.8000000000000003,21.5,935,31.400000000000002,13,1,0.25,0,0,0
2017,8,3,3,30,0,0,0,4.7,21.200000000000003,935,34,16,1,0.25,0,0,0
2017,8,3,4,30,0,0,0,5.4,20.900000000000002,935,36.33,19,0.8,0.25,0,0,0
2017,8,3,5,30,0,0,0,5.9,20.700000000000003,935,37.99,23,0.7000000000000001,0.25,0,0,0
2017,8,3,6,30,97,14,17,6.2,21.8,935,36.32,28,0.8,0.25,14,97,17
2017,8,3,7,30,545,55,175,6.5,24.400000000000002,936,31.61,33,0.9,0.25,55,545,175
2017,8,3,8,30,743,77,383,5.800000000000001,28.400000000000002,936,23.85,22,1.2000000000000002,0.25,77,743,383
2017,8,3,9,30,843,91,587,2.6,31.900000000000002,936,15.620000000000001,169,1.5,0.25,91,843,587
2017,8,3,10,30,901,101,764,1.6,34,936,12.88,318,1.6,0.25,101,901,764
2017,8,3,11,30,935,106,899,1,35.5,935,11.39,300,1.7000000000000002,0.25,106,935,899
2017,8,3,12,30,953,109,980,0.5,36.800000000000004,935,10.21,289,2,0.25,109,953,980
2017,8,3,13,30,957,110,1001,0.1,37.7,934,9.46,284,2.3000000000000003,0.25,110,957,1001
2017,8,3,14,30,948,109,959,-0.2,38.2,934,9.01,283,2.6,0.25,109,948,959
2017,8,3,15,30,927,104,859,-0.5,38.300000000000004,933,8.78,285,2.9000000000000004,0.25,104,927,859
2017,8,3,16,30,888,97,710,-0.8,37.800000000000004,933,8.78,288,3.1,0.25,97,888,710
2017,8,3,17,30,822,86,522,-1.1,36.9,933,9.02,291,3.2,0.25,86,822,522
2017,8,3,18,30,703,69,314,-1.3,34.6,933,10.09,294,2.5,0.25,69,703,314
2017,8,3,19,30,456,43,113,-0.4,30.700000000000003,933,13.47,298,1.6,0.25,43,456,113
2017,8,3,20,30,0,0,0,-0.6000000000000001,27.700000000000003,933,15.82,304,1.5,0.25,0,0,0
2017,8,3,21,30,0,0,0,-0.7000000000000001,26.3,934,16.97,310,1.5,0.25,0,0,0
2017,8,3,22,30,0,0,0,-0.4,25.3,934,18.45,315,1.4000000000000001,0.25,0,0,0
2017,8,3,23,30,0,0,0,0.6000000000000001,24.5,934,20.8,320,1.3,0.25,0,0,0
2017,8,4,0,30,0,0,0,2.1,24.200000000000003,934,23.54,322,1.3,0.25,0,0,0
2017,8,4,1,30,0,0,0,3.7,23.5,934,27.44,331,1.2000000000000002,0.25,0,0,0
2017,8,4,2,30,0,0,0,4.9,23.1,934,30.75,340,1.2000000000000002,0.25,0,0,0
2017,8,4,3,30,0,0,0,5.9,22.700000000000003,933,33.59,174,1.1,0.25,0,0,0
2017,8,4,4,30,0,0,0,6.5,22.200000000000003,934,36.21,12,1.1,0.25,0,0,0
2017,8,4,5,30,0,0,0,6.9,21.900000000000002,934,37.83,31,1,0.25,0,0,0
2017,8,4,6,30,120,12,16,7,23.1,934,35.5,47,1.1,0.25,12,120,16
2017,8,4,7,30,557,50,171,7,25.8,934,30.27,63,1.1,0.25,50,557,171
2017,8,4,8,30,743,70,374,7,29.8,934,23.96,180,0.8,0.25,70,743,374
2017,8,4,9,30,838,83,574,6.6000000000000005,33.6,934,18.76,281,0.8,0.25,83,838,574
2017,8,4,10,30,136,349,449,6,35.7,934,15.96,276,1,0.25,92,893,747
2017,8,4,11,30,924,98,880,5.9,37.2,934,14.64,278,1.1,0.25,98,924,880
2017,8,4,12,30,940,102,959,5.9,38.400000000000006,933,13.74,277,1.1,0.25,102,940,959
2017,8,4,13,30,924,117,974,6,39.300000000000004,933,13.13,275,1.2000000000000002,0.25,117,924,974
2017,8,4,14,30,916,114,934,6,39.7,932,12.86,276,1.4000000000000001,0.25,114,916,934
2017,8,4,15,30,893,108,834,6,39.800000000000004,932,12.81,278,1.6,0.25,108,893,834
2017,8,4,16,30,830,111,681,6,39.400000000000006,931,13.08,278,1.8,0.25,111,830,681
2017,8,4,17,30,755,97,495,6.1000000000000005,38.6,931,13.76,278,1.9000000000000001,0.25,97,755,495
2017,8,4,18,30,626,77,293,6.300000000000001,36.800000000000004,931,15.35,279,1.4000000000000001,0.25,77,626,293
2017,8,4,19,30,365,46,101,7.2,33.800000000000004,931,19.27,283,1,0.25,46,365,101
2017,8,4,20,30,0,0,0,7,31.700000000000003,932,21.400000000000002,289,1,0.25,0,0,0
2017,8,4,21,30,0,0,0,6.800000000000001,30.6,932,22.5,297,0.9,0.25,0,0,0
2017,8,4,22,30,0,0,0,6.7,29.6,932,23.650000000000002,307,0.9,0.25,0,0,0
2017,8,4,23,30,0,0,0,6.7,28.700000000000003,932,24.96,313,0.9,0.25,0,0,0
2017,8,5,0,30,0,0,0,6.800000000000001,28.200000000000003,932,25.94,315,0.9,0.25,0,0,0
2017,8,5,1,30,0,0,0,6.9,27.1,932,27.85,309,1,0.25,0,0,0
2017,8,5,2,30,0,0,0,7,26.5,932,28.93,302,1,0.25,0,0,0
2017,8,5,3,30,0,0,0,7,25.700000000000003,931,30.38,292,1,0.25,0,0,0
2017,8,5,4,30,0,0,0,7.1000000000000005,24.900000000000002,932,32.03,277,1,0.25,0,0,0
2017,8,5,5,30,0,0,0,7.2,24.400000000000002,932,33.24,260,1,0.25,0,0,0
2017,8,5,6,30,71,11,13,7.4,25.5,932,31.470000000000002,240,1.3,0.25,11,71,13
2017,8,5,7,30,492,56,162,7.6000000000000005,28.400000000000002,933,26.96,230,1.9000000000000001,0.25,56,492,162
2017,8,5,8,30,688,81,362,7.6000000000000005,32.2,933,21.72,235,2.5,0.25,81,688,362
2017,8,5,9,30,791,98,559,7.800000000000001,35.4,933,18.43,239,3.1,0.25,98,791,559
2017,8,5,10,30,849,110,732,8.5,37.2,933,17.5,238,3.6,0.25,110,849,732
2017,8,5,11,30,886,118,866,8.8,38.5,932,16.67,238,3.9000000000000004,0.25,118,886,866
2017,8,5,12,30,166,462,613,8.700000000000001,39.5,932,15.65,239,4.2,0.25,123,903,945
2017,8,5,13,30,169,473,630,8.200000000000001,40.1,931,14.66,242,4.4,0.25,126,904,964
2017,8,5,14,30,895,124,923,7.6000000000000005,40.300000000000004,931,13.94,246,4.6000000000000005,0.25,124,895,923
2017,8,5,15,30,874,118,827,7.1000000000000005,40.1,930,13.56,250,4.6000000000000005,0.25,118,874,827
2017,8,5,16,30,832,109,679,6.6000000000000005,39.5,930,13.6,254,4.6000000000000005,0.25,109,832,679
2017,8,5,17,30,761,95,495,6.300000000000001,38.400000000000006,930,14.13,257,4.4,0.25,95,761,495
2017,8,5,18,30,633,76,292,6.1000000000000005,36.5,930,15.46,260,3.5,0.25,76,633,292
2017,8,5,19,30,371,44,100,6.2,33.2,930,18.68,264,2.3000000000000003,0.25,44,371,100
2017,8,5,20,30,0,0,0,6.4,30.5,931,22.080000000000002,270,1.7000000000000002,0.25,0,0,0
2017,8,5,21,30,0,0,0,6.5,29.1,931,24.09,276,1.7000000000000002,0.25,0,0,0
2017,8,5,22,30,0,0,0,6.7,27.900000000000002,931,26.05,278,1.5,0.25,0,0,0
2017,8,5,23,30,0,0,0,6.800000000000001,26.700000000000003,931,28.19,276,1.3,0.25,0,0,0
2017,8,6,0,30,0,0,0,6.9,26.200000000000003,931,29.310000000000002,275,1.3,0.25,0,0,0
2017,8,6,1,30,0,0,0,7.1000000000000005,24.700000000000003,931,32.37,269,1.1,0.25,0,0,0
2017,8,6,2,30,0,0,0,7.300000000000001,23.900000000000002,931,34.43,262,1.1,0.25,0,0,0
2017,8,6,3,30,0,0,0,7.5,23.200000000000003,931,36.5,254,1,0.25,0,0,0
2017,8,6,4,30,0,0,0,7.800000000000001,22.400000000000002,931,39.06,247,1,0.25,0,0,0
2017,8,6,5,30,0,0,0,8.200000000000001,21.900000000000002,932,41.32,243,0.9,0.25,0,0,0
2017,8,6,6,30,60,11,13,8.6,23,932,39.88,239,1.2000000000000002,0.25,11,60,13
2017,8,6,7,30,523,55,167,9.1,25.6,932,35.27,236,1.6,0.25,55,523,167
2017,8,6,8,30,726,78,372,9.1,29.400000000000002,933,28.11,242,2,0.25,78,726,372
2017,8,6,9,30,831,94,577,7,32.9,933,20.04,246,2.7,0.25,94,831,577
2017,8,6,10,30,905,99,760,4.800000000000001,35,933,15.32,242,3,0.25,99,905,760
2017,8,6,11,30,934,107,894,3,36.300000000000004,932,12.530000000000001,240,3.3000000000000003,0.25,107,934,894
2017,8,6,12,30,950,114,977,1.1,37.300000000000004,932,10.41,240,3.6,0.25,114,950,977
2017,8,6,13,30,967,106,1001,-0.6000000000000001,37.6,932,9.01,240,4.1000000000000005,0.25,106,967,1001
2017,8,6,14,30,956,106,958,-2.1,37.300000000000004,932,8.19,241,4.5,0.25,106,956,958
2017,8,6,15,30,936,103,860,-3.4000000000000004,37.1,932,7.5200000000000005,242,4.7,0.25,103,936,860
2017,8,6,16,30,880,104,704,-4.6000000000000005,36.800000000000004,931,7.01,243,4.7,0.25,104,880,704
2017,8,6,17,30,804,93,513,-5.6000000000000005,36,931,6.7700000000000005,244,4.5,0.25,93,804,513
2017,8,6,18,30,665,76,301,-6.4,33.800000000000004,931,7.24,243,3.2,0.25,76,665,301
2017,8,6,19,30,384,46,101,-5.9,30.1,931,9.22,237,1.8,0.25,46,384,101
2017,8,6,20,30,0,0,0,-5.300000000000001,27.3,932,11.39,232,1.4000000000000001,0.25,0,0,0
2017,8,6,21,30,0,0,0,-4.7,26,932,12.82,233,1.4000000000000001,0.25,0,0,0
2017,8,6,22,30,0,0,0,-3.9000000000000004,24.8,933,14.700000000000001,239,1.4000000000000001,0.25,0,0,0
2017,8,6,23,30,0,0,0,-2.9000000000000004,23.8,933,16.78,247,1.4000000000000001,0.25,0,0,0
2017,8,7,0,30,0,0,0,-2,23.400000000000002,933,18.39,250,1.4000000000000001,0.25,0,0,0
2017,8,7,1,30,0,0,0,-1.2000000000000002,22.400000000000002,933,20.64,243,1.3,0.25,0,0,0
2017,8,7,2,30,0,0,0,-0.6000000000000001,21.8,933,22.39,234,1.3,0.25,0,0,0
2017,8,7,3,30,0,0,0,0,21.1,933,24.44,228,1.3,0.25,0,0,0
2017,8,7,4,30,0,0,0,0.8,20.5,933,26.88,225,1.3,0.25,0,0,0
2017,8,7,5,30,0,0,0,1.8,20,933,29.89,222,1.3,0.25,0,0,0
2017,8,7,6,30,1,5,5,3.1,21.3,933,30.080000000000002,216,2,0.25,5,1,5
2017,8,7,7,30,231,88,137,4.4,24.1,933,27.88,209,2.7,0.25,88,231,137
2017,8,7,8,30,452,146,328,4.3,27.6,933,22.5,216,3,0.25,146,452,328
2017,8,7,9,30,590,182,524,2,30.900000000000002,933,15.85,231,3.5,0.25,182,590,524
2017,8,7,10,30,675,205,697,0.9,33.4,933,12.65,241,4,0.25,205,675,697
2017,8,7,11,30,728,218,831,0.8,35.300000000000004,933,11.32,245,4.4,0.25,218,728,831
2017,8,7,12,30,755,224,909,1.1,36.9,932,10.620000000000001,246,4.800000000000001,0.25,224,755,909
2017,8,7,13,30,844,171,950,1.3,38,932,10.15,246,5.2,0.25,171,844,950
2017,8,7,14,30,817,178,905,1.3,38.5,931,9.89,246,5.5,0.25,178,817,905
2017,8,7,15,30,173,396,535,1.3,38.5,930,9.85,245,5.800000000000001,0.25,178,772,800
2017,8,7,16,30,146,318,418,1.1,38,930,9.97,245,6,0.25,179,689,647
2017,8,7,17,30,526,154,427,0.8,36.9,930,10.36,246,5.9,0.25,159,583,462
2017,8,7,18,30,413,123,262,0.5,35.1,930,11.24,248,4.9,0.25,123,413,262
2017,8,7,19,30,138,60,80,0.30000000000000004,32.1,930,13.120000000000001,252,3.2,0.25,60,138,80
2017,8,7,20,30,0,0,0,0.2,29.3,930,15.18,261,2.4000000000000004,0.25,0,0,0
2017,8,7,21,30,0,0,0,-0.30000000000000004,27.5,931,16.34,272,2.3000000000000003,0.25,0,0,0
2017,8,7,22,30,0,0,0,-0.8,25.900000000000002,931,17.22,282,2.2,0.25,0,0,0
2017,8,7,23,30,0,0,0,-1.2000000000000002,24.5,931,18.21,288,2,0.25,0,0,0
2017,8,8,0,30,0,0,0,-1.1,23.8,931,19.12,289,1.9000000000000001,0.25,0,0,0
2017,8,8,1,30,0,0,0,-0.7000000000000001,22.200000000000003,931,21.72,288,1.5,0.25,0,0,0
2017,8,8,2,30,0,0,0,-0.1,21,931,24.43,285,1.3,0.25,0,0,0
2017,8,8,3,30,0,0,0,0.6000000000000001,19.900000000000002,931,27.490000000000002,281,1.2000000000000002,0.25,0,0,0
2017,8,8,4,30,0,0,0,1.3,18.900000000000002,931,30.72,277,1.2000000000000002,0.25,0,0,0
2017,8,8,5,30,0,0,0,2,18.2,931,33.71,278,1.3,0.25,0,0,0
2017,8,8,6,30,27,9,10,2.7,19,931,33.75,284,1.9000000000000001,0.25,9,27,10
2017,8,8,7,30,500,57,161,3.4000000000000004,21.6,931,30.3,286,2.7,0.25,57,500,161
2017,8,8,8,30,735,77,371,3.1,24.5,931,24.79,284,3.5,0.25,77,735,371
2017,8,8,9,30,855,87,581,1,26.900000000000002,932,18.54,285,4.2,0.25,87,855,581
2017,8,8,10,30,920,93,761,-0.6000000000000001,28.8,932,14.82,287,4.5,0.25,93,920,761
2017,8,8,11,30,956,96,898,-1.6,30.400000000000002,932,12.5,286,4.6000000000000005,0.25,96,956,898
2017,8,8,12,30,975,98,980,-2.4000000000000004,31.700000000000003,931,10.950000000000001,285,4.6000000000000005,0.25,98,975,980
2017,8,8,13,30,987,96,1005,-3,32.5,931,10.03,286,4.5,0.25,96,987,1005
2017,8,8,14,30,975,97,962,-3.4000000000000004,32.9,931,9.49,287,4.2,0.25,97,975,962
2017,8,8,15,30,952,94,859,-3.8000000000000003,32.9,931,9.26,289,3.9000000000000004,0.25,94,952,859
2017,8,8,16,30,913,88,707,-4,32.5,930,9.28,289,3.5,0.25,88,913,707
2017,8,8,17,30,847,78,515,-4.2,31.6,930,9.65,291,3.1,0.25,78,847,515
2017,8,8,18,30,726,63,304,-4.2,29.6,930,10.790000000000001,293,2.1,0.25,63,726,304
2017,8,8,19,30,461,37,101,-3.3000000000000003,26.3,931,14.01,299,1.2000000000000002,0.25,37,461,101
2017,8,8,20,30,0,0,0,-2.8000000000000003,23.900000000000002,931,16.79,308,1.1,0.25,0,0,0
2017,8,8,21,30,0,0,0,-2.5,23,932,18.18,320,1.1,0.25,0,0,0
2017,8,8,22,30,0,0,0,-2.3000000000000003,22.1,932,19.52,333,1,0.25,0,0,0
2017,8,8,23,30,0,0,0,-2.1,21.3,931,20.66,347,1,0.25,0,0,0
2017,8,9,0,30,0,0,0,-2,20.8,931,21.59,355,1,0.25,0,0,0
2017,8,9,1,30,0,0,0,-1.6,19.8,931,23.61,290,1,0.25,0,0,0
2017,8,9,2,30,0,0,0,-0.8,19.1,930,26.13,238,1.2000000000000002,0.25,0,0,0
2017,8,9,3,30,0,0,0,0.5,18.2,930,30.3,233,1.4000000000000001,0.25,0,0,0
2017,8,9,4,30,0,0,0,2.2,17.3,930,36.37,235,1.6,0.25,0,0,0
2017,8,9,5,30,0,0,0,3.7,16.8,931,41.61,236,1.7000000000000002,0.25,0,0,0
2017,8,9,6,30,0,0,0,4.5,17.900000000000002,931,41.230000000000004,233,2.4000000000000004,0.25,0,0,0
2017,8,9,7,30,570,48,165,4.7,21,931,34.43,232,3.1,0.25,48,570,165
2017,8,9,8,30,770,68,375,2,24.5,932,23.04,243,3.7,0.25,68,770,375
2017,8,9,9,30,869,81,581,-2.6,27.3,932,13.98,254,4.2,0.25,81,869,581
2017,8,9,10,30,925,89,760,-4.1000000000000005,29,932,11.31,256,4.3,0.25,89,925,760
2017,8,9,11,30,958,94,896,-5,30.400000000000002,931,9.74,258,4.5,0.25,94,958,896
2017,8,9,12,30,977,98,981,-5.5,31.5,931,8.78,262,4.6000000000000005,0.25,98,977,981
2017,8,9,13,30,974,104,1000,-5.5,32.2,931,8.46,266,4.6000000000000005,0.25,104,974,1000
2017,8,9,14,30,954,107,951,-5.2,32.5,931,8.52,268,4.5,0.25,107,954,951
2017,8,9,15,30,924,107,848,-4.9,32.4,930,8.74,271,4.4,0.25,107,924,848
2017,8,9,16,30,873,103,693,-4.7,31.900000000000002,930,9.15,278,4.3,0.25,103,873,693
2017,8,9,17,30,791,94,501,-4.4,30.8,930,9.93,285,4.1000000000000005,0.25,94,791,501
2017,8,9,18,30,649,76,290,-4.2,28.8,930,11.34,294,3.1,0.25,76,649,290
2017,8,9,19,30,358,43,91,-3.7,25.5,931,14.33,306,1.9000000000000001,0.25,43,358,91
2017,8,9,20,30,0,0,0,-2.8000000000000003,23.1,932,17.650000000000002,326,2.1,0.25,0,0,0
2017,8,9,21,30,0,0,0,-1.2000000000000002,22.1,932,21.04,349,3.2,0.25,0,0,0
2017,8,9,22,30,0,0,0,1.3,20.900000000000002,933,27.27,184,4.3,0.25,0,0,0
2017,8,9,23,30,0,0,0,4.3,19.6,933,36.38,13,4.7,0.25,0,0,0
2017,8,10,0,30,0,0,0,6.800000000000001,18.900000000000002,933,45.31,16,4.800000000000001,0.25,0,0,0
2017,8,10,1,30,0,0,0,8.8,17.6,934,56.33,20,4.9,0.25,0,0,0
2017,8,10,2,30,0,0,0,10.4,17,934,65.11,24,5,0.25,0,0,0
2017,8,10,3,30,0,0,0,11.3,16.5,934,71.16,30,5.2,0.25,0,0,0
2017,8,10,4,30,0,0,0,11.200000000000001,16.1,935,72.82000000000001,38,5.1000000000000005,0.25,0,0,0
2017,8,10,5,30,0,0,0,10.5,15.600000000000001,935,71.60000000000001,45,4.9,0.25,0,0,0
2017,8,10,6,30,0,0,0,9.4,15.8,936,65.72,51,5.1000000000000005,0.25,0,0,0
2017,8,10,7,30,457,58,151,8.4,17.3,936,56.02,56,5.2,0.25,58,457,151
2017,8,10,8,30,680,85,354,8.1,19.6,937,47.54,58,4.800000000000001,0.25,85,680,354
2017,8,10,9,30,797,101,558,8.4,22.200000000000003,937,41.13,55,4.2,0.25,101,797,558
2017,8,10,10,30,865,111,737,8.8,24.6,937,36.64,47,3.6,0.25,111,865,737
2017,8,10,11,30,907,116,873,8.8,26.8,937,32.15,35,3.2,0.25,116,907,873
2017,8,10,12,30,934,115,957,8,28.400000000000002,937,27.82,22,3,0.25,115,934,957
2017,8,10,13,30,954,107,982,6.800000000000001,29.6,936,23.91,11,3,0.25,107,954,982
2017,8,10,14,30,951,102,941,5.300000000000001,30.200000000000003,936,20.75,182,3.3000000000000003,0.25,102,951,941
2017,8,10,15,30,940,94,845,3.5,30.3,936,18.22,358,3.6,0.25,94,940,845
2017,8,10,16,30,911,84,696,1.6,29.8,936,16.43,358,3.7,0.25,84,911,696
2017,8,10,17,30,859,72,511,-0.30000000000000004,28.8,936,15.14,180,3.7,0.25,72,859,511
2017,8,10,18,30,752,57,302,-2.1,26.900000000000002,936,14.76,5,3.3000000000000003,0.25,57,752,302
2017,8,10,19,30,506,33,100,-3.4000000000000004,23.700000000000003,936,16.240000000000002,11,2.4000000000000004,0.25,33,506,100
2017,8,10,20,30,0,0,0,-4.3,21.200000000000003,937,17.76,19,2.1,0.25,0,0,0
2017,8,10,21,30,0,0,0,-4.5,19.900000000000002,937,18.830000000000002,27,2.2,0.25,0,0,0
2017,8,10,22,30,0,0,0,-3.9000000000000004,18.900000000000002,937,21.11,36,2.1,0.25,0,0,0
2017,8,10,23,30,0,0,0,-2.6,18,937,24.46,45,2,0.25,0,0,0
2017,8,11,0,30,0,0,0,-1,17.6,937,28.23,50,2,0.25,0,0,0
2017,8,11,1,30,0,0,0,1.2000000000000002,16.5,937,35.54,62,1.8,0.25,0,0,0
2017,8,11,2,30,0,0,0,3.9000000000000004,15.8,937,44.93,68,1.8,0.25,0,0,0
2017,8,11,3,30,0,0,0,6.5,15.3,936,55.64,72,1.7000000000000002,0.25,0,0,0
2017,8,11,4,30,0,0,0,8.6,14.700000000000001,937,66.8,74,1.7000000000000002,0.25,0,0,0
2017,8,11,5,30,0,0,0,10,14.200000000000001,937,76.03,79,1.6,0.25,0,0,0
2017,8,11,6,30,0,0,0,11,15.200000000000001,937,75.93,86,2,0.25,0,0,0
2017,8,11,7,30,559,48,160,11.5,18.1,937,65.35,95,2.1,0.25,48,559,160
2017,8,11,8,30,753,70,367,11,21.8,937,50.370000000000005,216,1.4000000000000001,0.25,70,753,367
2017,8,11,9,30,855,83,572,8,25.3,937,33.22,333,1.3,0.25,83,855,572
2017,8,11,10,30,912,92,750,4.4,27.900000000000002,937,22.330000000000002,342,1.5,0.25,92,912,750
2017,8,11,11,30,945,98,885,2.8000000000000003,29.700000000000003,936,17.900000000000002,349,1.5,0.25,98,945,885
2017,8,11,12,30,962,101,966,1.8,31.1,936,15.43,349,1.7000000000000002,0.25,101,962,966
2017,8,11,13,30,946,115,981,1.1,32.2,935,13.81,347,1.9000000000000001,0.25,115,946,981
2017,8,11,14,30,935,114,938,0.6000000000000001,32.800000000000004,935,12.82,347,2.3000000000000003,0.25,114,935,938
2017,8,11,15,30,911,111,836,0.2,32.800000000000004,934,12.46,351,2.7,0.25,111,911,836
2017,8,11,16,30,860,106,681,0,32.300000000000004,934,12.67,356,3.1,0.25,106,860,681
2017,8,11,17,30,784,91,490,0,31.200000000000003,934,13.44,182,3.3000000000000003,0.25,91,784,490
2017,8,11,18,30,652,71,282,-0.1,29.1,934,15.06,9,2.8000000000000003,0.25,71,652,282
2017,8,11,19,30,366,39,86,-0.1,25.900000000000002,935,18.240000000000002,18,2.2,0.25,39,366,86
2017,8,11,20,30,0,0,0,-0.5,23.400000000000002,935,20.51,29,2.2,0.25,0,0,0
2017,8,11,21,30,0,0,0,-1.7000000000000002,22.3,936,20.080000000000002,39,2.4000000000000004,0.25,0,0,0
2017,8,11,22,30,0,0,0,-3,21.1,936,19.61,49,2.3000000000000003,0.25,0,0,0
2017,8,11,23,30,0,0,0,-3.6,20,936,20.11,59,2.1,0.25,0,0,0
2017,8,12,0,30,0,0,0,-2,19.400000000000002,936,23.53,64,2,0.25,0,0,0
2017,8,12,1,30,0,0,0,1.9000000000000001,18.1,936,33.71,79,1.9000000000000001,0.25,0,0,0
2017,8,12,2,30,0,0,0,6,17.5,936,46.89,88,2,0.25,0,0,0
2017,8,12,3,30,0,0,0,9.200000000000001,16.8,936,60.74,97,2.1,0.25,0,0,0
2017,8,12,4,30,0,0,0,11.100000000000001,16.2,936,71.93,103,2.2,0.25,0,0,0
2017,8,12,5,30,0,0,0,12.100000000000001,15.700000000000001,936,79.33,107,2.3000000000000003,0.25,0,0,0
2017,8,12,6,30,0,0,0,12.600000000000001,16.6,937,77.17,110,2.8000000000000003,0.25,0,0,0
2017,8,12,7,30,509,51,152,12.600000000000001,19.3,937,65.27,118,3.3000000000000003,0.25,51,509,152
2017,8,12,8,30,720,75,357,11.9,23.1,937,49.21,124,2.8000000000000003,0.25,75,720,357
2017,8,12,9,30,826,91,561,9.3,26.900000000000002,937,32.99,113,1.8,0.25,91,826,561
2017,8,12,10,30,885,101,738,5.2,29.5,937,21.53,92,1.2000000000000002,0.25,101,885,738
2017,8,12,11,30,923,108,875,3.1,31.400000000000002,936,16.6,68,1.1,0.25,108,923,875
2017,8,12,12,30,940,112,955,1.9000000000000001,32.800000000000004,936,14.15,40,1.3,0.25,112,940,955
2017,8,12,13,30,958,104,978,1.2000000000000002,33.7,935,12.77,20,1.5,0.25,104,958,978
2017,8,12,14,30,949,102,935,0.8,34.2,935,12.01,10,1.7000000000000002,0.25,102,949,935
2017,8,12,15,30,927,98,834,0.5,34.2,934,11.76,6,2,0.25,98,927,834
2017,8,12,16,30,887,90,681,0.4,33.800000000000004,934,11.950000000000001,7,2.1,0.25,90,887,681
2017,8,12,17,30,818,79,492,0.5,32.800000000000004,934,12.76,10,2.3000000000000003,0.25,79,818,492
2017,8,12,18,30,688,62,282,0.7000000000000001,30.700000000000003,934,14.620000000000001,15,1.9000000000000001,0.25,62,688,282
2017,8,12,19,30,410,35,86,1.6,27.5,934,18.64,24,1.4000000000000001,0.25,35,410,86
2017,8,12,20,30,0,0,0,2.2,25.1,934,22.43,39,1.6,0.25,0,0,0
2017,8,12,21,30,0,0,0,3.3000000000000003,24.1,935,25.8,61,1.8,0.25,0,0,0
2017,8,12,22,30,0,0,0,4.800000000000001,23,935,30.7,92,1.8,0.25,0,0,0
2017,8,12,23,30,0,0,0,6.300000000000001,21.900000000000002,935,36.35,129,1.8,0.25,0,0,0
2017,8,13,0,30,0,0,0,7.5,21.400000000000002,935,40.59,149,1.7000000000000002,0.25,0,0,0
2017,8,13,1,30,0,0,0,8.200000000000001,20,934,46.65,187,1.6,0.26,0,0,0
2017,8,13,2,30,0,0,0,8.8,19.3,934,50.68,196,1.5,0.26,0,0,0
2017,8,13,3,30,0,0,0,9.3,18.6,934,54.69,195,1.4000000000000001,0.26,0,0,0
2017,8,13,4,30,0,0,0,9.700000000000001,18.1,934,57.94,185,1.3,0.26,0,0,0
2017,8,13,5,30,0,0,0,10,17.7,934,60.69,168,1.3,0.26,0,0,0
2017,8,13,6,30,0,0,0,10.3,18.8,934,57.64,150,1.7000000000000002,0.26,0,0,0
2017,8,13,7,30,489,52,148,10.5,21.6,934,49.19,141,2.1,0.26,52,489,148
2017,8,13,8,30,695,79,350,10,25.3,935,38.21,140,1.8,0.26,79,695,350
2017,8,13,9,30,803,96,552,8.3,28.700000000000003,934,27.77,141,1.6,0.26,96,803,552
2017,8,13,10,30,869,105,728,6.7,31.1,934,21.72,145,1.4000000000000001,0.26,105,869,728
2017,8,13,11,30,907,111,862,5.6000000000000005,33,934,18.11,157,1.3,0.26,111,907,862
2017,8,13,12,30,925,114,942,5,34.4,933,16.03,177,1.1,0.26,114,925,942
2017,8,13,13,30,944,105,965,4.6000000000000005,35.300000000000004,932,14.81,202,1.1,0.26,105,944,965
2017,8,13,14,30,934,104,922,4.3,35.800000000000004,932,14.14,224,1.1,0.26,104,934,922
2017,8,13,15,30,906,101,818,4.1000000000000005,35.9,931,13.870000000000001,241,1.3,0.26,101,906,818
2017,8,13,16,30,851,99,664,4,35.5,931,14.08,254,1.4000000000000001,0.26,99,851,664
2017,8,13,17,30,771,89,475,3.9000000000000004,34.6,930,14.72,262,1.6,0.26,89,771,475
2017,8,13,18,30,627,71,269,4,32.7,931,16.45,266,1.4000000000000001,0.26,71,627,269
2017,8,13,19,30,322,38,77,4.800000000000001,29.700000000000003,931,20.62,263,1.1,0.26,38,322,77
2017,8,13,20,30,0,0,0,5.4,27.5,932,24.39,252,1.5,0.26,0,0,0
2017,8,13,21,30,0,0,0,6.5,25.900000000000002,932,28.98,236,1.9000000000000001,0.26,0,0,0
2017,8,13,22,30,0,0,0,7.6000000000000005,24.5,932,33.95,221,2.2,0.26,0,0,0
2017,8,13,23,30,0,0,0,8.5,23.200000000000003,933,38.95,209,2.2,0.26,0,0,0
2017,8,14,0,30,0,0,0,9.200000000000001,22.6,933,42.52,204,2.2,0.26,0,0,0
2017,8,14,1,30,0,0,0,9.9,21.1,933,48.76,194,2.1,0.26,0,0,0
2017,8,14,2,30,0,0,0,10.5,20.200000000000003,933,53.660000000000004,186,1.9000000000000001,0.26,0,0,0
2017,8,14,3,30,0,0,0,11,19.5,933,58.08,173,1.7000000000000002,0.26,0,0,0
2017,8,14,4,30,0,0,0,11.5,18.8,933,62.440000000000005,152,1.3,0.26,0,0,0
2017,8,14,5,30,0,0,0,11.8,18.3,933,65.88,127,1.1,0.26,0,0,0
2017,8,14,6,30,0,0,0,12,19.200000000000003,933,63.17,104,1.6,0.26,0,0,0
2017,8,14,7,30,320,69,131,12,22,934,53.21,84,1.9000000000000001,0.26,69,320,131
2017,8,14,8,30,547,112,324,10.8,25.6,934,39.49,71,1.6,0.26,112,547,324
2017,8,14,9,30,672,141,521,9.3,28.8,934,29.51,77,1.8,0.26,141,672,521
2017,8,14,10,30,385,298,573,8.4,31.3,933,24.1,99,2,0.26,160,747,694
2017,8,14,11,30,793,171,827,7.7,33.4,933,20.46,128,2.2,0.26,171,793,827
2017,8,14,12,30,817,175,905,7.5,35,932,18.45,164,2.1,0.26,175,817,905
2017,8,14,13,30,841,165,929,7.6000000000000005,36.1,931,17.5,198,2.2,0.26,165,841,929
2017,8,14,14,30,824,165,885,7.800000000000001,36.7,931,17.11,219,2.5,0.26,165,824,885
2017,8,14,15,30,788,161,782,7.9,36.7,930,17.23,230,2.8000000000000003,0.26,161,788,782
2017,8,14,16,30,359,275,512,7.9,36.300000000000004,930,17.63,236,3.2,0.26,137,754,635
2017,8,14,17,30,447,169,391,7.9,35.4,930,18.51,240,3.5,0.26,119,662,449
2017,8,14,18,30,495,82,237,8,33.4,931,20.900000000000002,243,3,0.26,91,499,247
2017,8,14,19,30,185,44,66,8.6,30.400000000000002,931,25.72,244,2.1,0.26,44,185,66
2017,8,14,20,30,0,0,0,9.1,28.200000000000003,932,30.150000000000002,241,1.8,0.26,0,0,0
2017,8,14,21,30,0,0,0,9.700000000000001,27,933,33.65,234,1.9000000000000001,0.26,0,0,0
2017,8,14,22,30,0,0,0,10.4,26,933,37.550000000000004,226,2.1,0.26,0,0,0
2017,8,14,23,30,0,0,0,11.3,25.1,934,42.15,221,2.2,0.26,0,0,0
2017,8,15,0,30,0,0,0,12.3,24.700000000000003,934,45.99,219,2.3000000000000003,0.26,0,0,0
2017,8,15,1,30,0,0,0,13.200000000000001,23.400000000000002,934,52.6,217,2.2,0.26,0,0,0
2017,8,15,2,30,0,0,0,13.8,22.5,934,58.050000000000004,215,2,0.26,0,0,0
2017,8,15,3,30,0,0,0,14.3,21.700000000000003,934,62.78,214,1.7000000000000002,0.26,0,0,0
2017,8,15,4,30,0,0,0,14.600000000000001,21,934,66.65,211,1.5,0.26,0,0,0
2017,8,15,5,30,0,0,0,14.700000000000001,20.6,934,68.97,207,1.4000000000000001,0.26,0,0,0
2017,8,15,6,30,0,0,0,14.8,21.1,934,67.34,210,1.8,0.26,0,0,0
2017,8,15,7,30,174,81,114,14.700000000000001,23,935,59.64,226,2.3000000000000003,0.26,81,174,114
2017,8,15,8,30,406,144,299,14,25.900000000000002,935,47.75,237,2.4000000000000004,0.26,144,406,299
2017,8,15,9,30,554,181,493,13.100000000000001,28.8,935,38.11,240,2.6,0.26,181,554,493
2017,8,15,10,30,649,204,666,12.700000000000001,31.3,935,32.07,243,2.8000000000000003,0.26,204,649,666
2017,8,15,11,30,709,215,800,12.200000000000001,33.300000000000004,935,27.76,246,3,0.26,215,709,800
2017,8,15,12,30,747,217,883,11.600000000000001,34.9,934,24.37,249,3.3000000000000003,0.26,217,747,883
2017,8,15,13,30,836,164,922,10.8,36,934,21.77,253,3.5,0.26,164,836,922
2017,8,15,14,30,824,162,880,9.9,36.6,934,19.84,258,3.7,0.26,162,824,880
2017,8,15,15,30,505,292,689,8.9,36.6,933,18.6,265,3.9000000000000004,0.26,156,792,779
2017,8,15,16,30,325,281,495,7.9,36,933,17.91,272,4,0.26,144,739,630
2017,8,15,17,30,377,182,369,6.7,34.9,933,17.55,279,4,0.26,122,654,446
2017,8,15,18,30,296,108,199,5.5,32.800000000000004,934,18.2,288,3.2,0.26,90,501,245
2017,8,15,19,30,201,41,64,4.6000000000000005,29.400000000000002,934,20.650000000000002,296,2,0.26,41,201,64
2017,8,15,20,30,0,0,0,3.8000000000000003,26.8,935,22.73,304,1.6,0.26,0,0,0
2017,8,15,21,30,0,0,0,3.3000000000000003,25.400000000000002,935,23.81,310,1.5,0.26,0,0,0
2017,8,15,22,30,0,0,0,3,24.3,936,25,313,1.3,0.26,0,0,0
2017,8,15,23,30,0,0,0,2.8000000000000003,23.400000000000002,936,26.09,315,1.2000000000000002,0.26,0,0,0
2017,8,16,0,30,0,0,0,2.7,23.1,936,26.36,315,1.2000000000000002,0.26,0,0,0
2017,8,16,1,30,0,0,0,2.6,22.400000000000002,936,27.29,316,1.1,0.26,0,0,0
2017,8,16,2,30,0,0,0,2.5,22.200000000000003,936,27.42,317,0.9,0.26,0,0,0
2017,8,16,3,30,0,0,0,2.4000000000000004,22.200000000000003,936,27.27,317,0.8,0.26,0,0,0
2017,8,16,4,30,0,0,0,2.4000000000000004,21.8,935,27.92,309,0.6000000000000001,0.26,0,0,0
2017,8,16,5,30,0,0,0,2.5,21.1,936,29.32,236,0.6000000000000001,0.26,0,0,0
2017,8,16,6,30,0,0,0,2.7,21.3,936,29.28,170,0.7000000000000001,0.26,0,0,0
2017,8,16,7,30,246,62,108,3,23.200000000000003,936,26.61,170,0.9,0.26,64,349,129
2017,8,16,8,30,589,102,327,2.9000000000000004,26.900000000000002,936,21.21,204,1.4000000000000001,0.26,102,589,327
2017,8,16,9,30,717,126,528,2.1,30.6,936,16.25,242,2.3000000000000003,0.26,126,717,528
2017,8,16,10,30,793,141,705,2.4000000000000004,32.7,936,14.68,246,3.1,0.26,141,793,705
2017,8,16,11,30,837,150,839,2.5,34.2,936,13.61,248,3.5,0.26,150,837,839
2017,8,16,12,30,862,154,919,2.3000000000000003,35.4,935,12.52,250,3.7,0.26,154,862,919
2017,8,16,13,30,896,135,945,1.7000000000000002,36.300000000000004,935,11.48,252,3.8000000000000003,0.26,135,896,945
2017,8,16,14,30,892,130,905,1,36.7,934,10.66,254,3.9000000000000004,0.26,130,892,905
2017,8,16,15,30,869,122,803,0.30000000000000004,36.6,934,10.19,258,3.8000000000000003,0.26,122,869,803
2017,8,16,16,30,817,114,649,-0.5,36,934,9.92,262,3.7,0.26,114,817,649
2017,8,16,17,30,741,98,462,-1.4000000000000001,35,934,9.84,268,3.4000000000000004,0.26,98,741,462
2017,8,16,18,30,597,74,256,-2.1,32.300000000000004,934,10.83,274,2.3000000000000003,0.26,74,597,256
2017,8,16,19,30,288,36,67,-1.8,28.6,934,13.700000000000001,282,1.4000000000000001,0.26,36,288,67
2017,8,16,20,30,0,0,0,-2.1,26.200000000000003,935,15.43,292,1.3,0.26,0,0,0
2017,8,16,21,30,0,0,0,-2.2,25.200000000000003,935,16.23,303,1.2000000000000002,0.26,0,0,0
2017,8,16,22,30,0,0,0,-2.1,24.700000000000003,935,16.92,316,1.1,0.26,0,0,0
2017,8,16,23,30,0,0,0,-1.7000000000000002,24.3,935,17.76,328,1,0.26,0,0,0
2017,8,17,0,30,0,0,0,-1.3,24.200000000000003,935,18.37,334,0.9,0.26,0,0,0
2017,8,17,1,30,0,0,0,-1,23.5,935,19.64,175,0.8,0.26,0,0,0
2017,8,17,2,30,0,0,0,-0.8,23,935,20.61,14,0.7000000000000001,0.26,0,0,0
2017,8,17,3,30,0,0,0,-0.4,22.400000000000002,935,21.97,42,0.7000000000000001,0.26,0,0,0
2017,8,17,4,30,0,0,0,-0.2,21.5,935,23.55,94,0.7000000000000001,0.26,0,0,0
2017,8,17,5,30,0,0,0,0.2,20.700000000000003,935,25.46,141,0.7000000000000001,0.26,0,0,0
2017,8,17,6,30,0,0,0,0.7000000000000001,21.1,935,25.77,155,0.9,0.26,0,0,0
2017,8,17,7,30,464,51,138,1.3,23.5,936,23.22,160,1.2000000000000002,0.26,51,464,138
2017,8,17,8,30,693,79,342,1.4000000000000001,27.3,936,18.64,194,1.4000000000000001,0.26,79,693,342
2017,8,17,9,30,806,96,546,0.5,31.400000000000002,936,13.77,234,1.6,0.26,96,806,546
2017,8,17,10,30,869,109,724,-1.1,34,936,10.59,246,2,0.26,109,869,724
2017,8,17,11,30,905,116,859,-1.5,35.5,936,9.51,252,2.2,0.26,116,905,859
2017,8,17,12,30,924,120,939,-1.5,36.7,935,8.91,253,2.2,0.26,120,924,939
2017,8,17,13,30,942,110,960,-1.2000000000000002,37.5,935,8.67,252,2.2,0.26,110,942,960
2017,8,17,14,30,933,109,916,-0.9,38,934,8.67,249,2.3000000000000003,0.26,109,933,916
2017,8,17,15,30,909,104,813,-0.4,38,934,8.96,247,2.4000000000000004,0.26,104,909,813
2017,8,17,16,30,865,96,659,0,37.5,933,9.450000000000001,248,2.5,0.26,96,865,659
2017,8,17,17,30,786,83,466,0.2,36.5,933,10.19,250,2.6,0.26,83,786,466
2017,8,17,18,30,642,65,258,0.6000000000000001,33.9,933,12.030000000000001,254,1.9000000000000001,0.26,65,642,258
2017,8,17,19,30,324,32,66,1.6,30.3,933,15.950000000000001,259,1.3,0.26,32,324,66
2017,8,17,20,30,0,0,0,1.9000000000000001,28.1,934,18.39,263,1.3,0.26,0,0,0
2017,8,17,21,30,0,0,0,2.3000000000000003,27.200000000000003,934,19.98,265,1.2000000000000002,0.26,0,0,0
2017,8,17,22,30,0,0,0,2.6,26.3,934,21.61,261,1.2000000000000002,0.26,0,0,0
2017,8,17,23,30,0,0,0,2.9000000000000004,25.400000000000002,934,23.16,250,1.2000000000000002,0.26,0,0,0
2017,8,18,0,30,0,0,0,3,24.8,934,24.23,243,1.2000000000000002,0.26,0,0,0
2017,8,18,1,30,0,0,0,3.1,23.200000000000003,934,26.96,229,1.3,0.26,0,0,0
2017,8,18,2,30,0,0,0,3.6,22.200000000000003,934,29.51,224,1.4000000000000001,0.26,0,0,0
2017,8,18,3,30,0,0,0,4.4,21.3,934,33.12,223,1.4000000000000001,0.26,0,0,0
2017,8,18,4,30,0,0,0,5.7,20.400000000000002,934,38.32,223,1.4000000000000001,0.26,0,0,0
2017,8,18,5,30,0,0,0,7.300000000000001,19.6,934,44.980000000000004,221,1.4000000000000001,0.26,0,0,0
2017,8,18,6,30,0,0,0,9.1,20.3,935,48.46,218,2,0.26,0,0,0
2017,8,18,7,30,420,54,131,10.700000000000001,22.5,935,47.25,216,2.7,0.26,54,420,131
2017,8,18,8,30,657,84,332,11.600000000000001,25.8,935,41.22,218,2.8000000000000003,0.26,84,657,332
2017,8,18,9,30,778,102,534,10.4,29.8,935,30.05,222,2.9000000000000004,0.26,102,778,534
2017,8,18,10,30,847,114,712,7.4,33.2,935,20.22,228,3.1,0.26,114,847,712
2017,8,18,11,30,883,121,843,6.2,35.300000000000004,934,16.55,235,3.2,0.26,121,883,843
2017,8,18,12,30,903,125,924,6.300000000000001,36.6,934,15.58,237,3.1,0.26,125,903,924
2017,8,18,13,30,891,137,938,6.5,37.5,933,15,238,3,0.26,137,891,938
2017,8,18,14,30,881,134,894,6.5,38,933,14.57,242,2.9000000000000004,0.26,134,881,894
2017,8,18,15,30,850,128,788,6.300000000000001,38.1,932,14.370000000000001,249,2.9000000000000004,0.26,128,850,788
2017,8,18,16,30,799,118,635,6.1000000000000005,37.7,932,14.48,257,2.9000000000000004,0.26,118,799,635
2017,8,18,17,30,708,103,446,5.9,36.800000000000004,931,14.950000000000001,261,2.7,0.26,103,708,446
2017,8,18,18,30,542,79,240,5.7,34.4,931,16.87,262,1.9000000000000001,0.26,79,542,240
2017,8,18,19,30,209,36,57,6,31.1,932,20.650000000000002,262,1.2000000000000002,0.26,36,209,57
2017,8,18,20,30,0,0,0,5.7,29.1,932,22.77,265,1.3,0.26,0,0,0
2017,8,18,21,30,0,0,0,5.5,27.900000000000002,932,24.11,272,1.3,0.26,0,0,0
2017,8,18,22,30,0,0,0,5.4,26.8,933,25.45,279,1.3,0.26,0,0,0
2017,8,18,23,30,0,0,0,5.2,25.8,933,26.66,284,1.2000000000000002,0.26,0,0,0
2017,8,19,0,30,0,0,0,5.1000000000000005,25.3,933,27.2,286,1.2000000000000002,0.26,0,0,0
2017,8,19,1,30,0,0,0,5,24,933,29.32,290,1.1,0.26,0,0,0
2017,8,19,2,30,0,0,0,5.1000000000000005,23.3,933,30.810000000000002,290,1,0.26,0,0,0
2017,8,19,3,30,0,0,0,5.5,22.8,933,32.49,282,0.9,0.26,0,0,0
2017,8,19,4,30,0,0,0,6.1000000000000005,22.200000000000003,933,35.12,264,0.9,0.26,0,0,0
2017,8,19,5,30,0,0,0,6.9,21.6,933,38.5,246,0.8,0.26,0,0,0
2017,8,19,6,30,0,0,0,7.7,22.1,933,39.62,236,1,0.26,0,0,0
2017,8,19,7,30,374,56,124,8.6,23.900000000000002,934,37.67,230,1.4000000000000001,0.26,56,374,124
2017,8,19,8,30,614,91,321,9,26.700000000000003,934,32.68,230,1.3,0.26,91,614,321
2017,8,19,9,30,739,112,521,8.6,30.5,934,25.580000000000002,246,1.5,0.26,112,739,521
2017,8,19,10,30,814,126,699,7.1000000000000005,34,934,19.01,261,2,0.26,126,814,699
2017,8,19,11,30,857,134,833,6.7,36.2,934,16.28,261,2.4000000000000004,0.26,134,857,833
2017,8,19,12,30,881,136,913,6.6000000000000005,37.4,933,15.21,257,2.4000000000000004,0.26,136,881,913
2017,8,19,13,30,912,119,938,6.4,38.2,933,14.3,255,2.5,0.26,119,912,938
2017,8,19,14,30,902,117,893,6,38.6,933,13.63,257,2.7,0.26,117,902,893
2017,8,19,15,30,875,113,791,5.6000000000000005,38.5,932,13.32,257,2.9000000000000004,0.26,113,875,791
2017,8,19,16,30,510,214,542,5.1000000000000005,38,932,13.280000000000001,257,3,0.26,105,822,635
2017,8,19,17,30,490,150,386,5,37,932,13.88,258,3,0.26,92,732,444
2017,8,19,18,30,402,88,206,5,34.6,932,15.9,261,2.2,0.26,71,569,238
2017,8,19,19,30,210,30,51,5.300000000000001,31.3,932,19.53,267,1.3,0.26,32,235,55
2017,8,19,20,30,0,0,0,5.4,29.200000000000003,933,22.16,277,1.1,0.26,0,0,0
2017,8,19,21,30,0,0,0,5.800000000000001,28.3,933,23.91,291,1,0.26,0,0,0
2017,8,19,22,30,0,0,0,6.4,27.400000000000002,934,26.330000000000002,303,1,0.26,0,0,0
2017,8,19,23,30,0,0,0,7.300000000000001,26.400000000000002,934,29.76,284,1,0.26,0,0,0
2017,8,20,0,30,0,0,0,8.3,25.900000000000002,934,32.68,261,1.1,0.26,0,0,0
2017,8,20,1,30,0,0,0,9.1,24.1,934,38.57,221,1.2000000000000002,0.26,0,0,0
2017,8,20,2,30,0,0,0,10.100000000000001,23.1,934,43.86,219,1.2000000000000002,0.26,0,0,0
2017,8,20,3,30,0,0,0,11.4,22.3,934,50.1,220,1.2000000000000002,0.26,0,0,0
2017,8,20,4,30,0,0,0,12.600000000000001,21.6,935,56.67,223,1.1,0.26,0,0,0
2017,8,20,5,30,0,0,0,13.600000000000001,21.1,935,62.27,223,1,0.26,0,0,0
2017,8,20,6,30,0,0,0,14.3,21.8,935,62.45,220,1.3,0.26,0,0,0
2017,8,20,7,30,372,55,121,14.9,24.200000000000003,936,56.14,223,1.8,0.26,55,372,121
2017,8,20,8,30,610,90,317,15,27.200000000000003,936,47.4,228,1.7000000000000002,0.26,90,610,317
2017,8,20,9,30,735,111,516,14.3,30.3,936,37.69,225,1.4000000000000001,0.26,111,735,516
2017,8,20,10,30,807,125,691,12.5,33.300000000000004,936,28.26,217,1.2000000000000002,0.26,125,807,691
2017,8,20,11,30,852,133,826,10.8,35.5,936,22.41,216,1.1,0.26,133,852,826
2017,8,20,12,30,874,136,905,10.100000000000001,37,935,19.66,223,1,0.26,136,874,905
2017,8,20,13,30,897,125,927,9.5,38.1,935,17.82,232,1,0.26,125,897,927
2017,8,20,14,30,887,123,883,8.9,38.6,934,16.67,240,1.2000000000000002,0.26,123,887,883
2017,8,20,15,30,860,117,780,8.4,38.7,933,16.01,246,1.3,0.26,117,860,780
2017,8,20,16,30,810,108,627,7.9,38.300000000000004,933,15.85,250,1.6,0.26,108,810,627
2017,8,20,17,30,722,94,438,7.6000000000000005,37.4,933,16.240000000000002,252,1.8,0.26,94,722,438
2017,8,20,18,30,562,72,234,7.4,35.2,933,18.1,253,1.5,0.26,72,562,234
2017,8,20,19,30,226,32,52,7.800000000000001,32.300000000000004,933,21.830000000000002,252,1.2000000000000002,0.26,32,226,52
2017,8,20,20,30,0,0,0,8.5,30.400000000000002,934,25.61,253,1.5,0.26,0,0,0
2017,8,20,21,30,0,0,0,9.9,29,934,30.45,255,1.7000000000000002,0.26,0,0,0
2017,8,20,22,30,0,0,0,11.200000000000001,27.6,935,36.08,257,1.7000000000000002,0.26,0,0,0
2017,8,20,23,30,0,0,0,12.100000000000001,26.400000000000002,935,41.14,258,1.5,0.26,0,0,0
2017,8,21,0,30,0,0,0,12.8,25.900000000000002,935,44.18,258,1.5,0.26,0,0,0
2017,8,21,1,30,0,0,0,13.3,24.400000000000002,935,49.85,255,1.4000000000000001,0.26,0,0,0
2017,8,21,2,30,0,0,0,13.700000000000001,23.5,935,54.1,254,1.4000000000000001,0.26,0,0,0
2017,8,21,3,30,0,0,0,14.100000000000001,22.6,935,58.54,255,1.3,0.26,0,0,0
2017,8,21,4,30,0,0,0,14.4,21.900000000000002,935,62.36,258,1.1,0.26,0,0,0
2017,8,21,5,30,0,0,0,14.600000000000001,21.400000000000002,935,65.36,263,0.9,0.26,0,0,0
2017,8,21,6,30,0,0,0,14.8,22.1,935,63.43,270,1.1,0.26,0,0,0
2017,8,21,7,30,322,60,117,15,24.400000000000002,936,55.620000000000005,281,1.2000000000000002,0.26,60,322,117
2017,8,21,8,30,570,100,311,14.600000000000001,27.400000000000002,936,45.4,257,1,0.26,100,570,311
2017,8,21,9,30,703,125,511,13.8,30.200000000000003,936,36.730000000000004,207,0.9,0.26,125,703,511
2017,8,21,10,30,778,142,686,13.200000000000001,32.5,935,31,191,0.9,0.26,142,778,686
2017,8,21,11,30,821,152,818,12.600000000000001,34.4,935,26.87,199,1,0.26,152,821,818
2017,8,21,12,30,846,157,899,11.9,36,934,23.41,215,1.1,0.26,157,846,899
2017,8,21,13,30,888,134,926,11.100000000000001,37.1,934,20.89,231,1.3,0.26,134,888,926
2017,8,21,14,30,877,132,881,10.3,37.7,933,19.21,243,1.5,0.26,132,877,881
2017,8,21,15,30,848,126,777,9.600000000000001,37.7,932,18.330000000000002,250,1.7000000000000002,0.26,126,848,777
2017,8,21,16,30,381,257,500,9.1,37.300000000000004,932,18.080000000000002,252,1.9000000000000001,0.26,121,784,621
2017,8,21,17,30,420,163,362,8.8,36.300000000000004,932,18.68,252,2.1,0.26,106,687,431
2017,8,21,18,30,401,85,200,8.6,34.4,932,20.5,251,1.7000000000000002,0.26,81,510,226
2017,8,21,19,30,153,34,47,8.700000000000001,31.8,932,23.94,249,1.3,0.26,34,153,47
2017,8,21,20,30,0,0,0,9,29.900000000000002,933,27.22,248,1.5,0.26,0,0,0
2017,8,21,21,30,0,0,0,9.5,28.5,934,30.61,247,1.7000000000000002,0.26,0,0,0
2017,8,21,22,30,0,0,0,9.9,26.900000000000002,934,34.43,243,1.6,0.26,0,0,0
2017,8,21,23,30,0,0,0,9.9,25.5,934,37.37,238,1.4000000000000001,0.26,0,0,0
2017,8,22,0,30,0,0,0,9.8,24.900000000000002,934,38.54,234,1.4000000000000001,0.26,0,0,0
2017,8,22,1,30,0,0,0,9.9,23.5,934,42.24,232,1.5,0.25,0,0,0
2017,8,22,2,30,0,0,0,10.4,22.700000000000003,934,45.75,236,1.6,0.25,0,0,0
2017,8,22,3,30,0,0,0,11.3,21.900000000000002,935,50.86,243,1.6,0.25,0,0,0
2017,8,22,4,30,0,0,0,12.4,21.1,935,57.47,249,1.4000000000000001,0.25,0,0,0
2017,8,22,5,30,0,0,0,13.4,20.5,935,63.6,252,1.1,0.25,0,0,0
2017,8,22,6,30,0,0,0,14.100000000000001,20.900000000000002,935,65.04,253,1.5,0.25,0,0,0
2017,8,22,7,30,308,61,114,14.600000000000001,23,935,59.28,258,2,0.25,61,308,114
2017,8,22,8,30,564,101,308,14.4,26,935,48.77,255,1.9000000000000001,0.25,101,564,308
2017,8,22,9,30,698,126,507,12.9,29.200000000000003,935,36.79,240,1.8,0.25,126,698,507
2017,8,22,10,30,814,123,690,11.700000000000001,31.8,935,29.2,228,1.8,0.25,123,814,690
2017,8,22,11,30,855,131,823,11.200000000000001,33.9,935,25.060000000000002,226,1.9000000000000001,0.25,131,855,823
2017,8,22,12,30,879,135,904,10.8,35.5,934,22.47,231,2,0.25,135,879,904
2017,8,22,13,30,908,120,927,10.3,36.6,934,20.42,239,2.2,0.25,120,908,927
2017,8,22,14,30,899,117,882,9.600000000000001,37.300000000000004,933,18.72,246,2.4000000000000004,0.25,117,899,882
2017,8,22,15,30,872,112,778,8.8,37.4,932,17.7,253,2.6,0.25,112,872,778
2017,8,22,16,30,805,112,622,8.200000000000001,36.9,932,17.39,258,2.7,0.25,112,805,622
2017,8,22,17,30,713,97,430,7.7,35.9,932,17.73,262,2.7,0.25,97,713,430
2017,8,22,18,30,543,73,226,7.300000000000001,33.7,932,19.57,265,2,0.25,73,543,226
2017,8,22,19,30,181,31,46,7.300000000000001,30.700000000000003,932,23.2,266,1.3,0.25,31,181,46
2017,8,22,20,30,0,0,0,7.300000000000001,28.700000000000003,932,26.07,268,1.2000000000000002,0.25,0,0,0
2017,8,22,21,30,0,0,0,7.5,27.6,933,28.18,273,1.3,0.25,0,0,0
2017,8,22,22,30,0,0,0,7.800000000000001,26.6,933,30.330000000000002,277,1.2000000000000002,0.25,0,0,0
2017,8,22,23,30,0,0,0,8,25.700000000000003,933,32.43,279,1.2000000000000002,0.25,0,0,0
2017,8,23,0,30,0,0,0,8.200000000000001,25.200000000000003,933,33.87,278,1.1,0.25,0,0,0
2017,8,23,1,30,0,0,0,8.4,24.1,933,36.64,259,1.1,0.26,0,0,0
2017,8,23,2,30,0,0,0,8.5,23.400000000000002,933,38.7,244,1.1,0.26,0,0,0
2017,8,23,3,30,0,0,0,8.8,22.6,933,41.34,234,1.1,0.26,0,0,0
2017,8,23,4,30,0,0,0,9.200000000000001,21.700000000000003,933,44.76,229,1.1,0.26,0,0,0
2017,8,23,5,30,0,0,0,9.600000000000001,20.8,933,48.800000000000004,225,1.2000000000000002,0.26,0,0,0
2017,8,23,6,30,0,0,0,10.200000000000001,21.1,934,49.77,221,1.8,0.26,0,0,0
2017,8,23,7,30,356,55,115,10.8,23.200000000000003,934,45.53,222,2.5,0.26,55,356,115
2017,8,23,8,30,608,90,312,11,26.3,934,38.26,224,2.4000000000000004,0.26,90,608,312
2017,8,23,9,30,735,112,512,10.4,30.1,934,29.580000000000002,222,2.1,0.26,112,735,512
2017,8,23,10,30,804,127,685,9.700000000000001,33.1,934,23.72,217,2,0.26,127,804,685
2017,8,23,11,30,845,137,819,9.3,34.9,934,20.94,215,2.1,0.26,137,845,819
2017,8,23,12,30,865,143,897,9,36.1,933,19.16,219,2.3000000000000003,0.26,143,865,897
2017,8,23,13,30,881,136,917,8.5,36.9,933,17.81,226,2.4000000000000004,0.26,136,881,917
2017,8,23,14,30,869,134,871,8,37.2,932,16.93,233,2.6,0.26,134,869,871
2017,8,23,15,30,840,128,767,7.5,37.2,932,16.32,240,2.7,0.26,128,840,767
2017,8,23,16,30,790,117,615,6.9,36.800000000000004,932,16.05,244,2.9000000000000004,0.26,117,790,615
2017,8,23,17,30,695,101,424,6.300000000000001,35.9,931,16.19,247,3,0.26,101,695,424
2017,8,23,18,30,518,76,219,5.9,33.6,931,17.830000000000002,247,2.2,0.26,76,518,219
2017,8,23,19,30,157,30,42,5.800000000000001,30.5,932,21.07,245,1.4000000000000001,0.26,30,157,42
2017,8,23,20,30,0,0,0,5.6000000000000005,28.6,932,23.28,241,1.3,0.26,0,0,0
2017,8,23,21,30,0,0,0,5.6000000000000005,27.700000000000003,932,24.43,238,1.4000000000000001,0.26,0,0,0
2017,8,23,22,30,0,0,0,5.6000000000000005,26.8,932,25.810000000000002,237,1.5,0.26,0,0,0
2017,8,23,23,30,0,0,0,5.7,25.8,932,27.650000000000002,237,1.8,0.26,0,0,0
2017,8,24,0,30,0,0,0,6,25.400000000000002,932,28.84,236,1.9000000000000001,0.26,0,0,0
2017,8,24,1,30,0,0,0,6.4,24.1,933,32.01,236,2.1,0.26,0,0,0
2017,8,24,2,30,0,0,0,6.800000000000001,23.200000000000003,933,34.78,235,1.9000000000000001,0.26,0,0,0
2017,8,24,3,30,0,0,0,7.2,22.200000000000003,933,38.1,233,1.7000000000000002,0.26,0,0,0
2017,8,24,4,30,0,0,0,7.7,21.3,933,41.550000000000004,229,1.5,0.26,0,0,0
2017,8,24,5,30,0,0,0,8.200000000000001,20.6,933,44.82,223,1.3,0.26,0,0,0
2017,8,24,6,30,0,0,0,8.700000000000001,21.1,933,44.89,213,1.7000000000000002,0.26,0,0,0
2017,8,24,7,30,293,61,110,9.1,22.900000000000002,934,41.43,205,2.1,0.26,61,293,110
2017,8,24,8,30,541,107,303,9,25.8,934,34.57,208,2.1,0.26,107,541,303
2017,8,24,9,30,663,140,499,7.800000000000001,29.6,934,25.59,214,2.3000000000000003,0.26,140,663,499
2017,8,24,10,30,725,168,670,6.2,32.6,934,19.28,216,2.9000000000000004,0.26,168,725,670
2017,8,24,11,30,765,185,799,5.9,34.4,934,17.1,220,3.4000000000000004,0.26,185,765,799
2017,8,24,12,30,788,192,877,5.7,35.800000000000004,933,15.620000000000001,226,3.7,0.26,192,788,877
2017,8,24,13,30,864,148,911,5.4,36.7,933,14.56,233,4.1000000000000005,0.26,148,864,911
2017,8,24,14,30,840,151,861,5.1000000000000005,37.1,932,13.89,237,4.5,0.26,151,840,861
2017,8,24,15,30,793,152,753,4.9,37,932,13.76,239,4.800000000000001,0.26,152,793,753
2017,8,24,16,30,716,146,595,4.800000000000001,36.300000000000004,932,14.22,240,5,0.26,146,716,595
2017,8,24,17,30,590,132,403,4.800000000000001,35.1,932,15.17,240,4.800000000000001,0.26,132,590,403
2017,8,24,18,30,378,98,201,4.800000000000001,33,932,17.06,238,3.7,0.26,98,378,201
2017,8,24,19,30,14,24,25,4.9,30.200000000000003,932,20.16,236,2.4000000000000004,0.26,29,52,33
2017,8,24,20,30,0,0,0,5,28,933,23.080000000000002,237,1.9000000000000001,0.26,0,0,0
2017,8,24,21,30,0,0,0,5,26.6,933,25.060000000000002,240,1.7000000000000002,0.26,0,0,0
2017,8,24,22,30,0,0,0,5,25.5,934,26.67,243,1.6,0.26,0,0,0
2017,8,24,23,30,0,0,0,4.9,24.5,934,28.18,244,1.4000000000000001,0.26,0,0,0
2017,8,25,0,30,0,0,0,4.9,24.1,934,28.8,244,1.3,0.26,0,0,0
2017,8,25,1,30,0,0,0,4.9,23.1,934,30.6,235,1.2000000000000002,0.26,0,0,0
2017,8,25,2,30,0,0,0,4.9,22.3,934,32.26,224,1.1,0.26,0,0,0
2017,8,25,3,30,0,0,0,5,21.6,933,33.94,214,1.1,0.26,0,0,0
2017,8,25,4,30,0,0,0,5.300000000000001,20.8,933,36.29,208,1.2000000000000002,0.26,0,0,0
2017,8,25,5,30,0,0,0,5.7,20.1,933,38.89,203,1.2000000000000002,0.26,0,0,0
2017,8,25,6,30,0,0,0,6.1000000000000005,20.700000000000003,934,38.58,193,1.5,0.26,0,0,0
2017,8,25,7,30,120,58,78,6.4,22.8,934,34.730000000000004,180,2,0.26,72,141,95
2017,8,25,8,30,268,135,232,6.4,26.3,934,28.07,186,2.3000000000000003,0.26,144,379,280
2017,8,25,9,30,360,210,404,4.9,30,934,20.400000000000002,205,2.8000000000000003,0.26,193,520,473
2017,8,25,10,30,602,228,644,3.7,32.6,934,16.25,216,3.2,0.26,228,602,644
2017,8,25,11,30,648,252,771,3.2,34.6,933,13.950000000000001,223,3.5,0.26,252,648,771
2017,8,25,12,30,671,266,848,3.2,36,933,12.92,227,3.9000000000000004,0.26,266,671,848
2017,8,25,13,30,305,422,691,3.2,36.9,933,12.280000000000001,233,4.5,0.26,214,761,883
2017,8,25,14,30,223,417,604,2.9000000000000004,36.9,932,12.08,240,5,0.26,223,724,832
2017,8,25,15,30,7,180,186,2.8000000000000003,36.4,932,12.33,244,5.1000000000000005,0.26,226,658,722
2017,8,25,16,30,141,286,373,2.9000000000000004,35.5,932,13.02,244,5,0.26,201,591,569
2017,8,25,17,30,60,185,212,3.2,34.2,932,14.3,244,4.7,0.26,167,473,383
2017,8,25,18,30,261,117,186,3.6,32.4,932,16.26,243,3.9000000000000004,0.26,117,261,186
2017,8,25,19,30,12,23,24,4,30.3,933,18.830000000000002,243,3,0.26,23,12,24
2017,8,25,20,30,0,0,0,4.3,28.5,933,21.29,243,2.6,0.26,0,0,0
2017,8,25,21,30,0,0,0,4.4,27.200000000000003,934,23.27,243,2.1,0.26,0,0,0
2017,8,25,22,30,0,0,0,4.5,26.200000000000003,934,24.86,241,1.6,0.26,0,0,0
2017,8,25,23,30,0,0,0,4.7,25.700000000000003,933,25.810000000000002,234,1.3,0.26,0,0,0
2017,8,26,0,30,0,0,0,4.800000000000001,25.6,933,26.28,228,1.2000000000000002,0.26,0,0,0
2017,8,26,1,30,0,0,0,5.1000000000000005,25.200000000000003,933,27.38,151,1,0.26,0,0,0
2017,8,26,2,30,0,0,0,5.4,24.200000000000003,932,29.75,148,1.1,0.26,0,0,0
2017,8,26,3,30,0,0,0,5.800000000000001,23.1,932,32.61,162,1.2000000000000002,0.26,0,0,0
2017,8,26,4,30,0,0,0,6.2,22.3,932,35.2,169,1.3,0.26,0,0,0
2017,8,26,5,30,0,0,0,6.7,21.8,932,37.5,160,1.3,0.26,0,0,0
2017,8,26,6,30,0,0,0,7.300000000000001,22.5,932,37.43,148,1.5,0.26,0,0,0
2017,8,26,7,30,138,70,92,7.9,24.700000000000003,932,34.300000000000004,179,2,0.26,70,138,92
2017,8,26,8,30,391,139,278,8.6,27.400000000000002,933,30.6,239,2.7,0.26,139,391,278
2017,8,26,9,30,352,211,400,8.5,29.8,933,26.51,274,3.5,0.26,182,538,471
2017,8,26,10,30,306,305,515,8.4,31.400000000000002,934,23.97,286,3.5,0.26,215,618,640
2017,8,26,11,30,438,320,670,8.1,32.9,933,21.63,287,2.9000000000000004,0.26,239,659,766
2017,8,26,12,30,437,359,737,7.7,34.1,933,19.71,281,2.3000000000000003,0.26,254,679,841
2017,8,26,13,30,285,426,677,7.4,34.800000000000004,932,18.46,275,2.2,0.26,227,732,869
2017,8,26,14,30,25,316,337,7.1000000000000005,34.800000000000004,932,18.1,279,2.6,0.26,227,705,819
2017,8,26,15,30,288,347,563,6.9,34,931,18.71,289,3.4000000000000004,0.26,220,655,711
2017,8,26,16,30,392,245,487,7.1000000000000005,32.300000000000004,931,20.81,300,4.5,0.26,205,566,555
2017,8,26,17,30,354,167,327,7.7,29.3,932,25.8,312,5.7,0.26,177,422,368
2017,8,26,18,30,209,119,174,9.3,25.5,933,35.94,334,6.1000000000000005,0.26,119,209,174
2017,8,26,19,30,8,19,19,11.5,22.5,934,49.67,185,5.6000000000000005,0.26,19,8,19
2017,8,26,20,30,0,0,0,12.8,21.1,934,59.22,36,5.2,0.26,0,0,0
2017,8,26,21,30,0,0,0,13.3,20.900000000000002,933,61.89,60,4.9,0.26,0,0,0
2017,8,26,22,30,0,0,0,13.3,21,933,61.480000000000004,79,4.7,0.26,0,0,0
2017,8,26,23,30,0,0,0,13,21.1,933,59.72,94,4.2,0.26,0,0,0
2017,8,27,0,30,0,0,0,12.700000000000001,21.1,933,58.63,101,3.8000000000000003,0.26,0,0,0
2017,8,27,1,30,0,0,0,12.700000000000001,21,933,59.04,90,2.6,0.26,0,0,0
2017,8,27,2,30,0,0,0,13.100000000000001,20.900000000000002,933,61.04,66,1.8,0.26,0,0,0
2017,8,27,3,30,0,0,0,13.600000000000001,20.900000000000002,933,62.88,78,1.5,0.26,0,0,0
2017,8,27,4,30,0,0,0,13.8,21,932,63.26,101,1.7000000000000002,0.26,0,0,0
2017,8,27,5,30,0,0,0,13.600000000000001,21.1,932,62.22,113,1.7000000000000002,0.26,0,0,0
2017,8,27,6,30,0,0,0,13.3,22,931,57.7,122,1.9000000000000001,0.26,0,0,0
2017,8,27,7,30,0,7,7,13.100000000000001,24.1,931,50.25,149,2.4000000000000004,0.26,69,137,90
2017,8,27,8,30,0,24,24,12.8,27.1,932,41.230000000000004,193,2.9000000000000004,0.26,136,384,273
2017,8,27,9,30,0,44,44,11.5,30,932,31.93,219,3.4000000000000004,0.26,186,515,461
2017,8,27,10,30,0,45,45,10.600000000000001,31.700000000000003,932,27.38,215,3.5,0.26,224,584,624
2017,8,27,11,30,0,67,67,10.5,33.2,932,24.97,203,3.5,0.26,256,620,750
2017,8,27,12,30,0,79,79,10.4,34.5,931,23.12,198,3.9000000000000004,0.26,278,633,822
2017,8,27,13,30,0,82,82,10.4,35.300000000000004,931,21.98,202,4.4,0.26,260,668,845
2017,8,27,14,30,0,72,72,10.3,35.6,930,21.48,210,4.800000000000001,0.26,265,637,797
2017,8,27,15,30,0,56,56,10.200000000000001,34.9,930,22.31,216,5.1000000000000005,0.26,265,566,688
2017,8,27,16,30,15,210,219,10.5,33.5,930,24.59,220,5.1000000000000005,0.26,245,471,534
2017,8,27,17,30,349,197,353,11.200000000000001,32.2,930,27.59,223,4.5,0.26,197,349,353
2017,8,27,18,30,167,122,165,11.9,30.6,930,31.67,228,3.6,0.26,122,167,165
2017,8,27,19,30,3,14,14,12.700000000000001,29,930,36.61,235,2.6,0.26,14,3,14
2017,8,27,20,30,0,0,0,13.200000000000001,27.6,931,41.1,243,2,0.26,0,0,0
2017,8,27,21,30,0,0,0,13.600000000000001,26.3,932,45.65,247,1.5,0.26,0,0,0
2017,8,27,22,30,0,0,0,14,25,932,50.4,247,1,0.26,0,0,0
2017,8,27,23,30,0,0,0,14.200000000000001,24,932,54.120000000000005,235,0.8,0.26,0,0,0
2017,8,28,0,30,0,0,0,14.200000000000001,23.5,932,55.94,224,0.8,0.26,0,0,0
2017,8,28,1,30,0,0,0,14.200000000000001,22.6,932,59.03,193,1.2000000000000002,0.26,0,0,0
2017,8,28,2,30,0,0,0,14.200000000000001,22.3,932,60.160000000000004,194,1.6,0.26,0,0,0
2017,8,28,3,30,0,0,0,14.200000000000001,22,932,61.38,195,1.6,0.26,0,0,0
2017,8,28,4,30,0,0,0,14.3,21.3,932,64.3,201,1.2000000000000002,0.26,0,0,0
2017,8,28,5,30,0,0,0,14.4,20.700000000000003,932,66.99,211,0.8,0.26,0,0,0
2017,8,28,6,30,0,0,0,14.5,20.900000000000002,932,66.65,215,1.1,0.26,0,0,0
2017,8,28,7,30,0,7,7,14.600000000000001,21.8,932,63.52,211,1.7000000000000002,0.26,68,92,82
2017,8,28,8,30,0,15,15,14.5,22.6,932,60.15,206,2.2,0.26,152,307,260
2017,8,28,9,30,0,97,97,14.8,23.200000000000003,933,59.230000000000004,199,2.4000000000000004,0.26,207,449,446
2017,8,28,10,30,0,136,136,15.200000000000001,23.700000000000003,933,59.09,190,2.7,0.26,249,537,615
2017,8,28,11,30,0,65,65,15.5,24.3,932,57.93,180,3,0.26,272,592,742
2017,8,28,12,30,0,83,83,15.600000000000001,25.1,932,55.53,175,3.6,0.26,273,632,816
2017,8,28,13,30,0,81,81,15.5,26,931,52.28,183,4.5,0.26,274,641,832
2017,8,28,14,30,0,72,72,15.3,26.3,930,50.77,199,5.300000000000001,0.26,268,627,790
2017,8,28,15,30,0,58,58,15.3,26.200000000000003,930,50.980000000000004,212,5.7,0.26,256,581,687
2017,8,28,16,30,344,253,463,15.4,25.5,930,53.78,216,5.4,0.26,236,491,535
2017,8,28,17,30,369,191,355,15.600000000000001,24.400000000000002,930,57.95,217,4.6000000000000005,0.26,191,369,355
2017,8,28,18,30,195,118,167,15.8,23.200000000000003,931,63.230000000000004,224,3.4000000000000004,0.26,118,195,167
2017,8,28,19,30,7,16,16,16.400000000000002,21.900000000000002,931,70.83,238,2.3000000000000003,0.26,16,7,16
2017,8,28,20,30,0,0,0,16.900000000000002,21,932,77.52,253,1.8,0.26,0,0,0
2017,8,28,21,30,0,0,0,17,20.3,932,81.57000000000001,260,1.5,0.26,0,0,0
2017,8,28,22,30,0,0,0,17,19.700000000000003,932,84.39,257,1.4000000000000001,0.26,0,0,0
2017,8,28,23,30,0,0,0,16.8,19.1,932,86.26,250,1.3,0.26,0,0,0
2017,8,29,0,30,0,0,0,16.3,18.8,932,85.26,247,1.3,0.26,0,0,0
2017,8,29,1,30,0,0,0,15.600000000000001,17.8,931,87.16,239,1.3,0.24,0,0,0
2017,8,29,2,30,0,0,0,14.9,16.900000000000002,931,88.16,234,1.2000000000000002,0.24,0,0,0
2017,8,29,3,30,0,0,0,14.200000000000001,16,931,89.02,227,1.1,0.24,0,0,0
2017,8,29,4,30,0,0,0,13.4,15.200000000000001,930,89.14,218,1.1,0.24,0,0,0
2017,8,29,5,30,0,0,0,12.9,14.5,931,90.01,209,1,0.24,0,0,0
2017,8,29,6,30,0,0,0,12.600000000000001,14.700000000000001,931,87.27,199,1.3,0.24,0,0,0
2017,8,29,7,30,0,8,8,12.600000000000001,16.6,932,77.25,192,1.7000000000000002,0.24,44,417,108
2017,8,29,8,30,672,73,308,12,19.1,932,63.36,189,2.1,0.24,73,672,308
2017,8,29,9,30,0,44,44,10.5,21.400000000000002,932,49.9,190,2.6,0.24,90,794,511
2017,8,29,10,30,393,279,547,9.200000000000001,23.3,931,40.56,196,2.9000000000000004,0.24,124,814,677
2017,8,29,11,30,861,130,811,8.4,24.8,931,35.300000000000004,200,3,0.24,130,861,811
2017,8,29,12,30,885,132,890,8,25.900000000000002,930,32.22,203,3.1,0.24,132,885,890
2017,8,29,13,30,890,132,905,7.800000000000001,26.400000000000002,930,30.73,206,3.3000000000000003,0.24,132,890,905
2017,8,29,14,30,453,335,710,7.6000000000000005,26.400000000000002,929,30.34,211,3.4000000000000004,0.24,129,877,855
2017,8,29,15,30,849,121,749,7.6000000000000005,25.900000000000002,929,31.35,215,3.4000000000000004,0.24,121,849,749
2017,8,29,16,30,209,275,401,7.800000000000001,25.3,929,32.86,219,3.4000000000000004,0.24,108,797,591
2017,8,29,17,30,711,89,401,8.1,24.400000000000002,929,35.25,225,3.1,0.24,89,711,401
2017,8,29,18,30,246,87,149,8.5,22.900000000000002,930,39.82,237,2.3000000000000003,0.24,64,533,196
2017,8,29,19,30,146,19,27,10.4,20.900000000000002,930,51,255,1.5,0.24,19,146,27
2017,8,29,20,30,0,0,0,11.3,19.5,930,59.01,262,1.2000000000000002,0.24,0,0,0
2017,8,29,21,30,0,0,0,12,19,931,63.730000000000004,253,0.9,0.24,0,0,0
2017,8,29,22,30,0,0,0,12.3,18.400000000000002,932,67.77,239,1,0.24,0,0,0
2017,8,29,23,30,0,0,0,12.100000000000001,17.6,932,70.14,227,1.1,0.24,0,0,0
2017,8,30,0,30,0,0,0,11.9,17.2,932,71.03,223,1.2000000000000002,0.24,0,0,0
2017,8,30,1,30,0,0,0,11.8,16.1,932,75.9,215,1.3,0.24,0,0,0
2017,8,30,2,30,0,0,0,11.8,15.4,932,79.32000000000001,215,1.3,0.24,0,0,0
2017,8,30,3,30,0,0,0,11.8,15,932,81.29,217,1.2000000000000002,0.24,0,0,0
2017,8,30,4,30,0,0,0,11.9,14.8,932,82.71000000000001,221,1.1,0.24,0,0,0
2017,8,30,5,30,0,0,0,11.9,14.600000000000001,932,84.08,225,0.9,0.24,0,0,0
2017,8,30,6,30,0,0,0,11.9,14.9,932,82.46000000000001,228,1.2000000000000002,0.24,0,0,0
2017,8,30,7,30,17,51,53,12,16.400000000000002,933,75.07000000000001,235,1.6,0.24,52,299,97
2017,8,30,8,30,232,133,214,11.700000000000001,18.7,933,63.9,243,1.6,0.24,92,574,291
2017,8,30,9,30,348,207,390,11.4,21.1,933,54.03,251,1.7000000000000002,0.24,113,717,491
2017,8,30,10,30,348,289,525,10.8,23.1,933,46,250,2,0.24,123,803,667
2017,8,30,11,30,444,313,663,10.3,24.700000000000003,933,40.26,233,2.6,0.24,128,854,801
2017,8,30,12,30,482,346,758,9.9,25.8,933,36.75,230,3.1,0.24,129,879,879
2017,8,30,13,30,57,396,445,9.700000000000001,26.5,932,34.69,240,3.4000000000000004,0.24,146,857,888
2017,8,30,14,30,154,411,538,9.5,26.8,932,33.7,243,3.5,0.24,140,850,841
2017,8,30,15,30,514,262,640,9.4,26.700000000000003,932,33.76,245,3.7,0.24,128,827,737
2017,8,30,16,30,162,275,373,9.3,26.200000000000003,931,34.410000000000004,251,3.6,0.24,113,777,582
2017,8,30,17,30,240,176,281,9,25.200000000000003,932,35.89,254,3.2,0.24,97,675,390
2017,8,30,18,30,0,9,9,9,23.400000000000002,932,39.84,256,2.1,0.24,69,486,188
2017,8,30,19,30,0,12,12,10.9,21.200000000000003,932,51.97,262,1.1,0.24,18,93,23
2017,8,30,20,30,0,0,0,11.5,19.8,933,58.660000000000004,271,0.9,0.24,0,0,0
2017,8,30,21,30,0,0,0,11.3,19,933,60.870000000000005,278,0.9,0.24,0,0,0
2017,8,30,22,30,0,0,0,10.9,18.400000000000002,933,61.78,281,0.9,0.24,0,0,0
2017,8,30,23,30,0,0,0,10.700000000000001,18.2,933,61.45,278,0.8,0.24,0,0,0
2017,8,31,0,30,0,0,0,10.5,18.1,933,61.14,274,0.8,0.24,0,0,0
2017,8,31,1,30,0,0,0,10.4,17.7,933,62.42,231,0.7000000000000001,0.24,0,0,0
2017,8,31,2,30,0,0,0,10.5,17.5,932,63.33,202,0.6000000000000001,0.24,0,0,0
2017,8,31,3,30,0,0,0,10.5,17.1,932,65.08,183,0.6000000000000001,0.24,0,0,0
2017,8,31,4,30,0,0,0,10.4,16.900000000000002,932,65.68,170,0.6000000000000001,0.24,0,0,0
2017,8,31,5,30,0,0,0,10.4,16.8,933,66.07000000000001,134,0.5,0.24,0,0,0
2017,8,31,6,30,0,0,0,10.4,17.1,933,64.77,86,0.5,0.24,0,0,0
2017,8,31,7,30,306,50,95,10.8,18.7,934,60.03,63,0.7000000000000001,0.24,50,306,95
2017,8,31,8,30,128,138,182,10,21.6,934,47.58,59,1,0.24,91,569,287
2017,8,31,9,30,703,118,486,9.200000000000001,24.200000000000003,934,38.57,63,1,0.24,118,703,486
2017,8,31,10,30,823,115,670,9.1,26,934,34.410000000000004,83,0.7000000000000001,0.24,115,823,670
2017,8,31,11,30,859,127,801,9.1,27.5,934,31.560000000000002,166,0.8,0.24,127,859,801
2017,8,31,12,30,876,135,879,9.1,28.8,933,29.19,238,1,0.24,135,876,879
2017,8,31,13,30,893,127,897,9,29.700000000000003,933,27.51,248,1.3,0.24,127,893,897
2017,8,31,14,30,880,125,848,8.9,30.1,932,26.66,260,1.5,0.24,125,880,848
2017,8,31,15,30,349,321,576,8.700000000000001,30.200000000000003,932,26.23,273,1.6,0.24,119,849,740
2017,8,31,16,30,792,109,583,8.5,29.8,932,26.38,283,1.7000000000000002,0.24,109,792,583
2017,8,31,17,30,499,129,343,8.200000000000001,28.900000000000002,932,27.3,292,1.6,0.24,93,694,391
2017,8,31,18,30,506,66,187,8.200000000000001,27,932,30.43,307,1.1,0.24,66,506,187
2017,8,31,19,30,96,17,21,11.9,24.900000000000002,932,44.31,329,0.8,0.24,17,96,21
2017,8,31,20,30,0,0,0,11,23.6,932,45.15,172,1.1,0.24,0,0,0
2017,8,31,21,30,0,0,0,10.600000000000001,22.5,933,46.85,10,1.2000000000000002,0.24,0,0,0
2017,8,31,22,30,0,0,0,10.600000000000001,21.5,933,49.78,26,1.3,0.24,0,0,0
2017,8,31,23,30,0,0,0,10.700000000000001,20.400000000000002,933,53.56,40,1.3,0.24,0,0,0
2017,9,1,0,30,0,0,0,10.9,19.900000000000002,933,56.08,48,1.3,0.24,0,0,0
2017,9,1,1,30,0,0,0,11.600000000000001,19,933,62.160000000000004,84,1.3,0.24,0,0,0
2017,9,1,2,30,0,0,0,12.600000000000001,18.5,933,68.39,110,1.3,0.24,0,0,0
2017,9,1,3,30,0,0,0,13.5,18,933,74.75,131,1.4000000000000001,0.24,0,0,0
2017,9,1,4,30,0,0,0,14.200000000000001,17.5,933,80.8,145,1.3,0.24,0,0,0
2017,9,1,5,30,0,0,0,14.600000000000001,17,933,85.97,149,1.2000000000000002,0.24,0,0,0
2017,9,1,6,30,0,0,0,14.9,17.5,933,85,150,1.5,0.24,0,0,0
2017,9,1,7,30,332,47,95,15.3,19.6,934,76.22,161,1.7000000000000002,0.24,47,332,95
2017,9,1,8,30,0,22,22,15,22.8,934,61.4,227,1.4000000000000001,0.24,82,606,289
2017,9,1,9,30,741,103,489,13.5,25.900000000000002,934,46.39,290,1.1,0.24,103,741,489
2017,9,1,10,30,814,117,664,12.200000000000001,28.1,934,37.47,286,1.3,0.24,117,814,664
2017,9,1,11,30,851,126,793,11.700000000000001,29.5,933,33.45,273,1.6,0.24,126,851,793
2017,9,1,12,30,873,130,869,11.4,30.5,933,30.96,270,2,0.24,130,873,869
2017,9,1,13,30,247,424,637,11.100000000000001,31.200000000000003,933,29.04,273,2.2,0.24,133,873,883
2017,9,1,14,30,322,380,644,10.700000000000001,31.5,932,27.830000000000002,277,2.4000000000000004,0.24,128,864,835
2017,9,1,15,30,836,120,728,10.4,31.400000000000002,932,27.37,284,2.6,0.24,120,836,728
2017,9,1,16,30,746,123,566,10,30.900000000000002,932,27.5,293,2.7,0.24,123,746,566
2017,9,1,17,30,633,105,375,9.700000000000001,29.8,932,28.75,306,2.8000000000000003,0.24,105,633,375
2017,9,1,18,30,325,75,151,9.700000000000001,27.900000000000002,932,32.08,325,2.5,0.24,74,426,174
2017,9,1,19,30,15,13,13,10.9,25.8,933,39.37,347,2.6,0.24,15,41,16
2017,9,1,20,30,0,0,0,10.700000000000001,24.5,933,41.78,184,3.2,0.24,0,0,0
2017,9,1,21,30,0,0,0,10.4,23.400000000000002,934,43.88,17,3.5,0.24,0,0,0
2017,9,1,22,30,0,0,0,10.200000000000001,22.200000000000003,934,46.660000000000004,25,3.6,0.24,0,0,0
2017,9,1,23,30,0,0,0,10.5,21,935,50.95,29,3.5,0.24,0,0,0
2017,9,2,0,30,0,0,0,11.200000000000001,20.400000000000002,935,55.43,30,3.5,0.24,0,0,0
2017,9,2,1,30,0,0,0,12.5,19.200000000000003,935,64.97,36,3.4000000000000004,0.24,0,0,0
2017,9,2,2,30,0,0,0,13.8,18.7,935,73.26,40,3.5,0.24,0,0,0
2017,9,2,3,30,0,0,0,14.9,18.3,935,80.51,44,3.5,0.24,0,0,0
2017,9,2,4,30,0,0,0,15.4,17.900000000000002,936,85.54,47,3.3000000000000003,0.24,0,0,0
2017,9,2,5,30,0,0,0,15.5,17.400000000000002,936,88.58,50,3.2,0.24,0,0,0
2017,9,2,6,30,0,0,0,15.200000000000001,17.7,936,85.47,53,3.3000000000000003,0.24,0,0,0
2017,9,2,7,30,333,47,94,14.8,19.5,937,74.51,65,3.5,0.24,47,333,94
2017,9,2,8,30,404,108,244,14.700000000000001,22.3,937,62.190000000000005,81,3.2,0.24,79,629,292
2017,9,2,9,30,568,143,438,14.5,24.8,937,52.59,82,2.4000000000000004,0.24,95,776,497
2017,9,2,10,30,852,104,675,13.200000000000001,26.8,937,43.14,70,1.7000000000000002,0.24,104,852,675
2017,9,2,11,30,895,109,808,12,28.400000000000002,937,36.27,52,1.3,0.24,109,895,808
2017,9,2,12,30,921,111,888,11,29.8,936,31.220000000000002,197,1.2000000000000002,0.24,111,921,888
2017,9,2,13,30,938,104,906,10,30.8,936,27.66,339,1.4000000000000001,0.24,104,938,906
2017,9,2,14,30,928,101,856,9.1,31.400000000000002,935,25.14,321,1.7000000000000002,0.24,101,928,856
2017,9,2,15,30,901,96,748,8.200000000000001,31.400000000000002,935,23.7,318,2,0.24,96,901,748
2017,9,2,16,30,628,154,524,7.300000000000001,30.900000000000002,935,22.92,320,2.2,0.24,87,851,589
2017,9,2,17,30,763,74,396,6.5,29.8,935,23.07,324,2.3000000000000003,0.24,74,763,396
2017,9,2,18,30,583,53,187,5.800000000000001,27.3,935,25.37,336,1.9000000000000001,0.24,53,583,187
2017,9,2,19,30,142,14,18,6.9,24.3,935,32.86,176,1.5,0.24,14,142,18
2017,9,2,20,30,0,0,0,5.300000000000001,22.400000000000002,936,32.92,14,1.6,0.24,0,0,0
2017,9,2,21,30,0,0,0,3.8000000000000003,21,936,32.230000000000004,31,1.5,0.24,0,0,0
2017,9,2,22,30,0,0,0,3.2,20,936,32.84,49,1.3,0.24,0,0,0
2017,9,2,23,30,0,0,0,3.1,19.400000000000002,936,34.01,68,1.1,0.24,0,0,0
2017,9,3,0,30,0,0,0,3.4000000000000004,19.200000000000003,936,35.14,79,1.1,0.24,0,0,0
2017,9,3,1,30,0,0,0,3.9000000000000004,18.900000000000002,935,37.04,144,0.9,0.24,0,0,0
2017,9,3,2,30,0,0,0,4.5,18.8,935,38.85,195,0.9,0.24,0,0,0
2017,9,3,3,30,0,0,0,5.300000000000001,18.400000000000002,935,42.07,230,1,0.24,0,0,0
2017,9,3,4,30,0,0,0,6,17.900000000000002,934,45.59,247,1,0.24,0,0,0
2017,9,3,5,30,0,0,0,7,17.6,934,49.78,252,1,0.24,0,0,0
2017,9,3,6,30,0,0,0,8.5,18,934,53.79,251,1.2000000000000002,0.24,0,0,0
2017,9,3,7,30,0,35,35,10.5,19.900000000000002,935,54.71,250,2,0.24,46,331,93
2017,9,3,8,30,33,125,136,12.200000000000001,22.8,935,51.26,253,2.7,0.24,82,613,288
2017,9,3,9,30,36,201,220,12.4,25.8,935,43.4,254,2.9000000000000004,0.24,102,753,490
2017,9,3,10,30,394,271,534,11.100000000000001,28.1,934,34.86,252,3,0.24,114,825,664
2017,9,3,11,30,497,292,678,10.9,29.700000000000003,934,31.29,253,3.2,0.24,126,856,791
2017,9,3,12,30,347,387,679,10.8,30.700000000000003,933,29.32,258,3.4000000000000004,0.24,136,862,860
2017,9,3,13,30,433,355,723,10.5,31.6,933,27.38,263,3.6,0.24,164,817,860
2017,9,3,14,30,439,328,684,10.200000000000001,32.2,932,25.82,267,3.8000000000000003,0.24,157,807,811
2017,9,3,15,30,328,320,556,9.8,32.2,931,25.14,271,3.9000000000000004,0.24,146,773,703
2017,9,3,16,30,358,236,446,9.200000000000001,31.400000000000002,931,25.35,278,3.9000000000000004,0.24,140,686,542
2017,9,3,17,30,485,126,328,8.5,30,931,26.16,286,3.2,0.24,116,573,354
2017,9,3,18,30,364,68,150,8.4,27.700000000000003,931,29.77,293,1.9000000000000001,0.24,74,392,162
2017,9,3,19,30,37,11,12,9.200000000000001,25.400000000000002,931,36,298,1.1,0.24,11,37,12
2017,9,3,20,30,0,0,0,8.8,24,931,37.96,301,1,0.24,0,0,0
2017,9,3,21,30,0,0,0,8,23.1,931,37.86,301,1,0.24,0,0,0
2017,9,3,22,30,0,0,0,7.2,22.200000000000003,931,37.88,300,1,0.24,0,0,0
2017,9,3,23,30,0,0,0,6.4,21,931,38.62,299,1.2000000000000002,0.24,0,0,0
2017,9,4,0,30,0,0,0,5.5,20.400000000000002,931,37.67,299,1.3,0.24,0,0,0
2017,9,4,1,30,0,0,0,4.5,18.400000000000002,931,39.82,298,1.4000000000000001,0.24,0,0,0
2017,9,4,2,30,0,0,0,3.4000000000000004,17.3,931,39.480000000000004,301,1.4000000000000001,0.24,0,0,0
2017,9,4,3,30,0,0,0,2.5,16.2,931,39.75,303,1.3,0.24,0,0,0
2017,9,4,4,30,0,0,0,2.2,15.5,931,40.85,299,1.1,0.24,0,0,0
2017,9,4,5,30,0,0,0,2.5,15,931,43.07,290,1,0.24,0,0,0
2017,9,4,6,30,0,0,0,2.9000000000000004,15.5,931,42.88,276,1,0.24,0,0,0
2017,9,4,7,30,449,36,98,3.9000000000000004,17.5,932,40.300000000000004,265,1.3,0.24,36,449,98
2017,9,4,8,30,713,62,300,4.5,21,932,33.96,267,1.7000000000000002,0.24,62,713,300
2017,9,4,9,30,836,77,506,6.2,24.6,933,30.59,275,2.2,0.24,77,836,506
2017,9,4,10,30,902,86,685,5.800000000000001,27.200000000000003,933,25.66,282,2.8000000000000003,0.24,86,902,685
2017,9,4,11,30,937,91,816,6.1000000000000005,28.900000000000002,933,23.63,290,3.1,0.24,91,937,816
2017,9,4,12,30,953,93,891,6.4,30.1,932,22.61,299,3.3000000000000003,0.24,93,953,891
2017,9,4,13,30,956,93,905,6.6000000000000005,30.900000000000002,932,21.82,310,3.4000000000000004,0.24,93,956,905
2017,9,4,14,30,943,91,852,6.7,31.3,932,21.42,322,3.5,0.24,91,943,852
2017,9,4,15,30,917,86,743,6.7,31.1,932,21.73,334,3.5,0.24,86,917,743
2017,9,4,16,30,867,78,581,6.7,30.6,932,22.35,346,3.5,0.24,78,867,581
2017,9,4,17,30,780,66,387,6.7,29.400000000000002,932,23.95,178,3.3000000000000003,0.24,66,780,387
2017,9,4,18,30,605,47,180,6.800000000000001,26.900000000000002,933,27.94,10,2.4000000000000004,0.24,47,605,180
2017,9,4,19,30,148,11,14,8,24,934,35.88,20,1.6,0.24,11,148,14
2017,9,4,20,30,0,0,0,8,22.5,934,39.5,29,1.6,0.24,0,0,0
2017,9,4,21,30,0,0,0,8.1,21.6,935,41.84,36,1.6,0.24,0,0,0
2017,9,4,22,30,0,0,0,8.200000000000001,20.8,935,44.25,43,1.6,0.24,0,0,0
2017,9,4,23,30,0,0,0,8.5,20.1,935,47.13,51,1.7000000000000002,0.24,0,0,0
2017,9,5,0,30,0,0,0,9.4,19.700000000000003,935,51.46,56,1.7000000000000002,0.24,0,0,0
2017,9,5,1,30,0,0,0,11.200000000000001,18.8,935,61.17,73,1.8,0.24,0,0,0
2017,9,5,2,30,0,0,0,13,18.2,936,71.9,86,1.7000000000000002,0.24,0,0,0
2017,9,5,3,30,0,0,0,14.5,17.7,936,81.58,98,1.7000000000000002,0.24,0,0,0
2017,9,5,4,30,0,0,0,15.4,17.1,936,89.92,107,1.6,0.24,0,0,0
2017,9,5,5,30,0,0,0,15.9,16.6,936,95.57000000000001,112,1.5,0.24,0,0,0
2017,9,5,6,30,0,0,0,16,17.1,937,93.34,117,2,0.24,0,0,0
2017,9,5,7,30,371,41,90,15.9,19.3,937,80.78,123,2.6,0.24,41,371,90
2017,9,5,8,30,651,72,287,15.3,22.700000000000003,938,63.160000000000004,132,2.5,0.24,72,651,287
2017,9,5,9,30,783,89,489,13.200000000000001,26.1,938,44.910000000000004,146,1.8,0.24,89,783,489
2017,9,5,10,30,853,100,664,11.200000000000001,28.6,938,33.910000000000004,174,1.3,0.24,100,853,664
2017,9,5,11,30,892,107,796,10.100000000000001,30.400000000000002,938,28.41,217,1.1,0.24,107,892,796
2017,9,5,12,30,913,110,872,9.3,31.900000000000002,938,24.8,252,1.3,0.24,110,913,872
2017,9,5,13,30,933,101,889,8.700000000000001,32.9,937,22.41,274,1.7000000000000002,0.24,101,933,889
2017,9,5,14,30,923,98,839,8.1,33.4,937,20.990000000000002,289,2,0.24,98,923,839
2017,9,5,15,30,897,92,730,7.6000000000000005,33.5,936,20.22,299,2.3000000000000003,0.24,92,897,730
2017,9,5,16,30,822,92,565,7.300000000000001,33,936,20.35,309,2.5,0.24,92,822,565
2017,9,5,17,30,726,77,372,7.2,31.900000000000002,936,21.47,318,2.4000000000000004,0.24,77,726,372
2017,9,5,18,30,533,53,168,7.300000000000001,29.200000000000003,936,25.3,328,1.8,0.24,53,533,168
2017,9,5,19,30,71,10,11,9,26.200000000000003,937,33.67,340,1.3,0.24,10,71,11
2017,9,5,20,30,0,0,0,8.9,24.700000000000003,938,36.64,175,1.3,0.24,0,0,0
2017,9,5,21,30,0,0,0,9,23.700000000000003,938,39.32,11,1.3,0.24,0,0,0
2017,9,5,22,30,0,0,0,9.200000000000001,22.8,938,42.08,29,1.1,0.24,0,0,0
2017,9,5,23,30,0,0,0,9.4,22.3,938,43.77,51,1,0.24,0,0,0
2017,9,6,0,30,0,0,0,9.5,22,938,45.01,65,1,0.24,0,0,0
2017,9,6,1,30,0,0,0,9.700000000000001,21.8,937,46.06,130,0.9,0.24,0,0,0
2017,9,6,2,30,0,0,0,9.8,21.6,937,47.03,175,0.9,0.24,0,0,0
2017,9,6,3,30,0,0,0,9.9,21.200000000000003,937,48.6,207,0.9,0.24,0,0,0
2017,9,6,4,30,0,0,0,10.100000000000001,20.6,937,50.82,227,0.9,0.24,0,0,0
2017,9,6,5,30,0,0,0,10.200000000000001,20,937,53.31,237,0.9,0.24,0,0,0
2017,9,6,6,30,0,0,0,10.5,19.900000000000002,937,54.52,239,0.9,0.24,0,0,0
2017,9,6,7,30,74,45,55,10.8,21.5,937,50.53,238,1.2000000000000002,0.24,38,376,88
2017,9,6,8,30,647,70,282,11,24.900000000000002,938,41.81,244,1.1,0.24,70,647,282
2017,9,6,9,30,207,219,324,10.100000000000001,28.8,938,31.18,277,0.8,0.24,89,768,479
2017,9,6,10,30,312,288,493,8.5,31.200000000000003,937,24.42,312,0.8,0.24,104,832,652
2017,9,6,11,30,488,288,664,8.1,32.6,937,21.88,317,0.9,0.24,114,867,781
2017,9,6,12,30,495,328,740,7.800000000000001,33.7,936,20.25,314,1,0.24,121,883,854
2017,9,6,13,30,883,124,867,7.6000000000000005,34.300000000000004,936,19.35,310,1.1,0.24,124,883,867
2017,9,6,14,30,344,367,643,7.5,34.4,935,19,304,1.3,0.24,127,859,814
2017,9,6,15,30,818,125,703,7.300000000000001,33.9,934,19.36,305,1.6,0.24,125,818,703
2017,9,6,16,30,728,125,541,7.300000000000001,32.9,934,20.51,314,1.9000000000000001,0.24,125,728,541
2017,9,6,17,30,590,110,347,7.6000000000000005,31.5,934,22.53,324,1.7000000000000002,0.24,110,590,347
2017,9,6,18,30,370,71,149,8.700000000000001,29.700000000000003,934,26.990000000000002,333,1.3,0.24,71,370,149
2017,9,6,19,30,0,0,0,9.5,28,934,31.51,346,1.2000000000000002,0.24,0,0,0
2017,9,6,20,30,0,0,0,9.700000000000001,26.700000000000003,934,34.410000000000004,181,1.3,0.24,0,0,0
2017,9,6,21,30,0,0,0,10.100000000000001,25.5,934,37.77,17,1.3,0.24,0,0,0
2017,9,6,22,30,0,0,0,10.600000000000001,24.400000000000002,934,41.79,38,1.1,0.24,0,0,0
2017,9,6,23,30,0,0,0,11.100000000000001,23.700000000000003,934,45.17,81,1,0.24,0,0,0
2017,9,7,0,30,0,0,0,11.600000000000001,23.400000000000002,934,47.39,110,1,0.24,0,0,0
2017,9,7,1,30,0,0,0,12,22.5,934,51.58,244,1,0.24,0,0,0
2017,9,7,2,30,0,0,0,12.4,21.700000000000003,933,55.45,257,1.1,0.24,0,0,0
2017,9,7,3,30,0,0,0,12.700000000000001,20.900000000000002,933,59.35,261,1.1,0.24,0,0,0
2017,9,7,4,30,0,0,0,12.9,20.1,933,63.13,264,1.1,0.24,0,0,0
2017,9,7,5,30,0,0,0,13,19.3,933,66.7,270,1.1,0.24,0,0,0
2017,9,7,6,30,0,0,0,13,19.400000000000002,933,66.63,274,1.2000000000000002,0.24,0,0,0
2017,9,7,7,30,285,42,79,13.3,21.3,934,60.35,277,1.7000000000000002,0.24,42,285,79
2017,9,7,8,30,560,86,268,13.100000000000001,24.400000000000002,934,49.45,280,2.1,0.24,86,560,268
2017,9,7,9,30,702,112,467,12.3,27.6,934,38.660000000000004,284,2,0.24,112,702,467
2017,9,7,10,30,748,143,633,11.200000000000001,30,934,31.25,285,2.1,0.24,143,748,633
2017,9,7,11,30,796,156,765,10.100000000000001,31.6,933,26.67,286,2.5,0.24,156,796,765
2017,9,7,12,30,816,164,839,9.5,32.7,933,23.93,291,2.8000000000000003,0.24,164,816,839
2017,9,7,13,30,800,176,847,8.9,33.300000000000004,932,22.21,298,3.1,0.24,176,800,847
2017,9,7,14,30,760,185,790,8.3,33.4,932,21.22,307,3.3000000000000003,0.24,185,760,790
2017,9,7,15,30,707,181,679,7.800000000000001,33,931,21.02,316,3.4000000000000004,0.24,181,707,679
2017,9,7,16,30,560,189,507,7.5,32.1,931,21.72,325,3.5,0.24,189,560,507
2017,9,7,17,30,439,146,320,7.5,30.700000000000003,931,23.44,334,3.3000000000000003,0.24,146,439,320
2017,9,7,18,30,253,78,130,7.6000000000000005,28.1,932,27.38,347,2.6,0.24,78,253,130
2017,9,7,19,30,0,0,0,7.9,25.5,932,32.6,181,2.2,0.24,0,0,0
2017,9,7,20,30,0,0,0,7.1000000000000005,23.900000000000002,933,34.09,16,2.3000000000000003,0.24,0,0,0
2017,9,7,21,30,0,0,0,6,22.700000000000003,933,34.01,29,2.3000000000000003,0.24,0,0,0
2017,9,7,22,30,0,0,0,5,21.6,933,33.910000000000004,40,2,0.24,0,0,0
2017,9,7,23,30,0,0,0,4.5,20.5,933,35.08,50,1.6,0.24,0,0,0
2017,9,8,0,30,0,0,0,4.800000000000001,20,933,36.72,54,1.4000000000000001,0.24,0,0,0
2017,9,8,1,30,0,0,0,5.6000000000000005,18.900000000000002,932,41.550000000000004,74,1.1,0.24,0,0,0
2017,9,8,2,30,0,0,0,6.800000000000001,18.400000000000002,932,46.89,91,1,0.24,0,0,0
2017,9,8,3,30,0,0,0,8.200000000000001,18.1,932,52.550000000000004,114,1,0.24,0,0,0
2017,9,8,4,30,0,0,0,9.5,17.900000000000002,932,57.85,143,1,0.24,0,0,0
2017,9,8,5,30,0,0,0,10.3,17.7,931,61.95,174,0.9,0.24,0,0,0
2017,9,8,6,30,0,0,0,10.8,17.7,932,64.07000000000001,199,0.8,0.24,0,0,0
2017,9,8,7,30,3,41,41,11.100000000000001,19.1,932,59.61,214,1,0.24,45,175,67
2017,9,8,8,30,423,116,253,11.100000000000001,22.1,932,49.71,229,1.4000000000000001,0.24,116,423,253
2017,9,8,9,30,584,160,453,9.200000000000001,26.1,932,34.46,247,1.9000000000000001,0.24,160,584,453
2017,9,8,10,30,681,185,629,4.1000000000000005,29.3,932,20.05,258,2.5,0.24,185,681,629
2017,9,8,11,30,741,198,763,2.1,31.1,932,15.74,257,2.8000000000000003,0.24,198,741,763
2017,9,8,12,30,778,200,841,1.3,32.300000000000004,931,13.85,254,3.1,0.24,200,778,841
2017,9,8,13,30,791,196,856,0.7000000000000001,33.2,930,12.68,253,3.4000000000000004,0.24,196,791,856
2017,9,8,14,30,792,181,808,0.30000000000000004,33.6,930,12.040000000000001,254,3.7,0.24,181,792,808
2017,9,8,15,30,762,165,698,-0.1,33.5,929,11.77,255,4,0.24,165,762,698
2017,9,8,16,30,630,169,523,-0.5,32.800000000000004,929,11.86,257,4.3,0.24,169,630,523
2017,9,8,17,30,529,128,335,-1.2000000000000002,31.3,928,12.24,260,3.8000000000000003,0.24,128,529,335
2017,9,8,18,30,340,70,138,-1.5,27.700000000000003,928,14.72,264,2.5,0.24,70,340,138
2017,9,8,19,30,0,0,0,-1.3,24.1,928,18.57,269,1.8,0.24,0,0,0
2017,9,8,20,30,0,0,0,-2.3000000000000003,22.1,929,19.41,272,1.7000000000000002,0.24,0,0,0
2017,9,8,21,30,0,0,0,-3,20.700000000000003,929,20.07,269,1.6,0.24,0,0,0
2017,9,8,22,30,0,0,0,-3.4000000000000004,19.400000000000002,929,21.23,261,1.6,0.24,0,0,0
2017,9,8,23,30,0,0,0,-3.4000000000000004,18.400000000000002,929,22.44,259,1.8,0.24,0,0,0
2017,9,9,0,30,0,0,0,-3.2,18,929,23.37,260,1.9000000000000001,0.24,0,0,0
2017,9,9,1,30,0,0,0,-2.8000000000000003,16.6,928,26.48,267,1.8,0.24,0,0,0
2017,9,9,2,30,0,0,0,-2.3000000000000003,15.200000000000001,928,30.05,261,1.5,0.24,0,0,0
2017,9,9,3,30,0,0,0,-1.7000000000000002,14.200000000000001,927,33.480000000000004,251,1.4000000000000001,0.24,0,0,0
2017,9,9,4,30,0,0,0,-0.8,13.5,927,37.27,246,1.5,0.24,0,0,0
2017,9,9,5,30,0,0,0,0.1,13,927,41.25,246,1.7000000000000002,0.24,0,0,0
2017,9,9,6,30,0,0,0,1.1,13.3,927,43.31,249,2.2,0.24,0,0,0
2017,9,9,7,30,0,6,6,1.9000000000000001,15.100000000000001,927,40.84,253,3.1,0.24,41,302,78
2017,9,9,8,30,0,60,60,2.6,18.3,927,35.02,262,4,0.24,87,581,272
2017,9,9,9,30,241,212,333,3.9000000000000004,21.700000000000003,927,31.11,271,4.7,0.24,118,699,467
2017,9,9,10,30,365,271,508,4.6000000000000005,23.6,927,29.12,276,5.2,0.24,145,755,635
2017,9,9,11,30,782,162,756,5.4,24.400000000000002,927,29.46,282,5.6000000000000005,0.24,162,782,756
2017,9,9,12,30,129,408,513,6.9,24.400000000000002,927,32.57,290,6.2,0.24,171,794,823
2017,9,9,13,30,281,402,635,8.200000000000001,22.700000000000003,927,39.4,299,6.300000000000001,0.24,149,831,839
2017,9,9,14,30,827,138,789,9.200000000000001,20.8,927,47.45,300,5.7,0.24,138,827,789
2017,9,9,15,30,104,326,398,9.5,20.6,926,48.99,295,5.5,0.24,118,821,687
2017,9,9,16,30,421,208,443,8.9,21.5,925,44.45,291,5.800000000000001,0.24,90,803,538
2017,9,9,17,30,0,99,99,7.9,21.6,925,41.2,291,5.800000000000001,0.24,70,728,352
2017,9,9,18,30,132,71,97,6.6000000000000005,20.6,925,40.22,291,4.9,0.24,47,538,151
2017,9,9,19,30,0,0,0,5.4,19.1,925,40.52,289,3.5,0.24,0,0,0
2017,9,9,20,30,0,0,0,4.4,17.8,926,41.08,286,2.9000000000000004,0.24,0,0,0
2017,9,9,21,30,0,0,0,3.6,16.900000000000002,926,41.06,289,2.8000000000000003,0.24,0,0,0
2017,9,9,22,30,0,0,0,3,16,927,41.75,301,2.8000000000000003,0.24,0,0,0
2017,9,9,23,30,0,0,0,2.7,15,927,43.43,318,2.7,0.24,0,0,0
2017,9,10,0,30,0,0,0,2.5,14.5,927,44.32,327,2.5,0.24,0,0,0
2017,9,10,1,30,0,0,0,2.6,13.3,927,48.19,349,2.5,0.24,0,0,0
2017,9,10,2,30,0,0,0,3.1,12.700000000000001,928,51.910000000000004,180,2.6,0.24,0,0,0
2017,9,10,3,30,0,0,0,3.9000000000000004,12.100000000000001,928,57.120000000000005,6,2.5,0.24,0,0,0
2017,9,10,4,30,0,0,0,4.7,11.4,929,63.2,8,2.3000000000000003,0.24,0,0,0
2017,9,10,5,30,0,0,0,5.300000000000001,10.600000000000001,929,69.65,10,2,0.24,0,0,0
2017,9,10,6,30,0,0,0,5.7,10.700000000000001,930,71.46000000000001,12,2.3000000000000003,0.24,0,0,0
2017,9,10,7,30,459,33,87,6,12.5,930,64.65,19,3.3000000000000003,0.24,33,459,87
2017,9,10,8,30,737,58,292,5.7,15.3,931,52.67,23,4.1000000000000005,0.24,58,737,292
2017,9,10,9,30,858,73,499,4.1000000000000005,17.7,931,40.39,18,3.8000000000000003,0.24,73,858,499
2017,9,10,10,30,920,84,678,2.5,19.700000000000003,932,31.86,11,3.4000000000000004,0.24,84,920,678
2017,9,10,11,30,953,91,811,1.1,21.5,932,25.8,4,3.1,0.24,91,953,811
2017,9,10,12,30,969,94,886,-0.1,23.1,932,21.45,176,3,0.24,94,969,886
2017,9,10,13,30,973,91,895,-1.2000000000000002,24.3,931,18.43,347,3.1,0.24,91,973,895
2017,9,10,14,30,964,88,843,-2.2,25.200000000000003,931,16.31,340,3.2,0.24,88,964,843
2017,9,10,15,30,935,84,729,-2.9000000000000004,25.400000000000002,931,15.27,336,3.2,0.24,84,935,729
2017,9,10,16,30,869,80,561,-3.3000000000000003,25.1,931,15.06,333,3.2,0.24,80,869,561
2017,9,10,17,30,774,66,362,-3.4000000000000004,24.200000000000003,931,15.74,333,2.8000000000000003,0.24,66,774,362
2017,9,10,18,30,572,44,153,-3.2,21.700000000000003,931,18.62,336,1.8,0.24,44,572,153
2017,9,10,19,30,0,0,0,-1.2000000000000002,19.400000000000002,931,24.810000000000002,340,1,0.24,0,0,0
2017,9,10,20,30,0,0,0,-1.5,19,931,25.01,339,0.9,0.24,0,0,0
2017,9,10,21,30,0,0,0,-1.5,18.8,932,25.3,331,0.8,0.24,0,0,0
2017,9,10,22,30,0,0,0,-1.4000000000000001,18.400000000000002,932,26.07,317,0.7000000000000001,0.24,0,0,0
2017,9,10,23,30,0,0,0,-1.5,17.7,932,27.17,308,0.8,0.24,0,0,0
2017,9,11,0,30,0,0,0,-1.6,17.400000000000002,932,27.5,306,0.9,0.24,0,0,0
2017,9,11,1,30,0,0,0,-1.6,16.8,932,28.44,311,0.8,0.24,0,0,0
2017,9,11,2,30,0,0,0,-1.7000000000000002,16.6,932,28.62,322,0.7000000000000001,0.24,0,0,0
2017,9,11,3,30,0,0,0,-1.8,16.400000000000002,932,28.87,315,0.6000000000000001,0.24,0,0,0
2017,9,11,4,30,0,0,0,-1.8,15.9,931,29.69,251,0.7000000000000001,0.24,0,0,0
2017,9,11,5,30,0,0,0,-2,15.3,931,30.51,205,0.8,0.24,0,0,0
2017,9,11,6,30,0,0,0,-2.1,15.100000000000001,931,30.52,207,0.9,0.24,0,0,0
2017,9,11,7,30,438,32,83,-1.6,16.8,932,28.37,209,1.2000000000000002,0.24,32,438,83
2017,9,11,8,30,720,57,283,-1.9000000000000001,20.400000000000002,932,22.16,225,1.9000000000000001,0.24,57,720,283
2017,9,11,9,30,841,72,488,-2.5,24.3,932,16.8,247,2.6,0.24,72,841,488
2017,9,11,10,30,908,82,666,-3,27.200000000000003,932,13.59,257,3.2,0.24,82,908,666
2017,9,11,11,30,944,88,798,-2.8000000000000003,29.1,932,12.38,263,3.6,0.24,88,944,798
2017,9,11,12,30,964,90,875,-2.5,30.5,932,11.700000000000001,269,3.8000000000000003,0.24,90,964,875
2017,9,11,13,30,965,92,886,-2.2,31.5,931,11.28,274,3.9000000000000004,0.24,92,965,886
2017,9,11,14,30,955,89,833,-2,32.1,930,11.02,279,4,0.24,89,955,833
2017,9,11,15,30,928,83,719,-1.8,32.1,930,11.200000000000001,282,4.1000000000000005,0.24,83,928,719
2017,9,11,16,30,874,75,554,-1.3,31.6,930,11.99,284,4.2,0.24,75,874,554
2017,9,11,17,30,777,62,355,-0.30000000000000004,30.200000000000003,930,13.96,285,3.7,0.24,62,777,355
2017,9,11,18,30,575,41,147,1.1,26.900000000000002,930,18.7,286,2.6,0.24,41,575,147
2017,9,11,19,30,0,0,0,2.7,23.700000000000003,930,25.36,289,2,0.24,0,0,0
2017,9,11,20,30,0,0,0,3.5,22.400000000000002,931,28.95,293,2.2,0.24,0,0,0
2017,9,11,21,30,0,0,0,4.1000000000000005,21.400000000000002,931,32.12,299,2.2,0.24,0,0,0
2017,9,11,22,30,0,0,0,4.3,20.3,931,34.910000000000004,305,2,0.24,0,0,0
2017,9,11,23,30,0,0,0,4.2,19.3,931,37.01,313,1.8,0.24,0,0,0
2017,9,12,0,30,0,0,0,4.2,18.8,931,38.12,318,1.7000000000000002,0.24,0,0,0
2017,9,12,1,30,0,0,0,4.4,17.6,931,41.49,340,1.5,0.24,0,0,0
2017,9,12,2,30,0,0,0,4.6000000000000005,16.900000000000002,931,44.17,353,1.4000000000000001,0.24,0,0,0
2017,9,12,3,30,0,0,0,5,16.1,931,47.58,182,1.4000000000000001,0.24,0,0,0
2017,9,12,4,30,0,0,0,5.300000000000001,15.4,931,51.07,6,1.3,0.24,0,0,0
2017,9,12,5,30,0,0,0,5.7,14.8,932,54.47,8,1.2000000000000002,0.24,0,0,0
2017,9,12,6,30,0,0,0,6,14.8,932,55.57,9,1.3,0.24,0,0,0
2017,9,12,7,30,432,31,80,6.300000000000001,16.8,933,49.88,11,1.9000000000000001,0.24,31,432,80
2017,9,12,8,30,707,59,278,6.5,20.3,933,40.660000000000004,12,2.3000000000000003,0.24,59,707,278
2017,9,12,9,30,827,75,481,6.2,23.8,934,32.160000000000004,181,2.2,0.24,75,827,481
2017,9,12,10,30,892,86,657,5.800000000000001,26.200000000000003,934,27.150000000000002,341,2.3000000000000003,0.24,86,892,657
2017,9,12,11,30,925,94,788,5.1000000000000005,28.1,934,23.080000000000002,329,2.7,0.24,94,925,788
2017,9,12,12,30,934,103,860,4.2,29.400000000000002,934,20.18,325,3.1,0.24,103,934,860
2017,9,12,13,30,937,104,871,3.5,30.3,934,18.23,324,3.4000000000000004,0.24,104,937,871
2017,9,12,14,30,930,98,819,3,30.6,933,17.22,326,3.6,0.24,98,930,819
2017,9,12,15,30,902,90,704,2.7,30.3,933,17.22,331,3.6,0.24,90,902,704
2017,9,12,16,30,786,102,529,2.7,29.6,933,17.87,339,3.5,0.24,102,786,529
2017,9,12,17,30,580,90,306,2.9000000000000004,28.3,934,19.52,350,3.1,0.24,83,668,332
2017,9,12,18,30,430,53,130,3.2,25.3,934,23.86,188,2.1,0.24,53,430,130
2017,9,12,19,30,0,0,0,3.9000000000000004,22.5,935,29.64,29,1.6,0.24,0,0,0
2017,9,12,20,30,0,0,0,3.9000000000000004,21.5,936,31.57,48,1.8,0.24,0,0,0
2017,9,12,21,30,0,0,0,3.9000000000000004,20.900000000000002,936,32.75,65,1.9000000000000001,0.24,0,0,0
2017,9,12,22,30,0,0,0,4,20.1,937,34.52,78,1.9000000000000001,0.24,0,0,0
2017,9,12,23,30,0,0,0,4.1000000000000005,19.1,937,36.97,89,1.7000000000000002,0.24,0,0,0
2017,9,13,0,30,0,0,0,4.2,18.6,937,38.5,94,1.7000000000000002,0.24,0,0,0
2017,9,13,1,30,0,0,0,4.4,17.5,937,41.82,107,1.5,0.24,0,0,0
2017,9,13,2,30,0,0,0,4.7,17,937,44.03,115,1.4000000000000001,0.24,0,0,0
2017,9,13,3,30,0,0,0,5.1000000000000005,16.5,937,46.75,121,1.4000000000000001,0.24,0,0,0
2017,9,13,4,30,0,0,0,5.6000000000000005,16.1,937,49.63,123,1.3,0.24,0,0,0
2017,9,13,5,30,0,0,0,6.1000000000000005,15.8,937,52.46,125,1.2000000000000002,0.24,0,0,0
2017,9,13,6,30,0,0,0,6.7,16.1,937,53.69,130,1.2000000000000002,0.24,0,0,0
2017,9,13,7,30,332,35,72,7.4,18.5,938,48.33,139,1.7000000000000002,0.24,35,332,72
2017,9,13,8,30,640,68,265,8,22.5,938,39.300000000000004,175,2,0.24,68,640,265
2017,9,13,9,30,779,87,467,6.300000000000001,26.5,938,27.68,212,1.8,0.24,87,779,467
2017,9,13,10,30,850,100,642,4.800000000000001,29.1,938,21.39,222,2.1,0.24,100,850,642
2017,9,13,11,30,890,109,773,4.2,30.700000000000003,938,18.62,227,2.5,0.24,109,890,773
2017,9,13,12,30,908,114,846,3.4000000000000004,32,938,16.36,233,2.9000000000000004,0.24,114,908,846
2017,9,13,13,30,948,94,867,2.6,32.800000000000004,937,14.780000000000001,238,3.2,0.24,94,948,867
2017,9,13,14,30,938,93,816,1.9000000000000001,33.2,937,13.76,244,3.5,0.24,93,938,816
2017,9,13,15,30,638,191,622,1.4000000000000001,33.1,936,13.38,249,3.7,0.24,88,907,702
2017,9,13,16,30,854,80,540,1.2000000000000002,32.5,936,13.61,251,3.7,0.24,80,854,540
2017,9,13,17,30,755,66,343,1.1,31,935,14.75,251,3.2,0.24,66,755,343
2017,9,13,18,30,534,43,136,1.5,27.5,935,18.57,251,2,0.24,43,534,136
2017,9,13,19,30,0,0,0,2.4000000000000004,24,936,24.35,252,1.4000000000000001,0.24,0,0,0
2017,9,13,20,30,0,0,0,2.3000000000000003,22.6,936,26.330000000000002,251,1.5,0.24,0,0,0
2017,9,13,21,30,0,0,0,2.2,21.5,936,28,248,1.5,0.24,0,0,0
2017,9,13,22,30,0,0,0,2.2,20.5,936,29.66,244,1.4000000000000001,0.24,0,0,0
2017,9,13,23,30,0,0,0,2.2,19.6,936,31.51,240,1.5,0.24,0,0,0
2017,9,14,0,30,0,0,0,2.5,19.1,936,33.03,238,1.5,0.24,0,0,0
2017,9,14,1,30,0,0,0,3,17.8,936,37.17,238,1.7000000000000002,0.24,0,0,0
2017,9,14,2,30,0,0,0,3.8000000000000003,17,936,41.46,239,1.7000000000000002,0.24,0,0,0
2017,9,14,3,30,0,0,0,4.7,16.2,936,46.46,238,1.7000000000000002,0.24,0,0,0
2017,9,14,4,30,0,0,0,5.5,15.5,935,51.410000000000004,234,1.7000000000000002,0.24,0,0,0
2017,9,14,5,30,0,0,0,6.300000000000001,14.8,935,56.910000000000004,228,1.8,0.24,0,0,0
2017,9,14,6,30,0,0,0,7.2,14.9,936,59.86,223,2.2,0.24,0,0,0
2017,9,14,7,30,352,35,73,8,16.6,936,56.68,220,3,0.24,35,352,73
2017,9,14,8,30,665,68,271,8.3,19.8,936,47.4,224,3.3000000000000003,0.24,68,665,271
2017,9,14,9,30,798,88,475,7.4,23.900000000000002,936,34.800000000000004,241,3.7,0.24,88,798,475
2017,9,14,10,30,887,96,659,4.9,27.400000000000002,936,23.7,255,4.2,0.24,96,887,659
2017,9,14,11,30,917,108,789,2.5,29.400000000000002,936,17.85,258,4.5,0.24,108,917,789
2017,9,14,12,30,461,319,689,1.3,30.3,935,15.57,257,4.6000000000000005,0.24,117,923,858
2017,9,14,13,30,439,331,687,0.30000000000000004,30.3,935,14.530000000000001,256,4.6000000000000005,0.24,113,934,871
2017,9,14,14,30,913,114,814,-0.30000000000000004,29.8,934,14.31,253,4.7,0.24,114,913,814
2017,9,14,15,30,601,203,606,-0.5,29.400000000000002,933,14.43,250,4.6000000000000005,0.24,114,862,693
2017,9,14,16,30,694,114,485,-0.5,29,933,14.77,250,4.5,0.24,107,783,525
2017,9,14,17,30,647,89,323,-0.4,28.1,932,15.6,249,3.8000000000000003,0.24,89,647,323
2017,9,14,18,30,373,56,119,-0.2,25.400000000000002,932,18.53,242,2.6,0.24,56,373,119
2017,9,14,19,30,0,0,0,0.30000000000000004,23.200000000000003,932,21.94,235,2.2,0.24,0,0,0
2017,9,14,20,30,0,0,0,0.2,22.5,933,22.86,234,2.5,0.24,0,0,0
2017,9,14,21,30,0,0,0,0.30000000000000004,21.5,933,24.43,238,2.5,0.24,0,0,0
2017,9,14,22,30,0,0,0,0.5,20.200000000000003,932,26.88,245,2.3000000000000003,0.24,0,0,0
2017,9,14,23,30,0,0,0,1,19.1,932,29.740000000000002,255,2.1,0.24,0,0,0
2017,9,15,0,30,0,0,0,1.8,18.7,932,32.39,260,2,0.24,0,0,0
2017,9,15,1,30,0,0,0,3.1,17.400000000000002,931,38.39,268,1.6,0.24,0,0,0
2017,9,15,2,30,0,0,0,4.5,16.5,930,44.78,272,1.4000000000000001,0.24,0,0,0
2017,9,15,3,30,0,0,0,5.7,15.700000000000001,930,51.43,274,1.2000000000000002,0.24,0,0,0
2017,9,15,4,30,0,0,0,6.6000000000000005,15.100000000000001,929,57.02,273,1,0.24,0,0,0
2017,9,15,5,30,0,0,0,7.1000000000000005,14.600000000000001,929,60.83,259,0.9,0.24,0,0,0
2017,9,15,6,30,0,0,0,7.2,14.5,929,61.42,231,1,0.24,0,0,0
2017,9,15,7,30,344,33,69,6.9,16,929,54.6,215,1.5,0.24,33,344,69
2017,9,15,8,30,670,64,267,6.7,19,929,44.75,228,2.3000000000000003,0.24,64,670,267
2017,9,15,9,30,814,81,473,6.4,22.1,929,36.14,251,2.9000000000000004,0.24,81,814,473
2017,9,15,10,30,894,90,654,4.6000000000000005,24.5,929,27.59,261,3.7,0.24,90,894,654
2017,9,15,11,30,939,95,789,2.5,26,929,21.72,262,4.2,0.24,95,939,789
2017,9,15,12,30,959,97,864,0.30000000000000004,27.1,928,17.45,263,4.6000000000000005,0.24,97,959,864
2017,9,15,13,30,957,103,875,-1.6,27.5,928,14.81,266,4.9,0.24,103,957,875
2017,9,15,14,30,917,113,811,-2.8000000000000003,27.1,927,13.91,273,5,0.24,113,917,811
2017,9,15,15,30,872,112,693,-2.8000000000000003,26.3,927,14.56,283,4.800000000000001,0.24,112,872,693
2017,9,15,16,30,466,183,430,-2.1,25.3,926,16.31,294,4.5,0.24,111,774,521
2017,9,15,17,30,629,93,317,-1.1,24.1,927,18.78,307,3.9000000000000004,0.24,93,629,317
2017,9,15,18,30,359,56,114,-0.2,22,927,22.81,322,2.8000000000000003,0.24,56,359,114
2017,9,15,19,30,0,0,0,0.7000000000000001,19.900000000000002,928,27.62,340,2.1,0.24,0,0,0
2017,9,15,20,30,0,0,0,0.7000000000000001,18.400000000000002,928,30.48,177,2.4000000000000004,0.24,0,0,0
2017,9,15,21,30,0,0,0,0.2,17.1,928,31.92,10,2.6,0.24,0,0,0
2017,9,15,22,30,0,0,0,-0.2,15.9,928,33.31,18,2.6,0.24,0,0,0
2017,9,15,23,30,0,0,0,0.1,14.9,928,36.42,23,2.4000000000000004,0.24,0,0,0
2017,9,16,0,30,0,0,0,1.4000000000000001,14.600000000000001,928,40.82,25,2.4000000000000004,0.24,0,0,0
2017,9,16,1,30,0,0,0,3.4000000000000004,14.200000000000001,928,48.33,35,2.4000000000000004,0.24,0,0,0
2017,9,16,2,30,0,0,0,5.4,14,928,56,40,2.3000000000000003,0.24,0,0,0
2017,9,16,3,30,0,0,0,6.9,13.9,928,62.54,38,2.2,0.24,0,0,0
2017,9,16,4,30,0,0,0,7.800000000000001,13.700000000000001,928,67.4,28,2,0.24,0,0,0
2017,9,16,5,30,0,0,0,8.1,13.4,928,70.21000000000001,17,1.9000000000000001,0.24,0,0,0
2017,9,16,6,30,0,0,0,8,13.3,928,70.33,9,2.1,0.24,0,0,0
2017,9,16,7,30,12,34,35,7.7,14.5,929,63.690000000000005,183,2.6,0.24,36,259,63
2017,9,16,8,30,597,77,256,7.300000000000001,16.8,929,53.550000000000004,357,3.2,0.24,77,597,256
2017,9,16,9,30,758,97,460,6.9,19.1,930,45.050000000000004,346,3.2,0.24,97,758,460
2017,9,16,10,30,830,115,635,5.800000000000001,20.900000000000002,930,37.45,326,3.1,0.24,115,830,635
2017,9,16,11,30,884,118,769,4.5,22.3,930,31.42,309,3.2,0.24,118,884,769
2017,9,16,12,30,919,116,847,3.2,23.400000000000002,930,26.73,301,3.5,0.24,116,919,847
2017,9,16,13,30,941,105,860,1.8,24.1,930,23.23,298,3.8000000000000003,0.24,105,941,860
2017,9,16,14,30,339,343,600,0.4,24.3,929,20.76,297,4.1000000000000005,0.24,101,930,805
2017,9,16,15,30,903,92,690,-0.8,24.200000000000003,929,19.09,298,4.2,0.24,92,903,690
2017,9,16,16,30,849,80,525,-1.7000000000000002,23.5,930,18.7,300,4.1000000000000005,0.24,80,849,525
2017,9,16,17,30,744,65,326,-2,22.3,930,19.71,303,3.6,0.24,65,744,326
2017,9,16,18,30,508,40,121,-1.9000000000000001,19.8,931,23.14,306,2.2,0.24,40,508,121
2017,9,16,19,30,0,0,0,-1.4000000000000001,17.2,931,28.07,309,1.1,0.24,0,0,0
2017,9,16,20,30,0,0,0,-1.4000000000000001,16.3,932,29.75,314,1,0.24,0,0,0
2017,9,16,21,30,0,0,0,-1.4000000000000001,15.9,932,30.560000000000002,320,0.9,0.24,0,0,0
2017,9,16,22,30,0,0,0,-1.4000000000000001,15.4,933,31.51,327,0.8,0.24,0,0,0
2017,9,16,23,30,0,0,0,-1.5,14.9,933,32.46,338,0.8,0.24,0,0,0
2017,9,17,0,30,0,0,0,-1.5,14.700000000000001,933,32.9,345,0.8,0.24,0,0,0
2017,9,17,1,30,0,0,0,-1.4000000000000001,13.9,933,34.74,23,0.7000000000000001,0.24,0,0,0
2017,9,17,2,30,0,0,0,-1.4000000000000001,13.5,933,35.83,86,0.7000000000000001,0.24,0,0,0
2017,9,17,3,30,0,0,0,-1.3,13.100000000000001,933,36.980000000000004,147,0.8,0.24,0,0,0
2017,9,17,4,30,0,0,0,-1.2000000000000002,12.5,933,38.75,170,0.8,0.24,0,0,0
2017,9,17,5,30,0,0,0,-1.1,11.8,933,40.9,178,0.9,0.24,0,0,0
2017,9,17,6,30,0,0,0,-1,11.5,934,41.97,180,0.9,0.24,0,0,0
2017,9,17,7,30,420,28,70,-1,13.200000000000001,934,37.61,180,1.4000000000000001,0.24,28,420,70
2017,9,17,8,30,726,55,270,-1,16.8,935,29.79,198,2,0.24,55,726,270
2017,9,17,9,30,852,71,476,-1.5,20.1,935,23.39,226,2.5,0.24,71,852,476
2017,9,17,10,30,917,81,653,-1.6,22.3,935,20.29,240,2.9000000000000004,0.24,81,917,653
2017,9,17,11,30,953,88,785,-1.9000000000000001,23.900000000000002,935,17.96,246,3.1,0.24,88,953,785
2017,9,17,12,30,964,92,855,-2.5,25.200000000000003,934,15.9,251,3.3000000000000003,0.24,92,964,855
2017,9,17,13,30,957,97,862,-3.2,26.1,934,14.31,256,3.5,0.24,97,957,862
2017,9,17,14,30,945,94,806,-3.9000000000000004,26.6,933,13.23,260,3.7,0.24,94,945,806
2017,9,17,15,30,911,88,687,-4.4,26.700000000000003,933,12.64,263,3.8000000000000003,0.24,88,911,687
2017,9,17,16,30,798,81,495,-4.800000000000001,26,933,12.72,265,3.8000000000000003,0.24,90,821,516
2017,9,17,17,30,138,140,188,-5.2,24.700000000000003,933,13.41,267,3.2,0.24,76,687,314
2017,9,17,18,30,0,15,15,-5,22.1,933,15.85,269,2,0.24,46,428,111
2017,9,17,19,30,0,0,0,-4.3,19.6,934,19.54,271,1.4000000000000001,0.24,0,0,0
2017,9,17,20,30,0,0,0,-4.3,18.1,934,21.51,272,1.3,0.24,0,0,0
2017,9,17,21,30,0,0,0,-4.3,16.7,934,23.41,271,1.2000000000000002,0.24,0,0,0
2017,9,17,22,30,0,0,0,-4.4,15.600000000000001,934,24.900000000000002,268,1.2000000000000002,0.24,0,0,0
2017,9,17,23,30,0,0,0,-4.5,14.700000000000001,934,26.26,266,1.3,0.24,0,0,0
2017,9,18,0,30,0,0,0,-4.5,14.200000000000001,934,27.11,267,1.3,0.24,0,0,0
2017,9,18,1,30,0,0,0,-4.4,13,934,29.43,272,1.3,0.24,0,0,0
2017,9,18,2,30,0,0,0,-4.4,12.4,934,30.810000000000002,272,1.3,0.24,0,0,0
2017,9,18,3,30,0,0,0,-4.2,11.700000000000001,934,32.62,267,1.3,0.24,0,0,0
2017,9,18,4,30,0,0,0,-3.9000000000000004,11.200000000000001,933,34.45,258,1.2000000000000002,0.24,0,0,0
2017,9,18,5,30,0,0,0,-3.4000000000000004,10.600000000000001,934,37.25,251,1.2000000000000002,0.24,0,0,0
2017,9,18,6,30,0,0,0,-2.8000000000000003,10.5,934,39.34,247,1.3,0.24,0,0,0
2017,9,18,7,30,303,31,60,-2,12.4,934,36.62,245,2,0.24,31,303,60
2017,9,18,8,30,619,70,252,-1.4000000000000001,15.9,935,30.64,254,2.7,0.24,70,619,252
2017,9,18,9,30,765,92,454,-1.4000000000000001,19.8,935,24,275,3.4000000000000004,0.24,92,765,454
2017,9,18,10,30,844,104,629,-1,22.8,935,20.44,287,4,0.24,104,844,629
2017,9,18,11,30,892,110,760,0.6000000000000001,24.6,935,20.650000000000002,286,4.2,0.24,110,892,760
2017,9,18,12,30,917,111,834,2.5,25.900000000000002,935,21.95,285,4.6000000000000005,0.24,111,917,834
2017,9,18,13,30,924,108,842,3.7,26.700000000000003,934,22.830000000000002,286,4.800000000000001,0.24,108,924,842
2017,9,18,14,30,911,104,786,4.2,27,934,23.09,286,5,0.24,104,911,786
2017,9,18,15,30,879,97,670,4.1000000000000005,26.8,934,23.330000000000002,288,5,0.24,97,879,670
2017,9,18,16,30,816,86,505,3.9000000000000004,26.1,934,23.87,292,5,0.24,86,816,505
2017,9,18,17,30,699,69,307,3.6,24.700000000000003,934,25.43,296,4.4,0.24,69,699,307
2017,9,18,18,30,447,41,106,3.5,21.900000000000002,935,29.82,299,3,0.24,41,447,106
2017,9,18,19,30,0,0,0,3.5,19.1,935,35.53,301,1.8,0.24,0,0,0
2017,9,18,20,30,0,0,0,3.6,17.6,936,39.32,306,1.6,0.24,0,0,0
2017,9,18,21,30,0,0,0,3.7,16.6,937,42.160000000000004,313,1.4000000000000001,0.24,0,0,0
2017,9,18,22,30,0,0,0,3.7,15.600000000000001,937,44.97,324,1.3,0.24,0,0,0
2017,9,18,23,30,0,0,0,3.6,14.8,937,47.15,340,1.2000000000000002,0.24,0,0,0
2017,9,19,0,30,0,0,0,3.5,14.5,937,47.7,349,1.1,0.24,0,0,0
2017,9,19,1,30,0,0,0,3.4000000000000004,13.5,937,50.44,22,1.1,0.24,0,0,0
2017,9,19,2,30,0,0,0,3.3000000000000003,13,937,51.79,44,1.1,0.24,0,0,0
2017,9,19,3,30,0,0,0,3.3000000000000003,12.700000000000001,937,52.75,61,1.1,0.24,0,0,0
2017,9,19,4,30,0,0,0,3.3000000000000003,12.5,937,53.59,72,1.1,0.24,0,0,0
2017,9,19,5,30,0,0,0,3.4000000000000004,12.4,937,54.22,78,1,0.24,0,0,0
2017,9,19,6,30,0,0,0,3.5,12.5,937,54.21,83,0.9,0.24,0,0,0
2017,9,19,7,30,312,29,58,3.6,14.200000000000001,937,48.85,86,1,0.24,29,312,58
2017,9,19,8,30,633,67,250,3.7,17.400000000000002,938,40.11,83,1.1,0.24,67,633,250
2017,9,19,9,30,778,88,453,3.5,20.900000000000002,938,31.740000000000002,54,1.1,0.24,88,778,453
2017,9,19,10,30,855,100,629,3.2,23.5,938,26.5,183,1.4000000000000001,0.24,100,855,629
2017,9,19,11,30,899,108,759,2.6,25.3,938,22.85,333,1.8,0.24,108,899,759
2017,9,19,12,30,920,111,832,1.9000000000000001,26.6,937,20.14,329,2.1,0.24,111,920,832
2017,9,19,13,30,896,127,834,1.2000000000000002,27.6,937,18.03,329,2.3000000000000003,0.24,127,896,834
2017,9,19,14,30,881,122,778,0.5,28.1,936,16.72,330,2.5,0.24,122,881,778
2017,9,19,15,30,844,114,661,0,28.1,936,16.09,332,2.5,0.24,114,844,661
2017,9,19,16,30,711,122,483,-0.4,27.700000000000003,936,15.950000000000001,334,2.4000000000000004,0.24,122,711,483
2017,9,19,17,30,570,94,286,-0.7000000000000001,26.1,936,17.17,339,1.8,0.24,94,570,286
2017,9,19,18,30,306,49,92,0,23.1,936,21.650000000000002,349,1.1,0.24,49,306,92
2017,9,19,19,30,0,0,0,-0.2,20.700000000000003,936,24.73,183,1.1,0.24,0,0,0
2017,9,19,20,30,0,0,0,-0.4,19.6,937,26.01,19,1.1,0.24,0,0,0
2017,9,19,21,30,0,0,0,-0.5,18.7,937,27.44,37,1.1,0.24,0,0,0
2017,9,19,22,30,0,0,0,-0.5,17.8,937,28.98,60,1.1,0.24,0,0,0
2017,9,19,23,30,0,0,0,-0.5,17,937,30.52,85,1.1,0.24,0,0,0
2017,9,20,0,30,0,0,0,-0.4,16.5,937,31.7,98,1.1,0.24,0,0,0
2017,9,20,1,30,0,0,0,-0.2,15.5,936,34.21,131,1.1,0.24,0,0,0
2017,9,20,2,30,0,0,0,0,15.100000000000001,936,35.65,154,1.2000000000000002,0.24,0,0,0
2017,9,20,3,30,0,0,0,0.2,14.700000000000001,936,37.08,176,1.2000000000000002,0.24,0,0,0
2017,9,20,4,30,0,0,0,0.30000000000000004,14.3,936,38.4,195,1.1,0.24,0,0,0
2017,9,20,5,30,0,0,0,0.4,13.9,936,39.730000000000004,205,1.1,0.24,0,0,0
2017,9,20,6,30,0,0,0,0.5,13.700000000000001,936,40.6,203,1,0.24,0,0,0
2017,9,20,7,30,197,31,49,0.7000000000000001,15.3,936,37.01,190,1.2000000000000002,0.24,31,197,49
2017,9,20,8,30,504,87,232,0.9,18.5,936,30.66,183,1.5,0.24,87,504,232
2017,9,20,9,30,668,120,432,0.9,22.3,936,24.27,191,1.4000000000000001,0.24,120,668,432
2017,9,20,10,30,757,141,606,0,25.700000000000003,936,18.48,206,1.5,0.24,141,757,606
2017,9,20,11,30,806,154,735,-0.5,27.5,936,16.09,220,1.8,0.24,154,806,735
2017,9,20,12,30,830,160,807,-0.8,28.700000000000003,935,14.69,232,2.1,0.24,160,830,807
2017,9,20,13,30,879,136,827,-1,29.6,935,13.71,241,2.3000000000000003,0.24,136,879,827
2017,9,20,14,30,863,132,770,-1.2000000000000002,29.900000000000002,934,13.280000000000001,249,2.4000000000000004,0.24,132,863,770
2017,9,20,15,30,823,123,652,-1.3,29.8,934,13.24,254,2.5,0.24,123,823,652
2017,9,20,16,30,748,109,486,-1.4000000000000001,29.200000000000003,933,13.59,258,2.4000000000000004,0.24,109,748,486
2017,9,20,17,30,612,85,288,-1.5,27.5,933,14.91,261,1.8,0.24,85,612,288
2017,9,20,18,30,336,45,91,-0.5,24.400000000000002,933,19.31,262,1.2000000000000002,0.24,45,336,91
2017,9,20,19,30,0,0,0,-0.8,22,933,21.92,264,1.2000000000000002,0.24,0,0,0
2017,9,20,20,30,0,0,0,-0.9,21.1,934,22.830000000000002,268,1.2000000000000002,0.24,0,0,0
2017,9,20,21,30,0,0,0,-1,20.400000000000002,934,23.79,269,1.1,0.24,0,0,0
2017,9,20,22,30,0,0,0,-1,19.6,934,24.95,268,1.1,0.24,0,0,0
2017,9,20,23,30,0,0,0,-0.9,18.7,934,26.54,264,1.1,0.24,0,0,0
2017,9,21,0,30,0,0,0,-0.8,18.2,934,27.71,261,1.2000000000000002,0.24,0,0,0
2017,9,21,1,30,0,0,0,-0.5,16.900000000000002,934,30.71,248,1.2000000000000002,0.24,0,0,0
2017,9,21,2,30,0,0,0,0,16,933,33.62,240,1.2000000000000002,0.24,0,0,0
2017,9,21,3,30,0,0,0,0.7000000000000001,15.100000000000001,933,37.63,233,1.2000000000000002,0.24,0,0,0
2017,9,21,4,30,0,0,0,1.7000000000000002,14.4,933,42.18,228,1.1,0.24,0,0,0
2017,9,21,5,30,0,0,0,2.7,13.8,933,47.1,224,1.1,0.24,0,0,0
2017,9,21,6,30,0,0,0,3.6,13.700000000000001,933,50.51,217,1.1,0.24,0,0,0
2017,9,21,7,30,196,31,48,4.5,15.3,933,48.39,210,1.5,0.24,31,196,48
2017,9,21,8,30,158,110,155,5.2,18.5,934,41.47,217,2,0.24,83,522,232
2017,9,21,9,30,263,191,312,5.1000000000000005,22.5,934,32.38,231,2,0.24,112,688,431
2017,9,21,10,30,359,253,472,3.1,26.1,934,22.66,232,2.1,0.24,130,775,603
2017,9,21,11,30,822,142,732,2.2,28.1,934,18.900000000000002,228,2.2,0.24,142,822,732
2017,9,21,12,30,844,148,803,2.3000000000000003,29.400000000000002,933,17.59,230,2.3000000000000003,0.24,148,844,803
2017,9,21,13,30,844,148,808,2.4000000000000004,30.1,933,16.98,234,2.5,0.24,148,844,808
2017,9,21,14,30,825,145,752,2.3000000000000003,30.200000000000003,932,16.86,239,2.6,0.24,145,825,752
2017,9,21,15,30,779,136,633,2.3000000000000003,29.8,931,17.17,244,2.7,0.24,136,779,633
2017,9,21,16,30,697,119,467,2.2,29,931,17.88,249,2.7,0.24,119,697,467
2017,9,21,17,30,407,103,236,2.3000000000000003,27.5,931,19.67,255,2.2,0.24,93,553,272
2017,9,21,18,30,201,44,70,2.8000000000000003,24.900000000000002,932,23.68,262,1.5,0.24,47,273,83
2017,9,21,19,30,0,0,0,2.9000000000000004,22.900000000000002,932,26.94,270,1.4000000000000001,0.24,0,0,0
2017,9,21,20,30,0,0,0,2.9000000000000004,22,932,28.5,278,1.3,0.24,0,0,0
2017,9,21,21,30,0,0,0,3,21.400000000000002,933,29.810000000000002,286,1.2000000000000002,0.24,0,0,0
2017,9,21,22,30,0,0,0,3.2,20.900000000000002,933,31.060000000000002,296,1,0.24,0,0,0
2017,9,21,23,30,0,0,0,3.3000000000000003,20.400000000000002,933,32.410000000000004,305,0.9,0.24,0,0,0
2017,9,22,0,30,0,0,0,3.5,20.1,933,33.51,310,0.8,0.24,0,0,0
2017,9,22,1,30,0,0,0,3.8000000000000003,19.1,933,36.28,306,0.7000000000000001,0.24,0,0,0
2017,9,22,2,30,0,0,0,4,18.3,933,38.81,267,0.8,0.24,0,0,0
2017,9,22,3,30,0,0,0,4.2,17.5,933,41.39,229,0.8,0.24,0,0,0
2017,9,22,4,30,0,0,0,4.4,16.6,933,44.47,217,0.9,0.24,0,0,0
2017,9,22,5,30,0,0,0,4.7,15.600000000000001,933,48.21,212,0.9,0.24,0,0,0
2017,9,22,6,30,0,0,0,4.9,15.100000000000001,933,50.6,205,0.8,0.24,0,0,0
2017,9,22,7,30,8,28,28,5.2,16.1,934,48.4,193,1,0.24,30,197,47
2017,9,22,8,30,147,109,150,5.5,18.900000000000002,934,41.43,182,1.3,0.24,80,524,227
2017,9,22,9,30,245,191,304,5.6000000000000005,22.400000000000002,934,33.59,176,1,0.24,109,685,423
2017,9,22,10,30,238,275,420,5.4,25.3,934,27.78,176,0.9,0.24,126,773,595
2017,9,22,11,30,548,244,635,5,27.200000000000003,934,24.22,184,1,0.24,135,824,723
2017,9,22,12,30,495,293,675,4.7,28.5,934,21.92,194,1.2000000000000002,0.24,140,850,796
2017,9,22,13,30,332,358,616,4.4,29.400000000000002,933,20.35,206,1.4000000000000001,0.24,133,866,806
2017,9,22,14,30,446,287,613,4.1000000000000005,29.700000000000003,933,19.63,220,1.5,0.24,131,845,748
2017,9,22,15,30,220,293,432,3.8000000000000003,29.6,932,19.39,233,1.5,0.24,123,803,631
2017,9,22,16,30,380,186,373,3.6,29,932,19.71,241,1.4000000000000001,0.24,110,721,465
2017,9,22,17,30,405,101,231,3.3000000000000003,27.900000000000002,932,20.56,245,1,0.24,86,579,271
2017,9,22,18,30,190,42,66,3.8000000000000003,25.700000000000003,932,24.25,248,0.7000000000000001,0.24,43,289,79
2017,9,22,19,30,0,0,0,3.6,23.5,933,27.37,252,0.9,0.24,0,0,0
2017,9,22,20,30,0,0,0,3.9000000000000004,22.1,933,30.39,252,1.4000000000000001,0.24,0,0,0
2017,9,22,21,30,0,0,0,5.1000000000000005,20.700000000000003,934,36.12,242,1.9000000000000001,0.24,0,0,0
2017,9,22,22,30,0,0,0,6.6000000000000005,19.3,934,43.56,225,2.2,0.24,0,0,0
2017,9,22,23,30,0,0,0,7.7,18.1,935,50.800000000000004,208,2.2,0.24,0,0,0
2017,9,23,0,30,0,0,0,8.6,17.6,935,55.45,202,2.2,0.24,0,0,0
2017,9,23,1,30,0,0,0,9.3,16.400000000000002,935,62.65,187,2,0.24,0,0,0
2017,9,23,2,30,0,0,0,9.9,15.700000000000001,935,68.27,180,1.9000000000000001,0.24,0,0,0
2017,9,23,3,30,0,0,0,10.5,15.100000000000001,935,73.87,173,1.8,0.24,0,0,0
2017,9,23,4,30,0,0,0,11,14.600000000000001,935,78.97,165,1.6,0.24,0,0,0
2017,9,23,5,30,0,0,0,11.4,14.200000000000001,935,83.25,158,1.4000000000000001,0.24,0,0,0
2017,9,23,6,30,0,0,0,11.700000000000001,14.200000000000001,935,84.96000000000001,153,1.3,0.24,0,0,0
2017,9,23,7,30,0,13,13,12,15.600000000000001,936,79.02,151,1.8,0.24,31,173,45
2017,9,23,8,30,0,47,47,12.100000000000001,18.6,936,66,166,2,0.24,83,514,225
2017,9,23,9,30,214,193,290,10.5,21.900000000000002,936,48.24,180,1.5,0.24,109,688,423
2017,9,23,10,30,314,259,449,8.1,24.6,936,34.83,181,1.2000000000000002,0.24,131,762,591
2017,9,23,11,30,519,250,619,7.300000000000001,26.5,936,29.59,195,1,0.24,140,814,718
2017,9,23,12,30,841,143,789,7.1000000000000005,28,936,26.75,226,1,0.24,143,841,789
2017,9,23,13,30,891,118,806,6.9,28.900000000000002,935,24.93,257,1,0.24,118,891,806
2017,9,23,14,30,366,317,583,6.5,29.3,935,23.82,278,1.1,0.24,111,879,749
2017,9,23,15,30,360,263,489,6.2,29.3,934,23.25,290,1.2000000000000002,0.24,102,846,633
2017,9,23,16,30,341,191,358,5.7,28.900000000000002,934,23.07,297,1.3,0.24,90,776,469
2017,9,23,17,30,644,71,273,5.300000000000001,27.700000000000003,934,24,300,1.1,0.24,71,644,273
2017,9,23,18,30,355,37,80,5.300000000000001,25.6,934,27.17,299,0.9,0.24,37,355,80
2017,9,23,19,30,0,0,0,4.9,23.700000000000003,935,29.67,302,0.9,0.24,0,0,0
2017,9,23,20,30,0,0,0,4.7,22.5,935,31.37,308,0.9,0.24,0,0,0
2017,9,23,21,30,0,0,0,4.6000000000000005,21.6,936,32.88,315,0.9,0.24,0,0,0
2017,9,23,22,30,0,0,0,4.6000000000000005,20.8,936,34.69,320,0.9,0.24,0,0,0
2017,9,23,23,30,0,0,0,4.9,20,936,36.99,316,0.9,0.24,0,0,0
2017,9,24,0,30,0,0,0,5.1000000000000005,19.700000000000003,936,38.28,312,0.9,0.24,0,0,0
2017,9,24,1,30,0,0,0,5.2,18.6,936,41.4,281,1,0.24,0,0,0
2017,9,24,2,30,0,0,0,5.300000000000001,17.7,936,43.99,265,1.1,0.24,0,0,0
2017,9,24,3,30,0,0,0,5.300000000000001,16.8,936,46.56,255,1.1,0.24,0,0,0
2017,9,24,4,30,0,0,0,5.300000000000001,16,936,49.050000000000004,249,1.2000000000000002,0.24,0,0,0
2017,9,24,5,30,0,0,0,5.5,15.3,936,51.96,246,1.1,0.24,0,0,0
2017,9,24,6,30,0,0,0,5.9,14.9,937,54.980000000000004,243,1.1,0.24,0,0,0
2017,9,24,7,30,237,28,46,6.5,16.400000000000002,937,52.01,241,1.5,0.24,28,237,46
2017,9,24,8,30,588,69,230,7.2,19.5,938,44.77,243,1.9000000000000001,0.24,69,588,230
2017,9,24,9,30,746,90,429,7.2,23.200000000000003,938,35.730000000000004,243,1.7000000000000002,0.24,90,746,429
2017,9,24,10,30,829,104,601,6,26.400000000000002,938,27.18,229,1.7000000000000002,0.24,104,829,601
2017,9,24,11,30,873,112,729,5.9,28.1,938,24.43,216,1.8,0.24,112,873,729
2017,9,24,12,30,896,115,799,5.800000000000001,29.200000000000003,937,22.85,216,1.9000000000000001,0.24,115,896,799
2017,9,24,13,30,912,108,808,5.6000000000000005,30,937,21.43,220,2,0.24,108,912,808
2017,9,24,14,30,897,104,750,5.2,30.3,936,20.51,226,2,0.24,104,897,750
2017,9,24,15,30,863,97,635,4.9,30.1,936,20.35,234,2,0.24,97,863,635
2017,9,24,16,30,786,87,467,4.7,29.5,936,20.77,245,2.1,0.24,87,786,467
2017,9,24,17,30,654,69,271,4.7,28,936,22.56,253,1.8,0.24,69,654,271
2017,9,24,18,30,360,36,77,4.9,25,936,27.3,259,1.3,0.24,36,360,77
2017,9,24,19,30,0,0,0,4.800000000000001,22.400000000000002,936,31.900000000000002,264,1.2000000000000002,0.24,0,0,0
2017,9,24,20,30,0,0,0,4.9,21.3,937,34.160000000000004,268,1.3,0.24,0,0,0
2017,9,24,21,30,0,0,0,4.800000000000001,20.3,937,36.22,271,1.3,0.24,0,0,0
2017,9,24,22,30,0,0,0,4.7,19.400000000000002,937,38.06,272,1.3,0.24,0,0,0
2017,9,24,23,30,0,0,0,4.6000000000000005,18.6,937,39.730000000000004,271,1.3,0.24,0,0,0
2017,9,25,0,30,0,0,0,4.6000000000000005,18.2,937,40.64,271,1.3,0.24,0,0,0
2017,9,25,1,30,0,0,0,4.6000000000000005,17.2,936,43.38,271,1.2000000000000002,0.24,0,0,0
2017,9,25,2,30,0,0,0,4.7,16.6,936,45.230000000000004,273,1.2000000000000002,0.24,0,0,0
2017,9,25,3,30,0,0,0,4.7,16.3,936,46.08,273,1.1,0.24,0,0,0
2017,9,25,4,30,0,0,0,4.6000000000000005,15.9,936,47.03,266,1.1,0.24,0,0,0
2017,9,25,5,30,0,0,0,4.6000000000000005,15.200000000000001,936,49.31,254,1.1,0.24,0,0,0
2017,9,25,6,30,0,0,0,4.9,14.700000000000001,936,52,246,1.1,0.24,0,0,0
2017,9,25,7,30,186,28,42,5.5,16.1,937,49.33,240,1.6,0.24,28,186,42
2017,9,25,8,30,568,71,225,6,19.400000000000002,937,41.5,242,2.3000000000000003,0.24,71,568,225
2017,9,25,9,30,742,92,426,5.1000000000000005,23.3,937,30.72,256,2.9000000000000004,0.24,92,742,426
2017,9,25,10,30,833,103,600,3.3000000000000003,26.5,937,22.32,265,3.7,0.24,103,833,600
2017,9,25,11,30,884,109,729,3.8000000000000003,28.3,937,20.85,264,4.2,0.24,109,884,729
2017,9,25,12,30,908,110,800,4.3,29.400000000000002,936,20.29,264,4.7,0.24,110,908,800
2017,9,25,13,30,935,97,812,4.800000000000001,30.1,936,20.21,266,5.1000000000000005,0.24,97,935,812
2017,9,25,14,30,922,95,755,5.4,30.200000000000003,935,20.86,269,5.4,0.24,95,922,755
2017,9,25,15,30,882,90,636,5.5,29.8,935,21.6,274,5.6000000000000005,0.24,90,882,636
2017,9,25,16,30,810,83,470,5,28.700000000000003,935,22.14,279,5.5,0.24,83,810,470
2017,9,25,17,30,673,67,272,3.7,27,935,22.39,285,4.7,0.24,67,673,272
2017,9,25,18,30,355,36,75,1.9000000000000001,23.700000000000003,935,24.02,293,3.1,0.24,36,355,75
2017,9,25,19,30,0,0,0,0.2,20.5,935,25.68,300,1.9000000000000001,0.24,0,0,0
2017,9,25,20,30,0,0,0,-1.4000000000000001,18.7,936,25.6,304,1.6,0.24,0,0,0
2017,9,25,21,30,0,0,0,-2.3000000000000003,17.400000000000002,936,26.05,304,1.4000000000000001,0.24,0,0,0
2017,9,25,22,30,0,0,0,-2.5,16.5,936,27.18,303,1.3,0.24,0,0,0
2017,9,25,23,30,0,0,0,-2.3000000000000003,15.9,936,28.59,303,1.3,0.24,0,0,0
2017,9,26,0,30,0,0,0,-1.9000000000000001,15.700000000000001,936,29.8,303,1.2000000000000002,0.24,0,0,0
2017,9,26,1,30,0,0,0,-1.5,15.200000000000001,935,31.78,308,1.1,0.24,0,0,0
2017,9,26,2,30,0,0,0,-1,15,935,33.43,317,1,0.24,0,0,0
2017,9,26,3,30,0,0,0,-0.5,14.600000000000001,935,35.59,333,0.8,0.24,0,0,0
2017,9,26,4,30,0,0,0,0,14,935,38.43,177,0.8,0.24,0,0,0
2017,9,26,5,30,0,0,0,0.6000000000000001,13,935,42.63,27,0.9,0.24,0,0,0
2017,9,26,6,30,0,0,0,1,12.4,935,45.67,55,1,0.24,0,0,0
2017,9,26,7,30,308,24,47,1.2000000000000002,14,935,41.800000000000004,75,1.4000000000000001,0.24,24,308,47
2017,9,26,8,30,674,57,237,1.3,17.5,936,33.53,80,1.7000000000000002,0.24,57,674,237
2017,9,26,9,30,823,74,441,1.6,21.5,936,26.82,218,1.4000000000000001,0.24,74,823,441
2017,9,26,10,30,898,84,617,1.3,24.700000000000003,936,21.59,347,1.3,0.24,84,898,617
2017,9,26,11,30,934,91,743,0.5,26.5,935,18.3,326,1.2000000000000002,0.24,91,934,743
2017,9,26,12,30,952,94,813,-0.1,27.700000000000003,935,16.4,307,1.3,0.24,94,952,813
2017,9,26,13,30,958,92,819,-0.5,28.6,934,15.120000000000001,296,1.7000000000000002,0.24,92,958,819
2017,9,26,14,30,942,90,760,-0.7000000000000001,29,934,14.52,295,2.1,0.24,90,942,760
2017,9,26,15,30,906,85,640,-0.8,28.900000000000002,933,14.49,301,2.4000000000000004,0.24,85,906,640
2017,9,26,16,30,827,77,468,-0.7000000000000001,28.1,933,15.3,309,2.5,0.24,77,827,468
2017,9,26,17,30,693,61,268,-0.4,26.3,934,17.38,319,1.9000000000000001,0.24,61,693,268
2017,9,26,18,30,380,32,71,0.30000000000000004,22.900000000000002,934,22.43,333,1.2000000000000002,0.24,32,380,71
2017,9,26,19,30,0,0,0,0.9,20.1,935,27.68,171,1.1,0.24,0,0,0
2017,9,26,20,30,0,0,0,1.3,19,935,30.62,11,1.1,0.24,0,0,0
2017,9,26,21,30,0,0,0,1.8,18,936,33.69,31,1,0.24,0,0,0
2017,9,26,22,30,0,0,0,2.2,17.1,936,36.7,52,1.1,0.24,0,0,0
2017,9,26,23,30,0,0,0,2.8000000000000003,16.3,936,40.37,77,1.2000000000000002,0.24,0,0,0
2017,9,27,0,30,0,0,0,3.8000000000000003,15.9,936,44.53,91,1.2000000000000002,0.24,0,0,0
2017,9,27,1,30,0,0,0,5.1000000000000005,14.9,936,52.01,130,1.5,0.24,0,0,0
2017,9,27,2,30,0,0,0,6.5,14.3,936,59.58,155,1.6,0.24,0,0,0
2017,9,27,3,30,0,0,0,7.5,13.8,936,65.95,176,1.7000000000000002,0.24,0,0,0
2017,9,27,4,30,0,0,0,8,13.3,936,70.22,192,1.6,0.24,0,0,0
2017,9,27,5,30,0,0,0,8,12.9,936,72.09,202,1.5,0.24,0,0,0
2017,9,27,6,30,0,0,0,7.7,12.9,936,70.76,208,1.3,0.24,0,0,0
2017,9,27,7,30,12,23,24,7.4,14.600000000000001,937,61.79,209,1.7000000000000002,0.24,25,238,41
2017,9,27,8,30,0,12,12,7,17.6,937,49.83,217,2.2,0.24,64,617,227
2017,9,27,9,30,351,167,322,5,20.6,938,36.03,227,2.4000000000000004,0.24,85,773,427
2017,9,27,10,30,348,245,450,2.9000000000000004,23,938,26.85,228,2.6,0.24,100,846,599
2017,9,27,11,30,385,294,561,2.4000000000000004,24.3,938,23.88,228,2.6,0.24,111,885,726
2017,9,27,12,30,452,296,636,2.3000000000000003,25.1,937,22.740000000000002,230,2.7,0.24,117,898,792
2017,9,27,13,30,489,286,655,2.6,25.3,937,22.8,233,2.6,0.24,123,890,794
2017,9,27,14,30,188,341,474,2.9000000000000004,25,937,23.78,236,2.4000000000000004,0.24,120,865,731
2017,9,27,15,30,38,246,269,3.3000000000000003,24.5,936,25.29,241,2.2,0.24,115,818,613
2017,9,27,16,30,50,189,213,3.9000000000000004,23.700000000000003,936,27.63,245,1.8,0.24,102,731,444
2017,9,27,17,30,166,114,163,4.5,22.200000000000003,937,31.57,252,1.2000000000000002,0.24,79,571,247
2017,9,27,18,30,61,34,40,5.5,20.400000000000002,937,37.61,266,0.9,0.24,37,227,60
2017,9,27,19,30,0,0,0,6.4,19.400000000000002,937,42.79,286,0.9,0.24,0,0,0
2017,9,27,20,30,0,0,0,7.4,18.8,938,47.47,310,0.9,0.24,0,0,0
2017,9,27,21,30,0,0,0,8.200000000000001,18.3,938,51.81,332,0.9,0.24,0,0,0
2017,9,27,22,30,0,0,0,8.9,17.8,938,55.85,349,0.9,0.24,0,0,0
2017,9,27,23,30,0,0,0,9.3,17.5,938,58.58,187,0.9,0.24,0,0,0
2017,9,28,0,30,0,0,0,9.5,17.400000000000002,938,59.69,17,0.9,0.24,0,0,0
2017,9,28,1,30,0,0,0,9.5,17.1,938,60.74,55,0.8,0.24,0,0,0
2017,9,28,2,30,0,0,0,9.3,16.6,938,62.04,70,0.8,0.24,0,0,0
2017,9,28,3,30,0,0,0,9.1,16.1,938,63.36,74,0.9,0.24,0,0,0
2017,9,28,4,30,0,0,0,9.1,15.5,938,65.75,72,1,0.24,0,0,0
2017,9,28,5,30,0,0,0,9.3,15,938,68.61,71,1,0.24,0,0,0
2017,9,28,6,30,0,0,0,9.600000000000001,14.600000000000001,938,71.75,73,1,0.24,0,0,0
2017,9,28,7,30,118,27,35,10,15.8,939,68.22,78,1.4000000000000001,0.24,27,118,35
2017,9,28,8,30,497,79,209,10.4,18.7,939,58.550000000000004,81,2.1,0.24,79,497,209
2017,9,28,9,30,673,106,402,9.1,21.8,940,44.37,80,2.2,0.24,106,673,402
2017,9,28,10,30,764,124,572,7,24.5,940,32.69,75,2.2,0.24,124,764,572
2017,9,28,11,30,809,135,694,6.2,26.400000000000002,939,27.54,66,2,0.24,135,809,694
2017,9,28,12,30,828,141,760,5.9,27.700000000000003,939,25.09,59,1.8,0.24,141,828,760
2017,9,28,13,30,862,123,770,5.9,28.5,938,23.81,54,1.7000000000000002,0.24,123,862,770
2017,9,28,14,30,841,121,711,5.9,28.700000000000003,938,23.580000000000002,50,1.6,0.24,121,841,711
2017,9,28,15,30,238,273,417,6,28.6,937,23.87,50,1.5,0.24,112,795,592
2017,9,28,16,30,108,199,249,6,28,937,24.8,52,1.5,0.24,141,576,407
2017,9,28,17,30,4,98,99,6.1000000000000005,26.6,937,27.080000000000002,55,1.2000000000000002,0.24,104,402,219
2017,9,28,18,30,0,21,21,6.4,24.5,937,31.35,53,0.9,0.24,38,92,47
2017,9,28,19,30,0,0,0,6.7,22.8,938,35.480000000000004,56,1,0.24,0,0,0
2017,9,28,20,30,0,0,0,7.300000000000001,21.8,938,39.19,87,1.1,0.24,0,0,0
2017,9,28,21,30,0,0,0,8,20.6,938,44.25,132,1.3,0.24,0,0,0
2017,9,28,22,30,0,0,0,8.700000000000001,19.5,939,49.71,163,1.4000000000000001,0.24,0,0,0
2017,9,28,23,30,0,0,0,9.3,18.5,939,54.86,181,1.5,0.24,0,0,0
2017,9,29,0,30,0,0,0,9.600000000000001,18.1,939,57.56,188,1.5,0.24,0,0,0
2017,9,29,1,30,0,0,0,9.8,17,938,62.45,206,1.4000000000000001,0.24,0,0,0
2017,9,29,2,30,0,0,0,9.9,16.3,938,65.78,215,1.2000000000000002,0.24,0,0,0
2017,9,29,3,30,0,0,0,10,15.700000000000001,938,68.71000000000001,221,1.2000000000000002,0.24,0,0,0
2017,9,29,4,30,0,0,0,10,15.100000000000001,938,71.61,223,1.1,0.24,0,0,0
2017,9,29,5,30,0,0,0,10,14.600000000000001,938,74.13,221,1.1,0.24,0,0,0
2017,9,29,6,30,0,0,0,10.100000000000001,14.4,938,75.33,218,1.1,0.24,0,0,0
2017,9,29,7,30,105,25,32,10.200000000000001,15.8,938,69.13,217,1.5,0.24,25,105,32
2017,9,29,8,30,481,78,202,10.200000000000001,19,939,56.59,224,1.7000000000000002,0.24,78,481,202
2017,9,29,9,30,665,105,395,9.700000000000001,22.5,939,44.17,190,1.1,0.24,105,665,395
2017,9,29,10,30,761,121,564,9.600000000000001,25.3,939,37.19,128,1.1,0.24,121,761,564
2017,9,29,11,30,815,129,689,9.600000000000001,27.1,939,33.39,102,1.5,0.24,129,815,689
2017,9,29,12,30,843,131,757,9.3,28.400000000000002,938,30.38,95,1.6,0.24,131,843,757
2017,9,29,13,30,884,111,770,8.9,29.3,937,27.92,90,1.6,0.24,111,884,770
2017,9,29,14,30,870,106,712,8.3,29.700000000000003,936,26.26,83,1.5,0.24,106,870,712
2017,9,29,15,30,170,277,378,7.800000000000001,29.6,936,25.52,66,1.5,0.24,98,834,597
2017,9,29,16,30,759,85,432,7.4,29,935,25.66,44,1.4000000000000001,0.24,85,759,432
2017,9,29,17,30,611,67,239,7.1000000000000005,27.6,936,27.26,26,1.2000000000000002,0.24,67,611,239
2017,9,29,18,30,276,30,55,6.9,25.200000000000003,936,31.14,14,0.9,0.24,30,276,55
2017,9,29,19,30,0,0,0,6.800000000000001,23.3,936,34.59,11,0.9,0.24,0,0,0
2017,9,29,20,30,0,0,0,6.7,22.3,937,36.6,26,0.9,0.24,0,0,0
2017,9,29,21,30,0,0,0,6.7,21.3,937,38.800000000000004,74,0.9,0.24,0,0,0
2017,9,29,22,30,0,0,0,6.7,20.200000000000003,937,41.57,137,1,0.24,0,0,0
2017,9,29,23,30,0,0,0,6.800000000000001,19.1,937,44.84,177,1.1,0.24,0,0,0
2017,9,30,0,30,0,0,0,7,18.6,937,46.88,191,1.1,0.24,0,0,0
2017,9,30,1,30,0,0,0,7.300000000000001,17.3,936,51.79,218,1.3,0.24,0,0,0
2017,9,30,2,30,0,0,0,7.7,16.7,936,55.2,224,1.4000000000000001,0.24,0,0,0
2017,9,30,3,30,0,0,0,8.200000000000001,16,936,59.76,227,1.4000000000000001,0.24,0,0,0
2017,9,30,4,30,0,0,0,8.9,15.4,936,65.12,229,1.4000000000000001,0.24,0,0,0
2017,9,30,5,30,0,0,0,9.8,14.700000000000001,936,72.24,227,1.3,0.24,0,0,0
2017,9,30,6,30,0,0,0,10.700000000000001,14.4,936,78.54,222,1.3,0.24,0,0,0
2017,9,30,7,30,167,23,33,11.600000000000001,15.4,937,78.3,219,2.1,0.24,23,167,33
2017,9,30,8,30,285,89,161,12.3,17.1,937,73.29,216,2.7,0.24,68,542,206
2017,9,30,9,30,208,182,271,12.5,19,937,65.91,217,2.6,0.24,92,706,397
2017,9,30,10,30,129,265,339,12.100000000000001,21.400000000000002,937,55.410000000000004,225,2.5,0.24,122,754,558
2017,9,30,11,30,295,311,513,10.8,23.900000000000002,937,43.58,239,2.5,0.24,132,802,680
2017,9,30,12,30,244,355,535,9.3,25.3,936,36.42,253,2.6,0.24,137,825,746
2017,9,30,13,30,422,305,618,8.9,26.400000000000002,936,33.05,264,2.8000000000000003,0.24,138,821,746
2017,9,30,14,30,277,320,512,8.6,27.5,935,30.41,273,3,0.24,132,804,688
2017,9,30,15,30,275,262,425,8.3,27.900000000000002,935,29.21,277,3,0.24,121,760,572
2017,9,30,16,30,447,153,355,8.1,27.5,934,29.43,274,3.1,0.24,104,675,409
2017,9,30,17,30,276,99,175,8,26.1,934,31.77,271,2.5,0.24,80,509,221
2017,9,30,18,30,115,28,38,8,23.700000000000003,935,36.730000000000004,271,1.7000000000000002,0.24,32,152,45
2017,9,30,19,30,0,0,0,8.200000000000001,22.200000000000003,935,40.53,271,1.5,0.24,0,0,0
2017,9,30,20,30,0,0,0,8.4,21.400000000000002,935,43.14,273,1.7000000000000002,0.24,0,0,0
2017,9,30,21,30,0,0,0,8.6,20.400000000000002,935,46.53,270,1.6,0.24,0,0,0
2017,9,30,22,30,0,0,0,8.700000000000001,19.5,935,49.57,260,1.3,0.24,0,0,0
2017,9,30,23,30,0,0,0,8.700000000000001,19.1,935,50.89,253,1.1,0.24,0,0,0
2017,10,1,0,30,0,0,0,8.700000000000001,19,935,51.29,252,1,0.24,0,0,0
2017,10,1,1,30,0,0,0,8.700000000000001,19,935,51.38,254,0.9,0.24,0,0,0
2017,10,1,2,30,0,0,0,8.8,19,935,51.46,265,0.8,0.24,0,0,0
2017,10,1,3,30,0,0,0,8.700000000000001,18.900000000000002,935,51.660000000000004,280,0.8,0.24,0,0,0
2017,10,1,4,30,0,0,0,8.700000000000001,18.5,935,52.69,301,0.7000000000000001,0.24,0,0,0
2017,10,1,5,30,0,0,0,8.6,18,935,54.18,332,0.7000000000000001,0.24,0,0,0
2017,10,1,6,30,0,0,0,8.6,17.400000000000002,935,56.31,182,0.8,0.24,0,0,0
2017,10,1,7,30,0,17,17,8.8,17.8,936,55.59,21,1.3,0.24,22,125,29
2017,10,1,8,30,0,49,49,9.1,19.700000000000003,936,50.230000000000004,26,1.7000000000000002,0.24,68,515,197
2017,10,1,9,30,0,93,93,8.700000000000001,22.1,937,42.37,22,2,0.24,92,689,388
2017,10,1,10,30,250,256,399,8.1,24.5,937,35.24,17,2.4000000000000004,0.24,108,774,552
2017,10,1,11,30,280,312,502,7.800000000000001,26.700000000000003,937,30.23,11,2.8000000000000003,0.24,114,827,676
2017,10,1,12,30,292,343,557,7.7,28.1,937,27.75,7,3.1,0.24,115,856,743
2017,10,1,13,30,333,335,580,7.9,28.8,936,26.85,8,3.5,0.24,121,845,744
2017,10,1,14,30,296,314,517,8,29,936,26.830000000000002,13,3.9000000000000004,0.24,117,827,685
2017,10,1,15,30,214,268,394,8.200000000000001,28.6,936,27.740000000000002,19,4.2,0.24,110,782,569
2017,10,1,16,30,446,151,350,8.3,27.700000000000003,936,29.42,24,4.4,0.24,95,699,407
2017,10,1,17,30,340,90,183,8.3,26.3,936,32.07,29,4,0.24,71,547,220
2017,10,1,18,30,111,27,35,8.4,24,937,36.94,34,2.9000000000000004,0.24,28,206,45
2017,10,1,19,30,0,0,0,8.5,22.3,937,41.22,40,2.2,0.24,0,0,0
2017,10,1,20,30,0,0,0,8.700000000000001,21.6,938,43.5,47,2.2,0.24,0,0,0
2017,10,1,21,30,0,0,0,8.8,20.6,938,46.85,52,1.9000000000000001,0.24,0,0,0
2017,10,1,22,30,0,0,0,9.1,19.5,938,50.96,57,1.6,0.24,0,0,0
2017,10,1,23,30,0,0,0,9.4,18.5,938,55.28,62,1.5,0.24,0,0,0
2017,10,2,0,30,0,0,0,9.700000000000001,18.1,938,57.89,65,1.4000000000000001,0.24,0,0,0
2017,10,2,1,30,0,0,0,10,17,938,63.36,71,1.3,0.24,0,0,0
2017,10,2,2,30,0,0,0,10.3,16.400000000000002,938,67.21000000000001,74,1.2000000000000002,0.24,0,0,0
2017,10,2,3,30,0,0,0,10.600000000000001,15.9,938,70.8,75,1.1,0.24,0,0,0
2017,10,2,4,30,0,0,0,10.9,15.5,938,73.86,75,1,0.24,0,0,0
2017,10,2,5,30,0,0,0,11.100000000000001,15.200000000000001,938,76.29,74,1,0.24,0,0,0
2017,10,2,6,30,0,0,0,11.200000000000001,15,938,78.15,73,1.1,0.24,0,0,0
2017,10,2,7,30,235,19,32,11.4,16.6,939,71.34,73,1.7000000000000002,0.24,19,235,32
2017,10,2,8,30,626,51,207,11.5,19.900000000000002,939,58.46,70,2.4000000000000004,0.24,51,626,207
2017,10,2,9,30,784,67,401,11.200000000000001,23.1,939,46.97,64,2.8000000000000003,0.24,67,784,401
2017,10,2,10,30,859,77,568,10.700000000000001,25.3,939,39.96,58,3.2,0.24,77,859,568
2017,10,2,11,30,901,84,691,10.200000000000001,26.8,939,35.230000000000004,53,3.4000000000000004,0.24,84,901,691
2017,10,2,12,30,919,87,757,9.600000000000001,28.1,939,31.400000000000002,49,3.5,0.24,87,919,757
2017,10,2,13,30,930,81,762,9.1,29,938,28.8,47,3.6,0.24,81,930,762
2017,10,2,14,30,914,79,703,8.700000000000001,29.400000000000002,937,27.46,45,3.6,0.24,79,914,703
2017,10,2,15,30,875,75,585,8.5,29.400000000000002,937,27.080000000000002,44,3.6,0.24,75,875,585
2017,10,2,16,30,803,66,420,8.4,28.8,937,27.84,44,3.4000000000000004,0.24,66,803,420
2017,10,2,17,30,664,51,228,8.4,27.3,937,30.37,45,2.7,0.24,51,664,228
2017,10,2,18,30,318,22,45,8.4,24.5,937,35.99,47,1.6,0.24,22,318,45
2017,10,2,19,30,0,0,0,8.6,22.3,938,41.44,53,1.2000000000000002,0.24,0,0,0
2017,10,2,20,30,0,0,0,8.700000000000001,21.400000000000002,938,44.230000000000004,67,1.2000000000000002,0.24,0,0,0
2017,10,2,21,30,0,0,0,9,20.6,938,47.27,86,1.2000000000000002,0.24,0,0,0
2017,10,2,22,30,0,0,0,9.4,19.700000000000003,938,51.38,106,1.3,0.24,0,0,0
2017,10,2,23,30,0,0,0,10,18.900000000000002,938,56.1,123,1.3,0.24,0,0,0
2017,10,3,0,30,0,0,0,10.600000000000001,18.5,938,59.980000000000004,130,1.2000000000000002,0.24,0,0,0
2017,10,3,1,30,0,0,0,11.100000000000001,17.400000000000002,938,66.68,139,1.1,0.24,0,0,0
2017,10,3,2,30,0,0,0,11.600000000000001,16.7,938,71.77,141,1.1,0.24,0,0,0
2017,10,3,3,30,0,0,0,11.9,16.2,938,75.61,141,1,0.24,0,0,0
2017,10,3,4,30,0,0,0,12.100000000000001,15.600000000000001,938,79.54,140,1,0.24,0,0,0
2017,10,3,5,30,0,0,0,12.200000000000001,15.100000000000001,938,82.71000000000001,138,1,0.24,0,0,0
2017,10,3,6,30,0,0,0,12.200000000000001,14.9,938,83.94,137,1,0.24,0,0,0
2017,10,3,7,30,229,18,30,12.200000000000001,16.2,938,77.10000000000001,140,1.6,0.24,18,229,30
2017,10,3,8,30,626,52,206,12.100000000000001,19.400000000000002,938,62.82,146,2,0.24,52,626,206
2017,10,3,9,30,783,69,399,11.5,23,939,48.43,142,1.4000000000000001,0.24,69,783,399
2017,10,3,10,30,863,80,569,10.8,25.8,939,38.980000000000004,119,0.9,0.24,80,863,569
2017,10,3,11,30,903,87,692,10.5,27.8,938,34.07,95,0.8,0.24,87,903,692
2017,10,3,12,30,922,90,758,10.200000000000001,29.3,937,30.45,72,0.9,0.24,90,922,758
2017,10,3,13,30,934,85,765,9.700000000000001,30.3,937,27.830000000000002,40,1.1,0.24,85,934,765
2017,10,3,14,30,920,82,705,9.1,30.900000000000002,936,25.84,13,1.3,0.24,82,920,705
2017,10,3,15,30,884,76,586,8.5,30.900000000000002,935,24.85,179,1.6,0.24,76,884,586
2017,10,3,16,30,795,70,417,8,30.3,935,24.900000000000002,354,1.8,0.24,70,795,417
2017,10,3,17,30,647,54,223,7.800000000000001,28.6,935,26.96,356,1.5,0.24,54,647,223
2017,10,3,18,30,279,22,41,7.7,26,935,31.26,187,1,0.24,22,279,41
2017,10,3,19,30,0,0,0,7.7,24.200000000000003,936,34.72,26,0.9,0.24,0,0,0
2017,10,3,20,30,0,0,0,7.7,23.200000000000003,936,36.89,55,0.9,0.24,0,0,0
2017,10,3,21,30,0,0,0,7.7,22.200000000000003,937,39.31,89,1,0.24,0,0,0
2017,10,3,22,30,0,0,0,7.800000000000001,21.3,937,41.75,124,1,0.24,0,0,0
2017,10,3,23,30,0,0,0,7.9,20.700000000000003,937,43.75,154,1.1,0.24,0,0,0
2017,10,4,0,30,0,0,0,8.200000000000001,20.400000000000002,937,45.31,167,1.1,0.24,0,0,0
2017,10,4,1,30,0,0,0,8.6,19.700000000000003,937,48.59,191,1.2000000000000002,0.24,0,0,0
2017,10,4,2,30,0,0,0,9.1,19.200000000000003,937,52.120000000000005,200,1.3,0.24,0,0,0
2017,10,4,3,30,0,0,0,9.9,18.6,937,56.77,207,1.4000000000000001,0.24,0,0,0
2017,10,4,4,30,0,0,0,10.600000000000001,18,937,62,209,1.5,0.24,0,0,0
2017,10,4,5,30,0,0,0,11.3,17.3,937,67.78,204,1.4000000000000001,0.24,0,0,0
2017,10,4,6,30,0,0,0,11.8,16.5,938,73.87,196,1.3,0.24,0,0,0
2017,10,4,7,30,171,18,27,12.200000000000001,17.3,938,71.92,189,1.9000000000000001,0.24,18,171,27
2017,10,4,8,30,115,93,121,12.5,20,939,62.01,187,2.5,0.24,58,583,199
2017,10,4,9,30,216,174,264,12.100000000000001,23.3,939,49.47,182,2.3000000000000003,0.24,77,754,392
2017,10,4,10,30,278,245,401,11.200000000000001,26.1,939,39.25,174,1.8,0.24,88,839,561
2017,10,4,11,30,316,297,508,10.5,28.200000000000003,939,33.15,166,1.2000000000000002,0.24,95,883,684
2017,10,4,12,30,336,325,567,10.100000000000001,29.6,938,29.82,116,0.8,0.24,100,901,749
2017,10,4,13,30,336,326,569,9.700000000000001,30.3,938,27.93,41,0.9,0.24,100,902,752
2017,10,4,14,30,319,300,515,9.3,30.700000000000003,937,26.5,14,1.2000000000000002,0.24,99,879,690
2017,10,4,15,30,257,254,401,8.9,30.5,937,26.12,20,1.6,0.24,93,834,571
2017,10,4,16,30,342,163,310,8.6,29.8,937,26.61,30,1.8,0.24,83,749,405
2017,10,4,17,30,316,86,167,8.4,28.400000000000002,937,28.560000000000002,42,1.6,0.24,63,585,213
2017,10,4,18,30,214,23,37,8.5,26.200000000000003,937,32.6,67,1.4000000000000001,0.24,23,214,37
2017,10,4,19,30,0,0,0,8.700000000000001,24.5,938,36.7,97,1.9000000000000001,0.24,0,0,0
2017,10,4,20,30,0,0,0,9.3,23.200000000000003,938,41.14,119,2.6,0.24,0,0,0
2017,10,4,21,30,0,0,0,10,21.700000000000003,939,47.29,133,3,0.24,0,0,0
2017,10,4,22,30,0,0,0,10.700000000000001,20.3,939,54.21,142,3,0.24,0,0,0
2017,10,4,23,30,0,0,0,11.4,19.200000000000003,939,60.660000000000004,147,2.7,0.24,0,0,0
2017,10,5,0,30,0,0,0,11.9,18.7,939,64.59,149,2.4000000000000004,0.24,0,0,0
2017,10,5,1,30,0,0,0,12.200000000000001,17.3,939,71.95,154,1.7000000000000002,0.24,0,0,0
2017,10,5,2,30,0,0,0,12.4,16.6,939,76.2,155,1.4000000000000001,0.24,0,0,0
2017,10,5,3,30,0,0,0,12.5,16,939,79.86,156,1.2000000000000002,0.24,0,0,0
2017,10,5,4,30,0,0,0,12.600000000000001,15.3,939,83.97,155,1.2000000000000002,0.24,0,0,0
2017,10,5,5,30,0,0,0,12.600000000000001,14.8,939,86.77,152,1.1,0.24,0,0,0
2017,10,5,6,30,0,0,0,12.600000000000001,14.3,939,89.24,147,1.1,0.24,0,0,0
2017,10,5,7,30,223,17,27,12.4,15.5,939,81.86,140,1.6,0.24,17,223,27
2017,10,5,8,30,636,52,204,12.200000000000001,18.5,939,66.72,132,1.9000000000000001,0.24,52,636,204
2017,10,5,9,30,798,69,400,11.700000000000001,22.400000000000002,940,50.65,114,1.5,0.24,69,798,400
2017,10,5,10,30,878,79,570,9.600000000000001,25.8,939,35.95,94,1.4000000000000001,0.24,79,878,570
2017,10,5,11,30,920,85,694,8.200000000000001,27.8,939,29.19,84,1.5,0.24,85,920,694
2017,10,5,12,30,940,87,760,7.300000000000001,29.200000000000003,938,25.21,78,1.6,0.24,87,940,760
2017,10,5,13,30,936,89,761,6.4,30.1,937,22.59,68,1.7000000000000002,0.24,89,936,761
2017,10,5,14,30,921,85,700,5.7,30.6,937,20.93,57,1.9000000000000001,0.24,85,921,700
2017,10,5,15,30,885,78,580,5.300000000000001,30.6,936,20.23,47,2.1,0.24,78,885,580
2017,10,5,16,30,806,70,413,4.9,30,936,20.41,41,2.2,0.24,70,806,413
2017,10,5,17,30,657,53,217,4.6000000000000005,28,936,22.52,37,1.7000000000000002,0.24,53,657,217
2017,10,5,18,30,274,20,36,4.800000000000001,25.200000000000003,936,26.78,35,1.1,0.24,20,274,36
2017,10,5,19,30,0,0,0,4.7,23.6,936,29.37,36,1,0.24,0,0,0
2017,10,5,20,30,0,0,0,4.7,23.1,937,30.35,38,0.8,0.24,0,0,0
2017,10,5,21,30,0,0,0,4.800000000000001,22.8,937,30.96,32,0.7000000000000001,0.24,0,0,0
2017,10,5,22,30,0,0,0,4.800000000000001,22.200000000000003,937,32.230000000000004,143,0.7000000000000001,0.24,0,0,0
2017,10,5,23,30,0,0,0,4.9,21.3,937,34.28,259,0.8,0.24,0,0,0
2017,10,6,0,30,0,0,0,5,20.8,936,35.63,256,0.9,0.24,0,0,0
2017,10,6,1,30,0,0,0,5.2,19,936,40.29,262,1.1,0.24,0,0,0
2017,10,6,2,30,0,0,0,5.4,18.1,936,43.27,267,1.1,0.24,0,0,0
2017,10,6,3,30,0,0,0,5.7,17.400000000000002,936,46,269,1,0.24,0,0,0
2017,10,6,4,30,0,0,0,5.9,16.7,936,48.9,269,1,0.24,0,0,0
2017,10,6,5,30,0,0,0,6.2,15.8,936,52.82,268,0.9,0.24,0,0,0
2017,10,6,6,30,0,0,0,6.6000000000000005,15,936,57.24,271,0.9,0.24,0,0,0
2017,10,6,7,30,199,16,24,7.2,15.700000000000001,936,56.870000000000005,282,1,0.24,16,199,24
2017,10,6,8,30,620,53,198,7.7,18.1,936,50.74,306,1.2000000000000002,0.24,53,620,198
2017,10,6,9,30,792,71,396,8,21.5,937,41.92,334,1.4000000000000001,0.24,71,792,396
2017,10,6,10,30,878,80,567,7.6000000000000005,25.400000000000002,937,32.24,353,2,0.24,80,878,567
2017,10,6,11,30,927,85,695,6,28.5,936,24.060000000000002,181,3,0.24,85,927,695
2017,10,6,12,30,954,85,764,3.8000000000000003,30.3,936,18.580000000000002,3,3.7,0.24,85,954,764
2017,10,6,13,30,963,83,770,1.5,31.1,935,15.06,4,4.1000000000000005,0.24,83,963,770
2017,10,6,14,30,956,78,712,-0.8,31.3,934,12.66,5,4.3,0.24,78,956,712
2017,10,6,15,30,924,71,590,-2.6,31,934,11.27,6,4.3,0.24,71,924,590
2017,10,6,16,30,861,61,423,-3.9000000000000004,30,934,10.83,8,4.2,0.24,61,861,423
2017,10,6,17,30,719,46,223,-4.6000000000000005,27.400000000000002,934,11.93,10,3.1,0.24,46,719,223
2017,10,6,18,30,328,18,35,-4.5,23.5,934,15.19,15,2,0.24,18,328,35
2017,10,6,19,30,0,0,0,-4.2,20.900000000000002,935,18.17,22,2,0.24,0,0,0
2017,10,6,20,30,0,0,0,-3.5,19.900000000000002,935,20.43,31,2.3000000000000003,0.24,0,0,0
2017,10,6,21,30,0,0,0,-1.9000000000000001,19.1,935,24.12,42,2.7,0.24,0,0,0
2017,10,6,22,30,0,0,0,0.30000000000000004,18.3,936,29.830000000000002,52,3.2,0.24,0,0,0
2017,10,6,23,30,0,0,0,2.6,17.5,936,36.980000000000004,59,3.5,0.24,0,0,0
2017,10,7,0,30,0,0,0,4.5,17.1,936,43.24,62,3.6,0.24,0,0,0
2017,10,7,1,30,0,0,0,6,15.9,936,51.65,61,3.5,0.24,0,0,0
2017,10,7,2,30,0,0,0,7.300000000000001,15.200000000000001,936,59.120000000000005,59,3.3000000000000003,0.24,0,0,0
2017,10,7,3,30,0,0,0,8.4,14.5,935,67,57,3,0.24,0,0,0
2017,10,7,4,30,0,0,0,9.4,13.700000000000001,935,75.15,56,2.7,0.24,0,0,0
2017,10,7,5,30,0,0,0,10,13.100000000000001,936,81.38,56,2.5,0.24,0,0,0
2017,10,7,6,30,0,0,0,10.3,12.5,936,86.52,58,2.3000000000000003,0.24,0,0,0
2017,10,7,7,30,232,16,25,10.5,13.4,936,82.67,62,2.9000000000000004,0.24,16,232,25
2017,10,7,8,30,663,49,203,10.700000000000001,16.2,936,69.67,69,3.3000000000000003,0.24,49,663,203
2017,10,7,9,30,830,65,403,10.600000000000001,20.1,936,54.19,79,3,0.24,65,830,403
2017,10,7,10,30,908,75,576,8.9,24,936,38.230000000000004,76,2.5,0.24,75,908,576
2017,10,7,11,30,949,80,700,5,26.6,936,25.02,56,2,0.24,80,949,700
2017,10,7,12,30,962,83,763,2.8000000000000003,28.1,935,19.63,29,1.7000000000000002,0.24,83,962,763
2017,10,7,13,30,961,84,764,1.4000000000000001,29,935,16.85,183,1.6,0.24,84,961,764
2017,10,7,14,30,944,81,702,0.4,29.400000000000002,934,15.370000000000001,349,1.7000000000000002,0.24,81,944,702
2017,10,7,15,30,906,75,580,-0.2,29.200000000000003,934,14.85,345,1.9000000000000001,0.24,75,906,580
2017,10,7,16,30,806,72,406,-0.6000000000000001,28.5,934,15.05,346,2,0.24,72,806,406
2017,10,7,17,30,641,53,207,-0.6000000000000001,26.200000000000003,934,17.2,349,1.6,0.24,53,641,207
2017,10,7,18,30,218,18,29,0.4,22.8,934,22.650000000000002,179,1.4000000000000001,0.24,18,218,29
2017,10,7,19,30,0,0,0,1.8,20.5,935,28.88,15,1.8,0.24,0,0,0
2017,10,7,20,30,0,0,0,4.2,19.400000000000002,935,36.6,43,2.2,0.24,0,0,0
2017,10,7,21,30,0,0,0,6.800000000000001,18.400000000000002,935,46.72,92,2.5,0.24,0,0,0
2017,10,7,22,30,0,0,0,8.9,17.5,936,57.2,149,2.5,0.24,0,0,0
2017,10,7,23,30,0,0,0,10.200000000000001,16.6,936,65.95,191,2.3000000000000003,0.24,0,0,0
2017,10,8,0,30,0,0,0,10.700000000000001,16.1,936,70.48,206,2.2,0.24,0,0,0
2017,10,8,1,30,0,0,0,10.8,14.9,936,76.71000000000001,213,1.8,0.24,0,0,0
2017,10,8,2,30,0,0,0,10.9,14.3,936,79.84,215,1.6,0.24,0,0,0
2017,10,8,3,30,0,0,0,10.9,13.700000000000001,936,83.22,219,1.4000000000000001,0.24,0,0,0
2017,10,8,4,30,0,0,0,11,13.200000000000001,936,86.24,220,1.3,0.24,0,0,0
2017,10,8,5,30,0,0,0,11.100000000000001,12.8,936,89.43,219,1.2000000000000002,0.24,0,0,0
2017,10,8,6,30,0,0,0,11.4,12.600000000000001,936,92.19,215,1,0.24,0,0,0
2017,10,8,7,30,127,16,21,11.600000000000001,13.9,936,86,216,1.4000000000000001,0.24,16,127,21
2017,10,8,8,30,561,60,188,12,16.6,937,74.03,233,1.8,0.24,60,561,188
2017,10,8,9,30,748,82,384,12.200000000000001,19.6,937,62.13,253,1.7000000000000002,0.24,82,748,384
2017,10,8,10,30,837,93,551,11.100000000000001,22.400000000000002,937,48.7,262,1.5,0.24,93,837,551
2017,10,8,11,30,887,99,675,9.5,24.8,937,37.87,269,1.4000000000000001,0.24,99,887,675
2017,10,8,12,30,914,101,743,7.4,26.6,936,29.650000000000002,273,1.5,0.24,101,914,743
2017,10,8,13,30,935,91,749,5.5,27.900000000000002,936,24.09,278,1.7000000000000002,0.24,91,935,749
2017,10,8,14,30,920,86,686,4,28.400000000000002,935,21.080000000000002,283,1.8,0.24,86,920,686
2017,10,8,15,30,881,79,566,2.9000000000000004,28.5,935,19.34,289,1.9000000000000001,0.24,79,881,566
2017,10,8,16,30,812,67,400,2,27.8,934,18.900000000000002,294,1.8,0.24,67,812,400
2017,10,8,17,30,657,49,204,1.4000000000000001,25.900000000000002,935,20.28,299,1.3,0.24,49,657,204
2017,10,8,18,30,246,16,27,1.4000000000000001,23.400000000000002,935,23.57,304,0.9,0.24,16,246,27
2017,10,8,19,30,0,0,0,1.1,21.900000000000002,935,25.16,310,0.8,0.24,0,0,0
2017,10,8,20,30,0,0,0,1.1,21.1,936,26.48,322,0.8,0.24,0,0,0
2017,10,8,21,30,0,0,0,1.2000000000000002,20.5,936,27.68,338,0.7000000000000001,0.24,0,0,0
2017,10,8,22,30,0,0,0,1.3,19.900000000000002,936,28.990000000000002,180,0.7000000000000001,0.24,0,0,0
2017,10,8,23,30,0,0,0,1.5,19.200000000000003,936,30.55,26,0.7000000000000001,0.24,0,0,0
2017,10,9,0,30,0,0,0,1.6,18.8,936,31.66,41,0.7000000000000001,0.24,0,0,0
2017,10,9,1,30,0,0,0,1.8,17.6,936,34.58,77,0.8,0.24,0,0,0
2017,10,9,2,30,0,0,0,2,16.900000000000002,935,36.67,89,0.9,0.24,0,0,0
2017,10,9,3,30,0,0,0,2.2,16.2,935,39,97,0.9,0.24,0,0,0
2017,10,9,4,30,0,0,0,2.5,15.600000000000001,935,41.34,106,0.9,0.24,0,0,0
2017,10,9,5,30,0,0,0,2.8000000000000003,15.100000000000001,935,43.67,115,0.8,0.24,0,0,0
2017,10,9,6,30,0,0,0,3.2,14.700000000000001,935,46,126,0.8,0.24,0,0,0
2017,10,9,7,30,221,14,21,3.6,15.3,936,45.68,136,0.7000000000000001,0.24,14,221,21
2017,10,9,8,30,659,47,196,4.1000000000000005,17.400000000000002,936,41.300000000000004,145,0.8,0.24,47,659,196
2017,10,9,9,30,822,65,394,4.3,21.1,936,33.34,188,0.8,0.24,65,822,394
2017,10,9,10,30,896,79,565,1.6,25.200000000000003,936,21.490000000000002,272,1,0.24,79,896,565
2017,10,9,11,30,939,85,690,-1.7000000000000002,27.6,936,14.63,313,1.7000000000000002,0.24,85,939,690
2017,10,9,12,30,958,87,756,-3,28.700000000000003,936,12.5,306,2,0.24,87,958,756
2017,10,9,13,30,966,83,759,-3.8000000000000003,29.3,935,11.34,302,2.3000000000000003,0.24,83,966,759
2017,10,9,14,30,953,81,697,-4.6000000000000005,29.5,935,10.6,300,2.4000000000000004,0.24,81,953,697
2017,10,9,15,30,913,75,574,-5.300000000000001,29.200000000000003,934,10.23,300,2.5,0.24,75,913,574
2017,10,9,16,30,801,73,397,-5.9,28.3,934,10.26,303,2.4000000000000004,0.24,73,801,397
2017,10,9,17,30,626,54,198,-6.4,25.6,934,11.59,306,1.7000000000000002,0.24,54,626,198
2017,10,9,18,30,175,15,22,-5.6000000000000005,22.200000000000003,935,15.06,312,1.1,0.24,15,175,22
2017,10,9,19,30,0,0,0,-6.300000000000001,20.3,935,16.05,323,1.2000000000000002,0.24,0,0,0
2017,10,9,20,30,0,0,0,-6.6000000000000005,19.200000000000003,935,16.78,340,1.1,0.24,0,0,0
2017,10,9,21,30,0,0,0,-6.800000000000001,18.2,936,17.650000000000002,185,1.1,0.24,0,0,0
2017,10,9,22,30,0,0,0,-6.800000000000001,17.3,936,18.650000000000002,40,1.1,0.24,0,0,0
2017,10,9,23,30,0,0,0,-6.7,16.5,936,19.830000000000002,84,1,0.24,0,0,0
2017,10,10,0,30,0,0,0,-6.4,16.2,936,20.63,108,1,0.24,0,0,0
2017,10,10,1,30,0,0,0,-6,15.600000000000001,936,22.09,165,1.1,0.24,0,0,0
2017,10,10,2,30,0,0,0,-5.5,15.200000000000001,935,23.52,194,1.1,0.24,0,0,0
2017,10,10,3,30,0,0,0,-4.9,14.700000000000001,935,25.400000000000002,214,1.2000000000000002,0.24,0,0,0
2017,10,10,4,30,0,0,0,-4.2,14,935,28.04,224,1.2000000000000002,0.24,0,0,0
2017,10,10,5,30,0,0,0,-3.4000000000000004,13.3,935,31.12,226,1.2000000000000002,0.24,0,0,0
2017,10,10,6,30,0,0,0,-2.6,12.700000000000001,936,34.53,225,1.2000000000000002,0.24,0,0,0
2017,10,10,7,30,104,13,16,-1.6,13.4,936,35.410000000000004,219,1.1,0.24,13,104,16
2017,10,10,8,30,550,61,183,-0.6000000000000001,16.1,937,31.990000000000002,212,1.4000000000000001,0.24,61,550,183
2017,10,10,9,30,730,87,376,0.30000000000000004,19.8,937,27.05,219,1.6,0.24,87,730,376
2017,10,10,10,30,819,104,546,-0.30000000000000004,23.900000000000002,937,20.150000000000002,242,1.6,0.24,104,819,546
2017,10,10,11,30,864,115,669,-3.5,26.900000000000002,937,13.35,252,1.7000000000000002,0.24,115,864,669
2017,10,10,12,30,883,121,734,-3.6,28.200000000000003,936,12.25,251,1.8,0.24,121,883,734
2017,10,10,13,30,927,99,743,-3.4000000000000004,28.900000000000002,936,12,251,2,0.24,99,927,743
2017,10,10,14,30,907,96,679,-3.1,29.1,935,12.13,253,2.1,0.24,96,907,679
2017,10,10,15,30,861,90,556,-2.7,28.8,935,12.65,254,2.1,0.24,90,861,556
2017,10,10,16,30,765,79,384,-2.4000000000000004,28.1,935,13.46,253,1.9000000000000001,0.24,79,765,384
2017,10,10,17,30,578,57,187,-2,25.8,935,15.870000000000001,251,1.4000000000000001,0.24,57,578,187
2017,10,10,18,30,131,15,19,-1.1,23,935,20.080000000000002,251,1,0.24,15,131,19
2017,10,10,19,30,0,0,0,-1.1,21.5,936,22.06,252,1.1,0.24,0,0,0
2017,10,10,20,30,0,0,0,-0.7000000000000001,20.5,936,24.13,253,1.1,0.24,0,0,0
2017,10,10,21,30,0,0,0,-0.30000000000000004,19.400000000000002,936,26.55,254,1.1,0.24,0,0,0
2017,10,10,22,30,0,0,0,0.2,18.2,937,29.7,255,1.2000000000000002,0.24,0,0,0
2017,10,10,23,30,0,0,0,0.8,17,937,33.42,256,1.3,0.24,0,0,0
2017,10,11,0,30,0,0,0,1.4000000000000001,16.5,937,36.1,256,1.3,0.24,0,0,0
2017,10,11,1,30,0,0,0,2,15.200000000000001,937,40.96,256,1.3,0.24,0,0,0
2017,10,11,2,30,0,0,0,2.5,14.600000000000001,937,44.07,254,1.3,0.24,0,0,0
2017,10,11,3,30,0,0,0,2.8000000000000003,14.200000000000001,937,46.300000000000004,251,1.2000000000000002,0.24,0,0,0
2017,10,11,4,30,0,0,0,3,13.9,937,47.79,244,1.2000000000000002,0.24,0,0,0
2017,10,11,5,30,0,0,0,3.2,13.700000000000001,937,49,227,1.1,0.24,0,0,0
2017,10,11,6,30,0,0,0,3.4000000000000004,13.3,937,51.2,200,1.1,0.24,0,0,0
2017,10,11,7,30,38,12,13,3.8000000000000003,14.100000000000001,938,49.980000000000004,175,1.2000000000000002,0.24,12,38,13
2017,10,11,8,30,470,69,171,4.3,16.7,938,43.82,165,1.6,0.24,69,470,171
2017,10,11,9,30,679,96,363,4.800000000000001,20.8,939,35.14,186,2.1,0.24,96,679,363
2017,10,11,10,30,780,113,531,4,24.6,939,26.38,210,2.4000000000000004,0.24,113,780,531
2017,10,11,11,30,839,121,655,3.2,26.8,939,21.900000000000002,218,2.6,0.24,121,839,655
2017,10,11,12,30,866,124,720,2.4000000000000004,28.1,938,19.19,229,2.7,0.24,124,866,720
2017,10,11,13,30,889,113,726,1.7000000000000002,28.900000000000002,938,17.32,242,2.8000000000000003,0.24,113,889,726
2017,10,11,14,30,870,108,662,1.2000000000000002,29.200000000000003,937,16.45,253,3,0.24,108,870,662
2017,10,11,15,30,822,99,540,1,29,937,16.4,262,3,0.24,99,822,540
2017,10,11,16,30,724,85,370,0.8,28.3,937,16.89,269,2.9000000000000004,0.24,85,724,370
2017,10,11,17,30,527,61,177,0.8,25.700000000000003,937,19.61,275,2,0.24,61,527,177
2017,10,11,18,30,68,14,15,1,22.5,938,24.13,280,1.2000000000000002,0.24,14,68,15
2017,10,11,19,30,0,0,0,0.9,20.900000000000002,938,26.35,287,1.2000000000000002,0.24,0,0,0
2017,10,11,20,30,0,0,0,0.7000000000000001,20.400000000000002,939,26.92,293,1.2000000000000002,0.24,0,0,0
2017,10,11,21,30,0,0,0,0.5,20,939,27.14,298,1.1,0.24,0,0,0
2017,10,11,22,30,0,0,0,0.30000000000000004,19.700000000000003,940,27.18,299,0.9,0.24,0,0,0
2017,10,11,23,30,0,0,0,0.1,19.400000000000002,940,27.28,295,0.8,0.24,0,0,0
2017,10,12,0,30,0,0,0,-0.1,19.200000000000003,940,27.34,293,0.7000000000000001,0.24,0,0,0
2017,10,12,1,30,0,0,0,-0.1,18.8,940,27.92,205,0.6000000000000001,0.24,0,0,0
2017,10,12,2,30,0,0,0,-0.1,18.2,940,29.05,136,0.7000000000000001,0.24,0,0,0
2017,10,12,3,30,0,0,0,0,17.400000000000002,940,30.830000000000002,134,0.9,0.24,0,0,0
2017,10,12,4,30,0,0,0,0.2,16.6,940,32.9,138,1,0.24,0,0,0
2017,10,12,5,30,0,0,0,0.5,15.8,940,35.230000000000004,140,1.1,0.24,0,0,0
2017,10,12,6,30,0,0,0,0.7000000000000001,15.100000000000001,940,37.58,139,1.2000000000000002,0.24,0,0,0
2017,10,12,7,30,10,10,10,1,15.8,941,36.67,138,1.1,0.24,10,10,10
2017,10,12,8,30,15,76,79,1.3,18.6,941,31.28,139,1.5,0.24,78,358,155
2017,10,12,9,30,53,156,176,1.5,22.1,942,25.59,153,1.9000000000000001,0.24,119,562,337
2017,10,12,10,30,89,235,282,1.3,25.6,942,20.44,181,1.9000000000000001,0.24,143,667,498
2017,10,12,11,30,728,155,615,1.4000000000000001,28.400000000000002,942,17.44,199,2,0.24,155,728,615
2017,10,12,12,30,760,159,679,2.7,30.1,941,17.38,209,2.3000000000000003,0.24,159,760,679
2017,10,12,13,30,831,126,694,3.5,31.1,940,17.41,221,2.6,0.24,126,831,694
2017,10,12,14,30,197,298,422,3.8000000000000003,31.5,940,17.41,230,3.1,0.24,126,797,630
2017,10,12,15,30,385,207,412,3.8000000000000003,31.200000000000003,939,17.69,235,3.6,0.24,121,726,507
2017,10,12,16,30,373,139,284,3.7,30.200000000000003,939,18.55,237,3.8000000000000003,0.24,130,512,329
2017,10,12,17,30,113,81,105,3.7,27.6,939,21.580000000000002,238,3,0.24,88,283,149
2017,10,12,18,30,1,7,7,4.1000000000000005,24.1,940,27.38,239,2,0.24,7,1,7
2017,10,12,19,30,0,0,0,4.800000000000001,22,940,32.55,238,1.7000000000000002,0.24,0,0,0
2017,10,12,20,30,0,0,0,5.5,21,941,36.36,236,1.5,0.24,0,0,0
2017,10,12,21,30,0,0,0,6,20.200000000000003,941,39.53,234,1.4000000000000001,0.24,0,0,0
2017,10,12,22,30,0,0,0,6.300000000000001,19.6,941,41.800000000000004,232,1.3,0.24,0,0,0
2017,10,12,23,30,0,0,0,6.300000000000001,19,941,43.52,229,1.2000000000000002,0.24,0,0,0
2017,10,13,0,30,0,0,0,6.2,18.7,941,43.93,227,1.2000000000000002,0.24,0,0,0
2017,10,13,1,30,0,0,0,5.9,17.900000000000002,941,45.43,213,1.1,0.24,0,0,0
2017,10,13,2,30,0,0,0,5.6000000000000005,17.400000000000002,941,45.97,201,1.1,0.24,0,0,0
2017,10,13,3,30,0,0,0,5.4,16.900000000000002,941,46.52,190,1.1,0.24,0,0,0
2017,10,13,4,30,0,0,0,5.1000000000000005,16.3,941,47.4,184,1.2000000000000002,0.24,0,0,0
2017,10,13,5,30,0,0,0,4.800000000000001,15.8,941,48,179,1.2000000000000002,0.24,0,0,0
2017,10,13,6,30,0,0,0,4.5,15.4,941,48.32,172,1.2000000000000002,0.24,0,0,0
2017,10,13,7,30,14,10,10,4.3,16.3,941,44.72,163,1.2000000000000002,0.24,10,14,10
2017,10,13,8,30,431,69,159,4,19.5,942,35.83,161,1.7000000000000002,0.24,69,431,159
2017,10,13,9,30,648,98,348,3.5,23.6,942,26.91,188,2.6,0.24,98,648,348
2017,10,13,10,30,754,116,513,2.5,26.5,942,21.23,222,3.2,0.24,116,754,513
2017,10,13,11,30,809,126,634,2.8000000000000003,28.200000000000003,942,19.52,237,3.7,0.24,126,809,634
2017,10,13,12,30,833,131,697,2.7,29.5,941,17.98,247,4.1000000000000005,0.24,131,833,697
2017,10,13,13,30,849,124,700,2.3000000000000003,30.3,940,16.75,254,4.3,0.24,124,849,700
2017,10,13,14,30,821,121,636,2,30.6,940,16.14,259,4.5,0.24,121,821,636
2017,10,13,15,30,761,113,514,2,30.400000000000002,939,16.240000000000002,263,4.4,0.24,113,761,514
2017,10,13,16,30,647,98,346,2,29.6,939,17.1,266,4,0.24,98,647,346
2017,10,13,17,30,417,69,157,2.2,26.8,939,20.32,268,2.6,0.24,69,417,157
2017,10,13,18,30,9,9,9,2.4000000000000004,23.200000000000003,940,25.55,270,1.4000000000000001,0.24,9,9,9
2017,10,13,19,30,0,0,0,2.4000000000000004,21.400000000000002,940,28.560000000000002,274,1.3,0.24,0,0,0
2017,10,13,20,30,0,0,0,2.4000000000000004,20.8,940,29.67,281,1.2000000000000002,0.24,0,0,0
2017,10,13,21,30,0,0,0,2.4000000000000004,20.5,940,30.060000000000002,288,1.1,0.24,0,0,0
2017,10,13,22,30,0,0,0,2.3000000000000003,20.200000000000003,941,30.490000000000002,296,1,0.24,0,0,0
2017,10,13,23,30,0,0,0,2.3000000000000003,19.8,941,31.18,305,0.9,0.24,0,0,0
2017,10,14,0,30,0,0,0,2.2,19.6,941,31.53,311,0.8,0.24,0,0,0
2017,10,14,1,30,0,0,0,2.3000000000000003,19,941,32.76,181,0.6000000000000001,0.24,0,0,0
2017,10,14,2,30,0,0,0,2.3000000000000003,18.5,941,33.92,69,0.6000000000000001,0.24,0,0,0
2017,10,14,3,30,0,0,0,2.4000000000000004,17.6,940,36.09,117,0.8,0.24,0,0,0
2017,10,14,4,30,0,0,0,2.5,16.5,940,39.04,131,1,0.24,0,0,0
2017,10,14,5,30,0,0,0,2.7,15.5,940,42.13,136,1.2000000000000002,0.24,0,0,0
2017,10,14,6,30,0,0,0,2.9000000000000004,14.8,940,44.74,140,1.2000000000000002,0.24,0,0,0
2017,10,14,7,30,0,5,5,3.1,15.600000000000001,941,43.18,142,1.2000000000000002,0.24,5,0,5
2017,10,14,8,30,245,89,140,3.3000000000000003,18.8,941,35.74,145,1.8,0.24,89,245,140
2017,10,14,9,30,455,144,317,3.4000000000000004,22.900000000000002,941,28,163,2.3000000000000003,0.24,144,455,317
2017,10,14,10,30,569,179,477,2.9000000000000004,26.200000000000003,941,22.18,198,2,0.24,179,569,477
2017,10,14,11,30,629,201,594,1.9000000000000001,28.400000000000002,941,18.14,232,1.9000000000000001,0.24,201,629,594
2017,10,14,12,30,656,210,653,1.1,29.900000000000002,940,15.72,258,2,0.24,210,656,653
2017,10,14,13,30,401,282,553,1,30.8,940,14.83,277,2.2,0.24,138,810,685
2017,10,14,14,30,391,255,499,1.3,31.1,939,14.9,289,2.3000000000000003,0.24,133,781,619
2017,10,14,15,30,328,214,385,1.6,30.8,939,15.49,298,2.3000000000000003,0.24,122,722,499
2017,10,14,16,30,249,151,245,1.8,29.8,939,16.580000000000002,304,1.9000000000000001,0.24,140,467,317
2017,10,14,17,30,36,75,82,1.8,27.400000000000002,939,19.11,311,1.3,0.24,88,245,138
2017,10,14,18,30,0,0,0,1.9000000000000001,24.5,939,22.8,322,1,0.24,0,0,0
2017,10,14,19,30,0,0,0,1.5,22.8,940,24.54,337,1.1,0.24,0,0,0
2017,10,14,20,30,0,0,0,1.4000000000000001,21.6,940,26.28,176,1.1,0.24,0,0,0
2017,10,14,21,30,0,0,0,1.7000000000000002,20.6,940,28.45,19,1.1,0.24,0,0,0
2017,10,14,22,30,0,0,0,2.2,19.700000000000003,940,31.27,53,1,0.24,0,0,0
2017,10,14,23,30,0,0,0,2.8000000000000003,19.1,940,33.83,119,1,0.24,0,0,0
2017,10,15,0,30,0,0,0,3.2,18.8,940,35.52,163,1,0.24,0,0,0
2017,10,15,1,30,0,0,0,3.5,17.8,940,38.59,206,1.1,0.24,0,0,0
2017,10,15,2,30,0,0,0,3.7,17.2,940,40.72,214,1.1,0.24,0,0,0
2017,10,15,3,30,0,0,0,3.9000000000000004,16.5,940,43.22,215,1.2000000000000002,0.24,0,0,0
2017,10,15,4,30,0,0,0,4.1000000000000005,15.9,940,45.53,209,1.1,0.24,0,0,0
2017,10,15,5,30,0,0,0,4.3,15.3,940,47.96,195,1.2000000000000002,0.24,0,0,0
2017,10,15,6,30,0,0,0,4.6000000000000005,14.700000000000001,940,50.660000000000004,176,1.2000000000000002,0.24,0,0,0
2017,10,15,7,30,0,0,0,4.9,15.5,940,49.25,157,1.4000000000000001,0.24,0,0,0
2017,10,15,8,30,302,81,142,5.4,18.3,941,42.72,145,2.1,0.24,81,302,142
2017,10,15,9,30,538,122,325,5.800000000000001,22,941,34.89,147,2.7,0.24,122,538,325
2017,10,15,10,30,663,144,488,4.9,25.400000000000002,941,26.72,153,2.7,0.24,144,663,488
2017,10,15,11,30,732,155,608,4.4,27.700000000000003,940,22.55,155,2.7,0.24,155,732,608
2017,10,15,12,30,765,159,672,4.1000000000000005,29.3,940,20.06,157,2.6,0.24,159,765,672
2017,10,15,13,30,852,120,691,3.8000000000000003,30.200000000000003,939,18.67,158,2.6,0.24,120,852,691
2017,10,15,14,30,206,289,416,3.6,30.5,938,18.06,156,2.6,0.24,115,830,627
2017,10,15,15,30,303,216,373,3.3000000000000003,30.200000000000003,937,18.080000000000002,152,2.7,0.24,105,776,506
2017,10,15,16,30,276,146,249,3,29.400000000000002,937,18.56,150,2.7,0.24,90,668,340
2017,10,15,17,30,449,62,152,2.8000000000000003,26.700000000000003,937,21.38,150,2.2,0.24,62,449,152
2017,10,15,18,30,0,0,0,3,23.400000000000002,938,26.35,149,2,0.24,0,0,0
2017,10,15,19,30,0,0,0,3.5,21.8,938,30.04,149,2.6,0.24,0,0,0
2017,10,15,20,30,0,0,0,4.4,20.700000000000003,939,34.21,151,3,0.24,0,0,0
2017,10,15,21,30,0,0,0,5.300000000000001,19.400000000000002,939,39.72,152,2.8000000000000003,0.24,0,0,0
2017,10,15,22,30,0,0,0,6.300000000000001,18,940,46.2,148,2.4000000000000004,0.24,0,0,0
2017,10,15,23,30,0,0,0,7.1000000000000005,16.7,940,53.22,141,2.1,0.24,0,0,0
2017,10,16,0,30,0,0,0,8,16.1,940,58.58,137,2,0.24,0,0,0
2017,10,16,1,30,0,0,0,8.8,14.8,939,67.4,128,2.1,0.24,0,0,0
2017,10,16,2,30,0,0,0,9.600000000000001,14,939,74.84,125,2.2,0.24,0,0,0
2017,10,16,3,30,0,0,0,10.200000000000001,13.200000000000001,939,82,123,2.2,0.24,0,0,0
2017,10,16,4,30,0,0,0,10.5,12.5,939,87.83,120,2,0.24,0,0,0
2017,10,16,5,30,0,0,0,10.700000000000001,12,939,91.84,118,1.9000000000000001,0.24,0,0,0
2017,10,16,6,30,0,0,0,10.8,11.5,939,95.42,116,1.8,0.24,0,0,0
2017,10,16,7,30,0,0,0,10.8,12.4,940,90.08,114,2.4000000000000004,0.24,0,0,0
2017,10,16,8,30,547,53,163,10.700000000000001,15.100000000000001,940,75.19,113,3,0.24,53,547,163
2017,10,16,9,30,754,74,356,10.200000000000001,19.3,941,55.800000000000004,123,2.6,0.24,74,754,356
2017,10,16,10,30,861,83,526,5.7,23.3,941,32.09,139,1.9000000000000001,0.24,83,861,526
2017,10,16,11,30,910,88,648,3.1,25.5,940,23.42,152,1.6,0.24,88,910,648
2017,10,16,12,30,932,91,711,2,26.8,940,20.01,166,1.4000000000000001,0.24,91,932,711
2017,10,16,13,30,940,87,712,1,27.700000000000003,939,17.66,185,1.3,0.24,87,940,712
2017,10,16,14,30,921,83,647,0.2,28.200000000000003,938,16.2,204,1.3,0.24,83,921,647
2017,10,16,15,30,876,77,525,-0.4,28.1,938,15.66,219,1.3,0.24,77,876,525
2017,10,16,16,30,766,70,352,-0.9,27.400000000000002,937,15.73,227,1.2000000000000002,0.24,70,766,352
2017,10,16,17,30,571,49,160,-1.2000000000000002,25.3,937,17.34,235,1,0.24,49,571,160
2017,10,16,18,30,0,0,0,-0.9,22.5,938,21.03,242,0.9,0.24,0,0,0
2017,10,16,19,30,0,0,0,-0.9,20.6,938,23.63,246,1.2000000000000002,0.24,0,0,0
2017,10,16,20,30,0,0,0,-0.2,19,938,27.45,246,1.5,0.24,0,0,0
2017,10,16,21,30,0,0,0,0.8,17.6,938,32.33,244,1.6,0.24,0,0,0
2017,10,16,22,30,0,0,0,2.2,16.400000000000002,939,38.43,240,1.7000000000000002,0.24,0,0,0
2017,10,16,23,30,0,0,0,3.7,15.600000000000001,939,44.88,236,1.7000000000000002,0.24,0,0,0
2017,10,17,0,30,0,0,0,5,15.200000000000001,939,50.72,234,1.7000000000000002,0.24,0,0,0
2017,10,17,1,30,0,0,0,6.2,14.3,938,58.36,224,1.6,0.23,0,0,0
2017,10,17,2,30,0,0,0,7.2,13.8,938,64.53,215,1.5,0.23,0,0,0
2017,10,17,3,30,0,0,0,8,13.3,938,70.10000000000001,200,1.3,0.23,0,0,0
2017,10,17,4,30,0,0,0,8.4,12.9,938,74.29,179,1.2000000000000002,0.23,0,0,0
2017,10,17,5,30,0,0,0,8.700000000000001,12.8,938,76.19,165,1.3,0.23,0,0,0
2017,10,17,6,30,0,0,0,8.9,13.200000000000001,938,74.98,168,1.5,0.23,0,0,0
2017,10,17,7,30,0,0,0,9,14.200000000000001,938,70.77,180,2.2,0.23,0,0,0
2017,10,17,8,30,0,9,9,9.1,15.8,938,64.62,190,2.8000000000000003,0.23,84,236,130
2017,10,17,9,30,0,14,14,9.3,17.900000000000002,938,57.160000000000004,197,3.1,0.23,142,428,300
2017,10,17,10,30,0,29,29,9,19.8,938,49.63,202,3.4000000000000004,0.23,184,521,450
2017,10,17,11,30,4,170,172,9.3,21,938,47.25,206,3.8000000000000003,0.23,213,568,560
2017,10,17,12,30,58,292,331,10.200000000000001,21.700000000000003,937,48.04,211,4.3,0.23,221,604,620
2017,10,17,13,30,184,317,438,10.8,22.3,936,47.97,217,4.9,0.23,233,574,612
2017,10,17,14,30,2,161,163,10.600000000000001,22.400000000000002,936,47.160000000000004,221,5.2,0.23,211,571,557
2017,10,17,15,30,0,26,26,9.9,22.1,935,45.910000000000004,220,5.1000000000000005,0.23,179,530,447
2017,10,17,16,30,0,82,82,9.5,21.6,935,46.08,217,4.6000000000000005,0.23,137,432,294
2017,10,17,17,30,0,7,7,9.700000000000001,20.200000000000003,935,50.870000000000005,215,3.5,0.23,81,222,123
2017,10,17,18,30,0,0,0,10.200000000000001,18.400000000000002,935,58.72,215,2.3000000000000003,0.23,0,0,0
2017,10,17,19,30,0,0,0,10.600000000000001,17.400000000000002,935,64.55,215,2.1,0.23,0,0,0
2017,10,17,20,30,0,0,0,11.100000000000001,16.900000000000002,935,68.60000000000001,213,2.3000000000000003,0.23,0,0,0
2017,10,17,21,30,0,0,0,11.4,16.400000000000002,935,72.37,208,2.3000000000000003,0.23,0,0,0
2017,10,17,22,30,0,0,0,11.600000000000001,15.8,934,76.34,203,2.1,0.23,0,0,0
2017,10,17,23,30,0,0,0,11.8,15.3,934,79.67,197,1.9000000000000001,0.23,0,0,0
2017,10,18,0,30,0,0,0,11.9,15.100000000000001,933,81.08,194,1.9000000000000001,0.23,0,0,0
2017,10,18,1,30,0,0,0,11.9,14.600000000000001,933,83.83,193,1.8,0.22,0,0,0
2017,10,18,2,30,0,0,0,11.9,14.600000000000001,932,84.12,198,2,0.22,0,0,0
2017,10,18,3,30,0,0,0,12.100000000000001,14.8,931,84.02,201,2.5,0.22,0,0,0
2017,10,18,4,30,0,0,0,12.4,14.9,931,84.93,200,3,0.22,0,0,0
2017,10,18,5,30,0,0,0,12.700000000000001,14.8,930,86.97,200,3.6,0.22,0,0,0
2017,10,18,6,30,0,0,0,13,14.700000000000001,930,89.46000000000001,203,4.2,0.22,0,0,0
2017,10,18,7,30,0,0,0,13.3,14.700000000000001,930,91.54,207,4.6000000000000005,0.22,0,0,0
2017,10,18,8,30,0,8,8,13.5,14.600000000000001,930,93.01,211,5,0.22,69,349,136
2017,10,18,9,30,0,15,15,13,14.5,930,90.44,218,5.4,0.22,90,635,322
2017,10,18,10,30,0,25,25,11.8,14.4,930,84.22,227,5.6000000000000005,0.22,98,766,487
2017,10,18,11,30,0,106,106,10.9,14.8,930,77.54,236,5.6000000000000005,0.22,103,830,606
2017,10,18,12,30,3,159,161,10.4,15.700000000000001,929,70.97,244,5.6000000000000005,0.22,100,875,674
2017,10,18,13,30,0,87,87,10.100000000000001,16.6,929,65.34,249,5.6000000000000005,0.22,115,844,668
2017,10,18,14,30,134,283,363,9.4,17,928,60.96,250,5.6000000000000005,0.22,108,828,607
2017,10,18,15,30,121,224,285,8.700000000000001,16.900000000000002,928,58.620000000000005,251,5.4,0.22,97,784,490
2017,10,18,16,30,675,82,324,8.3,16.3,928,58.99,254,5,0.22,82,675,324
2017,10,18,17,30,0,62,62,8.3,15,928,64.2,257,4,0.22,58,439,139
2017,10,18,18,30,0,0,0,8.9,13.700000000000001,929,72.76,261,3.1,0.22,0,0,0
2017,10,18,19,30,0,0,0,9.200000000000001,12.8,929,78.86,267,2.7,0.22,0,0,0
2017,10,18,20,30,0,0,0,9.3,12.200000000000001,930,82.65,274,2.4000000000000004,0.22,0,0,0
2017,10,18,21,30,0,0,0,9.3,11.600000000000001,930,85.84,280,2,0.22,0,0,0
2017,10,18,22,30,0,0,0,9.200000000000001,11.100000000000001,930,88.37,290,1.5,0.22,0,0,0
2017,10,18,23,30,0,0,0,9,10.4,929,91.21000000000001,307,1.2000000000000002,0.22,0,0,0
2017,10,19,0,30,0,0,0,8.6,10,929,90.73,318,1.1,0.22,0,0,0
2017,10,19,1,30,0,0,0,8.3,9.5,928,92.13,309,0.9,0.22,0,0,0
2017,10,19,2,30,0,0,0,8,9.200000000000001,928,91.93,295,0.7000000000000001,0.22,0,0,0
2017,10,19,3,30,0,0,0,7.6000000000000005,8.8,928,91.87,243,0.6000000000000001,0.22,0,0,0
2017,10,19,4,30,0,0,0,7.4,8.4,928,93.28,184,0.6000000000000001,0.22,0,0,0
2017,10,19,5,30,0,0,0,7.300000000000001,8,928,95.55,167,0.8,0.22,0,0,0
2017,10,19,6,30,0,0,0,7.300000000000001,7.5,928,98.83,179,0.8,0.22,0,0,0
2017,10,19,7,30,0,0,0,7.300000000000001,8,928,95.33,210,1,0.22,0,0,0
2017,10,19,8,30,561,48,155,7.9,9.9,929,87.14,251,1.4000000000000001,0.22,48,561,155
2017,10,19,9,30,0,27,27,7.2,12.5,929,70.31,284,2,0.22,70,758,344
2017,10,19,10,30,128,225,289,5.4,14.700000000000001,929,53.59,295,2.6,0.22,82,850,509
2017,10,19,11,30,897,89,629,4.5,16.2,929,45.67,293,3.3000000000000003,0.22,89,897,629
2017,10,19,12,30,919,92,691,3.9000000000000004,17.3,929,41.050000000000004,291,3.9000000000000004,0.22,92,919,691
2017,10,19,13,30,914,92,687,3.5,18.1,928,37.94,291,4.4,0.22,92,914,687
2017,10,19,14,30,313,262,449,3.3000000000000003,18.5,928,36.33,292,4.7,0.22,88,896,623
2017,10,19,15,30,848,80,501,3.2,18.400000000000002,928,36.32,293,4.800000000000001,0.22,80,848,501
2017,10,19,16,30,738,71,332,3.2,17.7,929,37.99,295,4.6000000000000005,0.22,71,738,332
2017,10,19,17,30,115,67,87,3.3000000000000003,15.700000000000001,929,43.61,295,3.3000000000000003,0.22,49,522,143
2017,10,19,18,30,0,0,0,4.7,13.100000000000001,930,56.64,293,2.1,0.22,0,0,0
2017,10,19,19,30,0,0,0,5.2,11.700000000000001,931,64.46000000000001,292,1.9000000000000001,0.22,0,0,0
2017,10,19,20,30,0,0,0,5.5,11.100000000000001,932,68.39,291,1.9000000000000001,0.22,0,0,0
2017,10,19,21,30,0,0,0,5.800000000000001,10.5,932,72.8,291,1.8,0.22,0,0,0
2017,10,19,22,30,0,0,0,6.2,10.100000000000001,933,76.91,291,1.8,0.22,0,0,0
2017,10,19,23,30,0,0,0,6.7,9.8,933,80.8,289,1.6,0.22,0,0,0
2017,10,20,0,30,0,0,0,7.1000000000000005,9.600000000000001,933,84.25,287,1.6,0.22,0,0,0
2017,10,20,1,30,0,0,0,7.5,9.4,933,87.98,286,1.5,0.22,0,0,0
2017,10,20,2,30,0,0,0,8,9.3,933,91.49,286,1.4000000000000001,0.22,0,0,0
2017,10,20,3,30,0,0,0,8.5,9.200000000000001,934,95.43,286,1.3,0.22,0,0,0
2017,10,20,4,30,0,0,0,8.9,8.9,934,100,286,1.2000000000000002,0.22,0,0,0
2017,10,20,5,30,0,0,0,8.700000000000001,8.700000000000001,934,100,283,1.1,0.22,0,0,0
2017,10,20,6,30,0,0,0,8.700000000000001,8.700000000000001,934,100,279,1,0.22,0,0,0
2017,10,20,7,30,0,0,0,9.700000000000001,9.700000000000001,935,100,279,1.3,0.22,0,0,0
2017,10,20,8,30,399,63,137,10.100000000000001,11.700000000000001,936,89.73,290,1.8,0.22,63,399,137
2017,10,20,9,30,0,25,25,10.8,14.700000000000001,936,77.24,308,2.2,0.22,88,648,320
2017,10,20,10,30,0,47,47,11.600000000000001,17.7,937,67.36,319,2.5,0.22,96,780,485
2017,10,20,11,30,0,60,60,11.700000000000001,19.700000000000003,937,60.120000000000005,317,2.6,0.22,101,845,606
2017,10,20,12,30,41,271,298,11.8,21,936,55.72,312,2.7,0.22,100,877,668
2017,10,20,13,30,0,63,63,11.8,21.900000000000002,936,52.83,308,2.8000000000000003,0.22,107,864,665
2017,10,20,14,30,0,52,52,11.700000000000001,22.400000000000002,936,50.910000000000004,306,2.8000000000000003,0.22,96,855,603
2017,10,20,15,30,20,181,191,11.600000000000001,22.400000000000002,936,50.370000000000005,306,2.8000000000000003,0.22,84,817,485
2017,10,20,16,30,724,68,321,11.4,21.8,936,51.800000000000004,305,2.5,0.22,68,724,321
2017,10,20,17,30,514,46,136,11.5,19.8,936,58.86,300,1.6,0.22,46,514,136
2017,10,20,18,30,0,0,0,12.600000000000001,17.5,936,72.99,292,1,0.22,0,0,0
2017,10,20,19,30,0,0,0,12.100000000000001,16.3,937,76.23,286,1,0.22,0,0,0
2017,10,20,20,30,0,0,0,12.200000000000001,15.4,938,80.99,285,1,0.22,0,0,0
2017,10,20,21,30,0,0,0,12.3,14.600000000000001,938,86.03,286,1,0.22,0,0,0
2017,10,20,22,30,0,0,0,12.5,14.100000000000001,938,90.18,286,1,0.22,0,0,0
2017,10,20,23,30,0,0,0,12.8,13.700000000000001,938,94.02,284,1,0.22,0,0,0
2017,10,21,0,30,0,0,0,12.9,13.600000000000001,938,95.83,282,1,0.22,0,0,0
2017,10,21,1,30,0,0,0,13.100000000000001,13.200000000000001,938,99.18,273,0.9,0.22,0,0,0
2017,10,21,2,30,0,0,0,12.9,12.9,938,100,271,0.9,0.22,0,0,0
2017,10,21,3,30,0,0,0,12.700000000000001,12.700000000000001,938,100,276,1,0.22,0,0,0
2017,10,21,4,30,0,0,0,12.600000000000001,12.600000000000001,938,100,284,1,0.22,0,0,0
2017,10,21,5,30,0,0,0,12.5,12.5,939,100,294,1,0.22,0,0,0
2017,10,21,6,30,0,0,0,12.4,12.4,939,100,300,0.9,0.22,0,0,0
2017,10,21,7,30,0,0,0,13.100000000000001,13.100000000000001,939,100,304,1.1,0.22,0,0,0
2017,10,21,8,30,500,51,142,13.600000000000001,15,940,91.37,309,1.7000000000000002,0.22,51,500,142
2017,10,21,9,30,0,25,25,14,17.5,940,79.87,310,2.2,0.22,71,726,328
2017,10,21,10,30,149,221,294,13.9,19.8,940,68.59,305,2.6,0.22,80,834,492
2017,10,21,11,30,13,204,212,13.3,21.5,940,59.5,299,2.8000000000000003,0.22,84,890,611
2017,10,21,12,30,32,258,278,12.600000000000001,22.700000000000003,939,52.92,296,3,0.22,85,914,672
2017,10,21,13,30,52,277,311,12,23.400000000000002,939,48.64,295,3.1,0.22,86,910,670
2017,10,21,14,30,243,268,411,11.4,23.700000000000003,938,46.13,296,3.1,0.22,80,895,607
2017,10,21,15,30,572,138,417,11.100000000000001,23.400000000000002,938,45.87,296,3,0.22,73,848,485
2017,10,21,16,30,190,140,205,10.8,22.400000000000002,938,47.94,296,2.6,0.22,76,688,313
2017,10,21,17,30,140,62,86,11,20.3,938,55.160000000000004,295,1.8,0.22,50,459,129
2017,10,21,18,30,0,0,0,12.4,18.2,938,68.94,297,1.2000000000000002,0.22,0,0,0
2017,10,21,19,30,0,0,0,12.200000000000001,17.3,939,71.85000000000001,302,1.4000000000000001,0.22,0,0,0
2017,10,21,20,30,0,0,0,12.200000000000001,16.7,939,74.54,309,1.6,0.22,0,0,0
2017,10,21,21,30,0,0,0,12.100000000000001,16.1,939,77.38,315,1.6,0.22,0,0,0
2017,10,21,22,30,0,0,0,12,15.200000000000001,939,81.08,323,1.5,0.22,0,0,0
2017,10,21,23,30,0,0,0,11.5,14.100000000000001,939,84.49,334,1.2000000000000002,0.22,0,0,0
2017,10,22,0,30,0,0,0,10.8,13.600000000000001,939,83.05,340,1.2000000000000002,0.22,0,0,0
2017,10,22,1,30,0,0,0,9.9,12.3,939,85.3,182,1.1,0.22,0,0,0
2017,10,22,2,30,0,0,0,9.1,11.700000000000001,939,83.99,18,1,0.22,0,0,0
2017,10,22,3,30,0,0,0,8.4,11.200000000000001,939,83.03,32,1,0.22,0,0,0
2017,10,22,4,30,0,0,0,8,10.8,939,83.06,39,1.1,0.22,0,0,0
2017,10,22,5,30,0,0,0,7.9,10.4,939,84.64,46,1.1,0.22,0,0,0
2017,10,22,6,30,0,0,0,8.1,10.100000000000001,940,87.15,54,1.1,0.22,0,0,0
2017,10,22,7,30,0,0,0,8.4,10.9,940,84.82000000000001,58,1.2000000000000002,0.22,0,0,0
2017,10,22,8,30,545,46,143,9.3,13.4,940,76.47,51,1.7000000000000002,0.22,46,545,143
2017,10,22,9,30,752,67,330,9.5,16.8,941,61.92,44,1.7000000000000002,0.22,67,752,330
2017,10,22,10,30,215,215,320,8.200000000000001,19.5,941,47.89,55,1.1,0.22,79,848,495
2017,10,22,11,30,897,86,613,8.4,21,940,44.42,82,0.9,0.22,86,897,613
2017,10,22,12,30,916,88,673,8.4,22.200000000000003,940,41.230000000000004,218,1,0.22,88,916,673
2017,10,22,13,30,928,82,673,8,22.900000000000002,939,38.36,337,1.3,0.22,82,928,673
2017,10,22,14,30,233,266,402,7.4,23.200000000000003,939,36.21,335,1.6,0.22,78,910,608
2017,10,22,15,30,863,71,487,6.800000000000001,23,939,35.17,338,1.8,0.22,71,863,487
2017,10,22,16,30,773,59,322,6.300000000000001,22,938,36.14,343,1.9000000000000001,0.22,59,773,322
2017,10,22,17,30,343,51,108,6.5,19.3,939,43.24,352,1.5,0.22,39,568,134
2017,10,22,18,30,0,0,0,8.6,16.2,939,60.81,185,1.3,0.22,0,0,0
2017,10,22,19,30,0,0,0,7.1000000000000005,14.5,940,61.33,18,1.6,0.22,0,0,0
2017,10,22,20,30,0,0,0,6.1000000000000005,13.4,940,61.25,30,1.8,0.22,0,0,0
2017,10,22,21,30,0,0,0,5.2,12.5,940,60.95,41,1.8,0.22,0,0,0
2017,10,22,22,30,0,0,0,4.5,11.600000000000001,941,61.64,49,1.7000000000000002,0.22,0,0,0
2017,10,22,23,30,0,0,0,4,11,940,62.11,55,1.6,0.22,0,0,0
2017,10,23,0,30,0,0,0,3.8000000000000003,10.600000000000001,940,62.6,57,1.6,0.22,0,0,0
2017,10,23,1,30,0,0,0,3.6,9.700000000000001,940,65.55,63,1.4000000000000001,0.22,0,0,0
2017,10,23,2,30,0,0,0,3.4000000000000004,9.200000000000001,940,67.08,68,1.3,0.22,0,0,0
2017,10,23,3,30,0,0,0,3.4000000000000004,8.8,939,68.72,73,1.2000000000000002,0.22,0,0,0
2017,10,23,4,30,0,0,0,3.5,8.6,939,70.2,76,1.2000000000000002,0.22,0,0,0
2017,10,23,5,30,0,0,0,3.6,8.6,939,70.87,76,1.2000000000000002,0.22,0,0,0
2017,10,23,6,30,0,0,0,3.7,8.700000000000001,939,71.07000000000001,75,1.1,0.22,0,0,0
2017,10,23,7,30,0,0,0,3.9000000000000004,9.600000000000001,940,67.7,72,1,0.22,0,0,0
2017,10,23,8,30,614,39,146,5.2,12,940,63,70,1.3,0.22,39,614,146
2017,10,23,9,30,804,55,334,5.1000000000000005,15.4,941,50.370000000000005,63,1.4000000000000001,0.22,55,804,334
2017,10,23,10,30,891,65,498,4.3,18.8,941,38.42,53,1.2000000000000002,0.22,65,891,498
2017,10,23,11,30,935,71,616,2.3000000000000003,21.200000000000003,940,28.64,43,1.4000000000000001,0.22,71,935,616
2017,10,23,12,30,953,74,677,1.4000000000000001,22.6,940,24.76,36,1.6,0.22,74,953,677
2017,10,23,13,30,951,75,675,1,23.400000000000002,940,22.93,34,1.8,0.22,75,951,675
2017,10,23,14,30,931,72,610,0.8,23.8,939,21.93,35,2.1,0.22,72,931,610
2017,10,23,15,30,886,65,488,0.6000000000000001,23.5,939,22.06,38,2.2,0.22,65,886,488
2017,10,23,16,30,787,57,320,0.5,22.400000000000002,938,23.490000000000002,39,2,0.22,57,787,320
2017,10,23,17,30,577,38,131,3.4000000000000004,19.200000000000003,939,35.21,36,1.5,0.22,38,577,131
2017,10,23,18,30,0,0,0,6.300000000000001,15.9,939,52.79,34,1.3,0.22,0,0,0
2017,10,23,19,30,0,0,0,5.2,14.4,939,53.84,39,1.4000000000000001,0.22,0,0,0
2017,10,23,20,30,0,0,0,5,13.600000000000001,939,56.02,48,1.5,0.22,0,0,0
2017,10,23,21,30,0,0,0,5,12.9,940,58.59,58,1.5,0.22,0,0,0
2017,10,23,22,30,0,0,0,5,12.3,940,61.2,66,1.5,0.22,0,0,0
2017,10,23,23,30,0,0,0,5.2,11.9,940,63.54,72,1.4000000000000001,0.22,0,0,0
2017,10,24,0,30,0,0,0,5.4,11.700000000000001,940,65.5,74,1.3,0.22,0,0,0
2017,10,24,1,30,0,0,0,5.800000000000001,11.100000000000001,940,69.83,79,1.3,0.21,0,0,0
2017,10,24,2,30,0,0,0,6.2,10.700000000000001,940,73.9,84,1.3,0.21,0,0,0
2017,10,24,3,30,0,0,0,6.7,10.3,939,78.52,90,1.3,0.21,0,0,0
2017,10,24,4,30,0,0,0,7.300000000000001,9.9,939,83.96000000000001,94,1.3,0.21,0,0,0
2017,10,24,5,30,0,0,0,7.800000000000001,9.5,939,89.43,97,1.4000000000000001,0.21,0,0,0
2017,10,24,6,30,0,0,0,8.3,9.200000000000001,939,93.83,100,1.4000000000000001,0.21,0,0,0
2017,10,24,7,30,0,0,0,8.5,10.200000000000001,939,89.02,102,1.5,0.21,0,0,0
2017,10,24,8,30,573,41,139,8.700000000000001,13.100000000000001,940,74.87,104,2.2,0.21,41,573,139
2017,10,24,9,30,777,60,326,8.700000000000001,16.8,940,58.95,112,2.5,0.21,60,777,326
2017,10,24,10,30,870,71,489,7.7,20.5,940,43.69,127,2.5,0.21,71,870,489
2017,10,24,11,30,917,76,607,4.9,23.3,939,30.29,140,2.6,0.21,76,917,607
2017,10,24,12,30,936,79,668,3.9000000000000004,24.900000000000002,939,25.72,151,2.4000000000000004,0.21,79,936,668
2017,10,24,13,30,941,77,666,3.5,25.900000000000002,938,23.56,165,2.1,0.21,77,941,666
2017,10,24,14,30,920,74,601,3.3000000000000003,26.400000000000002,938,22.47,182,1.8,0.21,74,920,601
2017,10,24,15,30,873,67,480,3,26.3,937,22.2,199,1.6,0.21,67,873,480
2017,10,24,16,30,783,57,315,3,25.1,937,23.75,218,1.1,0.21,57,783,315
2017,10,24,17,30,568,38,127,7.9,22.8,938,38.32,240,0.8,0.21,38,568,127
2017,10,24,18,30,0,0,0,6.800000000000001,20.5,938,41.1,256,0.9,0.21,0,0,0
2017,10,24,19,30,0,0,0,5.6000000000000005,19,938,41.300000000000004,261,1,0.21,0,0,0
2017,10,24,20,30,0,0,0,5.5,17.7,939,44.58,260,1,0.21,0,0,0
2017,10,24,21,30,0,0,0,5.300000000000001,16.400000000000002,939,47.93,256,1.1,0.21,0,0,0
2017,10,24,22,30,0,0,0,5.4,15.100000000000001,939,52.14,249,1.2000000000000002,0.21,0,0,0
2017,10,24,23,30,0,0,0,5.300000000000001,14,939,55.89,240,1.2000000000000002,0.21,0,0,0
2017,10,25,0,30,0,0,0,5.300000000000001,13.5,939,57.61,235,1.2000000000000002,0.21,0,0,0
2017,10,25,1,30,0,0,0,5.300000000000001,12.4,939,61.84,205,1.1,0.2,0,0,0
2017,10,25,2,30,0,0,0,5.300000000000001,11.9,939,63.96,165,1,0.2,0,0,0
2017,10,25,3,30,0,0,0,5.4,11.4,939,66.47,128,1,0.2,0,0,0
2017,10,25,4,30,0,0,0,5.4,11.100000000000001,939,67.99,109,1.1,0.2,0,0,0
2017,10,25,5,30,0,0,0,5.4,10.9,939,68.66,100,1.1,0.2,0,0,0
2017,10,25,6,30,0,0,0,5.2,10.600000000000001,939,69.29,96,1.1,0.2,0,0,0
2017,10,25,7,30,0,0,0,5,11.100000000000001,939,65.96000000000001,95,1.1,0.2,0,0,0
2017,10,25,8,30,579,40,137,5.800000000000001,13.700000000000001,940,58.980000000000004,95,1.4000000000000001,0.2,40,579,137
2017,10,25,9,30,787,58,324,5.300000000000001,17.3,940,45.2,97,1.8,0.2,58,787,324
2017,10,25,10,30,882,68,489,5.1000000000000005,21,940,35.43,118,1.7000000000000002,0.2,68,882,489
2017,10,25,11,30,928,73,607,3.9000000000000004,24.1,940,26.86,155,1.8,0.2,73,928,607
2017,10,25,12,30,949,76,668,3.3000000000000003,25.700000000000003,939,23.51,184,2,0.2,76,949,668
2017,10,25,13,30,952,74,666,3.1,26.6,939,21.94,202,2.1,0.2,74,952,666
2017,10,25,14,30,928,71,598,3,26.900000000000002,939,21.38,214,2.2,0.2,71,928,598
2017,10,25,15,30,879,65,476,3,26.6,938,21.73,223,2.1,0.2,65,879,476
2017,10,25,16,30,769,58,308,3.2,25.200000000000003,939,24.03,232,1.5,0.2,58,769,308
2017,10,25,17,30,544,38,121,8.700000000000001,22.400000000000002,939,41.59,246,1,0.2,38,544,121
2017,10,25,18,30,0,0,0,8,20.1,939,45.480000000000004,259,1.1,0.2,0,0,0
2017,10,25,19,30,0,0,0,6.5,19,940,44.14,266,1.1,0.2,0,0,0
2017,10,25,20,30,0,0,0,6.300000000000001,18.3,940,45.39,269,1,0.2,0,0,0
2017,10,25,21,30,0,0,0,6.1000000000000005,17.5,941,46.99,269,1,0.2,0,0,0
2017,10,25,22,30,0,0,0,6,16.6,941,49.67,263,1,0.2,0,0,0
2017,10,25,23,30,0,0,0,5.800000000000001,15.700000000000001,941,51.89,245,1,0.2,0,0,0
2017,10,26,0,30,0,0,0,5.7,15.200000000000001,941,53.230000000000004,232,0.9,0.2,0,0,0
2017,10,26,1,30,0,0,0,5.800000000000001,13.700000000000001,941,58.730000000000004,166,0.9,0.21,0,0,0
2017,10,26,2,30,0,0,0,5.9,12.9,941,62.550000000000004,138,0.9,0.21,0,0,0
2017,10,26,3,30,0,0,0,6,12.4,941,65.06,123,1,0.21,0,0,0
2017,10,26,4,30,0,0,0,6,12.100000000000001,941,66.2,109,1,0.21,0,0,0
2017,10,26,5,30,0,0,0,5.9,12,941,66.12,96,0.9,0.21,0,0,0
2017,10,26,6,30,0,0,0,5.6000000000000005,11.9,941,65.53,87,0.9,0.21,0,0,0
2017,10,26,7,30,0,0,0,5.4,12.200000000000001,941,63.14,84,0.9,0.21,0,0,0
2017,10,26,8,30,564,40,132,6.1000000000000005,14.3,942,57.72,83,1.2000000000000002,0.21,40,564,132
2017,10,26,9,30,778,59,318,5.800000000000001,17.5,942,46.18,78,1.5,0.21,59,778,318
2017,10,26,10,30,878,69,484,5.4,21.1,942,36.01,74,1.5,0.21,69,878,484
2017,10,26,11,30,927,75,603,4.2,24.400000000000002,942,26.98,72,1.5,0.21,75,927,603
2017,10,26,12,30,947,77,664,3.4000000000000004,26.1,942,23.14,66,1.3,0.21,77,947,664
2017,10,26,13,30,954,74,663,3.1,27.1,941,21.31,53,1.2000000000000002,0.21,74,954,663
2017,10,26,14,30,934,71,598,2.8000000000000003,27.6,941,20.26,40,1.3,0.21,71,934,598
2017,10,26,15,30,886,65,475,2.6,27.400000000000002,941,20.150000000000002,31,1.5,0.21,65,886,475
2017,10,26,16,30,781,56,307,2.7,25.8,941,22.29,25,1.3,0.21,56,781,307
2017,10,26,17,30,556,36,119,8.700000000000001,22.1,941,42.45,20,1.1,0.21,36,556,119
2017,10,26,18,30,0,0,0,7.800000000000001,18.6,941,49.300000000000004,22,1.4000000000000001,0.21,0,0,0
2017,10,26,19,30,0,0,0,6.4,16.900000000000002,942,50.120000000000005,30,1.5,0.21,0,0,0
2017,10,26,20,30,0,0,0,5.9,15.8,942,51.72,40,1.6,0.21,0,0,0
2017,10,26,21,30,0,0,0,5.4,14.8,943,53.230000000000004,52,1.6,0.21,0,0,0
2017,10,26,22,30,0,0,0,4.9,14,943,54.13,65,1.6,0.21,0,0,0
2017,10,26,23,30,0,0,0,4.5,13.3,943,55.120000000000005,76,1.5,0.21,0,0,0
2017,10,27,0,30,0,0,0,4.1000000000000005,13.100000000000001,943,54.480000000000004,82,1.5,0.21,0,0,0
2017,10,27,1,30,0,0,0,3.8000000000000003,12.5,943,55.2,86,1.4000000000000001,0.21,0,0,0
2017,10,27,2,30,0,0,0,3.3000000000000003,12.3,942,54.35,86,1.4000000000000001,0.21,0,0,0
2017,10,27,3,30,0,0,0,3,12.100000000000001,942,53.67,86,1.4000000000000001,0.21,0,0,0
2017,10,27,4,30,0,0,0,2.7,11.700000000000001,942,53.86,85,1.4000000000000001,0.21,0,0,0
2017,10,27,5,30,0,0,0,2.4000000000000004,11.200000000000001,942,54.52,83,1.4000000000000001,0.21,0,0,0
2017,10,27,6,30,0,0,0,2.1,10.600000000000001,942,55.59,79,1.4000000000000001,0.21,0,0,0
2017,10,27,7,30,0,0,0,1.8,10.9,943,53.5,76,1.4000000000000001,0.21,0,0,0
2017,10,27,8,30,592,38,133,2.9000000000000004,13.9,943,47.300000000000004,73,1.8,0.21,38,592,133
2017,10,27,9,30,804,56,321,2.5,17.7,944,36.13,66,2.3000000000000003,0.21,56,804,321
2017,10,27,10,30,890,68,485,2.1,21.3,944,28.13,57,2.3000000000000003,0.21,68,890,485
2017,10,27,11,30,937,74,604,1.5,24.900000000000002,943,21.68,53,2.6,0.21,74,937,604
2017,10,27,12,30,956,77,665,0.4,27.200000000000003,943,17.44,48,2.7,0.21,77,956,665
2017,10,27,13,30,951,76,659,0.1,28.3,942,16.080000000000002,36,2.8000000000000003,0.21,76,951,659
2017,10,27,14,30,928,74,593,0.2,28.6,941,15.91,25,3,0.21,74,928,593
2017,10,27,15,30,875,69,470,0.5,28.200000000000003,941,16.63,18,3.2,0.21,69,875,470
2017,10,27,16,30,764,58,300,1.5,26.200000000000003,941,20.01,12,2.6,0.21,58,764,300
2017,10,27,17,30,513,39,113,6.7,22.1,941,36.86,8,1.9000000000000001,0.21,39,513,113
2017,10,27,18,30,0,0,0,6.5,18.8,941,44.72,8,2,0.21,0,0,0
2017,10,27,19,30,0,0,0,5.800000000000001,17.7,941,45.58,12,2.5,0.21,0,0,0
2017,10,27,20,30,0,0,0,5.7,17.1,941,46.9,16,3,0.21,0,0,0
2017,10,27,21,30,0,0,0,5.7,16.400000000000002,941,49.120000000000005,23,3.5,0.21,0,0,0
2017,10,27,22,30,0,0,0,5.7,15.600000000000001,941,51.81,32,3.5,0.21,0,0,0
2017,10,27,23,30,0,0,0,5.800000000000001,14.600000000000001,941,55.72,41,3.2,0.21,0,0,0
2017,10,28,0,30,0,0,0,6.1000000000000005,14.100000000000001,941,58.61,45,2.9000000000000004,0.21,0,0,0
2017,10,28,1,30,0,0,0,6.5,12.700000000000001,940,65.93,48,2.2,0.21,0,0,0
2017,10,28,2,30,0,0,0,6.9,12,940,70.86,46,2.1,0.21,0,0,0
2017,10,28,3,30,0,0,0,7.2,11.5,940,75,44,2.2,0.21,0,0,0
2017,10,28,4,30,0,0,0,7.6000000000000005,11,940,79.38,43,2.4000000000000004,0.21,0,0,0
2017,10,28,5,30,0,0,0,7.9,10.600000000000001,940,83.2,44,2.5,0.21,0,0,0
2017,10,28,6,30,0,0,0,8,10.100000000000001,940,86.97,45,2.5,0.21,0,0,0
2017,10,28,7,30,0,0,0,8,10.5,940,84.79,46,2.8000000000000003,0.21,0,0,0
2017,10,28,8,30,534,41,124,8.1,12.5,940,74.62,49,3.5,0.21,41,534,124
2017,10,28,9,30,759,61,309,8,15.600000000000001,940,60.69,57,3.8000000000000003,0.21,61,759,309
2017,10,28,10,30,861,72,472,7.7,18.6,940,49.22,63,3.4000000000000004,0.21,72,861,472
2017,10,28,11,30,908,78,588,7.2,21.3,940,40.25,57,2.9000000000000004,0.21,78,908,588
2017,10,28,12,30,930,81,648,6.300000000000001,23.400000000000002,939,33.2,44,2.7,0.21,81,930,648
2017,10,28,13,30,939,76,647,5.300000000000001,24.700000000000003,938,28.64,33,2.7,0.21,76,939,647
2017,10,28,14,30,918,73,582,4.6000000000000005,25.200000000000003,938,26.580000000000002,24,2.8000000000000003,0.21,73,918,582
2017,10,28,15,30,870,66,461,4.4,25,937,26.34,18,2.9000000000000004,0.21,66,870,461
2017,10,28,16,30,754,58,293,4.3,23.6,937,28.62,15,2.4000000000000004,0.21,58,754,293
2017,10,28,17,30,514,36,109,7.1000000000000005,20.200000000000003,937,42.6,12,1.7000000000000002,0.21,36,514,109
2017,10,28,18,30,0,0,0,7.800000000000001,17,937,54.550000000000004,14,1.6,0.21,0,0,0
2017,10,28,19,30,0,0,0,7,15.700000000000001,938,56.24,20,1.7000000000000002,0.21,0,0,0
2017,10,28,20,30,0,0,0,6.7,14.8,938,58.480000000000004,29,1.7000000000000002,0.21,0,0,0
2017,10,28,21,30,0,0,0,6.7,13.9,938,61.68,39,1.6,0.21,0,0,0
2017,10,28,22,30,0,0,0,7.1000000000000005,13.100000000000001,938,66.82000000000001,47,1.5,0.21,0,0,0
2017,10,28,23,30,0,0,0,7.800000000000001,12.3,938,73.93,56,1.3,0.21,0,0,0
2017,10,29,0,30,0,0,0,8.5,12,938,79.03,60,1.2000000000000002,0.21,0,0,0
2017,10,29,1,30,0,0,0,9,11.200000000000001,937,86.33,63,1.2000000000000002,0.2,0,0,0
2017,10,29,2,30,0,0,0,9.3,10.700000000000001,937,90.8,53,1.2000000000000002,0.2,0,0,0
2017,10,29,3,30,0,0,0,9.200000000000001,10.100000000000001,937,94.13,42,1.2000000000000002,0.2,0,0,0
2017,10,29,4,30,0,0,0,8.9,9.5,937,96.14,37,1.3,0.2,0,0,0
2017,10,29,5,30,0,0,0,8.5,9,937,96.72,38,1.3,0.2,0,0,0
2017,10,29,6,30,0,0,0,8,8.4,937,97.47,41,1.3,0.2,0,0,0
2017,10,29,7,30,0,0,0,7.6000000000000005,8.6,937,93.3,46,1.4000000000000001,0.2,0,0,0
2017,10,29,8,30,533,40,121,7.4,10.600000000000001,937,80.86,48,1.8,0.2,40,533,121
2017,10,29,9,30,760,61,305,7.6000000000000005,13.8,937,66.34,48,1.9000000000000001,0.2,61,760,305
2017,10,29,10,30,862,72,468,8.3,17.1,937,56,47,1.7000000000000002,0.2,72,862,468
2017,10,29,11,30,916,76,587,7,20.1,937,42.53,39,1.5,0.2,76,916,587
2017,10,29,12,30,939,78,648,4.7,22,936,32.38,17,1.6,0.2,78,939,648
2017,10,29,13,30,944,76,646,3.4000000000000004,23.1,935,27.64,175,1.9000000000000001,0.2,76,944,646
2017,10,29,14,30,923,72,580,2.5,23.5,935,25.240000000000002,348,2.3000000000000003,0.2,72,923,580
2017,10,29,15,30,875,65,458,1.8,23.200000000000003,934,24.42,349,2.5,0.2,65,875,458
2017,10,29,16,30,774,54,293,1.3,21.8,934,25.71,352,2.1,0.2,54,774,293
2017,10,29,17,30,544,34,108,4.3,18.3,934,39.67,356,1.5,0.2,34,544,108
2017,10,29,18,30,0,0,0,5.1000000000000005,15.100000000000001,934,51.09,182,1.4000000000000001,0.2,0,0,0
2017,10,29,19,30,0,0,0,3.7,13.700000000000001,934,50.75,10,1.4000000000000001,0.2,0,0,0
2017,10,29,20,30,0,0,0,2.9000000000000004,12.700000000000001,934,51.230000000000004,18,1.5,0.2,0,0,0
2017,10,29,21,30,0,0,0,2.2,11.9,934,51.61,26,1.5,0.2,0,0,0
2017,10,29,22,30,0,0,0,1.9000000000000001,11.100000000000001,934,52.910000000000004,32,1.5,0.2,0,0,0
2017,10,29,23,30,0,0,0,1.7000000000000002,10.4,934,54.97,35,1.6,0.2,0,0,0
2017,10,30,0,30,0,0,0,2,10.100000000000001,934,56.980000000000004,37,1.7000000000000002,0.2,0,0,0
2017,10,30,1,30,0,0,0,2.6,9.3,934,62.93,43,2,0.21,0,0,0
2017,10,30,2,30,0,0,0,3.6,8.8,933,69.83,46,2.2,0.21,0,0,0
2017,10,30,3,30,0,0,0,4.6000000000000005,8.4,933,77.2,48,2.3000000000000003,0.21,0,0,0
2017,10,30,4,30,0,0,0,5.5,7.9,933,84.64,49,2.2,0.21,0,0,0
2017,10,30,5,30,0,0,0,6.1000000000000005,7.5,933,90.68,49,2.2,0.21,0,0,0
2017,10,30,6,30,0,0,0,6.5,7.1000000000000005,933,95.96000000000001,50,2.1,0.21,0,0,0
2017,10,30,7,30,0,0,0,6.800000000000001,7.5,933,95.09,51,2.4000000000000004,0.21,0,0,0
2017,10,30,8,30,518,39,116,7,9.600000000000001,933,83.98,51,2.9000000000000004,0.21,39,518,116
2017,10,30,9,30,753,60,300,7.300000000000001,12.9,934,68.57000000000001,53,3,0.21,60,753,300
2017,10,30,10,30,858,71,462,7.300000000000001,16.2,933,55.620000000000005,54,2.6,0.21,71,858,462
2017,10,30,11,30,911,76,580,6.6000000000000005,18.8,933,44.97,50,2.1,0.21,76,911,580
2017,10,30,12,30,933,79,640,5.300000000000001,20.700000000000003,932,36.63,38,1.8,0.21,79,933,640
2017,10,30,13,30,938,77,638,4.5,21.700000000000003,932,32.38,16,1.9000000000000001,0.21,77,938,638
2017,10,30,14,30,917,73,573,4,22.1,931,30.55,181,2.1,0.21,73,917,573
2017,10,30,15,30,866,66,452,3.7,21.8,931,30.52,358,2.3000000000000003,0.21,66,866,452
2017,10,30,16,30,752,57,285,3.5,20.6,931,32.35,181,2.1,0.21,57,752,285
2017,10,30,17,30,507,35,102,5.4,17.5,931,45.06,3,1.5,0.21,35,507,102
2017,10,30,18,30,0,0,0,6.300000000000001,14.5,932,57.81,7,1.4000000000000001,0.21,0,0,0
2017,10,30,19,30,0,0,0,5.4,13.3,932,58.72,14,1.5,0.21,0,0,0
2017,10,30,20,30,0,0,0,5,12.5,932,60.410000000000004,23,1.5,0.21,0,0,0
2017,10,30,21,30,0,0,0,4.800000000000001,11.8,933,62.4,31,1.5,0.21,0,0,0
2017,10,30,22,30,0,0,0,4.800000000000001,11.100000000000001,933,65.18,40,1.5,0.21,0,0,0
2017,10,30,23,30,0,0,0,5.1000000000000005,10.5,933,69.16,51,1.5,0.21,0,0,0
2017,10,31,0,30,0,0,0,5.6000000000000005,10.200000000000001,933,73.2,58,1.5,0.21,0,0,0
2017,10,31,1,30,0,0,0,6.2,9.3,933,80.94,86,1.5,0.21,0,0,0
2017,10,31,2,30,0,0,0,6.800000000000001,8.8,933,87.24,106,1.5,0.21,0,0,0
2017,10,31,3,30,0,0,0,7.300000000000001,8.4,933,92.68,124,1.5,0.21,0,0,0
2017,10,31,4,30,0,0,0,7.7,8.200000000000001,933,96.41,135,1.5,0.21,0,0,0
2017,10,31,5,30,0,0,0,7.9,8.200000000000001,933,98,141,1.5,0.21,0,0,0
2017,10,31,6,30,0,0,0,8.1,8.200000000000001,934,99.18,146,1.5,0.21,0,0,0
2017,10,31,7,30,0,0,0,8.200000000000001,8.700000000000001,934,96.79,150,1.7000000000000002,0.21,0,0,0
2017,10,31,8,30,464,42,110,8.5,10.9,935,85.12,155,2.2,0.21,42,464,110
2017,10,31,9,30,715,66,291,8.700000000000001,14.200000000000001,935,69.68,170,2.5,0.21,66,715,291
2017,10,31,10,30,830,78,453,8,17.2,936,54.71,194,2.3000000000000003,0.21,78,830,453
2017,10,31,11,30,886,85,570,6.300000000000001,19.6,936,42.01,212,2,0.21,85,886,570
2017,10,31,12,30,910,87,631,5.1000000000000005,20.900000000000002,935,35.54,223,1.9000000000000001,0.21,87,910,631
2017,10,31,13,30,916,84,629,4.6000000000000005,21.700000000000003,935,32.660000000000004,232,1.8,0.21,84,916,629
2017,10,31,14,30,895,80,564,4.2,21.900000000000002,934,31.37,240,1.6,0.21,80,895,564
2017,10,31,15,30,842,72,443,3.8000000000000003,21.6,934,31.18,247,1.5,0.21,72,842,443
2017,10,31,16,30,732,59,279,3.7,20.5,934,33.04,255,1.1,0.21,59,732,279
2017,10,31,17,30,477,36,97,6.7,18.5,934,46.02,276,0.8,0.21,36,477,97
2017,10,31,18,30,0,0,0,5.800000000000001,16.900000000000002,935,47.86,304,0.7000000000000001,0.21,0,0,0
2017,10,31,19,30,0,0,0,4.9,16.2,935,47.18,330,0.6000000000000001,0.21,0,0,0
2017,10,31,20,30,0,0,0,4.6000000000000005,15.200000000000001,936,49.17,183,0.6000000000000001,0.21,0,0,0
2017,10,31,21,30,0,0,0,4.5,13.8,936,53.53,52,0.8,0.21,0,0,0
2017,10,31,22,30,0,0,0,4.800000000000001,12.5,936,59.230000000000004,98,1.1,0.21,0,0,0
2017,10,31,23,30,0,0,0,5.2,11.4,936,65.75,124,1.3,0.21,0,0,0
2017,11,1,0,30,0,0,0,5.9,10.8,936,71.97,132,1.3,0.21,0,0,0
2017,11,1,1,30,0,0,0,6.7,9.600000000000001,936,82.02,145,1.4000000000000001,0.2,0,0,0
2017,11,1,2,30,0,0,0,7.4,9,936,89.48,148,1.4000000000000001,0.2,0,0,0
2017,11,1,3,30,0,0,0,8,8.6,936,96.06,149,1.4000000000000001,0.2,0,0,0
2017,11,1,4,30,0,0,0,8.200000000000001,8.200000000000001,936,100,147,1.4000000000000001,0.2,0,0,0
2017,11,1,5,30,0,0,0,7.9,7.9,936,100,140,1.3,0.2,0,0,0
2017,11,1,6,30,0,0,0,7.5,7.5,936,100,132,1.3,0.2,0,0,0
2017,11,1,7,30,0,0,0,7.9,7.9,937,100,128,1.4000000000000001,0.2,0,0,0
2017,11,1,8,30,484,40,109,9.1,10.4,937,91.49,127,2.1,0.2,40,484,109
2017,11,1,9,30,728,63,289,9.4,13.9,937,74.14,130,2.7,0.2,63,728,289
2017,11,1,10,30,841,74,451,9,17.1,937,59.06,135,2.5,0.2,74,841,451
2017,11,1,11,30,897,80,568,7.7,19.5,937,46.38,143,2.4000000000000004,0.2,80,897,568
2017,11,1,12,30,922,82,628,6.5,21.1,936,38.82,157,2.4000000000000004,0.2,82,922,628
2017,11,1,13,30,930,78,627,5.7,22,935,34.56,173,2.4000000000000004,0.2,78,930,627
2017,11,1,14,30,908,74,562,4.9,22.5,934,31.82,189,2.5,0.2,74,908,562
2017,11,1,15,30,853,68,441,4.3,22.3,934,30.93,203,2.5,0.2,68,853,441
2017,11,1,16,30,720,60,273,3.9000000000000004,20.900000000000002,934,32.8,212,1.8,0.2,60,720,273
2017,11,1,17,30,448,37,92,7.1000000000000005,18.2,934,48.29,219,1.1,0.2,37,448,92
2017,11,1,18,30,0,0,0,6.5,16.1,934,52.870000000000005,223,1.1,0.2,0,0,0
2017,11,1,19,30,0,0,0,5.5,15,935,53.15,219,1.1,0.2,0,0,0
2017,11,1,20,30,0,0,0,5.4,13.8,935,56.81,206,1.2000000000000002,0.2,0,0,0
2017,11,1,21,30,0,0,0,5.4,12.700000000000001,935,61.27,187,1.2000000000000002,0.2,0,0,0
2017,11,1,22,30,0,0,0,6,11.700000000000001,935,67.95,168,1.3,0.2,0,0,0
2017,11,1,23,30,0,0,0,6.9,10.8,935,76.87,156,1.4000000000000001,0.2,0,0,0
2017,11,2,0,30,0,0,0,7.800000000000001,10.4,935,83.69,151,1.4000000000000001,0.2,0,0,0
2017,11,2,1,30,0,0,0,8.5,9.5,935,93.36,144,1.4000000000000001,0.21,0,0,0
2017,11,2,2,30,0,0,0,9.1,9.1,935,99.81,142,1.4000000000000001,0.21,0,0,0
2017,11,2,3,30,0,0,0,9,9,935,100,140,1.4000000000000001,0.21,0,0,0
2017,11,2,4,30,0,0,0,9,9,934,100,136,1.4000000000000001,0.21,0,0,0
2017,11,2,5,30,0,0,0,9,9,934,100,132,1.5,0.21,0,0,0
2017,11,2,6,30,0,0,0,9.200000000000001,9.200000000000001,934,100,129,1.5,0.21,0,0,0
2017,11,2,7,30,0,0,0,9.3,9.700000000000001,935,97.07000000000001,126,1.6,0.21,0,0,0
2017,11,2,8,30,0,31,31,9,11,935,87.54,125,2.1,0.21,45,396,99
2017,11,2,9,30,0,93,93,8.8,13.700000000000001,935,72.10000000000001,138,2.3000000000000003,0.21,73,657,274
2017,11,2,10,30,104,193,239,7.9,16.900000000000002,935,55.5,175,2,0.21,87,780,433
2017,11,2,11,30,409,210,431,6.4,19.5,935,42.35,205,2.4000000000000004,0.21,95,840,548
2017,11,2,12,30,442,229,489,6.1000000000000005,20.700000000000003,934,38.68,214,2.8000000000000003,0.21,98,862,606
2017,11,2,13,30,256,267,417,6.1000000000000005,21.400000000000002,933,37.07,218,3.2,0.21,95,870,604
2017,11,2,14,30,606,149,471,6.300000000000001,21.5,933,37.14,221,3.3000000000000003,0.21,94,832,537
2017,11,2,15,30,228,184,282,6.5,21.1,932,38.730000000000004,223,3.1,0.21,89,754,415
2017,11,2,16,30,305,105,194,6.9,19.900000000000002,932,42.79,228,2.4000000000000004,0.21,76,600,251
2017,11,2,17,30,166,42,62,8.6,17.5,932,55.85,240,1.4000000000000001,0.21,44,290,79
2017,11,2,18,30,0,0,0,9.600000000000001,15.700000000000001,932,66.89,252,1,0.21,0,0,0
2017,11,2,19,30,0,0,0,9.700000000000001,15,933,70.41,259,1,0.21,0,0,0
2017,11,2,20,30,0,0,0,9.9,14.5,933,74.14,260,0.9,0.21,0,0,0
2017,11,2,21,30,0,0,0,10.200000000000001,14.4,933,75.98,253,0.9,0.21,0,0,0
2017,11,2,22,30,0,0,0,10.4,14.200000000000001,933,77.8,235,0.8,0.21,0,0,0
2017,11,2,23,30,0,0,0,10.5,13.700000000000001,933,81,214,0.8,0.21,0,0,0
2017,11,3,0,30,0,0,0,10.600000000000001,13.3,933,83.92,205,0.8,0.21,0,0,0
2017,11,3,1,30,0,0,0,10.8,12.200000000000001,932,91.05,187,1,0.2,0,0,0
2017,11,3,2,30,0,0,0,10.9,11.700000000000001,932,95.08,176,1.2000000000000002,0.2,0,0,0
2017,11,3,3,30,0,0,0,11,11.5,931,96.62,170,1.3,0.2,0,0,0
2017,11,3,4,30,0,0,0,10.9,11.4,931,96.8,170,1.3,0.2,0,0,0
2017,11,3,5,30,0,0,0,10.700000000000001,11,931,97.97,175,1.2000000000000002,0.2,0,0,0
2017,11,3,6,30,0,0,0,10.4,10.5,931,99.17,185,1.1,0.2,0,0,0
2017,11,3,7,30,0,0,0,10.100000000000001,10.600000000000001,931,96.48,191,1,0.2,0,0,0
2017,11,3,8,30,31,47,51,10,12.200000000000001,931,86.51,196,1.5,0.2,46,338,91
2017,11,3,9,30,0,98,98,10.3,14.5,931,75.73,211,2.4000000000000004,0.2,77,612,261
2017,11,3,10,30,202,190,279,10.4,16.400000000000002,931,67.55,224,3,0.2,93,736,416
2017,11,3,11,30,282,234,385,9.8,17.8,931,59.39,223,3.4000000000000004,0.2,100,805,531
2017,11,3,12,30,51,250,280,9.3,18.8,930,53.97,221,3.7,0.2,103,835,590
2017,11,3,13,30,90,266,318,9,19.400000000000002,930,51.1,222,3.7,0.2,90,866,593
2017,11,3,14,30,114,240,301,8.8,19.5,929,49.9,226,3.6,0.2,84,843,529
2017,11,3,15,30,46,173,193,8.6,19.1,929,50.58,230,3.4000000000000004,0.2,76,784,412
2017,11,3,16,30,45,111,124,8.6,18,929,54.22,233,2.7,0.2,63,658,252
2017,11,3,17,30,0,39,39,9.5,15.9,929,65.6,237,1.6,0.2,37,361,80
2017,11,3,18,30,0,0,0,10.100000000000001,14,929,77.53,238,1,0.2,0,0,0
2017,11,3,19,30,0,0,0,10.200000000000001,13.100000000000001,929,82.32000000000001,235,1,0.2,0,0,0
2017,11,3,20,30,0,0,0,10.200000000000001,12.4,929,86.59,228,1,0.2,0,0,0
2017,11,3,21,30,0,0,0,10.3,11.8,929,90.57000000000001,220,1,0.2,0,0,0
2017,11,3,22,30,0,0,0,10.4,11.200000000000001,929,94.92,214,1.1,0.2,0,0,0
2017,11,3,23,30,0,0,0,10.600000000000001,10.8,929,98.53,210,1.3,0.2,0,0,0
2017,11,4,0,30,0,0,0,10.700000000000001,10.700000000000001,929,100,209,1.4000000000000001,0.2,0,0,0
2017,11,4,1,30,0,0,0,10.700000000000001,10.700000000000001,929,100,208,2,0.2,0,0,0
2017,11,4,2,30,0,0,0,10.5,10.5,928,100,208,2.1,0.2,0,0,0
2017,11,4,3,30,0,0,0,10.3,10.3,928,100,209,2.3000000000000003,0.2,0,0,0
2017,11,4,4,30,0,0,0,10.100000000000001,10.100000000000001,928,100,209,2.4000000000000004,0.2,0,0,0
2017,11,4,5,30,0,0,0,10.100000000000001,10.100000000000001,928,100,206,2.6,0.2,0,0,0
2017,11,4,6,30,0,0,0,10.3,10.3,928,100,198,2.7,0.2,0,0,0
2017,11,4,7,30,0,0,0,10.3,10.5,928,98.74000000000001,188,2.8000000000000003,0.2,0,0,0
2017,11,4,8,30,0,30,30,10.4,11.100000000000001,929,95.49,187,3.2,0.2,43,363,91
2017,11,4,9,30,0,12,12,10.8,12,929,92.08,196,3.7,0.2,72,630,260
2017,11,4,10,30,0,21,21,11.200000000000001,13,929,88.75,212,4.3,0.2,88,751,415
2017,11,4,11,30,76,234,275,11.3,13.9,929,84.44,228,4.9,0.2,100,807,528
2017,11,4,12,30,0,130,130,10.9,14.600000000000001,929,78.46000000000001,239,5.300000000000001,0.2,107,829,587
2017,11,4,13,30,5,174,177,9.9,15,928,71.78,245,5.4,0.2,114,809,580
2017,11,4,14,30,45,218,242,9,15,928,67.38,248,5.300000000000001,0.2,108,779,517
2017,11,4,15,30,1,138,138,8.4,14.700000000000001,928,65.91,253,5,0.2,97,714,399
2017,11,4,16,30,400,91,205,8.200000000000001,14.100000000000001,929,67.61,257,4.3,0.2,76,588,243
2017,11,4,17,30,291,41,74,8.3,13.100000000000001,929,72.84,260,3.3000000000000003,0.2,41,291,74
2017,11,4,18,30,0,0,0,8.700000000000001,12.200000000000001,930,79.04,263,2.7,0.2,0,0,0
2017,11,4,19,30,0,0,0,8.9,11.8,931,82.17,266,2.7,0.2,0,0,0
2017,11,4,20,30,0,0,0,9.1,11.3,931,86.05,269,2.5,0.2,0,0,0
2017,11,4,21,30,0,0,0,9.3,10.8,932,90.31,274,2.3000000000000003,0.2,0,0,0
2017,11,4,22,30,0,0,0,9.5,10.200000000000001,932,95.28,278,2,0.2,0,0,0
2017,11,4,23,30,0,0,0,9.600000000000001,9.8,932,98.8,284,1.8,0.2,0,0,0
2017,11,5,0,30,0,0,0,9.5,9.5,932,100,286,1.7000000000000002,0.2,0,0,0
2017,11,5,1,30,0,0,0,8.8,8.8,933,100,297,1.3,0.2,0,0,0
2017,11,5,2,30,0,0,0,8.6,8.6,933,100,307,1.3,0.2,0,0,0
2017,11,5,3,30,0,0,0,8.5,8.5,933,100,319,1.4000000000000001,0.2,0,0,0
2017,11,5,4,30,0,0,0,8.4,8.4,934,100,330,1.7000000000000002,0.2,0,0,0
2017,11,5,5,30,0,0,0,8.200000000000001,8.200000000000001,934,100,339,2,0.2,0,0,0
2017,11,5,6,30,0,0,0,8,8,934,100,345,2.1,0.2,0,0,0
2017,11,5,7,30,0,0,0,8,8,935,99.89,351,2.3000000000000003,0.2,0,0,0
2017,11,5,8,30,28,44,48,7.9,8.9,936,93.15,178,2.6,0.2,40,400,91
2017,11,5,9,30,690,64,267,8.200000000000001,11.100000000000001,936,82.08,9,3.1,0.2,64,690,267
2017,11,5,10,30,826,73,429,7.800000000000001,13.8,937,67,13,3.6,0.2,73,826,429
2017,11,5,11,30,891,77,546,6.4,15.9,937,53.27,180,3.8000000000000003,0.2,77,891,546
2017,11,5,12,30,37,235,256,5.5,17.1,936,46.49,345,4.1000000000000005,0.2,76,923,607
2017,11,5,13,30,0,82,82,4.800000000000001,17.6,936,42.88,337,4.4,0.2,79,914,603
2017,11,5,14,30,6,168,171,4,17.6,936,40.480000000000004,336,4.6000000000000005,0.2,73,897,539
2017,11,5,15,30,849,65,422,3.1,17.1,936,39.29,337,4.4,0.2,65,849,422
2017,11,5,16,30,0,33,33,2.3000000000000003,15.9,936,40.01,341,3.8000000000000003,0.2,52,740,259
2017,11,5,17,30,477,30,83,2.1,13.100000000000001,936,47.2,349,2.5,0.2,30,477,83
2017,11,5,18,30,0,0,0,2.9000000000000004,10.4,937,59.78,179,1.8,0.2,0,0,0
2017,11,5,19,30,0,0,0,2.3000000000000003,9.4,937,61.160000000000004,8,2.1,0.2,0,0,0
2017,11,5,20,30,0,0,0,1.9000000000000001,8.700000000000001,938,62.300000000000004,16,2.4000000000000004,0.2,0,0,0
2017,11,5,21,30,0,0,0,1.7000000000000002,7.9,938,65.02,23,2.5,0.2,0,0,0
2017,11,5,22,30,0,0,0,1.8,7.1000000000000005,938,69.06,31,2.4000000000000004,0.2,0,0,0
2017,11,5,23,30,0,0,0,2,6.5,939,72.85000000000001,37,2.3000000000000003,0.2,0,0,0
2017,11,6,0,30,0,0,0,2.1,6.2,939,75.25,40,2.2,0.2,0,0,0
2017,11,6,1,30,0,0,0,2.3000000000000003,5.300000000000001,939,81.01,46,1.8,0.2,0,0,0
2017,11,6,2,30,0,0,0,2.4000000000000004,4.800000000000001,939,84.52,48,1.6,0.2,0,0,0
2017,11,6,3,30,0,0,0,2.5,4.3,939,87.83,47,1.5,0.2,0,0,0
2017,11,6,4,30,0,0,0,2.5,4,938,90.12,42,1.6,0.2,0,0,0
2017,11,6,5,30,0,0,0,2.7,3.8000000000000003,938,92.42,37,1.8,0.2,0,0,0
2017,11,6,6,30,0,0,0,2.9000000000000004,3.6,938,95.10000000000001,35,2.1,0.2,0,0,0
2017,11,6,7,30,0,0,0,3.1,3.8000000000000003,939,95.4,35,2.5,0.2,0,0,0
2017,11,6,8,30,542,30,97,3.4000000000000004,5.5,939,86.29,36,3.2,0.2,30,542,97
2017,11,6,9,30,778,49,275,3.7,8.5,939,71.83,38,4.2,0.2,49,778,275
2017,11,6,10,30,880,59,434,3.1,11.200000000000001,939,57.31,40,4.9,0.2,59,880,434
2017,11,6,11,30,928,65,550,1.7000000000000002,12.700000000000001,938,47.04,38,4.800000000000001,0.2,65,928,550
2017,11,6,12,30,948,68,609,0.7000000000000001,13.8,938,40.83,35,4.6000000000000005,0.2,68,948,609
2017,11,6,13,30,952,68,609,-0.1,14.600000000000001,937,36.67,31,4.3,0.2,68,952,609
2017,11,6,14,30,932,64,544,-0.7000000000000001,14.9,936,34.37,28,4.1000000000000005,0.2,64,932,544
2017,11,6,15,30,881,58,424,-1.1,14.700000000000001,935,33.67,24,4,0.2,58,881,424
2017,11,6,16,30,764,49,260,-1.4000000000000001,13.600000000000001,935,35.43,20,3.4000000000000004,0.2,49,764,260
2017,11,6,17,30,495,28,81,-0.8,10.8,935,44.49,17,2.2,0.2,28,495,81
2017,11,6,18,30,0,0,0,0.7000000000000001,8.1,935,59.77,14,1.5,0.2,0,0,0
2017,11,6,19,30,0,0,0,0.4,7.1000000000000005,935,62.22,13,1.6,0.2,0,0,0
2017,11,6,20,30,0,0,0,0.2,6.5,935,64.01,15,1.9000000000000001,0.2,0,0,0
2017,11,6,21,30,0,0,0,0.1,6,935,66.08,18,2.1,0.2,0,0,0
2017,11,6,22,30,0,0,0,0.1,5.5,936,68.43,24,2.4000000000000004,0.2,0,0,0
2017,11,6,23,30,0,0,0,0,4.800000000000001,936,71.29,31,2.3000000000000003,0.2,0,0,0
2017,11,7,0,30,0,0,0,-0.1,4.5,935,72.13,34,2.3000000000000003,0.2,0,0,0
2017,11,7,1,30,0,0,0,-0.1,3.5,935,77.15,37,1.8,0.2,0,0,0
2017,11,7,2,30,0,0,0,-0.1,3,935,80.22,36,1.7000000000000002,0.2,0,0,0
2017,11,7,3,30,0,0,0,0,2.5,935,83.86,35,1.6,0.2,0,0,0
2017,11,7,4,30,0,0,0,0.2,2,935,87.73,35,1.4000000000000001,0.2,0,0,0
2017,11,7,5,30,0,0,0,0.30000000000000004,1.6,935,91.04,36,1.3,0.2,0,0,0
2017,11,7,6,30,0,0,0,0.4,1.2000000000000002,935,94.46000000000001,36,1.2000000000000002,0.2,0,0,0
2017,11,7,7,30,0,0,0,0.5,1.5,935,93.05,34,1.2000000000000002,0.2,0,0,0
2017,11,7,8,30,533,30,94,0.7000000000000001,3.6,935,81.26,30,1.7000000000000002,0.2,30,533,94
2017,11,7,9,30,787,50,275,0.9,7,936,65.27,25,2.4000000000000004,0.2,50,787,275
2017,11,7,10,30,893,59,437,-0.6000000000000001,9.9,936,47.93,16,2.5,0.2,59,893,437
2017,11,7,11,30,943,65,554,-2,11.9,936,38.01,183,2.6,0.2,65,943,554
2017,11,7,12,30,962,68,613,-2,13.5,935,34.160000000000004,352,2.8000000000000003,0.2,68,962,613
2017,11,7,13,30,964,67,611,-1.6,14.8,935,32.39,346,3,0.2,67,964,611
2017,11,7,14,30,940,65,545,-1.1,15.600000000000001,934,31.970000000000002,344,3,0.2,65,940,545
2017,11,7,15,30,884,59,424,-0.6000000000000001,15.700000000000001,934,32.97,345,2.8000000000000003,0.2,59,884,424
2017,11,7,16,30,770,49,259,-0.2,14.700000000000001,934,36.14,347,1.9000000000000001,0.2,49,770,259
2017,11,7,17,30,496,28,80,3.1,12.8,934,51.86,347,1,0.2,28,496,80
2017,11,7,18,30,0,0,0,1.5,11.600000000000001,934,49.86,337,0.8,0.2,0,0,0
2017,11,7,19,30,0,0,0,0.6000000000000001,11.100000000000001,935,48.410000000000004,309,0.7000000000000001,0.2,0,0,0
2017,11,7,20,30,0,0,0,0.4,9.9,935,51.75,284,0.8,0.2,0,0,0
2017,11,7,21,30,0,0,0,0.5,8.8,935,55.86,276,1,0.2,0,0,0
2017,11,7,22,30,0,0,0,0.5,8.1,935,58.870000000000005,274,1.1,0.2,0,0,0
2017,11,7,23,30,0,0,0,0.6000000000000001,7.6000000000000005,935,61.15,271,1,0.2,0,0,0
2017,11,8,0,30,0,0,0,0.6000000000000001,7.5,935,61.83,268,1,0.2,0,0,0
2017,11,8,1,30,0,0,0,0.7000000000000001,7,935,64.16,264,0.9,0.2,0,0,0
2017,11,8,2,30,0,0,0,0.7000000000000001,6.5,935,66.62,296,0.9,0.2,0,0,0
2017,11,8,3,30,0,0,0,0.8,5.800000000000001,935,70.15,170,0.9,0.2,0,0,0
2017,11,8,4,30,0,0,0,0.8,5.1000000000000005,935,73.9,27,1,0.2,0,0,0
2017,11,8,5,30,0,0,0,0.9,4.4,935,77.83,40,1.1,0.2,0,0,0
2017,11,8,6,30,0,0,0,0.9,3.7,936,82.19,45,1.3,0.2,0,0,0
2017,11,8,7,30,0,0,0,1.1,3.7,936,83,45,1.5,0.2,0,0,0
2017,11,8,8,30,488,31,88,1.4000000000000001,5.6000000000000005,937,74.63,44,2.2,0.2,31,488,88
2017,11,8,9,30,748,54,265,2.1,9,937,61.89,44,3,0.2,54,748,265
2017,11,8,10,30,854,65,423,2.4000000000000004,12.3,937,50.97,45,3.1,0.2,65,854,423
2017,11,8,11,30,908,72,539,2.2,14.8,937,42.67,35,3,0.2,72,908,539
2017,11,8,12,30,932,74,598,1.8,16.1,936,38.17,16,3,0.2,74,932,598
2017,11,8,13,30,933,73,596,1.4000000000000001,16.5,936,36.1,183,3.3000000000000003,0.2,73,933,596
2017,11,8,14,30,915,69,534,0.8,16.400000000000002,935,34.71,357,3.6,0.2,69,915,534
2017,11,8,15,30,861,63,414,0.1,15.8,935,34.230000000000004,356,3.8000000000000003,0.2,63,861,414
2017,11,8,16,30,700,58,246,-0.7000000000000001,14.3,935,35.730000000000004,358,3.4000000000000004,0.2,58,700,246
2017,11,8,17,30,387,32,71,-0.5,11.3,936,43.96,182,2.4000000000000004,0.2,32,387,71
2017,11,8,18,30,0,0,0,0.1,9.1,936,53.26,7,1.9000000000000001,0.2,0,0,0
2017,11,8,19,30,0,0,0,-0.4,8.6,937,53.22,12,2,0.2,0,0,0
2017,11,8,20,30,0,0,0,-0.5,8.3,937,53.69,16,2.2,0.2,0,0,0
2017,11,8,21,30,0,0,0,-0.6000000000000001,7.6000000000000005,937,56.17,17,2.4000000000000004,0.2,0,0,0
2017,11,8,22,30,0,0,0,-0.5,6.4,937,61.33,17,2.5,0.2,0,0,0
2017,11,8,23,30,0,0,0,-0.30000000000000004,5.300000000000001,938,67.29,17,2.5,0.2,0,0,0
2017,11,9,0,30,0,0,0,0,4.9,938,70.44,18,2.5,0.2,0,0,0
2017,11,9,1,30,0,0,0,0.2,4,938,76.51,23,2.7,0.2,0,0,0
2017,11,9,2,30,0,0,0,0.5,3.4000000000000004,938,81.23,27,2.7,0.2,0,0,0
2017,11,9,3,30,0,0,0,0.6000000000000001,2.6,938,86.60000000000001,31,2.6,0.2,0,0,0
2017,11,9,4,30,0,0,0,0.6000000000000001,1.9000000000000001,938,90.91,35,2.4000000000000004,0.2,0,0,0
2017,11,9,5,30,0,0,0,0.5,1.3,938,94.58,36,2.4000000000000004,0.2,0,0,0
2017,11,9,6,30,0,0,0,0.5,0.8,938,98,34,2.4000000000000004,0.2,0,0,0
2017,11,9,7,30,0,0,0,0.6000000000000001,0.8,939,98.36,32,2.7,0.2,0,0,0
2017,11,9,8,30,474,32,86,0.6000000000000001,2.4000000000000004,939,88,31,3.2,0.2,32,474,86
2017,11,9,9,30,743,54,262,0.7000000000000001,5.5,940,71.29,32,4.3,0.2,54,743,262
2017,11,9,10,30,861,65,422,0.2,8.6,940,55.75,34,5.2,0.2,65,861,422
2017,11,9,11,30,916,71,538,-0.30000000000000004,10.5,940,47.300000000000004,34,5.1000000000000005,0.2,71,916,538
2017,11,9,12,30,940,73,598,-0.5,11.9,939,42.24,32,4.7,0.2,73,940,598
2017,11,9,13,30,944,71,596,-0.7000000000000001,12.700000000000001,939,39.52,29,4.3,0.2,71,944,596
2017,11,9,14,30,492,173,421,-0.9,13.100000000000001,938,37.92,25,4.1000000000000005,0.2,68,920,531
2017,11,9,15,30,863,62,411,-1.1,12.8,938,38.31,22,3.8000000000000003,0.2,62,863,411
2017,11,9,16,30,742,51,248,-1.1,11.700000000000001,938,41.12,18,3.4000000000000004,0.2,51,742,248
2017,11,9,17,30,447,28,72,-0.7000000000000001,8.9,938,50.83,14,2.4000000000000004,0.2,28,447,72
2017,11,9,18,30,0,0,0,0,6.4,939,63.43,12,1.8,0.2,0,0,0
2017,11,9,19,30,0,0,0,-0.30000000000000004,5.6000000000000005,940,65.56,13,1.9000000000000001,0.2,0,0,0
2017,11,9,20,30,0,0,0,-0.6000000000000001,4.9,940,67.77,15,1.9000000000000001,0.2,0,0,0
2017,11,9,21,30,0,0,0,-0.7000000000000001,4.2,940,70.45,16,1.9000000000000001,0.2,0,0,0
2017,11,9,22,30,0,0,0,-0.7000000000000001,3.7,941,72.84,20,1.9000000000000001,0.2,0,0,0
2017,11,9,23,30,0,0,0,-0.7000000000000001,3.3000000000000003,941,75.17,25,2,0.2,0,0,0
2017,11,10,0,30,0,0,0,-0.6000000000000001,3.2,941,76.21000000000001,28,2,0.2,0,0,0
2017,11,10,1,30,0,0,0,-0.5,2.5,941,80.71000000000001,29,2,0.2,0,0,0
2017,11,10,2,30,0,0,0,-0.4,2.1,941,83.35000000000001,25,2.1,0.2,0,0,0
2017,11,10,3,30,0,0,0,-0.4,1.8,941,85.12,20,2.3000000000000003,0.2,0,0,0
2017,11,10,4,30,0,0,0,-0.5,1.5,941,86.66,16,2.5,0.2,0,0,0
2017,11,10,5,30,0,0,0,-0.5,1,941,89.39,16,2.4000000000000004,0.2,0,0,0
2017,11,10,6,30,0,0,0,-0.6000000000000001,0.5,941,92.37,18,2.2,0.2,0,0,0
2017,11,10,7,30,0,0,0,-0.6000000000000001,0.5,941,92.45,19,2.1,0.2,0,0,0
2017,11,10,8,30,484,30,83,-0.4,2.2,942,82.86,18,2.7,0.2,30,484,83
2017,11,10,9,30,750,51,257,0,5.5,942,67.68,19,3.6,0.2,51,750,257
2017,11,10,10,30,862,60,414,0.8,9.1,942,55.95,22,4.7,0.2,60,862,414
2017,11,10,11,30,916,65,529,1.6,11.700000000000001,942,49.99,24,5.6000000000000005,0.2,65,916,529
2017,11,10,12,30,933,68,585,2.4000000000000004,13.5,942,47.050000000000004,25,5.800000000000001,0.2,68,933,585
2017,11,10,13,30,932,68,583,2.7,14.700000000000001,941,44.49,26,5.4,0.2,68,932,583
2017,11,10,14,30,907,66,520,2.6,15.5,941,41.87,26,5,0.2,66,907,520
2017,11,10,15,30,850,60,401,2.3000000000000003,15.600000000000001,940,40.88,23,4.7,0.2,60,850,401
2017,11,10,16,30,697,55,237,2.3000000000000003,14.5,941,43.63,19,3.6,0.2,55,697,237
2017,11,10,17,30,0,24,24,3,11.4,941,56.46,13,2.1,0.2,29,401,67
2017,11,10,18,30,0,0,0,3.3000000000000003,8.8,941,68.54,8,1.6,0.2,0,0,0
2017,11,10,19,30,0,0,0,3.4000000000000004,7.9,942,73.03,6,1.6,0.2,0,0,0
2017,11,10,20,30,0,0,0,3.6,7.300000000000001,942,77.29,6,1.6,0.2,0,0,0
2017,11,10,21,30,0,0,0,3.9000000000000004,6.7,942,82.13,9,1.7000000000000002,0.2,0,0,0
2017,11,10,22,30,0,0,0,4.2,6.2,943,86.9,14,1.7000000000000002,0.2,0,0,0
2017,11,10,23,30,0,0,0,4.5,5.800000000000001,943,91.31,19,1.6,0.2,0,0,0
2017,11,11,0,30,0,0,0,4.800000000000001,5.5,943,95.35000000000001,21,1.6,0.2,0,0,0
2017,11,11,1,30,0,0,0,4.800000000000001,4.800000000000001,943,100,24,1.5,0.2,0,0,0
2017,11,11,2,30,0,0,0,4.3,4.3,943,100,24,1.5,0.2,0,0,0
2017,11,11,3,30,0,0,0,3.9000000000000004,3.9000000000000004,942,100,24,1.5,0.2,0,0,0
2017,11,11,4,30,0,0,0,3.7,3.7,942,100,24,1.5,0.2,0,0,0
2017,11,11,5,30,0,0,0,3.7,3.7,942,100,25,1.4000000000000001,0.2,0,0,0
2017,11,11,6,30,0,0,0,4,4,942,100,25,1.6,0.2,0,0,0
2017,11,11,7,30,0,0,0,4.4,4.4,942,100,24,1.9000000000000001,0.2,0,0,0
2017,11,11,8,30,470,29,78,5,5.9,942,93.76,24,2.2,0.2,29,470,78
2017,11,11,9,30,745,48,250,5.1000000000000005,8.8,942,77.85000000000001,24,2.7,0.2,48,745,250
2017,11,11,10,30,860,57,406,5.2,12,942,62.93,21,3.3000000000000003,0.2,57,860,406
2017,11,11,11,30,913,61,520,4.5,14.600000000000001,942,50.83,18,3.8000000000000003,0.2,61,913,520
2017,11,11,12,30,936,63,578,4,16.1,941,44.44,15,3.9000000000000004,0.2,63,936,578
2017,11,11,13,30,937,64,578,3.4000000000000004,17.1,940,40,13,4,0.2,64,937,578
2017,11,11,14,30,914,61,515,2.8000000000000003,17.5,940,37.33,14,4,0.2,61,914,515
2017,11,11,15,30,860,55,397,2.2,17.400000000000002,940,36.18,15,3.8000000000000003,0.2,55,860,397
2017,11,11,16,30,741,46,238,1.9000000000000001,15.9,940,38.88,14,2.6,0.2,46,741,238
2017,11,11,17,30,464,25,68,3.8000000000000003,12.600000000000001,940,55.01,9,1.5,0.2,25,464,68
2017,11,11,18,30,0,0,0,3.2,10.100000000000001,940,62.46,4,1.3,0.2,0,0,0
2017,11,11,19,30,0,0,0,2.6,9.3,940,62.95,181,1.3,0.2,0,0,0
2017,11,11,20,30,0,0,0,2.3000000000000003,8.700000000000001,940,64.04,358,1.3,0.2,0,0,0
2017,11,11,21,30,0,0,0,2,8,940,65.92,355,1.3,0.2,0,0,0
2017,11,11,22,30,0,0,0,1.8,7.4,939,67.62,354,1.3,0.2,0,0,0
2017,11,11,23,30,0,0,0,1.7000000000000002,6.800000000000001,939,69.74,357,1.3,0.2,0,0,0
2017,11,12,0,30,0,0,0,1.5,6.4,939,71.12,359,1.2000000000000002,0.2,0,0,0
2017,11,12,1,30,0,0,0,1.4000000000000001,5.800000000000001,939,73.47,13,1.2000000000000002,0.2,0,0,0
2017,11,12,2,30,0,0,0,1.3,5.6000000000000005,938,73.78,22,1.1,0.2,0,0,0
2017,11,12,3,30,0,0,0,1.2000000000000002,5.4,938,74.36,30,1,0.2,0,0,0
2017,11,12,4,30,0,0,0,1.2000000000000002,5.300000000000001,938,74.59,41,0.9,0.2,0,0,0
2017,11,12,5,30,0,0,0,1.1,5,938,75.97,51,0.9,0.2,0,0,0
2017,11,12,6,30,0,0,0,1.1,4.7,938,77.37,59,0.9,0.2,0,0,0
2017,11,12,7,30,0,0,0,1.1,4.6000000000000005,938,77.76,68,0.9,0.2,0,0,0
2017,11,12,8,30,496,27,78,1.1,6.2,938,69.82000000000001,73,1,0.2,27,496,78
2017,11,12,9,30,766,48,253,1.7000000000000002,8.9,938,60.82,73,1.1,0.2,48,766,253
2017,11,12,10,30,876,59,412,1.9000000000000001,12.5,938,48.32,50,1.2000000000000002,0.2,59,876,412
2017,11,12,11,30,936,64,530,1.8,16,937,38.300000000000004,188,1.6,0.2,64,936,530
2017,11,12,12,30,960,66,590,1.2000000000000002,17.900000000000002,937,32.59,343,2.3000000000000003,0.2,66,960,590
2017,11,12,13,30,959,66,588,0.9,18.8,936,30.17,338,2.8000000000000003,0.2,66,959,588
2017,11,12,14,30,937,63,524,0.5,19.200000000000003,935,28.43,339,3,0.2,63,937,524
2017,11,12,15,30,881,57,405,0.1,18.900000000000002,935,28.310000000000002,338,3,0.2,57,881,405
2017,11,12,16,30,758,47,240,0.2,16.900000000000002,934,32.24,337,2.1,0.2,47,758,240
2017,11,12,17,30,466,25,66,3.9000000000000004,13.200000000000001,935,53.230000000000004,336,1.3,0.2,25,466,66
2017,11,12,18,30,0,0,0,2.5,10.700000000000001,935,56.9,338,1.3,0.2,0,0,0
2017,11,12,19,30,0,0,0,2,9.600000000000001,935,58.910000000000004,340,1.4000000000000001,0.2,0,0,0
2017,11,12,20,30,0,0,0,1.7000000000000002,8.8,935,61.02,341,1.4000000000000001,0.2,0,0,0
2017,11,12,21,30,0,0,0,1.5,8.1,935,63.33,342,1.4000000000000001,0.2,0,0,0
2017,11,12,22,30,0,0,0,1.5,7.4,935,66.37,345,1.3,0.2,0,0,0
2017,11,12,23,30,0,0,0,1.7000000000000002,6.7,935,70.22,353,1.3,0.2,0,0,0
2017,11,13,0,30,0,0,0,1.8,6.300000000000001,935,73.14,359,1.3,0.2,0,0,0
2017,11,13,1,30,0,0,0,2,5.5,934,78.07000000000001,14,1.2000000000000002,0.2,0,0,0
2017,11,13,2,30,0,0,0,2.1,5,934,81.64,20,1.2000000000000002,0.2,0,0,0
2017,11,13,3,30,0,0,0,2.3000000000000003,4.5,934,85.56,23,1.3,0.2,0,0,0
2017,11,13,4,30,0,0,0,2.6,4.2,934,89.54,21,1.5,0.2,0,0,0
2017,11,13,5,30,0,0,0,3.3000000000000003,4,934,95.14,18,1.7000000000000002,0.2,0,0,0
2017,11,13,6,30,0,0,0,3.8000000000000003,3.8000000000000003,934,100,15,1.9000000000000001,0.2,0,0,0
2017,11,13,7,30,0,0,0,4.2,4.2,934,100,12,2.2,0.2,0,0,0
2017,11,13,8,30,499,26,76,5.7,6.300000000000001,934,96.07000000000001,11,3.3000000000000003,0.2,26,499,76
2017,11,13,9,30,767,47,249,5.9,9.5,934,78.48,14,4.6000000000000005,0.2,47,767,249
2017,11,13,10,30,886,57,410,4.1000000000000005,12,934,58.63,17,5.6000000000000005,0.2,57,886,410
2017,11,13,11,30,947,62,530,0.6000000000000001,13.5,934,41.17,16,6.2,0.2,62,947,530
2017,11,13,12,30,969,64,590,-2.1,14.4,934,31.91,15,6.4,0.2,64,969,590
2017,11,13,13,30,970,64,588,-3.2,14.9,934,28.66,14,6.2,0.2,64,970,588
2017,11,13,14,30,950,60,524,-3.3000000000000003,14.9,933,28.39,12,5.9,0.2,60,950,524
2017,11,13,15,30,897,54,405,-3.4000000000000004,14.4,933,29.1,11,5.6000000000000005,0.2,54,897,405
2017,11,13,16,30,193,97,146,-3.5,13,933,31.62,13,4.9,0.2,50,752,240
2017,11,13,17,30,442,27,65,-3.2,10.200000000000001,933,38.84,16,3.6,0.2,27,442,65
2017,11,13,18,30,0,0,0,-2.4000000000000004,7.7,934,48.660000000000004,21,2.9000000000000004,0.2,0,0,0
2017,11,13,19,30,0,0,0,-2.7,6.6000000000000005,934,51.620000000000005,26,3.1,0.2,0,0,0
2017,11,13,20,30,0,0,0,-2.9000000000000004,5.6000000000000005,934,54.15,31,3.2,0.2,0,0,0
2017,11,13,21,30,0,0,0,-3.2,4.5,935,57.230000000000004,35,3,0.2,0,0,0
2017,11,13,22,30,0,0,0,-3.5,3.4000000000000004,935,60.76,37,2.5,0.2,0,0,0
2017,11,13,23,30,0,0,0,-3.6,2.4000000000000004,935,64.81,36,2.1,0.2,0,0,0
2017,11,14,0,30,0,0,0,-3.3000000000000003,1.9000000000000001,935,68.18,34,1.9000000000000001,0.2,0,0,0
2017,11,14,1,30,0,0,0,-3,1,934,74.43,29,1.9000000000000001,0.2,0,0,0
2017,11,14,2,30,0,0,0,-2.7,0.5,934,79.07000000000001,27,2,0.2,0,0,0
2017,11,14,3,30,0,0,0,-2.4000000000000004,0.2,934,82.7,27,2.1,0.2,0,0,0
2017,11,14,4,30,0,0,0,-2.1,-0.1,934,86.15,27,2.2,0.2,0,0,0
2017,11,14,5,30,0,0,0,-2,-0.4,934,89.10000000000001,28,2.3000000000000003,0.2,0,0,0
2017,11,14,6,30,0,0,0,-1.9000000000000001,-0.7000000000000001,933,91.33,30,2.2,0.2,0,0,0
2017,11,14,7,30,0,0,0,-2,-0.7000000000000001,933,91.06,32,2.3000000000000003,0.2,0,0,0
2017,11,14,8,30,526,25,75,-2,1.1,934,79.62,35,2.9000000000000004,0.2,25,526,75
2017,11,14,9,30,789,43,248,-2.1,4.2,934,63.480000000000004,43,3.4000000000000004,0.2,43,789,248
2017,11,14,10,30,899,52,407,-2.7,7.300000000000001,934,49.15,54,3.1,0.2,52,899,407
2017,11,14,11,30,951,56,522,-4.1000000000000005,10.3,934,36.14,57,2.7,0.2,56,951,522
2017,11,14,12,30,973,58,582,-6,12.600000000000001,933,26.84,54,2.3000000000000003,0.2,58,973,582
2017,11,14,13,30,966,62,580,-7.7,14.100000000000001,933,21.39,47,2.2,0.2,62,966,580
2017,11,14,14,30,944,59,517,-8.4,14.8,932,19.29,41,2.3000000000000003,0.2,59,944,517
2017,11,14,15,30,889,53,398,-8.6,14.700000000000001,932,19.18,36,2.4000000000000004,0.2,53,889,398
2017,11,14,16,30,774,43,237,-8.4,13,932,21.71,32,1.8,0.2,43,774,237
2017,11,14,17,30,480,23,64,-2.3000000000000003,9.600000000000001,932,43.31,27,1.2000000000000002,0.2,23,480,64
2017,11,14,18,30,0,0,0,-3.4000000000000004,7.1000000000000005,933,47.300000000000004,28,1.3,0.2,0,0,0
2017,11,14,19,30,0,0,0,-4.1000000000000005,6.2,933,47.660000000000004,36,1.4000000000000001,0.2,0,0,0
2017,11,14,20,30,0,0,0,-4.5,5.5,934,48.47,48,1.5,0.2,0,0,0
2017,11,14,21,30,0,0,0,-4.9,4.800000000000001,934,49.58,62,1.5,0.2,0,0,0
2017,11,14,22,30,0,0,0,-5.2,4.1000000000000005,934,50.88,76,1.5,0.2,0,0,0
2017,11,14,23,30,0,0,0,-5.300000000000001,3.4000000000000004,934,52.870000000000005,90,1.5,0.2,0,0,0
2017,11,15,0,30,0,0,0,-5.300000000000001,3.1,934,54.19,98,1.5,0.2,0,0,0
2017,11,15,1,30,0,0,0,-5,2.3000000000000003,934,58.46,118,1.5,0.2,0,0,0
2017,11,15,2,30,0,0,0,-4.6000000000000005,1.9000000000000001,934,62.28,131,1.5,0.2,0,0,0
2017,11,15,3,30,0,0,0,-3.9000000000000004,1.5,934,67.27,141,1.4000000000000001,0.2,0,0,0
2017,11,15,4,30,0,0,0,-3.2,1.3,934,72.15,149,1.4000000000000001,0.2,0,0,0
2017,11,15,5,30,0,0,0,-2.4000000000000004,1.1,934,77.67,157,1.3,0.2,0,0,0
2017,11,15,6,30,0,0,0,-1.6,1,935,82.86,164,1.3,0.2,0,0,0
2017,11,15,7,30,0,0,0,-0.9,1.3,935,85.37,172,1.2000000000000002,0.2,0,0,0
2017,11,15,8,30,456,27,68,-0.2,3.5,935,76.93,182,1.3,0.2,27,456,68
2017,11,15,9,30,745,49,240,0.9,6.9,936,65.66,220,1.5,0.2,49,745,240
2017,11,15,10,30,862,61,398,1.9000000000000001,10.100000000000001,936,56.58,262,2,0.2,61,862,398
2017,11,15,11,30,918,67,513,1.3,12.8,936,45.32,273,2.4000000000000004,0.2,67,918,513
2017,11,15,12,30,940,70,573,0.4,14.3,935,38.64,276,2.4000000000000004,0.2,70,940,573
2017,11,15,13,30,944,69,572,-0.1,15.3,934,34.980000000000004,279,2.3000000000000003,0.2,69,944,572
2017,11,15,14,30,920,66,509,-0.5,15.700000000000001,934,33.2,283,2.3000000000000003,0.2,66,920,509
2017,11,15,15,30,862,59,391,-0.7000000000000001,15.4,933,33.28,286,2,0.2,59,862,391
2017,11,15,16,30,179,95,140,-0.6000000000000001,13.8,933,37.12,287,1.3,0.2,51,718,228
2017,11,15,17,30,26,28,30,2.7,11.600000000000001,933,54.5,284,0.9,0.2,26,393,58
2017,11,15,18,30,0,0,0,0.9,10.4,934,51.620000000000005,281,1,0.2,0,0,0
2017,11,15,19,30,0,0,0,0.6000000000000001,9.8,934,52.71,279,0.9,0.2,0,0,0
2017,11,15,20,30,0,0,0,0.4,9,934,54.86,276,0.8,0.2,0,0,0
2017,11,15,21,30,0,0,0,0.2,8.3,934,56.77,273,0.7000000000000001,0.2,0,0,0
2017,11,15,22,30,0,0,0,0.2,8.1,935,57.51,264,0.6000000000000001,0.2,0,0,0
2017,11,15,23,30,0,0,0,0.2,7.800000000000001,935,58.81,188,0.5,0.2,0,0,0
2017,11,16,0,30,0,0,0,0.30000000000000004,7.7,935,59.35,121,0.5,0.2,0,0,0
2017,11,16,1,30,0,0,0,0.30000000000000004,7,935,62.25,119,0.6000000000000001,0.2,0,0,0
2017,11,16,2,30,0,0,0,0.30000000000000004,6.5,935,64.42,117,0.6000000000000001,0.2,0,0,0
2017,11,16,3,30,0,0,0,0.30000000000000004,6,935,66.64,115,0.7000000000000001,0.2,0,0,0
2017,11,16,4,30,0,0,0,0.2,5.5,934,68.88,111,0.7000000000000001,0.2,0,0,0
2017,11,16,5,30,0,0,0,0.2,4.9,934,71.76,105,0.7000000000000001,0.2,0,0,0
2017,11,16,6,30,0,0,0,0.2,4.3,935,74.8,100,0.7000000000000001,0.2,0,0,0
2017,11,16,7,30,0,0,0,0.2,4.1000000000000005,935,75.67,96,0.7000000000000001,0.2,0,0,0
2017,11,16,8,30,439,26,65,0.2,5.2,935,69.89,91,0.8,0.2,26,439,65
2017,11,16,9,30,738,49,235,0.8,7.5,935,62.4,84,0.9,0.2,49,738,235
2017,11,16,10,30,858,60,393,0.6000000000000001,10.8,935,49.230000000000004,65,1,0.2,60,858,393
2017,11,16,11,30,915,67,508,-0.9,14.200000000000001,935,35.52,42,1.3,0.2,67,915,508
2017,11,16,12,30,939,70,568,-1.6,16.2,935,29.47,31,1.5,0.2,70,939,568
2017,11,16,13,30,942,68,567,-1.9000000000000001,17.3,935,27.060000000000002,27,1.7000000000000002,0.2,68,942,567
2017,11,16,14,30,924,65,507,-2.1,17.7,934,25.91,27,1.8,0.2,65,924,507
2017,11,16,15,30,867,58,389,-2.4000000000000004,17.400000000000002,934,25.86,27,1.8,0.2,58,867,389
2017,11,16,16,30,746,46,229,-2.2,15.5,934,29.580000000000002,25,1.3,0.2,46,746,229
2017,11,16,17,30,440,23,58,2.8000000000000003,12.700000000000001,934,50.77,22,1,0.2,23,440,58
2017,11,16,18,30,0,0,0,-0.6000000000000001,11.100000000000001,935,44.29,23,1.2000000000000002,0.2,0,0,0
2017,11,16,19,30,0,0,0,-1.2000000000000002,10.200000000000001,935,45.19,28,1.2000000000000002,0.2,0,0,0
2017,11,16,20,30,0,0,0,-1.5,9.5,935,46.15,36,1.2000000000000002,0.2,0,0,0
2017,11,16,21,30,0,0,0,-1.8,8.8,936,47.36,46,1.1,0.2,0,0,0
2017,11,16,22,30,0,0,0,-2.1,8.3,936,48.02,57,1.1,0.2,0,0,0
2017,11,16,23,30,0,0,0,-2.3000000000000003,7.9,936,48.57,65,1.1,0.2,0,0,0
2017,11,17,0,30,0,0,0,-2.5,7.800000000000001,936,48.07,69,1.1,0.2,0,0,0
2017,11,17,1,30,0,0,0,-2.7,7.5,935,48.5,75,1,0.2,0,0,0
2017,11,17,2,30,0,0,0,-2.7,7.4,935,48.620000000000005,76,0.9,0.2,0,0,0
2017,11,17,3,30,0,0,0,-2.7,7.2,935,49.24,76,0.9,0.2,0,0,0
2017,11,17,4,30,0,0,0,-2.7,6.9,935,50.25,76,0.8,0.2,0,0,0
2017,11,17,5,30,0,0,0,-2.8000000000000003,6.6000000000000005,935,51.230000000000004,76,0.8,0.2,0,0,0
2017,11,17,6,30,0,0,0,-2.8000000000000003,6.2,935,52.51,76,0.8,0.2,0,0,0
2017,11,17,7,30,0,0,0,-2.8000000000000003,6,936,53.32,78,0.8,0.2,0,0,0
2017,11,17,8,30,445,24,62,-2.6,7,936,50.54,82,0.8,0.2,24,445,62
2017,11,17,9,30,740,46,230,-0.5,9.200000000000001,936,50.550000000000004,86,0.8,0.2,46,740,230
2017,11,17,10,30,855,57,385,-1.5,12,936,39.02,77,0.7000000000000001,0.2,57,855,385
2017,11,17,11,30,912,64,500,-1.3,15.3,936,32.14,44,0.9,0.2,64,912,500
2017,11,17,12,30,931,66,557,-1.7000000000000002,18.1,935,26.080000000000002,19,1.4000000000000001,0.2,66,931,557
2017,11,17,13,30,934,65,556,-1.7000000000000002,19.3,935,24.21,15,1.7000000000000002,0.2,65,934,556
2017,11,17,14,30,909,62,494,-1.6,19.6,934,23.92,13,1.7000000000000002,0.2,62,909,494
2017,11,17,15,30,237,156,245,-1.5,19.1,934,24.82,11,1.6,0.2,56,851,378
2017,11,17,16,30,711,48,219,-0.7000000000000001,16.900000000000002,934,30.26,6,1.2000000000000002,0.2,48,711,219
2017,11,17,17,30,390,23,53,4,13.9,934,51.36,4,1,0.2,23,390,53
2017,11,17,18,30,0,0,0,0.9,12.100000000000001,934,46.18,6,1.2000000000000002,0.2,0,0,0
2017,11,17,19,30,0,0,0,0.4,11.200000000000001,935,47.300000000000004,14,1.2000000000000002,0.2,0,0,0
2017,11,17,20,30,0,0,0,0,10.5,935,48.13,25,1.1,0.2,0,0,0
2017,11,17,21,30,0,0,0,-0.4,9.8,935,49.08,40,1.1,0.2,0,0,0
2017,11,17,22,30,0,0,0,-0.7000000000000001,9.4,935,49.34,53,1.1,0.2,0,0,0
2017,11,17,23,30,0,0,0,-0.9,9,935,49.75,64,1.1,0.2,0,0,0
2017,11,18,0,30,0,0,0,-1.2000000000000002,8.9,935,49.32,68,1.1,0.2,0,0,0
2017,11,18,1,30,0,0,0,-1.3,8.4,935,50.480000000000004,78,1.1,0.2,0,0,0
2017,11,18,2,30,0,0,0,-1.3,7.9,935,52.1,81,1.1,0.2,0,0,0
2017,11,18,3,30,0,0,0,-1.3,7.300000000000001,935,54.410000000000004,82,1.1,0.2,0,0,0
2017,11,18,4,30,0,0,0,-1.3,6.9,934,55.730000000000004,85,1.1,0.2,0,0,0
2017,11,18,5,30,0,0,0,-1.4000000000000001,6.5,934,56.980000000000004,92,1.1,0.2,0,0,0
2017,11,18,6,30,0,0,0,-1.5,6.2,934,57.97,102,1.1,0.2,0,0,0
2017,11,18,7,30,0,0,0,-1.5,6.1000000000000005,934,58.18,111,1.1,0.2,0,0,0
2017,11,18,8,30,388,25,56,-1.3,7.2,935,54.67,115,0.9,0.2,25,388,56
2017,11,18,9,30,698,50,221,1.2000000000000002,9.4,935,56.64,113,1,0.2,50,698,221
2017,11,18,10,30,31,147,159,0,11.600000000000001,935,44.9,105,1.1,0.2,64,823,376
2017,11,18,11,30,882,71,490,0.1,14.200000000000001,935,38.15,90,0.8,0.2,71,882,490
2017,11,18,12,30,906,75,549,-0.7000000000000001,16.8,935,30.35,71,0.7000000000000001,0.2,75,906,549
2017,11,18,13,30,915,73,551,-1.7000000000000002,18.400000000000002,934,25.57,41,0.9,0.2,73,915,551
2017,11,18,14,30,890,70,490,-2.1,19,934,23.88,20,1.2000000000000002,0.2,70,890,490
2017,11,18,15,30,834,61,374,-2.2,18.7,934,24.13,16,1.2000000000000002,0.2,61,834,374
2017,11,18,16,30,710,48,218,0.4,16.900000000000002,934,32.63,12,1,0.2,48,710,218
2017,11,18,17,30,396,23,52,3.4000000000000004,14.4,934,47.46,10,1,0.2,23,396,52
2017,11,18,18,30,0,0,0,-0.2,12.9,934,40.45,13,1.1,0.2,0,0,0
2017,11,18,19,30,0,0,0,-0.7000000000000001,12.100000000000001,935,41.28,21,1,0.2,0,0,0
2017,11,18,20,30,0,0,0,-0.9,11.4,935,42.45,34,1,0.2,0,0,0
2017,11,18,21,30,0,0,0,-1.1,10.5,935,44.53,48,1.1,0.2,0,0,0
2017,11,18,22,30,0,0,0,-1.2000000000000002,9.600000000000001,935,46.92,57,1.1,0.2,0,0,0
2017,11,18,23,30,0,0,0,-1.2000000000000002,8.5,935,50.370000000000005,62,1.2000000000000002,0.2,0,0,0
2017,11,19,0,30,0,0,0,-1.2000000000000002,8,935,52.06,65,1.3,0.2,0,0,0
2017,11,19,1,30,0,0,0,-1.2000000000000002,6.5,935,58.08,82,1.3,0.2,0,0,0
2017,11,19,2,30,0,0,0,-1,5.6000000000000005,935,62.550000000000004,93,1.4000000000000001,0.2,0,0,0
2017,11,19,3,30,0,0,0,-0.8,4.800000000000001,935,67.19,102,1.4000000000000001,0.2,0,0,0
2017,11,19,4,30,0,0,0,-0.5,4.3,935,71.24,111,1.4000000000000001,0.2,0,0,0
2017,11,19,5,30,0,0,0,-0.1,3.8000000000000003,935,75.67,118,1.4000000000000001,0.2,0,0,0
2017,11,19,6,30,0,0,0,0.2,3.4000000000000004,935,79.84,122,1.4000000000000001,0.2,0,0,0
2017,11,19,7,30,0,0,0,0.5,3.4000000000000004,936,81.46000000000001,125,1.3,0.2,0,0,0
2017,11,19,8,30,432,23,57,0.7000000000000001,5.5,936,71.39,124,1.4000000000000001,0.2,23,432,57
2017,11,19,9,30,743,46,225,1.6,9,937,59.93,120,1.7000000000000002,0.2,46,743,225
2017,11,19,10,30,859,59,382,1.3,12.200000000000001,937,47.18,116,1.6,0.2,59,859,382
2017,11,19,11,30,919,65,498,0.7000000000000001,15.5,937,36.46,114,1.1,0.2,65,919,498
2017,11,19,12,30,944,68,559,-1,18,936,27.6,123,0.9,0.2,68,944,559
2017,11,19,13,30,941,69,557,-2.2,19.400000000000002,936,23.13,148,0.7000000000000001,0.2,69,941,557
2017,11,19,14,30,917,65,495,-2.6,19.700000000000003,935,22.03,182,0.6000000000000001,0.2,65,917,495
2017,11,19,15,30,858,58,378,-2.7,19.3,935,22.46,237,0.6000000000000001,0.2,58,858,378
2017,11,19,16,30,730,47,220,-1.1,17.400000000000002,935,28.51,297,0.6000000000000001,0.2,47,730,220
2017,11,19,17,30,402,23,52,2,14.3,935,43.29,334,0.9,0.2,23,402,52
2017,11,19,18,30,0,0,0,-0.2,11.600000000000001,936,44.31,174,1.2000000000000002,0.2,0,0,0
2017,11,19,19,30,0,0,0,-0.1,9.8,937,50.21,12,1.3,0.2,0,0,0
2017,11,19,20,30,0,0,0,-0.2,8.4,937,54.72,29,1.3,0.2,0,0,0
2017,11,19,21,30,0,0,0,-0.5,7.5,937,56.92,46,1.3,0.2,0,0,0
2017,11,19,22,30,0,0,0,-0.9,7,938,57.29,63,1.3,0.2,0,0,0
2017,11,19,23,30,0,0,0,-1.3,6.9,937,55.79,77,1.3,0.2,0,0,0
2017,11,20,0,30,0,0,0,-1.7000000000000002,6.9,937,54.22,84,1.3,0.2,0,0,0
2017,11,20,1,30,0,0,0,-2,7.4,937,51.2,100,1.2000000000000002,0.2,0,0,0
2017,11,20,2,30,0,0,0,-2.2,7.5,937,50.050000000000004,105,1.1,0.2,0,0,0
2017,11,20,3,30,0,0,0,-2.4000000000000004,7.4,937,49.86,106,1,0.2,0,0,0
2017,11,20,4,30,0,0,0,-2.5,7,937,50.77,103,1,0.2,0,0,0
2017,11,20,5,30,0,0,0,-2.5,6.5,938,52.56,100,1,0.2,0,0,0
2017,11,20,6,30,0,0,0,-2.5,6.1000000000000005,938,54,100,1.1,0.2,0,0,0
2017,11,20,7,30,0,0,0,-2.5,5.9,938,54.72,104,1.1,0.2,0,0,0
2017,11,20,8,30,415,23,54,-2.4000000000000004,7.1000000000000005,938,50.92,111,1.1,0.2,23,415,54
2017,11,20,9,30,736,46,221,0.4,9.9,939,51.69,117,1.2000000000000002,0.2,46,736,221
2017,11,20,10,30,861,58,378,-1.4000000000000001,13.100000000000001,939,36.6,124,1.1,0.2,58,861,378
2017,11,20,11,30,919,64,494,-1.3,16.7,939,29.240000000000002,191,1,0.2,64,919,494
2017,11,20,12,30,943,67,555,-2.2,19.1,939,23.55,258,1.5,0.2,67,943,555
2017,11,20,13,30,947,66,554,-2.4000000000000004,20,938,21.900000000000002,266,1.8,0.2,66,947,554
2017,11,20,14,30,923,63,493,-2.6,20.1,937,21.52,272,1.8,0.2,63,923,493
2017,11,20,15,30,864,57,376,-2.7,19.6,937,22.07,279,1.4000000000000001,0.2,57,864,376
2017,11,20,16,30,724,47,217,-0.4,17.7,937,29.44,291,0.9,0.2,47,724,217
2017,11,20,17,30,392,23,50,2.4000000000000004,15.600000000000001,937,41.050000000000004,310,0.7000000000000001,0.2,23,392,50
2017,11,20,18,30,0,0,0,-1.3,14.600000000000001,937,33.56,340,0.6000000000000001,0.2,0,0,0
2017,11,20,19,30,0,0,0,-1.9000000000000001,13.700000000000001,938,34.05,202,0.6000000000000001,0.2,0,0,0
2017,11,20,20,30,0,0,0,-2,12.200000000000001,938,37.31,60,0.8,0.2,0,0,0
2017,11,20,21,30,0,0,0,-1.7000000000000002,10.8,938,41.71,83,1,0.2,0,0,0
2017,11,20,22,30,0,0,0,-1.7000000000000002,9.8,938,44.7,99,1.1,0.2,0,0,0
2017,11,20,23,30,0,0,0,-1.8,9.1,938,46.410000000000004,112,1.1,0.2,0,0,0
2017,11,21,0,30,0,0,0,-2,8.9,938,46.47,118,1.1,0.2,0,0,0
2017,11,21,1,30,0,0,0,-2.1,8.3,938,47.94,138,1.1,0.2,0,0,0
2017,11,21,2,30,0,0,0,-2.1,7.9,938,49.08,149,1.1,0.2,0,0,0
2017,11,21,3,30,0,0,0,-2.1,7.5,937,50.43,156,1,0.2,0,0,0
2017,11,21,4,30,0,0,0,-2.2,7.300000000000001,937,50.96,156,1,0.2,0,0,0
2017,11,21,5,30,0,0,0,-2.2,7.1000000000000005,937,51.43,145,0.9,0.2,0,0,0
2017,11,21,6,30,0,0,0,-2.3000000000000003,6.800000000000001,937,52.300000000000004,130,0.9,0.2,0,0,0
2017,11,21,7,30,0,0,0,-2.3000000000000003,6.5,937,53.33,119,0.9,0.2,0,0,0
2017,11,21,8,30,402,23,51,-2.2,7.4,937,50.4,115,0.8,0.2,23,402,51
2017,11,21,9,30,733,47,219,0.4,9.8,938,52.050000000000004,113,1.1,0.2,47,733,219
2017,11,21,10,30,860,59,377,-1.1,12.8,938,38.17,112,1.1,0.2,59,860,377
2017,11,21,11,30,921,66,493,-0.8,16.2,937,31.310000000000002,161,0.8,0.2,66,921,493
2017,11,21,12,30,946,68,554,-2.6,18.900000000000002,937,23.12,232,1,0.2,68,946,554
2017,11,21,13,30,950,67,554,-3.7,19.8,936,20.23,259,1.4000000000000001,0.2,67,950,554
2017,11,21,14,30,925,64,492,-4,20,935,19.490000000000002,272,1.5,0.2,64,925,492
2017,11,21,15,30,865,58,376,-4,19.400000000000002,935,20.18,282,1.3,0.2,58,865,376
2017,11,21,16,30,735,46,217,-1.6,17.5,935,27.27,293,0.9,0.2,46,735,217
2017,11,21,17,30,398,22,50,1.8,15,935,40.730000000000004,306,0.8,0.2,22,398,50
2017,11,21,18,30,0,0,0,-1.8,13.8,935,33.97,320,0.8,0.2,0,0,0
2017,11,21,19,30,0,0,0,-2.5,13.4,935,33.24,337,0.7000000000000001,0.2,0,0,0
2017,11,21,20,30,0,0,0,-3,12.8,935,33.31,182,0.6000000000000001,0.2,0,0,0
2017,11,21,21,30,0,0,0,-3.4000000000000004,11.8,935,34.31,41,0.7000000000000001,0.2,0,0,0
2017,11,21,22,30,0,0,0,-3.6,10.700000000000001,935,36.56,84,0.8,0.2,0,0,0
2017,11,21,23,30,0,0,0,-3.6,9.700000000000001,934,39.13,115,0.9,0.2,0,0,0
2017,11,22,0,30,0,0,0,-3.5,9.200000000000001,934,40.54,126,1,0.2,0,0,0
2017,11,22,1,30,0,0,0,-3.5,7.9,934,44.300000000000004,144,1.2000000000000002,0.2,0,0,0
2017,11,22,2,30,0,0,0,-3.6,7.300000000000001,933,45.910000000000004,152,1.3,0.2,0,0,0
2017,11,22,3,30,0,0,0,-3.7,6.800000000000001,933,47.29,153,1.3,0.2,0,0,0
2017,11,22,4,30,0,0,0,-3.7,6.4,933,48.28,145,1.3,0.2,0,0,0
2017,11,22,5,30,0,0,0,-3.8000000000000003,6,933,49.25,134,1.3,0.2,0,0,0
2017,11,22,6,30,0,0,0,-4,5.6000000000000005,932,50.21,127,1.3,0.2,0,0,0
2017,11,22,7,30,0,0,0,-4.1000000000000005,5.4,932,50.49,124,1.3,0.2,0,0,0
2017,11,22,8,30,375,23,48,-4,6.5,932,47.18,122,1.2000000000000002,0.2,23,375,48
2017,11,22,9,30,718,48,214,-0.7000000000000001,9.600000000000001,932,48.59,123,1.4000000000000001,0.2,48,718,214
2017,11,22,10,30,851,61,371,-2.9000000000000004,13,932,32.980000000000004,132,1.6,0.2,61,851,371
2017,11,22,11,30,913,67,488,-2.7,16.1,932,27.47,171,1.3,0.2,67,913,488
2017,11,22,12,30,933,70,546,-3.6,18.400000000000002,931,22.25,216,1.6,0.2,70,933,546
2017,11,22,13,30,937,69,546,-3.9000000000000004,19.1,931,20.81,236,2.1,0.2,69,937,546
2017,11,22,14,30,912,65,485,-3.9000000000000004,19.1,930,20.69,244,2.5,0.2,65,912,485
2017,11,22,15,30,858,59,372,-3.9000000000000004,18.400000000000002,930,21.69,247,2.3000000000000003,0.2,59,858,372
2017,11,22,16,30,687,52,210,-2.3000000000000003,15.600000000000001,930,29.23,250,1.6,0.2,52,687,210
2017,11,22,17,30,0,5,5,2.2,12,930,50.980000000000004,250,1.2000000000000002,0.2,24,319,46
2017,11,22,18,30,0,0,0,-0.30000000000000004,10.3,931,47.75,247,1.4000000000000001,0.2,0,0,0
2017,11,22,19,30,0,0,0,-0.8,9.8,931,47.74,240,1.3,0.2,0,0,0
2017,11,22,20,30,0,0,0,-1,9.1,931,49.050000000000004,229,1.3,0.2,0,0,0
2017,11,22,21,30,0,0,0,-1.1,8.3,931,51.410000000000004,217,1.3,0.2,0,0,0
2017,11,22,22,30,0,0,0,-1,7.300000000000001,931,55.54,207,1.4000000000000001,0.2,0,0,0
2017,11,22,23,30,0,0,0,-0.8,6.5,931,59.81,204,1.4000000000000001,0.2,0,0,0
2017,11,23,0,30,0,0,0,-0.5,6.2,931,62.190000000000005,204,1.4000000000000001,0.2,0,0,0
2017,11,23,1,30,0,0,0,-0.30000000000000004,5.6000000000000005,931,65.83,205,1.5,0.2,0,0,0
2017,11,23,2,30,0,0,0,-0.1,5.6000000000000005,931,66.81,204,1.6,0.2,0,0,0
2017,11,23,3,30,0,0,0,0.1,5.6000000000000005,931,67.9,202,1.6,0.2,0,0,0
2017,11,23,4,30,0,0,0,0.2,5.300000000000001,932,69.51,200,1.6,0.2,0,0,0
2017,11,23,5,30,0,0,0,0.2,5.2,932,70.06,196,1.5,0.2,0,0,0
2017,11,23,6,30,0,0,0,0.30000000000000004,5.2,933,70.76,192,1.5,0.2,0,0,0
2017,11,23,7,30,0,0,0,0.4,5.5,933,69.75,188,1.5,0.2,0,0,0
2017,11,23,8,30,0,5,5,0.5,7.2,934,62.64,184,1.6,0.2,26,177,37
2017,11,23,9,30,0,10,10,1.7000000000000002,10.200000000000001,935,55.77,181,2.1,0.2,65,538,187
2017,11,23,10,30,0,51,51,0.8,13.100000000000001,935,42.95,190,2.4000000000000004,0.2,85,699,338
2017,11,23,11,30,47,189,210,0.1,15.9,935,34.11,211,2.3000000000000003,0.2,94,781,451
2017,11,23,12,30,377,203,394,-1.8,17.8,935,26.26,222,2.3000000000000003,0.2,96,816,510
2017,11,23,13,30,387,201,397,-2.5,18.8,935,23.43,221,2.3000000000000003,0.2,98,813,510
2017,11,23,14,30,780,94,450,-2.7,19.1,934,22.78,219,2.4000000000000004,0.2,94,780,450
2017,11,23,15,30,466,116,285,-2.6,18.6,934,23.66,219,2.1,0.2,83,702,338
2017,11,23,16,30,542,64,188,-0.30000000000000004,16.400000000000002,934,32.01,223,1.4000000000000001,0.2,64,542,188
2017,11,23,17,30,0,21,21,3.5,13.700000000000001,935,50.2,228,1.1,0.2,26,170,38
2017,11,23,18,30,0,0,0,1.8,12.4,935,48.43,228,1.2000000000000002,0.2,0,0,0
2017,11,23,19,30,0,0,0,1.7000000000000002,11.8,936,49.81,226,1.2000000000000002,0.2,0,0,0
2017,11,23,20,30,0,0,0,1.6,11.3,936,51.35,219,1.2000000000000002,0.2,0,0,0
2017,11,23,21,30,0,0,0,1.7000000000000002,10.8,936,53.21,211,1.3,0.2,0,0,0
2017,11,23,22,30,0,0,0,1.7000000000000002,10.4,936,54.68,204,1.3,0.2,0,0,0
2017,11,23,23,30,0,0,0,1.7000000000000002,10.100000000000001,936,55.980000000000004,198,1.2000000000000002,0.2,0,0,0
2017,11,24,0,30,0,0,0,1.8,9.9,936,57.230000000000004,195,1.2000000000000002,0.2,0,0,0
2017,11,24,1,30,0,0,0,1.7000000000000002,9.3,936,59.18,196,1.3,0.2,0,0,0
2017,11,24,2,30,0,0,0,1.5,8.8,936,60.39,199,1.3,0.2,0,0,0
2017,11,24,3,30,0,0,0,1.4000000000000001,8.5,936,61.19,198,1.4000000000000001,0.2,0,0,0
2017,11,24,4,30,0,0,0,1.5,8.3,936,62.190000000000005,197,1.4000000000000001,0.2,0,0,0
2017,11,24,5,30,0,0,0,1.5,8,936,63.74,199,1.4000000000000001,0.2,0,0,0
2017,11,24,6,30,0,0,0,1.2000000000000002,7.7,936,63.52,202,1.4000000000000001,0.2,0,0,0
2017,11,24,7,30,0,0,0,1.1,7.4,936,64.19,206,1.4000000000000001,0.2,0,0,0
2017,11,24,8,30,227,24,38,1,8.700000000000001,937,58.620000000000005,200,1.6,0.2,24,227,38
2017,11,24,9,30,601,57,191,2.7,11.700000000000001,937,53.83,189,2.1,0.2,57,601,191
2017,11,24,10,30,163,151,209,1.5,14.700000000000001,937,40.85,199,2.8000000000000003,0.2,74,754,344
2017,11,24,11,30,242,196,306,0.9,17.3,937,33.18,221,3.6,0.2,84,821,457
2017,11,24,12,30,383,200,393,-0.30000000000000004,18.900000000000002,936,27.48,232,4.1000000000000005,0.2,91,844,516
2017,11,24,13,30,488,176,422,-1,19.200000000000003,936,25.66,235,4.1000000000000005,0.2,85,862,519
2017,11,24,14,30,525,145,384,-1,18.8,935,26.150000000000002,237,3.7,0.2,80,835,460
2017,11,24,15,30,252,145,236,-0.6000000000000001,18.1,935,28.19,239,2.8000000000000003,0.2,72,760,346
2017,11,24,16,30,0,13,13,2,15.9,935,39.03,238,1.6,0.2,63,556,189
2017,11,24,17,30,0,20,20,4.4,13.200000000000001,935,55.21,235,1.2000000000000002,0.2,27,170,37
2017,11,24,18,30,0,0,0,2.9000000000000004,11.8,935,54.51,230,1.3,0.2,0,0,0
2017,11,24,19,30,0,0,0,2.4000000000000004,10.9,935,55.68,224,1.3,0.2,0,0,0
2017,11,24,20,30,0,0,0,2.1,10,936,57.980000000000004,222,1.4000000000000001,0.2,0,0,0
2017,11,24,21,30,0,0,0,1.9000000000000001,9.3,936,60.07,224,1.4000000000000001,0.2,0,0,0
2017,11,24,22,30,0,0,0,1.9000000000000001,8.9,936,61.59,225,1.4000000000000001,0.2,0,0,0
2017,11,24,23,30,0,0,0,2,8.6,936,63.34,222,1.4000000000000001,0.2,0,0,0
2017,11,25,0,30,0,0,0,2.1,8.5,936,64.05,222,1.4000000000000001,0.2,0,0,0
2017,11,25,1,30,0,0,0,2.1,8,936,66.26,218,1.4000000000000001,0.2,0,0,0
2017,11,25,2,30,0,0,0,2,7.6000000000000005,936,67.88,213,1.4000000000000001,0.2,0,0,0
2017,11,25,3,30,0,0,0,2,7.2,936,69.62,209,1.4000000000000001,0.2,0,0,0
2017,11,25,4,30,0,0,0,2.1,7,936,71.08,202,1.4000000000000001,0.2,0,0,0
2017,11,25,5,30,0,0,0,2.2,6.9,935,72.25,195,1.4000000000000001,0.2,0,0,0
2017,11,25,6,30,0,0,0,2.4000000000000004,6.800000000000001,936,73.47,192,1.4000000000000001,0.2,0,0,0
2017,11,25,7,30,0,0,0,2.5,7,936,72.91,192,1.4000000000000001,0.2,0,0,0
2017,11,25,8,30,0,3,3,2.7,8.5,936,66.81,193,1.5,0.2,25,105,31
2017,11,25,9,30,0,13,13,3.8000000000000003,11,936,61.09,192,2.2,0.2,71,473,175
2017,11,25,10,30,0,25,25,3.4000000000000004,13.4,936,50.86,196,2.7,0.2,94,645,323
2017,11,25,11,30,0,20,20,3.3000000000000003,15.700000000000001,936,43.4,218,3.2,0.2,105,725,432
2017,11,25,12,30,0,27,27,2,17.5,936,35.42,242,4.1000000000000005,0.2,114,755,492
2017,11,25,13,30,0,23,23,1.1,18,936,32.09,251,4.7,0.2,103,786,496
2017,11,25,14,30,0,42,42,1.2000000000000002,17.6,935,33.2,257,4.800000000000001,0.2,98,750,437
2017,11,25,15,30,0,31,31,2.1,16.7,935,37.42,264,4.1000000000000005,0.2,85,671,325
2017,11,25,16,30,0,50,50,3.5,14.9,936,46.410000000000004,274,2.7,0.2,64,515,179
2017,11,25,17,30,0,3,3,5.300000000000001,12.700000000000001,936,60.82,288,1.6,0.2,25,164,35
2017,11,25,18,30,0,0,0,6,11.3,937,69.8,302,1.2000000000000002,0.2,0,0,0
2017,11,25,19,30,0,0,0,6.4,10.9,937,73.97,315,1,0.2,0,0,0
2017,11,25,20,30,0,0,0,6.800000000000001,10.600000000000001,937,77.13,328,0.9,0.2,0,0,0
2017,11,25,21,30,0,0,0,6.9,10.3,938,79.5,336,0.8,0.2,0,0,0
2017,11,25,22,30,0,0,0,6.9,9.700000000000001,938,82.9,343,0.9,0.2,0,0,0
2017,11,25,23,30,0,0,0,6.9,8.8,938,87.9,353,0.9,0.2,0,0,0
2017,11,26,0,30,0,0,0,6.800000000000001,8.4,938,89.46000000000001,360,1,0.2,0,0,0
2017,11,26,1,30,0,0,0,6.5,7.1000000000000005,939,95.77,14,1.2000000000000002,0.19,0,0,0
2017,11,26,2,30,0,0,0,5.9,6.300000000000001,939,97.59,25,1.5,0.19,0,0,0
2017,11,26,3,30,0,0,0,5.2,5.6000000000000005,939,97.13,35,1.7000000000000002,0.19,0,0,0
2017,11,26,4,30,0,0,0,4.3,5,939,95.39,42,1.9000000000000001,0.19,0,0,0
2017,11,26,5,30,0,0,0,3.6,4.4,939,94.47,44,1.9000000000000001,0.19,0,0,0
2017,11,26,6,30,0,0,0,3,3.9000000000000004,940,94.14,43,2,0.19,0,0,0
2017,11,26,7,30,0,0,0,2.6,3.6,941,93.19,42,2.1,0.19,0,0,0
2017,11,26,8,30,0,9,9,2.2,4.6000000000000005,941,84.39,41,2.7,0.19,21,259,35
2017,11,26,9,30,0,33,33,2,7.1000000000000005,942,69.86,40,3.1,0.19,51,645,191
2017,11,26,10,30,153,148,202,1.9000000000000001,10.200000000000001,943,56.26,41,3,0.19,63,810,348
2017,11,26,11,30,374,172,340,1.5,13,943,45.62,42,2.8000000000000003,0.19,69,884,465
2017,11,26,12,30,449,182,405,1.5,14.600000000000001,942,41.06,34,2.6,0.19,70,924,530
2017,11,26,13,30,202,225,325,0.9,15.4,942,37.36,25,2.6,0.19,67,941,536
2017,11,26,14,30,567,131,386,-0.2,15.4,941,34.39,20,2.6,0.19,63,921,477
2017,11,26,15,30,874,55,366,-1.5,14.9,941,32.28,18,2.5,0.19,55,874,366
2017,11,26,16,30,145,86,118,-2.7,12.5,941,34.6,16,1.8,0.19,46,729,208
2017,11,26,17,30,0,21,21,-0.4,8.8,942,52.620000000000005,17,1.2000000000000002,0.19,21,397,45
2017,11,26,18,30,0,0,0,-2.3000000000000003,6.300000000000001,942,54.230000000000004,22,1.3,0.19,0,0,0
2017,11,26,19,30,0,0,0,-3.5,5.2,942,53.6,31,1.4000000000000001,0.19,0,0,0
2017,11,26,20,30,0,0,0,-4.1000000000000005,4.4,942,53.94,42,1.4000000000000001,0.19,0,0,0
2017,11,26,21,30,0,0,0,-4.3,3.9000000000000004,942,54.910000000000004,51,1.4000000000000001,0.19,0,0,0
2017,11,26,22,30,0,0,0,-4.2,3.7,942,56.25,58,1.3,0.19,0,0,0
2017,11,26,23,30,0,0,0,-3.7,3.7,942,58.36,65,1.3,0.19,0,0,0
2017,11,27,0,30,0,0,0,-2.9000000000000004,3.7,942,61.92,69,1.2000000000000002,0.19,0,0,0
2017,11,27,1,30,0,0,0,-2,3.6,941,66.56,84,1.2000000000000002,0.19,0,0,0
2017,11,27,2,30,0,0,0,-0.8,3.9000000000000004,941,71.36,98,1.1,0.19,0,0,0
2017,11,27,3,30,0,0,0,0.5,4.2,941,77.06,115,1,0.19,0,0,0
2017,11,27,4,30,0,0,0,1.6,4.4,941,81.75,135,0.9,0.19,0,0,0
2017,11,27,5,30,0,0,0,2.3000000000000003,4.4,941,86.15,151,0.9,0.19,0,0,0
2017,11,27,6,30,0,0,0,2.8000000000000003,4.2,942,90.77,160,1,0.19,0,0,0
2017,11,27,7,30,0,0,0,3.3000000000000003,4.1000000000000005,942,94.53,162,1,0.19,0,0,0
2017,11,27,8,30,0,7,7,3.8000000000000003,5.1000000000000005,942,91.09,166,1.1,0.19,20,265,34
2017,11,27,9,30,0,40,40,4.4,7.4,942,81.24,182,1.5,0.19,50,638,187
2017,11,27,10,30,20,131,138,4.1000000000000005,10,942,66.64,213,1.9000000000000001,0.19,66,787,340
2017,11,27,11,30,229,192,294,3.1,12.5,942,52.83,237,2.1,0.19,74,852,453
2017,11,27,12,30,92,220,266,2.3000000000000003,14.200000000000001,941,44.7,244,2.3000000000000003,0.19,78,880,513
2017,11,27,13,30,397,193,390,2.3000000000000003,15.200000000000001,940,41.94,248,2.4000000000000004,0.19,78,882,515
2017,11,27,14,30,233,194,298,2.5,15.5,940,41.59,253,2.5,0.19,75,849,455
2017,11,27,15,30,110,149,188,2.7,15.3,939,42.88,257,2.3000000000000003,0.19,67,775,342
2017,11,27,16,30,108,86,110,3.4000000000000004,13.600000000000001,939,50.04,260,1.5,0.19,53,624,191
2017,11,27,17,30,14,21,22,5,11.600000000000001,939,64.13,259,0.9,0.19,22,258,38
2017,11,27,18,30,0,0,0,3.9000000000000004,10.700000000000001,939,62.85,254,0.9,0.19,0,0,0
2017,11,27,19,30,0,0,0,3.7,10.100000000000001,939,64.7,251,0.8,0.19,0,0,0
2017,11,27,20,30,0,0,0,3.9000000000000004,8.8,939,71.24,250,1,0.19,0,0,0
2017,11,27,21,30,0,0,0,4.4,7.4,939,81.10000000000001,250,1.2000000000000002,0.19,0,0,0
2017,11,27,22,30,0,0,0,5.1000000000000005,6.300000000000001,939,92.31,249,1.3,0.19,0,0,0
2017,11,27,23,30,0,0,0,5.800000000000001,5.800000000000001,939,100,248,1.4000000000000001,0.19,0,0,0
2017,11,28,0,30,0,0,0,5.7,5.7,938,100,247,1.5,0.19,0,0,0
2017,11,28,1,30,0,0,0,6.2,6.2,938,100,238,1.6,0.19,0,0,0
2017,11,28,2,30,0,0,0,6.9,6.9,937,100,233,1.7000000000000002,0.19,0,0,0
2017,11,28,3,30,0,0,0,7.4,7.4,937,100,233,1.8,0.19,0,0,0
2017,11,28,4,30,0,0,0,7.5,7.5,936,100,234,1.8,0.19,0,0,0
2017,11,28,5,30,0,0,0,7.5,7.5,936,100,230,1.7000000000000002,0.19,0,0,0
2017,11,28,6,30,0,0,0,7.6000000000000005,7.6000000000000005,936,100,225,1.6,0.19,0,0,0
2017,11,28,7,30,0,0,0,7.800000000000001,7.800000000000001,935,99.74000000000001,218,1.6,0.19,0,0,0
2017,11,28,8,30,0,4,4,7.9,8.3,935,97.45,213,1.8,0.19,20,44,23
2017,11,28,9,30,0,9,9,8.3,9.200000000000001,935,94.24,217,2.1,0.19,78,362,155
2017,11,28,10,30,0,15,15,8.8,10.3,935,90.55,225,2.3000000000000003,0.19,108,544,296
2017,11,28,11,30,0,29,29,9.4,11.4,934,87.31,233,2.6,0.19,126,628,403
2017,11,28,12,30,0,32,32,9.700000000000001,12.100000000000001,934,84.99,239,2.9000000000000004,0.19,139,649,459
2017,11,28,13,30,0,68,68,9.600000000000001,12.3,933,83.45,241,2.9000000000000004,0.19,141,647,460
2017,11,28,14,30,0,22,22,9.4,12.200000000000001,932,82.91,239,2.6,0.19,144,581,402
2017,11,28,15,30,0,40,40,9.4,11.9,931,84.5,231,2.1,0.19,131,465,295
2017,11,28,16,30,0,13,13,9.700000000000001,11.100000000000001,930,90.91,220,1.4000000000000001,0.19,94,289,157
2017,11,28,17,30,0,4,4,9.8,10.200000000000001,930,97.66,216,1.1,0.19,24,38,27
2017,11,28,18,30,0,0,0,9.600000000000001,9.700000000000001,929,99.26,218,1.2000000000000002,0.19,0,0,0
2017,11,28,19,30,0,0,0,9.5,9.5,929,100,218,1.3,0.19,0,0,0
2017,11,28,20,30,0,0,0,9.3,9.3,928,100,215,1.2000000000000002,0.19,0,0,0
2017,11,28,21,30,0,0,0,9.200000000000001,9.200000000000001,928,99.98,211,1.2000000000000002,0.19,0,0,0
2017,11,28,22,30,0,0,0,9.1,9.4,927,98.07000000000001,212,1.8,0.19,0,0,0
2017,11,28,23,30,0,0,0,9.1,9.700000000000001,926,96.17,219,2.7,0.19,0,0,0
2017,11,29,0,30,0,0,0,9.200000000000001,9.8,926,96.24000000000001,221,3.1,0.19,0,0,0
2017,11,29,1,30,0,0,0,9.5,10,924,96.59,228,3.8000000000000003,0.19,0,0,0
2017,11,29,2,30,0,0,0,9.9,10.3,923,97.41,233,3.9000000000000004,0.19,0,0,0
2017,11,29,3,30,0,0,0,10.4,10.600000000000001,923,98.69,238,3.9000000000000004,0.19,0,0,0
2017,11,29,4,30,0,0,0,10.700000000000001,10.8,922,99.60000000000001,245,3.6,0.19,0,0,0
2017,11,29,5,30,0,0,0,10.700000000000001,10.700000000000001,921,100,253,3.3000000000000003,0.19,0,0,0
2017,11,29,6,30,0,0,0,10.3,10.3,921,100,269,3.1,0.19,0,0,0
2017,11,29,7,30,0,0,0,9.5,9.5,921,100,296,3,0.19,0,0,0
2017,11,29,8,30,0,3,3,8.6,8.6,922,100,325,3,0.19,18,186,27
2017,11,29,9,30,0,9,9,7.6000000000000005,8.3,922,95.63,171,3,0.19,52,569,170
2017,11,29,10,30,0,24,24,6.6000000000000005,9,922,85.2,7,2.9000000000000004,0.19,70,725,318
2017,11,29,11,30,0,140,140,6.2,10.700000000000001,923,73.65,10,2.7,0.19,80,809,434
2017,11,29,12,30,0,123,123,5.6000000000000005,12.200000000000001,922,64.04,179,2.7,0.19,84,848,499
2017,11,29,13,30,0,69,69,4.800000000000001,13.200000000000001,922,56.85,346,2.7,0.19,85,848,502
2017,11,29,14,30,0,35,35,4,13.4,922,53.11,337,2.8000000000000003,0.19,80,831,449
2017,11,29,15,30,3,121,122,3.2,13,922,51.27,334,2.8000000000000003,0.19,70,770,340
2017,11,29,16,30,0,13,13,2.4000000000000004,11.200000000000001,922,54.61,339,2.1,0.19,56,612,190
2017,11,29,17,30,242,23,37,3.3000000000000003,8.4,922,70.10000000000001,352,1.5,0.19,23,242,37
2017,11,29,18,30,0,0,0,2.1,6.4,923,74.17,185,1.6,0.19,0,0,0
2017,11,29,19,30,0,0,0,1,5.5,923,72.98,15,2.1,0.19,0,0,0
2017,11,29,20,30,0,0,0,0,4.7,924,71.59,22,2.5,0.19,0,0,0
2017,11,29,21,30,0,0,0,-0.9,3.8000000000000003,924,71.44,29,2.7,0.19,0,0,0
2017,11,29,22,30,0,0,0,-1.4000000000000001,3,925,72.60000000000001,35,2.8000000000000003,0.19,0,0,0
2017,11,29,23,30,0,0,0,-1.8,2.4000000000000004,925,74.06,41,2.9000000000000004,0.19,0,0,0
2017,11,30,0,30,0,0,0,-1.9000000000000001,2.1,925,74.7,44,3,0.19,0,0,0
2017,11,30,1,30,0,0,0,-1.9000000000000001,1.4000000000000001,926,78.4,47,3.2,0.19,0,0,0
2017,11,30,2,30,0,0,0,-1.9000000000000001,0.9,926,81.81,46,3.1,0.19,0,0,0
2017,11,30,3,30,0,0,0,-1.7000000000000002,0.4,926,85.81,43,3.1,0.19,0,0,0
2017,11,30,4,30,0,0,0,-1.6,0,926,89.16,39,3.1,0.19,0,0,0
2017,11,30,5,30,0,0,0,-1.5,-0.5,926,92.7,36,3.2,0.19,0,0,0
2017,11,30,6,30,0,0,0,-1.6,-1,927,95.82000000000001,34,3.3000000000000003,0.19,0,0,0
2017,11,30,7,30,0,0,0,-1.7000000000000002,-1.3,927,96.98,32,3.4000000000000004,0.19,0,0,0
2017,11,30,8,30,333,17,31,-1.9000000000000001,-0.6000000000000001,928,91.18,31,3.8000000000000003,0.19,17,333,31
2017,11,30,9,30,720,42,190,-1.8,1.8,928,77.03,33,4.5,0.19,42,720,190
2017,11,30,10,30,875,53,351,-2.1,4.7,929,61.34,37,5.1000000000000005,0.19,53,875,351
2017,11,30,11,30,941,59,469,-3.9000000000000004,7,929,45.94,36,5.2,0.19,59,941,469
2017,11,30,12,30,970,61,533,-5.800000000000001,8.5,929,35.88,30,5.2,0.19,61,970,533
2017,11,30,13,30,973,60,535,-7.2,9.3,929,30.38,26,5.2,0.19,60,973,535
2017,11,30,14,30,964,56,482,-8.3,9.5,929,27.72,22,5.2,0.19,56,964,482
2017,11,30,15,30,909,50,367,-8.700000000000001,9.1,929,27.43,19,5.1000000000000005,0.19,50,909,367
2017,11,30,16,30,786,39,210,-8.8,7.6000000000000005,930,30.330000000000002,16,4.1000000000000005,0.19,39,786,210
2017,11,30,17,30,452,18,44,-7.4,4.7,931,41.13,10,2.9000000000000004,0.19,18,452,44
2017,11,30,18,30,0,0,0,-6.2,2.7,932,51.9,8,2.6,0.19,0,0,0
2017,11,30,19,30,0,0,0,-6.1000000000000005,1.9000000000000001,933,55.51,10,2.7,0.19,0,0,0
2017,11,30,20,30,0,0,0,-5.9,1.1,933,59.550000000000004,13,2.6,0.19,0,0,0
2017,11,30,21,30,0,0,0,-5.800000000000001,0.1,934,64.44,16,2.3000000000000003,0.19,0,0,0
2017,11,30,22,30,0,0,0,-5.800000000000001,-0.8,934,68.91,19,1.9000000000000001,0.19,0,0,0
2017,11,30,23,30,0,0,0,-5.7,-1.5,935,72.86,21,1.5,0.19,0,0,0
2017,12,1,0,30,0,0,0,-5.6000000000000005,-1.8,935,75.09,22,1.4000000000000001,0.19,0,0,0
2017,12,1,1,30,0,0,0,-5.4,-2.1,935,78.29,19,1.2000000000000002,0.18,0,0,0
2017,12,1,2,30,0,0,0,-5,-2,935,79.84,14,1.1,0.18,0,0,0
2017,12,1,3,30,0,0,0,-4.7,-1.8,934,80.81,8,1,0.18,0,0,0
2017,12,1,4,30,0,0,0,-4.3,-1.7000000000000002,934,82.28,177,0.9,0.18,0,0,0
2017,12,1,5,30,0,0,0,-4.1000000000000005,-1.8,934,84.23,336,0.9,0.18,0,0,0
2017,12,1,6,30,0,0,0,-4,-2.2,934,87.58,312,1,0.18,0,0,0
2017,12,1,7,30,0,0,0,-3.9000000000000004,-2.4000000000000004,934,89.39,293,1.1,0.18,0,0,0
2017,12,1,8,30,315,16,28,-3.8000000000000003,-1,933,81.16,281,1.6,0.18,16,315,28
2017,12,1,9,30,701,41,183,-3.3000000000000003,1.8,933,68.82000000000001,272,2.3000000000000003,0.18,41,701,183
2017,12,1,10,30,845,54,338,-3,5,933,56.160000000000004,278,3.4000000000000004,0.18,54,845,338
2017,12,1,11,30,912,60,454,-2.3000000000000003,7.800000000000001,933,48.730000000000004,289,4.5,0.18,60,912,454
2017,12,1,12,30,943,61,517,-2.7,9.200000000000001,932,43.04,290,5,0.18,61,943,517
2017,12,1,13,30,947,60,520,-3.1,9.9,931,39.81,291,5.4,0.18,60,947,520
2017,12,1,14,30,917,57,460,-3.3000000000000003,10.100000000000001,930,38.93,294,5.7,0.18,57,917,460
2017,12,1,15,30,150,146,198,-2.9000000000000004,9.600000000000001,930,41.33,300,5.800000000000001,0.18,54,849,349
2017,12,1,16,30,72,83,99,-1.9000000000000001,8.1,931,49.43,311,5.4,0.18,51,643,190
2017,12,1,17,30,0,16,16,-0.5,6.2,932,62.39,328,4.7,0.18,23,221,36
2017,12,1,18,30,0,0,0,-0.1,4.4,933,72.72,170,4.4,0.18,0,0,0
2017,12,1,19,30,0,0,0,-1.4000000000000001,2.8000000000000003,934,73.82000000000001,7,3.9000000000000004,0.18,0,0,0
2017,12,1,20,30,0,0,0,-3.5,1.1,935,71.49,12,3.1,0.18,0,0,0
2017,12,1,21,30,0,0,0,-4.6000000000000005,-0.2,935,72.33,7,2.6,0.18,0,0,0
2017,12,1,22,30,0,0,0,-5,-1.3,936,76.15,180,2.3000000000000003,0.18,0,0,0
2017,12,1,23,30,0,0,0,-5.1000000000000005,-2.2,936,80.76,357,2.2,0.18,0,0,0
2017,12,2,0,30,0,0,0,-5.1000000000000005,-2.6,936,83.05,356,2.1,0.18,0,0,0
2017,12,2,1,30,0,0,0,-5.1000000000000005,-3.6,936,89.53,358,1.9000000000000001,0.19,0,0,0
2017,12,2,2,30,0,0,0,-5,-4.1000000000000005,937,93.37,357,1.7000000000000002,0.19,0,0,0
2017,12,2,3,30,0,0,0,-4.9,-4.5,937,96.94,356,1.6,0.19,0,0,0
2017,12,2,4,30,0,0,0,-4.7,-4.6000000000000005,937,99.12,357,1.6,0.19,0,0,0
2017,12,2,5,30,0,0,0,-4.7,-4.7,936,100,359,1.5,0.19,0,0,0
2017,12,2,6,30,0,0,0,-4.6000000000000005,-4.6000000000000005,937,100,359,1.4000000000000001,0.19,0,0,0
2017,12,2,7,30,0,0,0,-4.4,-4.4,937,100,357,1.3,0.19,0,0,0
2017,12,2,8,30,302,15,26,-4,-2.7,937,90.87,356,1.8,0.19,15,302,26
2017,12,2,9,30,691,42,179,-3.6,0.2,937,75.56,354,2.4000000000000004,0.19,42,691,179
2017,12,2,10,30,827,56,332,-3.1,3.3000000000000003,938,62.92,179,3.3000000000000003,0.19,56,827,332
2017,12,2,11,30,894,63,448,-2.8000000000000003,5.6000000000000005,937,54.74,3,4.1000000000000005,0.19,63,894,448
2017,12,2,12,30,923,67,511,-3.2,6.5,937,50.04,179,4,0.19,67,923,511
2017,12,2,13,30,929,66,515,-3.8000000000000003,6.9,937,46.35,352,3.9000000000000004,0.19,66,929,515
2017,12,2,14,30,904,62,458,-4.3,6.9,936,44.59,347,3.8000000000000003,0.19,62,904,458
2017,12,2,15,30,91,145,176,-4.6000000000000005,6.6000000000000005,936,44.730000000000004,344,3.7,0.19,56,840,347
2017,12,2,16,30,702,44,195,-4.5,5.300000000000001,936,49.21,343,2.9000000000000004,0.19,44,702,195
2017,12,2,17,30,0,14,14,-3.6,2.9000000000000004,936,62.1,343,2,0.19,19,346,38
2017,12,2,18,30,0,0,0,-3.7,1.3,937,69.48,343,2,0.19,0,0,0
2017,12,2,19,30,0,0,0,-3.7,0.9,937,71.28,343,2.2,0.19,0,0,0
2017,12,2,20,30,0,0,0,-3.6,0.30000000000000004,937,74.98,344,2.2,0.19,0,0,0
2017,12,2,21,30,0,0,0,-3.4000000000000004,-0.2,938,79.01,344,2.3000000000000003,0.19,0,0,0
2017,12,2,22,30,0,0,0,-3.1,-0.7000000000000001,938,83.62,348,2.4000000000000004,0.19,0,0,0
2017,12,2,23,30,0,0,0,-2.8000000000000003,-1.2000000000000002,938,88.76,355,2.4000000000000004,0.19,0,0,0
2017,12,3,0,30,0,0,0,-2.5,-1.6,938,93.24,359,2.3000000000000003,0.19,0,0,0
2017,12,3,1,30,0,0,0,-2.3000000000000003,-2.3000000000000003,938,99.72,7,2.4000000000000004,0.19,0,0,0
2017,12,3,2,30,0,0,0,-2.7,-2.7,939,100,10,2.5,0.19,0,0,0
2017,12,3,3,30,0,0,0,-3,-3,939,100,10,2.5,0.19,0,0,0
2017,12,3,4,30,0,0,0,-3.4000000000000004,-3.4000000000000004,939,100,9,2.5,0.19,0,0,0
2017,12,3,5,30,0,0,0,-3.8000000000000003,-3.8000000000000003,939,100,8,2.3000000000000003,0.19,0,0,0
2017,12,3,6,30,0,0,0,-4.1000000000000005,-4.1000000000000005,939,100,6,2.2,0.19,0,0,0
2017,12,3,7,30,0,0,0,-4.2,-4.2,940,100,6,2.2,0.19,0,0,0
2017,12,3,8,30,312,15,26,-3.4000000000000004,-2.9000000000000004,940,96.17,8,2.8000000000000003,0.19,15,312,26
2017,12,3,9,30,727,41,184,-3.6,-0.2,941,77.99,13,3.7,0.19,41,727,184
2017,12,3,10,30,878,53,343,-4.7,2.4000000000000004,941,59.550000000000004,23,4.3,0.19,53,878,343
2017,12,3,11,30,947,58,463,-7.7,4.6000000000000005,941,40.42,31,4.3,0.19,58,947,463
2017,12,3,12,30,976,60,528,-10.100000000000001,6.2,941,30.03,33,3.8000000000000003,0.19,60,976,528
2017,12,3,13,30,979,60,532,-11.600000000000001,7.300000000000001,941,24.69,34,3.4000000000000004,0.19,60,979,532
2017,12,3,14,30,957,57,474,-12.600000000000001,7.800000000000001,941,22.1,34,3.1,0.19,57,957,474
2017,12,3,15,30,899,51,362,-13.200000000000001,7.5,941,21.51,32,2.6,0.19,51,899,362
2017,12,3,16,30,739,45,204,-12.8,5.2,941,25.98,28,1.8,0.19,45,739,204
2017,12,3,17,30,382,20,41,-7.7,1.9000000000000001,942,48.980000000000004,24,1.3,0.19,20,382,41
2017,12,3,18,30,0,0,0,-10.100000000000001,0.1,942,46.08,22,1.4000000000000001,0.19,0,0,0
2017,12,3,19,30,0,0,0,-10.700000000000001,-0.7000000000000001,943,46.68,25,1.4000000000000001,0.19,0,0,0
2017,12,3,20,30,0,0,0,-11.100000000000001,-1.4000000000000001,943,47.65,33,1.4000000000000001,0.19,0,0,0
2017,12,3,21,30,0,0,0,-11.3,-2,943,49.13,42,1.4000000000000001,0.19,0,0,0
2017,12,3,22,30,0,0,0,-11.200000000000001,-2.5,944,51.07,49,1.4000000000000001,0.19,0,0,0
2017,12,3,23,30,0,0,0,-11.100000000000001,-2.8000000000000003,944,52.980000000000004,55,1.4000000000000001,0.19,0,0,0
2017,12,4,0,30,0,0,0,-10.700000000000001,-2.8000000000000003,944,54.72,58,1.3,0.19,0,0,0
2017,12,4,1,30,0,0,0,-10,-2.8000000000000003,944,57.72,64,1.3,0.19,0,0,0
2017,12,4,2,30,0,0,0,-9,-2.7,944,61.78,66,1.3,0.19,0,0,0
2017,12,4,3,30,0,0,0,-7.9,-2.7,944,67.42,66,1.3,0.19,0,0,0
2017,12,4,4,30,0,0,0,-6.7,-2.8000000000000003,945,74.36,64,1.3,0.19,0,0,0
2017,12,4,5,30,0,0,0,-5.6000000000000005,-3,945,82.34,61,1.3,0.19,0,0,0
2017,12,4,6,30,0,0,0,-4.6000000000000005,-3.1,945,89.5,59,1.4000000000000001,0.19,0,0,0
2017,12,4,7,30,0,0,0,-3.8000000000000003,-3,945,94.54,58,1.5,0.19,0,0,0
2017,12,4,8,30,287,14,23,-3.1,-1.7000000000000002,946,90.37,56,2.3000000000000003,0.19,14,287,23
2017,12,4,9,30,685,40,173,-2.4000000000000004,1,946,78.22,55,2.9000000000000004,0.19,40,685,173
2017,12,4,10,30,842,52,329,-2,3.9000000000000004,946,65.25,59,3,0.19,52,842,329
2017,12,4,11,30,911,58,446,-2.1,6.7,947,53.26,66,3.2,0.19,58,911,446
2017,12,4,12,30,948,60,512,-4,8.6,946,40.74,69,3.1,0.19,60,948,512
2017,12,4,13,30,950,60,517,-5.6000000000000005,9.700000000000001,946,33.61,69,3,0.19,60,950,517
2017,12,4,14,30,927,58,461,-6.7,10.200000000000001,945,29.830000000000002,69,2.9000000000000004,0.19,58,927,461
2017,12,4,15,30,876,52,353,-7.5,9.9,945,28.64,68,2.5,0.19,52,876,353
2017,12,4,16,30,741,42,200,-6.7,7.300000000000001,945,36.21,60,1.7000000000000002,0.19,42,741,200
2017,12,4,17,30,396,19,40,-4.1000000000000005,3.6,946,56.97,52,1.3,0.19,19,396,40
2017,12,4,18,30,0,0,0,-6.300000000000001,1.6,946,55.93,56,1.5,0.19,0,0,0
2017,12,4,19,30,0,0,0,-6.800000000000001,0.8,946,56.88,67,1.6,0.19,0,0,0
2017,12,4,20,30,0,0,0,-7.2,0.1,947,58.11,80,1.7000000000000002,0.19,0,0,0
2017,12,4,21,30,0,0,0,-7.4,-0.5,947,59.56,93,1.6,0.19,0,0,0
2017,12,4,22,30,0,0,0,-7.6000000000000005,-1.1,947,61.43,105,1.6,0.19,0,0,0
2017,12,4,23,30,0,0,0,-7.7,-1.6,947,63.09,114,1.6,0.19,0,0,0
2017,12,5,0,30,0,0,0,-7.800000000000001,-1.8,947,63.61,118,1.6,0.19,0,0,0
2017,12,5,1,30,0,0,0,-7.9,-2.4000000000000004,947,66.07000000000001,122,1.5,0.18,0,0,0
2017,12,5,2,30,0,0,0,-7.9,-2.6,947,66.82000000000001,123,1.5,0.18,0,0,0
2017,12,5,3,30,0,0,0,-7.9,-2.7,947,67.45,122,1.4000000000000001,0.18,0,0,0
2017,12,5,4,30,0,0,0,-7.800000000000001,-2.7,947,67.83,121,1.4000000000000001,0.18,0,0,0
2017,12,5,5,30,0,0,0,-7.7,-2.7,947,68.44,119,1.3,0.18,0,0,0
2017,12,5,6,30,0,0,0,-7.6000000000000005,-2.6,947,68.65,118,1.3,0.18,0,0,0
2017,12,5,7,30,0,0,0,-7.5,-2.4000000000000004,947,68.27,117,1.3,0.18,0,0,0
2017,12,5,8,30,293,14,23,-7.300000000000001,-0.6000000000000001,948,60.61,116,1.3,0.18,14,293,23
2017,12,5,9,30,716,40,176,-5.6000000000000005,2.8000000000000003,948,54.050000000000004,114,1.6,0.18,40,716,176
2017,12,5,10,30,867,52,334,-6.7,6,948,39.65,109,1.7000000000000002,0.18,52,867,334
2017,12,5,11,30,934,58,453,-7.1000000000000005,8.9,948,31.45,105,1.2000000000000002,0.18,58,934,453
2017,12,5,12,30,963,61,518,-8.3,10.9,948,25.2,106,0.8,0.18,61,963,518
2017,12,5,13,30,958,64,522,-8.3,11.8,947,23.69,125,0.5,0.18,64,958,522
2017,12,5,14,30,934,61,466,-8.3,12.3,947,22.87,210,0.4,0.18,61,934,466
2017,12,5,15,30,873,55,354,-8.4,12,946,23.26,295,0.4,0.18,55,873,354
2017,12,5,16,30,737,44,200,-5.4,10.5,946,32.22,330,0.4,0.18,44,737,200
2017,12,5,17,30,378,19,40,-6.1000000000000005,8.200000000000001,947,35.730000000000004,180,0.7000000000000001,0.18,19,378,40
2017,12,5,18,30,0,0,0,-7.4,6.1000000000000005,947,37.39,23,1.1,0.18,0,0,0
2017,12,5,19,30,0,0,0,-7.2,4.4,947,42.54,43,1.3,0.18,0,0,0
2017,12,5,20,30,0,0,0,-7.300000000000001,3.1,947,46.230000000000004,60,1.4000000000000001,0.18,0,0,0
2017,12,5,21,30,0,0,0,-7.6000000000000005,2.3000000000000003,947,47.85,77,1.4000000000000001,0.18,0,0,0
2017,12,5,22,30,0,0,0,-7.9,1.7000000000000002,947,49.09,98,1.4000000000000001,0.18,0,0,0
2017,12,5,23,30,0,0,0,-7.800000000000001,1.1,947,51.370000000000005,119,1.4000000000000001,0.18,0,0,0
2017,12,6,0,30,0,0,0,-7.6000000000000005,0.8,947,53.38,129,1.3,0.18,0,0,0
2017,12,6,1,30,0,0,0,-7.2,-0.4,947,59.980000000000004,143,1.4000000000000001,0.18,0,0,0
2017,12,6,2,30,0,0,0,-6.7,-1.1,947,65.69,146,1.4000000000000001,0.18,0,0,0
2017,12,6,3,30,0,0,0,-6.2,-1.4000000000000001,947,70.02,145,1.4000000000000001,0.18,0,0,0
2017,12,6,4,30,0,0,0,-5.7,-1.5,947,72.99,141,1.3,0.18,0,0,0
2017,12,6,5,30,0,0,0,-5.4,-1.4000000000000001,947,74.23,134,1.3,0.18,0,0,0
2017,12,6,6,30,0,0,0,-5.2,-1.2000000000000002,947,74.15,126,1.2000000000000002,0.18,0,0,0
2017,12,6,7,30,0,0,0,-5.2,-0.9,947,72.9,121,1.2000000000000002,0.18,0,0,0
2017,12,6,8,30,224,14,20,-5.1000000000000005,0.30000000000000004,947,66.85,118,1.1,0.18,14,224,20
2017,12,6,9,30,679,43,171,-3.7,3.1,947,60.95,118,1.4000000000000001,0.18,43,679,171
2017,12,6,10,30,840,57,329,-4.4,6.1000000000000005,947,46.9,119,1.6,0.18,57,840,329
2017,12,6,11,30,913,64,448,-4.7,9.200000000000001,947,37.17,131,1.4000000000000001,0.18,64,913,448
2017,12,6,12,30,944,67,514,-6.5,11.600000000000001,946,27.54,155,1.4000000000000001,0.18,67,944,514
2017,12,6,13,30,954,65,520,-7.2,12.700000000000001,945,24.32,183,1.3,0.18,65,954,520
2017,12,6,14,30,931,62,464,-7.300000000000001,13,945,23.62,220,1.2000000000000002,0.18,62,931,464
2017,12,6,15,30,870,56,353,-7.2,12.3,944,24.89,256,1,0.18,56,870,353
2017,12,6,16,30,700,48,197,-2.9000000000000004,10.200000000000001,944,39.61,284,0.8,0.18,48,700,197
2017,12,6,17,30,315,21,38,-3.4000000000000004,7.800000000000001,945,44.9,305,1,0.18,21,315,38
2017,12,6,18,30,0,0,0,-5.6000000000000005,6.6000000000000005,945,41.29,320,1,0.18,0,0,0
2017,12,6,19,30,0,0,0,-6,6.2,945,41.26,336,0.9,0.18,0,0,0
2017,12,6,20,30,0,0,0,-6.4,5.6000000000000005,945,41.730000000000004,181,0.8,0.18,0,0,0
2017,12,6,21,30,0,0,0,-6.7,5,945,42.43,34,0.8,0.18,0,0,0
2017,12,6,22,30,0,0,0,-7,4.6000000000000005,945,42.59,68,0.8,0.18,0,0,0
2017,12,6,23,30,0,0,0,-7.1000000000000005,4.1000000000000005,945,43.78,101,0.8,0.18,0,0,0
2017,12,7,0,30,0,0,0,-7.1000000000000005,3.8000000000000003,945,44.77,117,0.8,0.18,0,0,0
2017,12,7,1,30,0,0,0,-7.1000000000000005,2.9000000000000004,944,47.97,147,0.9,0.18,0,0,0
2017,12,7,2,30,0,0,0,-6.9,2.5,944,49.97,155,0.9,0.18,0,0,0
2017,12,7,3,30,0,0,0,-6.7,2.1,944,51.980000000000004,156,0.9,0.18,0,0,0
2017,12,7,4,30,0,0,0,-6.7,1.4000000000000001,944,55.01,155,1,0.18,0,0,0
2017,12,7,5,30,0,0,0,-6.6000000000000005,0.7000000000000001,944,58.08,156,1,0.18,0,0,0
2017,12,7,6,30,0,0,0,-6.5,0.1,944,61.07,155,1.1,0.18,0,0,0
2017,12,7,7,30,0,0,0,-6.4,-0.4,944,63.85,154,1.2000000000000002,0.18,0,0,0
2017,12,7,8,30,178,13,18,-6.2,0.4,944,61.32,156,1.1,0.18,13,178,18
2017,12,7,9,30,635,45,163,-4.2,2.9000000000000004,945,59.44,156,1.3,0.18,45,635,163
2017,12,7,10,30,803,60,318,-4.800000000000001,5.7,945,46.82,165,1.4000000000000001,0.18,60,803,318
2017,12,7,11,30,194,181,262,-4.4,8.6,945,39.62,205,1.2000000000000002,0.18,68,878,436
2017,12,7,12,30,264,203,328,-4.9,10.8,945,32.78,241,1.3,0.18,72,905,498
2017,12,7,13,30,920,68,505,-4.9,11.700000000000001,944,31.01,249,1.4000000000000001,0.18,68,920,505
2017,12,7,14,30,214,187,279,-4.7,12,943,30.72,256,1.4000000000000001,0.18,65,890,448
2017,12,7,15,30,827,58,340,-4.5,11.5,943,32.230000000000004,262,1.2000000000000002,0.18,58,827,340
2017,12,7,16,30,692,45,191,-2.2,9.8,943,42.92,269,0.9,0.18,45,692,191
2017,12,7,17,30,335,19,37,-1.5,7.7,943,52.34,276,0.9,0.18,19,335,37
2017,12,7,18,30,0,0,0,-3.6,6.6000000000000005,943,48.230000000000004,279,0.9,0.18,0,0,0
2017,12,7,19,30,0,0,0,-4,6,944,48.85,285,0.9,0.18,0,0,0
2017,12,7,20,30,0,0,0,-4.2,5.4,944,50.11,292,0.9,0.18,0,0,0
2017,12,7,21,30,0,0,0,-4.3,4.7,944,52.17,287,0.9,0.18,0,0,0
2017,12,7,22,30,0,0,0,-4.3,3.6,944,56.480000000000004,272,1,0.18,0,0,0
2017,12,7,23,30,0,0,0,-4.1000000000000005,2.8000000000000003,943,60.5,261,1,0.18,0,0,0
2017,12,8,0,30,0,0,0,-3.9000000000000004,2.8000000000000003,943,61.2,257,1,0.18,0,0,0
2017,12,8,1,30,0,0,0,-3.7,2.5,943,63.46,258,0.9,0.18,0,0,0
2017,12,8,2,30,0,0,0,-3.6,2.2,943,65.58,258,0.9,0.18,0,0,0
2017,12,8,3,30,0,0,0,-3.6,1.9000000000000001,943,67.01,256,0.9,0.18,0,0,0
2017,12,8,4,30,0,0,0,-3.6,1.8,943,67.51,267,0.8,0.18,0,0,0
2017,12,8,5,30,0,0,0,-3.6,1.6,943,68.48,224,0.7000000000000001,0.18,0,0,0
2017,12,8,6,30,0,0,0,-3.6,1.2000000000000002,942,70.42,180,0.8,0.18,0,0,0
2017,12,8,7,30,0,0,0,-3.5,0.6000000000000001,942,73.9,196,0.9,0.18,0,0,0
2017,12,8,8,30,185,12,16,-3.4000000000000004,1.6,942,69.60000000000001,221,1.1,0.18,12,185,16
2017,12,8,9,30,615,41,153,-2.2,4.1000000000000005,943,63.76,251,1.4000000000000001,0.18,41,615,153
2017,12,8,10,30,196,129,192,-2.5,6.800000000000001,943,51.59,276,1.8,0.18,55,774,301
2017,12,8,11,30,222,178,270,-2.5,9.8,943,42.09,289,2.3000000000000003,0.18,62,845,413
2017,12,8,12,30,873,65,475,-2,12.4,942,36.61,298,3,0.18,65,873,475
2017,12,8,13,30,876,64,479,1.3,13.8,942,42.68,302,3.4000000000000004,0.18,64,876,479
2017,12,8,14,30,851,62,427,3.6,14,941,49.44,302,3.6,0.18,62,851,427
2017,12,8,15,30,40,134,148,5,13.4,941,56.95,300,3.4000000000000004,0.18,56,781,322
2017,12,8,16,30,601,49,176,6.1000000000000005,11.600000000000001,940,68.92,292,2.4000000000000004,0.18,49,601,176
2017,12,8,17,30,0,4,4,6.800000000000001,9.4,940,83.74,287,1.9000000000000001,0.18,21,231,33
2017,12,8,18,30,0,0,0,6.800000000000001,8.4,941,89.5,289,2.3000000000000003,0.18,0,0,0
2017,12,8,19,30,0,0,0,6.800000000000001,7.7,941,93.85000000000001,291,2.4000000000000004,0.18,0,0,0
2017,12,8,20,30,0,0,0,6.6000000000000005,6.6000000000000005,941,100,290,2,0.18,0,0,0
2017,12,8,21,30,0,0,0,5.7,5.7,941,100,286,1.6,0.18,0,0,0
2017,12,8,22,30,0,0,0,5.6000000000000005,5.6000000000000005,941,100,282,1.5,0.18,0,0,0
2017,12,8,23,30,0,0,0,5.7,5.7,941,100,279,1.6,0.18,0,0,0
2017,12,9,0,30,0,0,0,5.800000000000001,5.800000000000001,941,100,278,1.6,0.18,0,0,0
2017,12,9,1,30,0,0,0,6,6,940,100,273,1.5,0.18,0,0,0
2017,12,9,2,30,0,0,0,6.1000000000000005,6.1000000000000005,940,100,269,1.4000000000000001,0.18,0,0,0
2017,12,9,3,30,0,0,0,6.300000000000001,6.300000000000001,940,100,267,1.4000000000000001,0.18,0,0,0
2017,12,9,4,30,0,0,0,6.300000000000001,6.300000000000001,939,100,269,1.4000000000000001,0.18,0,0,0
2017,12,9,5,30,0,0,0,6.300000000000001,6.300000000000001,939,100,274,1.3,0.18,0,0,0
2017,12,9,6,30,0,0,0,6.300000000000001,6.300000000000001,939,100,277,1.3,0.18,0,0,0
2017,12,9,7,30,0,0,0,6.4,6.4,939,100,278,1.3,0.18,0,0,0
2017,12,9,8,30,70,12,13,6.9,6.9,940,100,277,1.8,0.18,12,70,13
2017,12,9,9,30,490,52,141,7,7.800000000000001,940,94.69,279,2.4000000000000004,0.18,52,490,141
2017,12,9,10,30,0,21,21,7.300000000000001,8.700000000000001,940,90.69,286,2.5,0.18,74,664,284
2017,12,9,11,30,0,31,31,7.5,10.100000000000001,940,84.08,290,2.7,0.18,86,753,398
2017,12,9,12,30,0,25,25,7.7,12.100000000000001,940,74.62,293,3.1,0.18,88,800,462
2017,12,9,13,30,0,21,21,7.7,13.5,939,68,296,3.5,0.18,93,789,466
2017,12,9,14,30,0,18,18,7.5,14.100000000000001,939,64.59,295,3.6,0.18,86,770,416
2017,12,9,15,30,0,96,96,7.4,14,938,64.27,293,3.5,0.18,74,706,314
2017,12,9,16,30,0,12,12,7.300000000000001,12.5,938,70.45,292,2.5,0.18,55,559,173
2017,12,9,17,30,0,3,3,7.4,10.100000000000001,938,83.27,290,1.6,0.18,21,208,33
2017,12,9,18,30,0,0,0,7.1000000000000005,8.6,938,90.45,287,1.5,0.18,0,0,0
2017,12,9,19,30,0,0,0,7.2,8,939,94.65,287,1.7000000000000002,0.18,0,0,0
2017,12,9,20,30,0,0,0,7.300000000000001,7.4,939,99.32000000000001,289,1.8,0.18,0,0,0
2017,12,9,21,30,0,0,0,7,7,939,100,290,1.8,0.18,0,0,0
2017,12,9,22,30,0,0,0,6.800000000000001,6.800000000000001,939,100,284,1.8,0.18,0,0,0
2017,12,9,23,30,0,0,0,6.800000000000001,6.800000000000001,939,100,273,1.9000000000000001,0.18,0,0,0
2017,12,10,0,30,0,0,0,6.800000000000001,6.800000000000001,939,100,268,2,0.18,0,0,0
2017,12,10,1,30,0,0,0,7.4,7.4,938,100,270,2.8000000000000003,0.18,0,0,0
2017,12,10,2,30,0,0,0,7.6000000000000005,7.6000000000000005,938,100,274,3.1,0.18,0,0,0
2017,12,10,3,30,0,0,0,7.7,7.7,937,100,276,3.2,0.18,0,0,0
2017,12,10,4,30,0,0,0,7.800000000000001,7.800000000000001,937,100,274,3.2,0.18,0,0,0
2017,12,10,5,30,0,0,0,7.9,7.9,936,100,266,3,0.18,0,0,0
2017,12,10,6,30,0,0,0,7.9,7.9,936,100,252,2.9000000000000004,0.18,0,0,0
2017,12,10,7,30,0,0,0,7.800000000000001,7.800000000000001,936,100,245,3,0.18,0,0,0
2017,12,10,8,30,0,1,1,7.800000000000001,8,936,98.44,243,3.4000000000000004,0.18,11,107,13
2017,12,10,9,30,0,7,7,7.800000000000001,8.6,936,94.60000000000001,243,4,0.18,47,556,146
2017,12,10,10,30,0,103,103,7.800000000000001,9.600000000000001,935,88.66,248,4.7,0.18,65,724,293
2017,12,10,11,30,0,17,17,7.6000000000000005,10.9,935,79.95,252,5.4,0.18,76,805,407
2017,12,10,12,30,0,56,56,7.2,12.100000000000001,933,71.98,250,5.9,0.18,79,841,471
2017,12,10,13,30,0,26,26,6.800000000000001,12.700000000000001,931,67.39,248,6.300000000000001,0.18,91,807,471
2017,12,10,14,30,0,74,74,6.6000000000000005,12.700000000000001,930,66.28,248,6.6000000000000005,0.18,84,790,422
2017,12,10,15,30,0,16,16,6.6000000000000005,12.200000000000001,929,68.4,243,6.4,0.18,72,739,323
2017,12,10,16,30,0,9,9,6.7,11.3,928,73.41,238,5.9,0.18,56,579,178
2017,12,10,17,30,0,4,4,7,10.4,927,79.59,237,5.7,0.18,22,207,34
2017,12,10,18,30,0,0,0,7.2,9.700000000000001,925,84.58,228,6,0.18,0,0,0
2017,12,10,19,30,0,0,0,7.4,9.3,924,87.74,227,6.4,0.18,0,0,0
2017,12,10,20,30,0,0,0,7.7,9.1,924,90.82000000000001,231,6.800000000000001,0.18,0,0,0
2017,12,10,21,30,0,0,0,8.1,9,922,94.08,226,7.300000000000001,0.18,0,0,0
2017,12,10,22,30,0,0,0,8.6,9.200000000000001,921,96.05,225,7.9,0.18,0,0,0
2017,12,10,23,30,0,0,0,8.9,9.4,919,96.77,226,8.6,0.18,0,0,0
2017,12,11,0,30,0,0,0,9,9.5,918,96.76,226,8.9,0.18,0,0,0
2017,12,11,1,30,0,0,0,9.1,9.700000000000001,916,95.95,225,9.600000000000001,0.18,0,0,0
2017,12,11,2,30,0,0,0,9.200000000000001,9.9,914,95.25,225,9.9,0.18,0,0,0
2017,12,11,3,30,0,0,0,9.200000000000001,10.100000000000001,913,94.33,225,10.100000000000001,0.18,0,0,0
2017,12,11,4,30,0,0,0,9.200000000000001,10.100000000000001,912,94.08,229,10,0.18,0,0,0
2017,12,11,5,30,0,0,0,9.1,9.8,911,95.64,239,9.5,0.18,0,0,0
2017,12,11,6,30,0,0,0,8.6,8.8,911,98.92,260,8.4,0.18,0,0,0
2017,12,11,7,30,0,0,0,6.7,6.7,912,100,278,6.7,0.18,0,0,0
2017,12,11,8,30,0,0,0,4.2,4.9,913,95.04,269,5.6000000000000005,0.18,0,0,0
2017,12,11,9,30,0,8,8,3.3000000000000003,4.5,914,92.18,253,5.5,0.18,58,446,137
2017,12,11,10,30,0,13,13,3.5,4.7,915,92.14,253,6.1000000000000005,0.18,95,594,280
2017,12,11,11,30,0,20,20,3.6,5.2,915,89.7,262,6.5,0.18,114,685,395
2017,12,11,12,30,66,200,231,3.5,6,915,83.83,272,6.6000000000000005,0.18,118,741,462
2017,12,11,13,30,28,185,198,2.9000000000000004,7.1000000000000005,915,74.82000000000001,276,6.6000000000000005,0.18,83,859,486
2017,12,11,14,30,34,170,185,2,7.7,915,67.3,275,6.4,0.18,70,865,439
2017,12,11,15,30,10,123,126,1.4000000000000001,7.7,916,64.23,271,5.800000000000001,0.18,59,813,335
2017,12,11,16,30,657,48,187,1.1,6.9,916,66.5,264,4.6000000000000005,0.18,48,657,187
2017,12,11,17,30,248,22,35,1.3,5.4,917,74.75,254,3.2,0.18,22,248,35
2017,12,11,18,30,0,0,0,1.4000000000000001,4.4,918,80.77,244,2.7,0.18,0,0,0
2017,12,11,19,30,0,0,0,1.4000000000000001,4.2,919,81.95,238,2.9000000000000004,0.18,0,0,0
2017,12,11,20,30,0,0,0,1.6,4.2,920,82.89,237,3.3000000000000003,0.18,0,0,0
2017,12,11,21,30,0,0,0,2.1,4.3,920,85.32000000000001,240,3.5,0.18,0,0,0
2017,12,11,22,30,0,0,0,2.8000000000000003,4.4,921,89.51,250,3.5,0.18,0,0,0
2017,12,11,23,30,0,0,0,3.5,4.4,921,94,266,3.1,0.18,0,0,0
2017,12,12,0,30,0,0,0,3.8000000000000003,4.4,921,95.83,277,2.8000000000000003,0.18,0,0,0
2017,12,12,1,30,0,0,0,3.5,3.7,922,98.74000000000001,334,2.5,0.18,0,0,0
2017,12,12,2,30,0,0,0,2.9000000000000004,3.1,923,98.44,179,2.3000000000000003,0.18,0,0,0
2017,12,12,3,30,0,0,0,2.2,2.2,924,99.92,10,2,0.18,0,0,0
2017,12,12,4,30,0,0,0,1.4000000000000001,1.4000000000000001,925,100,10,2,0.18,0,0,0
2017,12,12,5,30,0,0,0,0.6000000000000001,0.6000000000000001,926,100,5,2.2,0.18,0,0,0
2017,12,12,6,30,0,0,0,-0.30000000000000004,-0.30000000000000004,927,100,1,2.1,0.18,0,0,0
2017,12,12,7,30,0,0,0,-1,-1,928,100,1,2,0.18,0,0,0
2017,12,12,8,30,0,0,0,-1.3,-0.30000000000000004,929,93.28,4,2.4000000000000004,0.18,0,0,0
2017,12,12,9,30,639,41,152,-0.7000000000000001,1.8,930,83.65,8,2.8000000000000003,0.18,41,639,152
2017,12,12,10,30,824,54,310,0,4.3,931,73.69,17,3.1,0.18,54,824,310
2017,12,12,11,30,907,60,430,-1.2000000000000002,6.6000000000000005,931,57.51,20,3.3000000000000003,0.18,60,907,430
2017,12,12,12,30,942,62,498,-3.1,7.9,931,45.81,9,3.1,0.18,62,942,498
2017,12,12,13,30,944,63,506,-4.4,8.700000000000001,931,39.43,177,3.1,0.18,63,944,506
2017,12,12,14,30,922,60,454,-5,8.9,932,37.13,348,3.1,0.18,60,922,454
2017,12,12,15,30,855,54,343,-5.1000000000000005,8.5,932,37.72,343,2.9000000000000004,0.18,54,855,343
2017,12,12,16,30,727,42,195,-4.7,6.6000000000000005,933,44.19,342,1.9000000000000001,0.18,42,727,195
2017,12,12,17,30,384,18,40,-2.2,4,934,63.84,345,1.2000000000000002,0.18,18,384,40
2017,12,12,18,30,0,0,0,-3.3000000000000003,2.9000000000000004,934,63.96,349,1.2000000000000002,0.18,0,0,0
2017,12,12,19,30,0,0,0,-3.5,2.5,935,64.75,354,1.2000000000000002,0.18,0,0,0
2017,12,12,20,30,0,0,0,-3.5,2,936,66.96000000000001,179,1.2000000000000002,0.18,0,0,0
2017,12,12,21,30,0,0,0,-3.5,1.9000000000000001,937,67.62,9,1.1,0.18,0,0,0
2017,12,12,22,30,0,0,0,-3.5,2.1,937,66.61,28,0.9,0.18,0,0,0
2017,12,12,23,30,0,0,0,-3.5,2.1,938,66.7,54,0.7000000000000001,0.18,0,0,0
2017,12,13,0,30,0,0,0,-3.4000000000000004,2,938,67.31,68,0.6000000000000001,0.18,0,0,0
2017,12,13,1,30,0,0,0,-3.4000000000000004,1,938,72.3,109,0.8,0.18,0,0,0
2017,12,13,2,30,0,0,0,-3.5,0.1,939,76.75,132,1.1,0.18,0,0,0
2017,12,13,3,30,0,0,0,-3.7,-0.6000000000000001,939,79.72,144,1.2000000000000002,0.18,0,0,0
2017,12,13,4,30,0,0,0,-3.9000000000000004,-1.1,939,81.37,147,1.2000000000000002,0.18,0,0,0
2017,12,13,5,30,0,0,0,-4.1000000000000005,-1.3,939,81.21000000000001,146,1.2000000000000002,0.18,0,0,0
2017,12,13,6,30,0,0,0,-4.3,-1.4000000000000001,940,80.60000000000001,145,1.1,0.18,0,0,0
2017,12,13,7,30,0,0,0,-4.5,-1.5,941,80.08,146,1.1,0.18,0,0,0
2017,12,13,8,30,0,0,0,-4.6000000000000005,-0.30000000000000004,941,72.49,153,1.2000000000000002,0.18,0,0,0
2017,12,13,9,30,670,37,152,-3.5,2.3000000000000003,941,65.29,161,1.8,0.18,37,670,152
2017,12,13,10,30,829,49,304,-4.2,5.2,941,50.81,185,2.3000000000000003,0.18,49,829,304
2017,12,13,11,30,902,55,422,-4.3,7.9,942,41.78,222,2.6,0.18,55,902,422
2017,12,13,12,30,931,60,489,-4.800000000000001,9.600000000000001,941,35.9,247,3,0.18,60,931,489
2017,12,13,13,30,919,64,494,-4.7,10.3,941,34.61,257,3.3000000000000003,0.18,64,919,494
2017,12,13,14,30,896,61,443,-4.4,10.5,940,34.84,262,3.4000000000000004,0.18,61,896,443
2017,12,13,15,30,838,54,338,-4,10.100000000000001,940,36.75,265,3.2,0.18,54,838,338
2017,12,13,16,30,684,45,189,-3.3000000000000003,7.800000000000001,940,45.38,262,2.1,0.18,45,684,189
2017,12,13,17,30,330,20,38,-1.2000000000000002,4.6000000000000005,940,66.09,254,1.4000000000000001,0.18,20,330,38
2017,12,13,18,30,0,0,0,-2.1,3,940,69.02,252,1.5,0.18,0,0,0
2017,12,13,19,30,0,0,0,-2.1,2.4000000000000004,940,72.07000000000001,261,1.5,0.18,0,0,0
2017,12,13,20,30,0,0,0,-1.8,1.8,941,76.89,272,1.4000000000000001,0.18,0,0,0
2017,12,13,21,30,0,0,0,-1.3,1.3,941,82.7,279,1.4000000000000001,0.18,0,0,0
2017,12,13,22,30,0,0,0,-0.7000000000000001,1.1,941,87.61,279,1.4000000000000001,0.18,0,0,0
2017,12,13,23,30,0,0,0,-0.1,1.1,941,91.69,276,1.3,0.18,0,0,0
2017,12,14,0,30,0,0,0,0.6000000000000001,1.2000000000000002,941,95.63,274,1.3,0.18,0,0,0
2017,12,14,1,30,0,0,0,1.2000000000000002,1.4000000000000001,940,98.33,257,1.3,0.18,0,0,0
2017,12,14,2,30,0,0,0,1.6,1.7000000000000002,940,99.14,245,1.4000000000000001,0.18,0,0,0
2017,12,14,3,30,0,0,0,1.8,2.2,939,97.15,236,1.6,0.18,0,0,0
2017,12,14,4,30,0,0,0,1.9000000000000001,2.6,939,95.31,233,1.9000000000000001,0.18,0,0,0
2017,12,14,5,30,0,0,0,2,2.9000000000000004,939,94.02,235,2,0.18,0,0,0
2017,12,14,6,30,0,0,0,2.2,3,939,94.60000000000001,240,2,0.18,0,0,0
2017,12,14,7,30,0,0,0,2.5,3.2,939,95.15,245,2,0.18,0,0,0
2017,12,14,8,30,0,0,0,2.9000000000000004,3.6,939,95.24,244,2.3000000000000003,0.18,0,0,0
2017,12,14,9,30,0,39,39,3.4000000000000004,4.5,939,92.62,237,2.7,0.18,47,513,134
2017,12,14,10,30,0,20,20,4.1000000000000005,5.5,939,90.45,232,2.9000000000000004,0.18,69,689,280
2017,12,14,11,30,0,30,30,4.9,6.7,938,88.27,233,3.1,0.18,81,776,395
2017,12,14,12,30,0,37,37,5.9,7.800000000000001,937,88,236,3.3000000000000003,0.18,83,823,462
2017,12,14,13,30,0,38,38,6.6000000000000005,8.5,936,87.62,237,3.4000000000000004,0.18,103,764,460
2017,12,14,14,30,0,32,32,7.1000000000000005,8.9,936,88.78,238,3.4000000000000004,0.18,95,747,413
2017,12,14,15,30,0,26,26,7.5,9,935,90.3,238,3.2,0.18,81,684,313
2017,12,14,16,30,0,12,12,7.800000000000001,8.6,935,94.8,237,2.9000000000000004,0.18,63,516,173
2017,12,14,17,30,0,3,3,8,8.200000000000001,935,98.74000000000001,238,2.8000000000000003,0.18,24,153,33
2017,12,14,18,30,0,0,0,8.200000000000001,8.3,935,99.53,242,3.2,0.18,0,0,0
2017,12,14,19,30,0,0,0,8.5,8.6,935,99.54,245,3.5,0.18,0,0,0
2017,12,14,20,30,0,0,0,8.700000000000001,8.8,934,99.58,246,3.8000000000000003,0.18,0,0,0
2017,12,14,21,30,0,0,0,8.8,8.8,934,100,247,3.9000000000000004,0.18,0,0,0
2017,12,14,22,30,0,0,0,8.8,8.8,933,100,248,4,0.18,0,0,0
2017,12,14,23,30,0,0,0,8.700000000000001,8.700000000000001,933,100,251,3.9000000000000004,0.18,0,0,0
2017,12,15,0,30,0,0,0,8.6,8.6,933,100,251,3.9000000000000004,0.18,0,0,0
2017,12,15,1,30,0,0,0,8.6,8.6,932,100,250,4,0.18,0,0,0
2017,12,15,2,30,0,0,0,8.5,8.5,931,100,254,4.1000000000000005,0.18,0,0,0
2017,12,15,3,30,0,0,0,8.5,8.6,931,99.44,264,4.4,0.18,0,0,0
2017,12,15,4,30,0,0,0,8.6,8.6,930,99.7,272,4.4,0.18,0,0,0
2017,12,15,5,30,0,0,0,8.3,8.3,930,100,277,4.1000000000000005,0.18,0,0,0
2017,12,15,6,30,0,0,0,7.9,7.9,930,100,276,3.7,0.18,0,0,0
2017,12,15,7,30,0,0,0,7.6000000000000005,7.6000000000000005,929,100,270,3.4000000000000004,0.18,0,0,0
2017,12,15,8,30,0,0,0,7.5,7.7,929,98.83,265,3.6,0.18,0,0,0
2017,12,15,9,30,603,38,139,7.7,8.3,929,96.17,259,4.1000000000000005,0.18,38,603,139
2017,12,15,10,30,0,20,20,8.200000000000001,9.1,929,94.08,254,4.6000000000000005,0.18,55,759,286
2017,12,15,11,30,0,40,40,8.700000000000001,10,929,91.9,251,5,0.18,66,827,400
2017,12,15,12,30,0,129,129,9.200000000000001,10.700000000000001,928,90.47,251,5.4,0.18,71,856,464
2017,12,15,13,30,0,42,42,9.600000000000001,11.200000000000001,927,89.95,254,5.5,0.18,87,805,463
2017,12,15,14,30,0,94,94,9.9,11.5,926,90.18,258,5.4,0.18,81,785,415
2017,12,15,15,30,0,35,35,10.3,11.5,926,92.25,260,4.7,0.18,68,734,317
2017,12,15,16,30,0,12,12,10.5,11.100000000000001,926,96.10000000000001,264,4.1000000000000005,0.18,55,570,176
2017,12,15,17,30,0,5,5,10.4,10.600000000000001,926,98.84,273,3.7,0.18,22,241,35
2017,12,15,18,30,0,0,0,9.8,9.8,927,100,286,3.3000000000000003,0.18,0,0,0
2017,12,15,19,30,0,0,0,8.4,8.4,927,100,304,2.7,0.18,0,0,0
2017,12,15,20,30,0,0,0,6.7,6.7,928,100,326,2.4000000000000004,0.18,0,0,0
2017,12,15,21,30,0,0,0,5.1000000000000005,5.1000000000000005,929,100,348,2.4000000000000004,0.18,0,0,0
2017,12,15,22,30,0,0,0,3.6,3.6,929,100,183,2.3000000000000003,0.18,0,0,0
2017,12,15,23,30,0,0,0,1.9000000000000001,2.2,930,97.87,12,2.2,0.18,0,0,0
2017,12,16,0,30,0,0,0,0.4,1.6,930,91.58,16,2.1,0.18,0,0,0
2017,12,16,1,30,0,0,0,-0.8,0.30000000000000004,930,92.06,24,1.9000000000000001,0.18,0,0,0
2017,12,16,2,30,0,0,0,-1.7000000000000002,-0.4,930,90.67,27,1.7000000000000002,0.18,0,0,0
2017,12,16,3,30,0,0,0,-2.3000000000000003,-0.9,930,90.09,29,1.6,0.18,0,0,0
2017,12,16,4,30,0,0,0,-2.6,-1.3,931,90.59,30,1.7000000000000002,0.18,0,0,0
2017,12,16,5,30,0,0,0,-2.8000000000000003,-1.6,931,91.52,30,1.7000000000000002,0.18,0,0,0
2017,12,16,6,30,0,0,0,-2.8000000000000003,-2,932,94,32,1.7000000000000002,0.18,0,0,0
2017,12,16,7,30,0,0,0,-2.8000000000000003,-2.3000000000000003,933,96.23,36,1.7000000000000002,0.18,0,0,0
2017,12,16,8,30,0,0,0,-2.7,-1.2000000000000002,933,89.24,40,2.1,0.18,0,0,0
2017,12,16,9,30,651,39,147,-1.4000000000000001,1.2000000000000002,934,82.62,39,2.6,0.18,39,651,147
2017,12,16,10,30,824,53,303,-0.1,4.1000000000000005,935,73.96000000000001,36,3.3000000000000003,0.18,53,824,303
2017,12,16,11,30,905,60,424,-0.1,6.800000000000001,935,61.61,35,4.1000000000000005,0.18,60,905,424
2017,12,16,12,30,940,63,494,-1.8,8.4,935,48.52,31,4.3,0.18,63,940,494
2017,12,16,13,30,950,61,504,-3,9.1,935,42.34,26,4.2,0.18,61,950,504
2017,12,16,14,30,930,58,453,-3.6,9.4,935,39.81,22,4,0.18,58,930,453
2017,12,16,15,30,486,104,269,-3.8000000000000003,8.9,935,40.46,20,3.7,0.18,52,874,348
2017,12,16,16,30,354,69,144,-3.7,6.9,935,46.79,19,2.6,0.18,41,746,200
2017,12,16,17,30,0,6,6,-2.3000000000000003,3.7,936,65,17,1.6,0.18,19,401,42
2017,12,16,18,30,0,0,0,-2.7,2,937,71.03,18,1.5,0.18,0,0,0
2017,12,16,19,30,0,0,0,-2.8000000000000003,1.5,937,72.86,21,1.6,0.18,0,0,0
2017,12,16,20,30,0,0,0,-2.9000000000000004,1,938,75.17,25,1.8,0.18,0,0,0
2017,12,16,21,30,0,0,0,-2.9000000000000004,0.5,939,77.83,29,1.9000000000000001,0.18,0,0,0
2017,12,16,22,30,0,0,0,-2.9000000000000004,0.1,939,80,34,2,0.18,0,0,0
2017,12,16,23,30,0,0,0,-3,-0.4,939,82.72,36,2.1,0.18,0,0,0
2017,12,17,0,30,0,0,0,-3,-0.7000000000000001,939,84.37,37,2.1,0.18,0,0,0
2017,12,17,1,30,0,0,0,-2.9000000000000004,-1.3,940,88.72,36,2.2,0.18,0,0,0
2017,12,17,2,30,0,0,0,-2.7,-1.8,940,93.46000000000001,36,2.2,0.18,0,0,0
2017,12,17,3,30,0,0,0,-2.4000000000000004,-2.3000000000000003,940,99.4,36,2.1,0.18,0,0,0
2017,12,17,4,30,0,0,0,-2.8000000000000003,-2.8000000000000003,940,100,38,2,0.18,0,0,0
2017,12,17,5,30,0,0,0,-3,-3,941,100,38,1.9000000000000001,0.18,0,0,0
2017,12,17,6,30,0,0,0,-2.9000000000000004,-2.9000000000000004,941,100,37,2,0.18,0,0,0
2017,12,17,7,30,0,0,0,-2.5,-2.5,942,100,37,2.2,0.18,0,0,0
2017,12,17,8,30,0,0,0,-1.7000000000000002,-1.4000000000000001,943,98.07000000000001,37,2.7,0.18,0,0,0
2017,12,17,9,30,646,39,145,-1.6,0.7000000000000001,943,84.55,38,3.2,0.18,39,646,145
2017,12,17,10,30,828,53,302,-1.2000000000000002,3.3000000000000003,943,72.12,41,3.6,0.18,53,828,302
2017,12,17,11,30,909,59,424,-1.8,5.7,943,58.68,43,3.8000000000000003,0.18,59,909,424
2017,12,17,12,30,944,62,494,-3.3000000000000003,7.2,943,47.32,40,3.6,0.18,62,944,494
2017,12,17,13,30,951,61,504,-4.5,8,942,40.96,34,3.5,0.18,61,951,504
2017,12,17,14,30,931,58,454,-5.2,8.200000000000001,942,38.2,31,3.4000000000000004,0.18,58,931,454
2017,12,17,15,30,875,52,349,-5.7,7.9,942,37.65,32,3.1,0.18,52,875,349
2017,12,17,16,30,732,44,200,-5.7,5.7,942,43.61,33,2.1,0.18,44,732,200
2017,12,17,17,30,400,20,43,-3.7,2.7,942,62.690000000000005,32,1.3,0.18,20,400,43
2017,12,17,18,30,0,0,0,-4.9,1,943,64.59,31,1.3,0.18,0,0,0
2017,12,17,19,30,0,0,0,-5.300000000000001,0.30000000000000004,944,66.04,33,1.3,0.18,0,0,0
2017,12,17,20,30,0,0,0,-5.6000000000000005,-0.4,944,68.03,40,1.4000000000000001,0.18,0,0,0
2017,12,17,21,30,0,0,0,-5.800000000000001,-0.9,945,69.39,49,1.4000000000000001,0.18,0,0,0
2017,12,17,22,30,0,0,0,-6.1000000000000005,-1.4000000000000001,945,70.59,58,1.5,0.18,0,0,0
2017,12,17,23,30,0,0,0,-6.300000000000001,-1.5,945,69.97,64,1.5,0.18,0,0,0
2017,12,18,0,30,0,0,0,-6.2,-1.4000000000000001,945,69.73,65,1.5,0.18,0,0,0
2017,12,18,1,30,0,0,0,-5.9,-0.8,945,68.21000000000001,68,1.4000000000000001,0.18,0,0,0
2017,12,18,2,30,0,0,0,-5.5,-0.6000000000000001,945,69.61,70,1.4000000000000001,0.18,0,0,0
2017,12,18,3,30,0,0,0,-4.9,-1,945,74.59,67,1.3,0.18,0,0,0
2017,12,18,4,30,0,0,0,-4.5,-1.8,945,81.68,63,1.3,0.18,0,0,0
2017,12,18,5,30,0,0,0,-4.3,-2.3000000000000003,945,86.25,61,1.2000000000000002,0.18,0,0,0
2017,12,18,6,30,0,0,0,-3.9000000000000004,-2.4000000000000004,945,89.3,61,1.1,0.18,0,0,0
2017,12,18,7,30,0,0,0,-3.5,-2.5,945,92.69,57,1.1,0.18,0,0,0
2017,12,18,8,30,0,0,0,-3.2,-1.3,945,87,51,1.2000000000000002,0.18,0,0,0
2017,12,18,9,30,627,37,139,-2.4000000000000004,1,945,78.22,43,1.6,0.18,37,627,139
2017,12,18,10,30,802,53,293,-1.9000000000000001,3.6,945,67.45,33,2,0.18,53,802,293
2017,12,18,11,30,883,60,413,-0.9,6,945,61.1,25,2.3000000000000003,0.18,60,883,413
2017,12,18,12,30,913,63,480,-0.7000000000000001,7.7,945,55.51,20,2.6,0.18,63,913,480
2017,12,18,13,30,918,63,491,-0.7000000000000001,8.8,944,51.31,19,2.8000000000000003,0.18,63,918,491
2017,12,18,14,30,91,185,223,-0.8,9.200000000000001,943,49.660000000000004,19,2.8000000000000003,0.18,61,896,442
2017,12,18,15,30,832,54,337,-0.8,8.8,943,50.82,17,2.6,0.18,54,832,337
2017,12,18,16,30,702,43,194,-0.8,6.9,942,58,12,1.7000000000000002,0.18,43,702,194
2017,12,18,17,30,0,17,17,0,4.2,942,74.10000000000001,183,1.1,0.18,20,365,41
2017,12,18,18,30,0,0,0,-1.2000000000000002,2.8000000000000003,942,74.95,351,1.2000000000000002,0.18,0,0,0
2017,12,18,19,30,0,0,0,-1.5,2.2,942,76.5,339,1.3,0.18,0,0,0
2017,12,18,20,30,0,0,0,-1.7000000000000002,1.9000000000000001,942,77.16,330,1.4000000000000001,0.18,0,0,0
2017,12,18,21,30,0,0,0,-1.7000000000000002,1.8,941,77.36,326,1.6,0.18,0,0,0
2017,12,18,22,30,0,0,0,-1.6,1.9000000000000001,941,77.34,330,1.8,0.18,0,0,0
2017,12,18,23,30,0,0,0,-1.4000000000000001,1.9000000000000001,941,78.96000000000001,337,2,0.18,0,0,0
2017,12,19,0,30,0,0,0,-1,1.9000000000000001,941,81.3,341,2.1,0.18,0,0,0
2017,12,19,1,30,0,0,0,-0.4,2.2,940,82.78,351,2.5,0.18,0,0,0
2017,12,19,2,30,0,0,0,0.4,2.6,940,85.18,178,2.7,0.18,0,0,0
2017,12,19,3,30,0,0,0,1.3,2.8000000000000003,940,90.07000000000001,3,2.9000000000000004,0.18,0,0,0
2017,12,19,4,30,0,0,0,2.5,2.5,940,99.68,7,2.8000000000000003,0.18,0,0,0
2017,12,19,5,30,0,0,0,2.6,2.6,940,100,16,3.1,0.18,0,0,0
2017,12,19,6,30,0,0,0,3.1,3.1,940,100,28,3.6,0.18,0,0,0
2017,12,19,7,30,0,0,0,2.9000000000000004,2.9000000000000004,941,100,39,3.5,0.18,0,0,0
2017,12,19,8,30,0,0,0,3.1,3.3000000000000003,942,98.64,48,3.4000000000000004,0.18,0,0,0
2017,12,19,9,30,617,39,138,2.9000000000000004,5,943,86.14,54,3.6,0.18,39,617,138
2017,12,19,10,30,799,54,293,2.9000000000000004,7.7,943,71.68,66,3.9000000000000004,0.18,54,799,293
2017,12,19,11,30,884,61,414,2.5,9.9,943,60.11,77,4.2,0.18,61,884,414
2017,12,19,12,30,930,63,487,1.3,11.200000000000001,943,50.42,78,4.1000000000000005,0.18,63,930,487
2017,12,19,13,30,938,62,499,-0.4,11.9,943,42.59,74,3.8000000000000003,0.18,62,938,499
2017,12,19,14,30,919,59,450,-1.9000000000000001,12.100000000000001,942,37.800000000000004,71,3.5,0.18,59,919,450
2017,12,19,15,30,863,53,346,-2.8000000000000003,11.5,942,36.79,68,2.9000000000000004,0.18,53,863,346
2017,12,19,16,30,724,44,199,-2.3000000000000003,9,943,45.01,63,1.9000000000000001,0.18,44,724,199
2017,12,19,17,30,386,20,43,-0.5,5.6000000000000005,943,64.88,58,1.3,0.18,20,386,43
2017,12,19,18,30,0,0,0,-1.8,4,944,66.14,59,1.3,0.18,0,0,0
2017,12,19,19,30,0,0,0,-1.7000000000000002,3.5,944,68.54,64,1.3,0.18,0,0,0
2017,12,19,20,30,0,0,0,-1.6,3.1,945,71.48,71,1.3,0.18,0,0,0
2017,12,19,21,30,0,0,0,-1.3,2.8000000000000003,945,74.48,79,1.3,0.18,0,0,0
2017,12,19,22,30,0,0,0,-1,2.6,945,77.43,89,1.2000000000000002,0.18,0,0,0
2017,12,19,23,30,0,0,0,-0.6000000000000001,2.5,945,80.25,98,1.2000000000000002,0.18,0,0,0
2017,12,20,0,30,0,0,0,-0.2,2.4000000000000004,945,83.03,103,1.1,0.18,0,0,0
2017,12,20,1,30,0,0,0,0.1,2.1,945,86.57000000000001,112,1,0.18,0,0,0
2017,12,20,2,30,0,0,0,0.30000000000000004,1.8,945,89.56,114,1,0.18,0,0,0
2017,12,20,3,30,0,0,0,0.30000000000000004,1.4000000000000001,945,92.36,114,0.9,0.18,0,0,0
2017,12,20,4,30,0,0,0,0.2,1,945,94.26,115,0.9,0.18,0,0,0
2017,12,20,5,30,0,0,0,0,0.6000000000000001,945,95.56,116,0.9,0.18,0,0,0
2017,12,20,6,30,0,0,0,-0.30000000000000004,0.30000000000000004,945,95.86,116,0.9,0.18,0,0,0
2017,12,20,7,30,0,0,0,-0.6000000000000001,0,945,95.85000000000001,115,0.9,0.18,0,0,0
2017,12,20,8,30,0,0,0,-0.9,0.6000000000000001,945,89.46000000000001,111,0.7000000000000001,0.18,0,0,0
2017,12,20,9,30,0,41,41,-0.8,2.4000000000000004,946,79.23,99,0.8,0.18,38,606,135
2017,12,20,10,30,28,114,122,-0.9,4.6000000000000005,946,67.3,46,0.9,0.18,53,789,288
2017,12,20,11,30,866,61,406,-0.8,7.300000000000001,946,56.300000000000004,165,1.4000000000000001,0.18,61,866,406
2017,12,20,12,30,279,193,321,-2.1,9.9,945,42.95,329,2.2,0.18,65,897,474
2017,12,20,13,30,466,164,381,-3.4000000000000004,11.3,944,35.59,330,2.5,0.18,66,900,485
2017,12,20,14,30,195,186,269,-3.4000000000000004,11.600000000000001,944,34.86,332,2.5,0.18,64,872,435
2017,12,20,15,30,815,57,335,-3.1,11.200000000000001,944,36.68,338,2.2,0.18,57,815,335
2017,12,20,16,30,682,45,192,-1.1,9,944,49.160000000000004,343,1.5,0.18,45,682,192
2017,12,20,17,30,356,20,42,0.30000000000000004,6,944,66.79,348,1.2000000000000002,0.18,20,356,42
2017,12,20,18,30,0,0,0,-1.1,4.4,944,67.5,351,1.3,0.18,0,0,0
2017,12,20,19,30,0,0,0,-1,3.7,945,71.34,355,1.3,0.18,0,0,0
2017,12,20,20,30,0,0,0,-0.9,3,945,75.64,180,1.4000000000000001,0.18,0,0,0
2017,12,20,21,30,0,0,0,-0.7000000000000001,2.4000000000000004,945,79.83,10,1.6,0.18,0,0,0
2017,12,20,22,30,0,0,0,-0.6000000000000001,1.9000000000000001,945,83.29,23,1.7000000000000002,0.18,0,0,0
2017,12,20,23,30,0,0,0,-0.6000000000000001,1.4000000000000001,945,86.51,36,1.8,0.18,0,0,0
2017,12,21,0,30,0,0,0,-0.6000000000000001,1.2000000000000002,945,87.8,42,1.8,0.18,0,0,0
2017,12,21,1,30,0,0,0,-0.6000000000000001,0.8,946,90.52,60,2,0.18,0,0,0
2017,12,21,2,30,0,0,0,-0.6000000000000001,0.6000000000000001,946,91.67,70,2.2,0.18,0,0,0
2017,12,21,3,30,0,0,0,-0.7000000000000001,0.4,946,92.47,77,2.2,0.18,0,0,0
2017,12,21,4,30,0,0,0,-0.7000000000000001,0.1,946,94.25,79,2.1,0.18,0,0,0
2017,12,21,5,30,0,0,0,-0.5,-0.1,947,97.27,81,2,0.18,0,0,0
2017,12,21,6,30,0,0,0,-0.4,-0.4,947,100,83,1.9000000000000001,0.18,0,0,0
2017,12,21,7,30,0,0,0,-0.6000000000000001,-0.6000000000000001,948,100,86,1.7000000000000002,0.18,0,0,0
2017,12,21,8,30,0,0,0,0.9,0.9,948,100,89,2,0.18,0,0,0
2017,12,21,9,30,608,36,132,1.5,3.9000000000000004,949,84.54,89,2.4000000000000004,0.18,36,608,132
2017,12,21,10,30,782,52,283,1.9000000000000001,6.9,949,70.64,86,2.1,0.18,52,782,283
2017,12,21,11,30,862,60,402,2.3000000000000003,10.200000000000001,949,58.160000000000004,81,1.8,0.18,60,862,402
2017,12,21,12,30,896,64,472,2.3000000000000003,12.5,949,49.89,66,1.8,0.18,64,896,472
2017,12,21,13,30,901,65,484,2.4000000000000004,13.4,949,47.25,44,1.9000000000000001,0.18,65,901,484
2017,12,21,14,30,881,62,437,2.5,13.5,949,47.25,29,2,0.18,62,881,437
2017,12,21,15,30,823,55,337,2.6,13,949,49.21,20,2,0.18,55,823,337
2017,12,21,16,30,696,44,196,3,10.600000000000001,949,59.5,14,1.4000000000000001,0.18,44,696,196
2017,12,21,17,30,368,21,44,3.6,7.5,949,76.18,13,1.1,0.18,21,368,44
2017,12,21,18,30,0,0,0,2.3000000000000003,5.9,950,77.61,18,1.2000000000000002,0.18,0,0,0
2017,12,21,19,30,0,0,0,2,5.2,950,79.63,24,1.2000000000000002,0.18,0,0,0
2017,12,21,20,30,0,0,0,1.7000000000000002,4.6000000000000005,950,81.51,29,1.2000000000000002,0.18,0,0,0
2017,12,21,21,30,0,0,0,1.5,4.1000000000000005,951,83.39,34,1.2000000000000002,0.18,0,0,0
2017,12,21,22,30,0,0,0,1.4000000000000001,3.7,951,85.12,40,1.2000000000000002,0.18,0,0,0
2017,12,21,23,30,0,0,0,1.4000000000000001,3.3000000000000003,951,87.23,44,1.2000000000000002,0.18,0,0,0
2017,12,22,0,30,0,0,0,1.4000000000000001,3.1,951,88.32000000000001,46,1.2000000000000002,0.18,0,0,0
2017,12,22,1,30,0,0,0,1.3,2.8000000000000003,950,90.05,46,1.1,0.19,0,0,0
2017,12,22,2,30,0,0,0,1.3,2.7,950,90.71000000000001,45,1.1,0.19,0,0,0
2017,12,22,3,30,0,0,0,1.4000000000000001,2.6,950,91.51,44,1,0.19,0,0,0
2017,12,22,4,30,0,0,0,1.4000000000000001,2.5,949,92.3,45,0.9,0.19,0,0,0
2017,12,22,5,30,0,0,0,1.4000000000000001,2.4000000000000004,949,93.29,50,0.8,0.19,0,0,0
2017,12,22,6,30,0,0,0,1.5,2.3000000000000003,949,94.39,59,0.7000000000000001,0.19,0,0,0
2017,12,22,7,30,0,0,0,1.6,2.1,949,96.23,70,0.7000000000000001,0.19,0,0,0
2017,12,22,8,30,0,0,0,1.7000000000000002,2.7,950,92.8,81,0.6000000000000001,0.19,0,0,0
2017,12,22,9,30,596,37,131,1.9000000000000001,4.4,950,83.91,83,0.7000000000000001,0.19,37,596,131
2017,12,22,10,30,778,53,282,2.1,6.6000000000000005,950,73.11,187,0.9,0.19,53,778,282
2017,12,22,11,30,859,61,402,2.5,9.3,950,62.63,292,1.5,0.19,61,859,402
2017,12,22,12,30,284,192,321,2.7,12,949,53.06,295,2.4000000000000004,0.19,65,894,472
2017,12,22,13,30,902,65,485,2.6,13.600000000000001,948,47.5,303,2.9000000000000004,0.19,65,902,485
2017,12,22,14,30,879,63,438,2.5,14.200000000000001,947,45.19,307,2.9000000000000004,0.19,63,879,438
2017,12,22,15,30,136,144,191,2.3000000000000003,13.8,947,45.660000000000004,308,2.2,0.19,57,819,338
2017,12,22,16,30,244,80,133,3.6,11.4,947,58.79,302,1.4000000000000001,0.19,45,685,195
2017,12,22,17,30,366,21,45,3.4000000000000004,8.5,947,70.29,298,1.2000000000000002,0.19,21,366,45
2017,12,22,18,30,0,0,0,1.9000000000000001,7.2,947,69.2,303,1.3,0.19,0,0,0
2017,12,22,19,30,0,0,0,1.7000000000000002,6.5,947,71.35000000000001,313,1.3,0.19,0,0,0
2017,12,22,20,30,0,0,0,1.5,5.800000000000001,947,74.09,328,1.3,0.19,0,0,0
2017,12,22,21,30,0,0,0,1.5,4.9,947,78.58,346,1.2000000000000002,0.19,0,0,0
2017,12,22,22,30,0,0,0,1.5,3.8000000000000003,947,85.06,186,1.2000000000000002,0.19,0,0,0
2017,12,22,23,30,0,0,0,1.6,2.9000000000000004,947,91.26,26,1.3,0.19,0,0,0
2017,12,23,0,30,0,0,0,1.8,2.5,947,94.83,35,1.3,0.19,0,0,0
2017,12,23,1,30,0,0,0,1.5,1.5,946,100,50,1.4000000000000001,0.19,0,0,0
2017,12,23,2,30,0,0,0,1,1,946,100,53,1.4000000000000001,0.19,0,0,0
2017,12,23,3,30,0,0,0,0.5,0.5,946,100,52,1.5,0.19,0,0,0
2017,12,23,4,30,0,0,0,0.30000000000000004,0.30000000000000004,946,100,51,1.6,0.19,0,0,0
2017,12,23,5,30,0,0,0,0.5,0.5,946,100,53,1.9000000000000001,0.19,0,0,0
2017,12,23,6,30,0,0,0,0.6000000000000001,0.6000000000000001,946,100,55,2.4000000000000004,0.19,0,0,0
2017,12,23,7,30,0,0,0,0.6000000000000001,0.6000000000000001,946,100,57,2.5,0.19,0,0,0
2017,12,23,8,30,0,0,0,0.7000000000000001,1.5,946,94.12,60,2.6,0.19,0,0,0
2017,12,23,9,30,584,38,130,1,3.7,946,82.66,64,2.8000000000000003,0.19,38,584,130
2017,12,23,10,30,0,82,82,1.5,6.7,947,69.27,73,2.8000000000000003,0.19,55,770,281
2017,12,23,11,30,853,64,402,2.1,9.9,947,58.54,101,2.8000000000000003,0.19,64,853,402
2017,12,23,12,30,888,69,473,2.6,12.5,946,50.96,136,2.6,0.19,69,888,473
2017,12,23,13,30,892,69,484,2.4000000000000004,14,945,45.38,162,2.3000000000000003,0.19,69,892,484
2017,12,23,14,30,867,67,438,2.1,14.5,945,43.09,177,2.1,0.19,67,867,438
2017,12,23,15,30,804,61,337,2,14,945,44.14,186,1.6,0.19,61,804,337
2017,12,23,16,30,668,48,195,3.8000000000000003,11.9,945,57.730000000000004,193,1,0.19,48,668,195
2017,12,23,17,30,334,22,44,3.1,9.3,945,65.31,177,1,0.19,22,334,44
2017,12,23,18,30,0,0,0,2.2,7.7,945,68.03,143,1.3,0.19,0,0,0
2017,12,23,19,30,0,0,0,2.5,6.5,946,75.86,129,1.6,0.19,0,0,0
2017,12,23,20,30,0,0,0,3,5.4,946,84.64,133,1.7000000000000002,0.19,0,0,0
2017,12,23,21,30,0,0,0,3.6,4.4,947,94.21000000000001,138,1.7000000000000002,0.19,0,0,0
2017,12,23,22,30,0,0,0,3.6,3.6,947,100,138,1.6,0.19,0,0,0
2017,12,23,23,30,0,0,0,2.9000000000000004,2.9000000000000004,947,100,135,1.5,0.19,0,0,0
2017,12,24,0,30,0,0,0,2.6,2.6,947,100,132,1.5,0.19,0,0,0
2017,12,24,1,30,0,0,0,1.8,1.8,947,100,121,1.4000000000000001,0.18,0,0,0
2017,12,24,2,30,0,0,0,1.6,1.6,947,100,116,1.3,0.18,0,0,0
2017,12,24,3,30,0,0,0,1.9000000000000001,1.9000000000000001,946,100,113,1.4000000000000001,0.18,0,0,0
2017,12,24,4,30,0,0,0,2.3000000000000003,2.3000000000000003,946,100,111,1.7000000000000002,0.18,0,0,0
2017,12,24,5,30,0,0,0,2.6,2.6,946,100,107,1.9000000000000001,0.18,0,0,0
2017,12,24,6,30,0,0,0,2.7,2.7,946,100,103,2,0.18,0,0,0
2017,12,24,7,30,0,0,0,2.8000000000000003,2.8000000000000003,946,100,100,2.1,0.18,0,0,0
2017,12,24,8,30,0,0,0,2.9000000000000004,3.3000000000000003,946,97.46000000000001,99,2.2,0.18,0,0,0
2017,12,24,9,30,534,42,125,3.1,4.5,946,90.32000000000001,101,2.2,0.18,42,534,125
2017,12,24,10,30,738,60,277,3.5,6.6000000000000005,946,80.51,112,2.3000000000000003,0.18,60,738,277
2017,12,24,11,30,837,67,399,3.9000000000000004,9.5,946,67.87,131,2.3000000000000003,0.18,67,837,399
2017,12,24,12,30,884,69,471,3.5,11.9,945,56.57,142,2.1,0.18,69,884,471
2017,12,24,13,30,898,67,486,3,13.100000000000001,944,50.19,150,1.8,0.18,67,898,486
2017,12,24,14,30,877,64,440,2.6,13.5,943,47.58,161,1.4000000000000001,0.18,64,877,440
2017,12,24,15,30,818,58,340,2.4000000000000004,13.200000000000001,942,47.83,176,1,0.18,58,818,340
2017,12,24,16,30,683,47,198,3.1,11.9,942,54.89,236,0.6000000000000001,0.18,47,683,198
2017,12,24,17,30,360,22,47,3,10.4,942,60.19,310,0.4,0.18,22,360,47
2017,12,24,18,30,0,0,0,2,9.200000000000001,942,60.61,344,0.5,0.18,0,0,0
2017,12,24,19,30,0,0,0,2,8.1,942,65.3,184,0.7000000000000001,0.18,0,0,0
2017,12,24,20,30,0,0,0,2,7.2,942,69.68,28,0.8,0.18,0,0,0
2017,12,24,21,30,0,0,0,2.1,6.5,942,73.60000000000001,62,0.8,0.18,0,0,0
2017,12,24,22,30,0,0,0,2.2,5.6000000000000005,942,78.97,99,0.9,0.18,0,0,0
2017,12,24,23,30,0,0,0,2.4000000000000004,4.6000000000000005,942,85.51,124,0.9,0.18,0,0,0
2017,12,25,0,30,0,0,0,2.5,4.2,942,88.98,132,0.9,0.18,0,0,0
2017,12,25,1,30,0,0,0,2.7,3.1,941,97.13,145,1,0.19,0,0,0
2017,12,25,2,30,0,0,0,2.3000000000000003,2.3000000000000003,941,100,152,1,0.19,0,0,0
2017,12,25,3,30,0,0,0,1.8,1.8,941,100,159,1,0.19,0,0,0
2017,12,25,4,30,0,0,0,1.4000000000000001,1.4000000000000001,940,100,165,1,0.19,0,0,0
2017,12,25,5,30,0,0,0,1.3,1.3,940,100,170,1,0.19,0,0,0
2017,12,25,6,30,0,0,0,1.4000000000000001,1.4000000000000001,940,100,174,1,0.19,0,0,0
2017,12,25,7,30,0,0,0,1.5,1.5,940,100,174,1.2000000000000002,0.19,0,0,0
2017,12,25,8,30,0,0,0,1.8,2,941,98.87,171,1.3,0.19,0,0,0
2017,12,25,9,30,501,44,121,2,3.1,941,92.2,176,1.4000000000000001,0.19,44,501,121
2017,12,25,10,30,0,19,19,2.6,4.9,941,85.03,200,1.7000000000000002,0.19,67,695,270
2017,12,25,11,30,0,30,30,3.4000000000000004,7.300000000000001,940,76.33,224,2.3000000000000003,0.19,78,789,390
2017,12,25,12,30,14,166,173,3.8000000000000003,9.3,939,68.33,234,3,0.19,81,840,463
2017,12,25,13,30,0,61,61,3.6,10.100000000000001,938,64.2,237,3.3000000000000003,0.19,78,860,479
2017,12,25,14,30,0,117,117,3.4000000000000004,10.200000000000001,938,62.86,239,3.3000000000000003,0.19,75,833,433
2017,12,25,15,30,0,45,45,3.4000000000000004,9.8,937,64.32000000000001,239,3.2,0.19,68,768,334
2017,12,25,16,30,0,13,13,3.6,8.4,937,71.75,239,2.3000000000000003,0.19,57,612,193
2017,12,25,17,30,0,4,4,4.1000000000000005,6.5,937,84.93,237,1.5,0.19,27,259,45
2017,12,25,18,30,0,0,0,4.3,5.7,937,90.78,235,1.5,0.19,0,0,0
2017,12,25,19,30,0,0,0,4.7,5.5,938,94.77,232,1.8,0.19,0,0,0
2017,12,25,20,30,0,0,0,5.2,5.5,938,97.84,230,2.2,0.19,0,0,0
2017,12,25,21,30,0,0,0,5.5,5.5,938,100,229,2.4000000000000004,0.19,0,0,0
2017,12,25,22,30,0,0,0,5.6000000000000005,5.6000000000000005,938,100,229,2.7,0.19,0,0,0
2017,12,25,23,30,0,0,0,5.9,5.9,937,100,230,3.2,0.19,0,0,0
2017,12,26,0,30,0,0,0,6.1000000000000005,6.1000000000000005,937,100,232,3.5,0.19,0,0,0
2017,12,26,1,30,0,0,0,6.300000000000001,6.4,936,99.64,235,3.9000000000000004,0.19,0,0,0
2017,12,26,2,30,0,0,0,6.5,6.5,936,99.74000000000001,238,3.9000000000000004,0.19,0,0,0
2017,12,26,3,30,0,0,0,6.5,6.5,936,99.89,239,4.1000000000000005,0.19,0,0,0
2017,12,26,4,30,0,0,0,6.5,6.6000000000000005,936,99.41,240,4.2,0.19,0,0,0
2017,12,26,5,30,0,0,0,6.5,6.6000000000000005,935,99.19,239,3.9000000000000004,0.19,0,0,0
2017,12,26,6,30,0,0,0,6.4,6.6000000000000005,935,98.86,241,3.7,0.19,0,0,0
2017,12,26,7,30,0,0,0,6.5,6.6000000000000005,935,99.11,248,3.7,0.19,0,0,0
2017,12,26,8,30,0,0,0,6.5,6.7,935,98.31,256,3.6,0.19,0,0,0
2017,12,26,9,30,0,8,8,6.6000000000000005,7.1000000000000005,935,96.54,264,3.9000000000000004,0.19,43,528,123
2017,12,26,10,30,0,19,19,6.7,7.7,936,93.15,273,4.6000000000000005,0.19,59,746,277
2017,12,26,11,30,0,30,30,5.5,8.3,936,82.37,281,5.300000000000001,0.19,65,856,403
2017,12,26,12,30,0,85,85,3,8.6,936,67.97,285,5.4,0.19,69,891,474
2017,12,26,13,30,0,61,61,0.9,8.3,935,59.69,286,5,0.19,70,890,486
2017,12,26,14,30,0,22,22,-0.2,7.6000000000000005,934,57.75,287,4.800000000000001,0.19,68,864,440
2017,12,26,15,30,0,24,24,-0.4,6.7,934,60.730000000000004,285,4.5,0.19,61,802,340
2017,12,26,16,30,0,13,13,0.30000000000000004,5.800000000000001,934,67.55,277,3.8000000000000003,0.19,48,674,199
2017,12,26,17,30,0,4,4,1.1,4.4,934,78.94,263,2.8000000000000003,0.19,24,351,49
2017,12,26,18,30,0,0,0,1.6,3.2,933,89.24,251,2.4000000000000004,0.19,0,0,0
2017,12,26,19,30,0,0,0,2,2.7,933,95.02,243,2.7,0.19,0,0,0
2017,12,26,20,30,0,0,0,2.2,2.6,932,96.89,237,3.3000000000000003,0.19,0,0,0
2017,12,26,21,30,0,0,0,2.2,3,931,94.26,232,4.2,0.19,0,0,0
2017,12,26,22,30,0,0,0,2.2,3.6,930,90.60000000000001,231,5.1000000000000005,0.19,0,0,0
2017,12,26,23,30,0,0,0,2.6,4.1000000000000005,930,89.81,229,5.9,0.19,0,0,0
2017,12,27,0,30,0,0,0,3.2,4.2,929,93.22,226,6.300000000000001,0.19,0,0,0
2017,12,27,1,30,0,0,0,4.1000000000000005,5.1000000000000005,927,93.16,231,7.9,0.19,0,0,0
2017,12,27,2,30,0,0,0,5,6,925,93.53,237,8.5,0.19,0,0,0
2017,12,27,3,30,0,0,0,6,6.800000000000001,925,94.39,245,8.6,0.19,0,0,0
2017,12,27,4,30,0,0,0,6.7,7.6000000000000005,924,93.96000000000001,256,8.3,0.19,0,0,0
2017,12,27,5,30,0,0,0,7.300000000000001,8,924,95.66,271,7.5,0.19,0,0,0
2017,12,27,6,30,0,0,0,7.300000000000001,7.7,925,97.17,285,6.300000000000001,0.19,0,0,0
2017,12,27,7,30,0,0,0,6.6000000000000005,6.800000000000001,926,98.46000000000001,291,5.300000000000001,0.19,0,0,0
2017,12,27,8,30,0,0,0,5.9,6.4,927,96.74000000000001,288,4.7,0.19,0,0,0
2017,12,27,9,30,82,57,69,5.800000000000001,6.9,928,92.72,285,4.9,0.19,42,539,124
2017,12,27,10,30,0,13,13,5.6000000000000005,8,929,84.99,286,5.7,0.19,60,756,280
2017,12,27,11,30,59,165,188,4.2,9.1,929,71.49,287,6.300000000000001,0.19,68,852,405
2017,12,27,12,30,292,193,326,2.5,10,929,59.480000000000004,288,6.6000000000000005,0.19,72,886,476
2017,12,27,13,30,76,205,240,1.6,10.4,928,54.33,289,6.9,0.19,71,894,490
2017,12,27,14,30,192,190,273,1.3,10.3,928,53.56,290,6.9,0.19,72,858,442
2017,12,27,15,30,9,126,129,1.3,9.700000000000001,928,55.97,291,6.7,0.19,65,792,341
2017,12,27,16,30,0,50,50,1.6,8.6,928,61.300000000000004,291,5.9,0.19,53,646,199
2017,12,27,17,30,0,12,12,1.9000000000000001,7.1000000000000005,929,69.74,288,5.1000000000000005,0.19,27,295,48
2017,12,27,18,30,0,0,0,2.3000000000000003,5.9,929,77.82000000000001,285,4.4,0.19,0,0,0
2017,12,27,19,30,0,0,0,2.6,5,930,84.65,281,3.8000000000000003,0.19,0,0,0
2017,12,27,20,30,0,0,0,2.8000000000000003,4.3,930,89.86,275,3.4000000000000004,0.19,0,0,0
2017,12,27,21,30,0,0,0,2.8000000000000003,3.7,930,93.97,270,3.3000000000000003,0.19,0,0,0
2017,12,27,22,30,0,0,0,2.9000000000000004,3.3000000000000003,931,96.89,268,3.2,0.19,0,0,0
2017,12,27,23,30,0,0,0,2.9000000000000004,3.2,931,97.96000000000001,265,3.3000000000000003,0.19,0,0,0
2017,12,28,0,30,0,0,0,3.1,3.3000000000000003,930,98.37,263,3.4000000000000004,0.19,0,0,0
2017,12,28,1,30,0,0,0,3.3000000000000003,3.7,930,97.46000000000001,260,3.4000000000000004,0.18,0,0,0
2017,12,28,2,30,0,0,0,3.7,4.3,929,96.05,255,3.8000000000000003,0.18,0,0,0
2017,12,28,3,30,0,0,0,4.4,5.2,929,94.66,254,4.7,0.18,0,0,0
2017,12,28,4,30,0,0,0,5.6000000000000005,6.4,928,94.71000000000001,258,5.6000000000000005,0.18,0,0,0
2017,12,28,5,30,0,0,0,6.9,7.5,928,96.18,264,6.1000000000000005,0.18,0,0,0
2017,12,28,6,30,0,0,0,7.9,8.1,928,98.47,267,5.9,0.18,0,0,0
2017,12,28,7,30,0,0,0,8.3,8.5,928,98.85000000000001,270,5.5,0.18,0,0,0
2017,12,28,8,30,0,0,0,8.6,8.8,929,98.48,272,5.2,0.18,0,0,0
2017,12,28,9,30,112,56,73,8.9,9.4,929,96.41,269,5,0.18,38,536,119
2017,12,28,10,30,0,18,18,9.4,10.200000000000001,930,94.5,266,5.300000000000001,0.18,55,729,267
2017,12,28,11,30,0,28,28,9.600000000000001,11.200000000000001,930,90.10000000000001,269,5.9,0.18,62,819,386
2017,12,28,12,30,0,36,36,9.600000000000001,12.200000000000001,930,84.34,275,6.5,0.18,65,863,458
2017,12,28,13,30,0,37,37,9.5,13.200000000000001,930,78.53,278,6.800000000000001,0.18,67,864,472
2017,12,28,14,30,0,55,55,9.5,13.700000000000001,929,75.86,281,6.800000000000001,0.18,62,853,431
2017,12,28,15,30,0,24,24,9.600000000000001,13.5,930,77.44,281,6.300000000000001,0.18,54,803,336
2017,12,28,16,30,668,46,198,9.9,12.700000000000001,930,83.14,278,5.2,0.18,46,668,198
2017,12,28,17,30,363,23,50,10.3,11.5,930,92.13,274,4.5,0.18,23,363,50
2017,12,28,18,30,0,0,0,10.4,10.700000000000001,931,98.19,271,4.2,0.18,0,0,0
2017,12,28,19,30,0,0,0,10.3,10.3,932,100,268,4,0.18,0,0,0
2017,12,28,20,30,0,0,0,10.100000000000001,10.100000000000001,932,100,267,3.9000000000000004,0.18,0,0,0
2017,12,28,21,30,0,0,0,10,10,933,100,268,4,0.18,0,0,0
2017,12,28,22,30,0,0,0,10,10,933,100,272,4.1000000000000005,0.18,0,0,0
2017,12,28,23,30,0,0,0,9.8,9.8,933,100,275,3.9000000000000004,0.18,0,0,0
2017,12,29,0,30,0,0,0,9.700000000000001,9.700000000000001,934,100,276,3.8000000000000003,0.18,0,0,0
2017,12,29,1,30,0,0,0,9.200000000000001,9.200000000000001,934,100,276,3.3000000000000003,0.18,0,0,0
2017,12,29,2,30,0,0,0,8.9,8.9,934,100,275,3,0.18,0,0,0
2017,12,29,3,30,0,0,0,8.700000000000001,8.700000000000001,935,100,276,2.9000000000000004,0.18,0,0,0
2017,12,29,4,30,0,0,0,8.5,8.5,935,100,276,2.8000000000000003,0.18,0,0,0
2017,12,29,5,30,0,0,0,8.200000000000001,8.200000000000001,935,100,274,2.7,0.18,0,0,0
2017,12,29,6,30,0,0,0,8,8,936,100,273,2.5,0.18,0,0,0
2017,12,29,7,30,0,0,0,8,8,936,99.84,277,2.5,0.18,0,0,0
2017,12,29,8,30,0,0,0,8,8.5,937,96.75,281,2.9000000000000004,0.18,0,0,0
2017,12,29,9,30,22,54,57,8.6,9.600000000000001,938,93.42,285,3.6,0.18,38,540,119
2017,12,29,10,30,0,19,19,9.3,11,939,89.39,289,4.2,0.18,55,735,269
2017,12,29,11,30,0,42,42,9.600000000000001,12.5,939,82.65,292,4.5,0.18,63,825,389
2017,12,29,12,30,0,85,85,9.600000000000001,14.100000000000001,939,74.14,294,4.7,0.18,65,870,462
2017,12,29,13,30,28,184,197,9.3,15,939,68.73,295,4.7,0.18,74,854,476
2017,12,29,14,30,6,151,153,9.200000000000001,15.4,938,66.32000000000001,292,4.5,0.18,66,851,436
2017,12,29,15,30,41,140,155,9.200000000000001,15.200000000000001,938,67.4,291,4,0.18,57,809,342
2017,12,29,16,30,0,66,66,9.3,13.600000000000001,939,75.21000000000001,288,2.8000000000000003,0.18,45,691,204
2017,12,29,17,30,0,15,15,9.5,11.3,939,88.64,285,1.7000000000000002,0.18,23,397,54
2017,12,29,18,30,0,0,0,9.4,9.9,940,96.45,286,1.5,0.18,0,0,0
2017,12,29,19,30,0,0,0,9.1,9.1,941,100,281,1.4000000000000001,0.18,0,0,0
2017,12,29,20,30,0,0,0,8.1,8.1,941,100,274,1.3,0.18,0,0,0
2017,12,29,21,30,0,0,0,7.6000000000000005,7.6000000000000005,942,100,272,1.3,0.18,0,0,0
2017,12,29,22,30,0,0,0,7.6000000000000005,7.6000000000000005,942,100,272,1.4000000000000001,0.18,0,0,0
2017,12,29,23,30,0,0,0,7.800000000000001,7.800000000000001,942,100,274,1.5,0.18,0,0,0
2017,12,30,0,30,0,0,0,7.800000000000001,7.800000000000001,942,100,276,1.6,0.18,0,0,0
2017,12,30,1,30,0,0,0,8,8,942,100,283,1.7000000000000002,0.18,0,0,0
2017,12,30,2,30,0,0,0,8,8,942,100,282,1.8,0.18,0,0,0
2017,12,30,3,30,0,0,0,8,8,942,100,278,1.7000000000000002,0.18,0,0,0
2017,12,30,4,30,0,0,0,8,8,942,100,273,1.6,0.18,0,0,0
2017,12,30,5,30,0,0,0,8,8,942,100,269,1.5,0.18,0,0,0
2017,12,30,6,30,0,0,0,7.800000000000001,7.800000000000001,942,100,263,1.4000000000000001,0.18,0,0,0
2017,12,30,7,30,0,0,0,7.800000000000001,7.800000000000001,942,100,254,1.3,0.18,0,0,0
2017,12,30,8,30,0,0,0,7.800000000000001,8,942,98.94,235,1.4000000000000001,0.18,0,0,0
2017,12,30,9,30,522,43,122,7.9,8.8,943,94.07000000000001,223,1.4000000000000001,0.18,43,522,122
2017,12,30,10,30,0,19,19,8.200000000000001,10.100000000000001,943,87.69,251,1.6,0.18,64,732,277
2017,12,30,11,30,0,30,30,8.3,12.100000000000001,943,77.39,280,1.9000000000000001,0.18,71,842,404
2017,12,30,12,30,0,39,39,8,13.8,943,68.24,279,2.2,0.18,69,902,482
2017,12,30,13,30,0,123,123,7.6000000000000005,14.9,942,61.47,274,2.4000000000000004,0.18,70,908,498
2017,12,30,14,30,141,193,255,7.1000000000000005,15.3,941,58.1,269,2.4000000000000004,0.18,65,897,456
2017,12,30,15,30,854,58,360,6.7,15,941,57.63,265,2,0.18,58,854,360
2017,12,30,16,30,738,46,217,6.6000000000000005,13.200000000000001,941,64.43,262,1.3,0.18,46,738,217
2017,12,30,17,30,444,24,59,6.9,10.8,941,77.11,259,0.9,0.18,24,444,59
2017,12,30,18,30,0,0,0,6,9.5,941,78.63,261,0.9,0.18,0,0,0
2017,12,30,19,30,0,0,0,5.9,8.8,941,82.21000000000001,265,0.9,0.18,0,0,0
2017,12,30,20,30,0,0,0,5.9,8.1,942,86.19,267,0.9,0.18,0,0,0
2017,12,30,21,30,0,0,0,5.9,7.4,942,90.35000000000001,258,0.9,0.18,0,0,0
2017,12,30,22,30,0,0,0,6,6.800000000000001,942,94.33,221,0.9,0.18,0,0,0
2017,12,30,23,30,0,0,0,6,6.1000000000000005,941,99.18,179,0.9,0.18,0,0,0
2017,12,31,0,30,0,0,0,5.7,5.7,941,100,166,1,0.18,0,0,0
2017,12,31,1,30,0,0,0,4.7,4.7,940,100,164,1.1,0.18,0,0,0
2017,12,31,2,30,0,0,0,4.3,4.3,940,100,164,1.1,0.18,0,0,0
2017,12,31,3,30,0,0,0,4.1000000000000005,4.1000000000000005,940,100,168,1.1,0.18,0,0,0
2017,12,31,4,30,0,0,0,4.1000000000000005,4.1000000000000005,940,100,175,1.1,0.18,0,0,0
2017,12,31,5,30,0,0,0,4.3,4.3,939,100,183,1.1,0.18,0,0,0
2017,12,31,6,30,0,0,0,4.4,4.4,939,100,187,1.1,0.18,0,0,0
2017,12,31,7,30,0,0,0,4.5,4.5,939,100,191,1.3,0.18,0,0,0
2017,12,31,8,30,0,0,0,4.6000000000000005,5.300000000000001,939,95.35000000000001,202,1.6,0.18,0,0,0
2017,12,31,9,30,0,8,8,5,7.1000000000000005,940,86.27,217,2.4000000000000004,0.18,39,559,123
2017,12,31,10,30,0,13,13,5.6000000000000005,9.4,940,76.97,235,3.2,0.18,57,754,277
2017,12,31,11,30,0,20,20,6.1000000000000005,11.4,940,69.75,247,4.2,0.18,68,838,400
2017,12,31,12,30,68,198,229,6,12.4,939,64.94,251,5,0.18,75,869,473
2017,12,31,13,30,0,39,39,5.7,13,938,61.230000000000004,253,5.5,0.18,80,863,487
2017,12,31,14,30,0,34,34,5.5,13.200000000000001,938,59.64,258,6,0.18,79,833,443
2017,12,31,15,30,0,25,25,5.5,12.8,938,61.14,263,6.1000000000000005,0.18,75,750,342
2017,12,31,16,30,583,64,200,5.6000000000000005,11.700000000000001,938,66.06,264,5.6000000000000005,0.18,64,583,200
2017,12,31,17,30,0,7,7,6,10.5,939,73.57000000000001,264,5,0.18,32,242,51
2017,12,31,18,30,0,0,0,6.800000000000001,9.8,940,81.54,267,5,0.18,0,0,0
2017,12,31,19,30,0,0,0,7.7,9.4,941,89.27,278,5.1000000000000005,0.18,0,0,0
2017,12,31,20,30,0,0,0,7.9,8.3,942,97.17,292,4.7,0.18,0,0,0
2017,12,31,21,30,0,0,0,6.6000000000000005,6.6000000000000005,943,100,301,3.7,0.18,0,0,0
2017,12,31,22,30,0,0,0,5.300000000000001,5.300000000000001,944,100,308,3.1,0.18,0,0,0
2017,12,31,23,30,0,0,0,4.7,4.7,945,100,317,2.9000000000000004,0.18,0,0,0
